age,marital,education,default,balance,housing,loan,duration,campaign,pdays,previous,poutcome,deposit
33,married,tertiary,no,882,no,no,39,1,151,3,failure,no
33,married,secondary,no,3444,yes,no,144,1,91,4,failure,yes
36,married,tertiary,no,0,yes,no,140,1,143,3,failure,yes
56,married,secondary,no,589,yes,no,518,1,147,2,success,yes
51,single,secondary,no,3132,no,no,449,1,176,1,failure,no
33,divorced,secondary,no,1005,yes,no,175,1,174,2,failure,no
34,married,tertiary,no,899,yes,no,114,1,170,3,failure,yes
30,married,secondary,no,873,yes,no,119,1,167,3,success,no
30,single,tertiary,no,1243,yes,no,86,1,174,1,failure,no
44,married,tertiary,no,1631,yes,no,81,1,195,2,failure,no
51,divorced,tertiary,no,119,no,no,200,1,165,2,failure,no
51,married,secondary,no,58,yes,no,79,1,129,2,failure,no
44,married,tertiary,no,6203,yes,yes,58,1,188,1,failure,no
34,single,secondary,no,105,yes,no,303,1,196,2,failure,no
49,married,tertiary,no,1533,no,no,324,1,172,1,failure,no
47,married,tertiary,no,228,yes,no,80,1,118,1,failure,no
40,single,secondary,no,1623,yes,no,161,1,167,2,failure,no
47,married,secondary,no,1484,no,no,297,1,119,3,failure,no
54,single,secondary,no,198,yes,yes,120,1,171,2,failure,no
48,divorced,secondary,no,295,yes,no,123,1,164,2,success,no
45,married,secondary,no,1477,yes,no,75,1,132,1,failure,no
39,married,secondary,no,401,yes,no,396,1,129,2,failure,no
39,married,primary,no,3324,no,no,96,1,131,1,failure,no
37,married,tertiary,yes,0,no,no,44,1,123,2,failure,no
49,married,tertiary,no,64,no,no,208,1,159,1,success,no
43,married,secondary,no,1865,yes,no,155,1,186,1,failure,no
50,married,secondary,no,633,no,yes,302,1,111,6,failure,no
56,married,secondary,no,2749,yes,yes,38,1,172,2,failure,no
51,married,tertiary,no,209,no,no,130,1,111,2,failure,no
50,single,secondary,no,246,yes,no,270,1,123,2,failure,no
45,married,secondary,no,1415,yes,no,483,1,116,1,failure,no
40,divorced,secondary,no,5766,yes,yes,68,2,173,1,failure,no
30,married,tertiary,no,101,yes,no,348,1,123,1,failure,no
36,married,tertiary,no,5057,yes,no,70,1,166,10,failure,no
34,married,tertiary,no,1265,yes,no,118,1,164,3,failure,no
48,single,tertiary,no,8106,no,no,125,1,111,3,failure,no
59,married,tertiary,no,0,no,no,90,2,110,2,failure,no
53,married,secondary,no,1364,no,no,508,1,115,1,failure,no
46,single,tertiary,no,46,no,yes,80,1,152,1,failure,no
52,married,secondary,no,5423,no,yes,93,1,115,1,failure,no
58,married,secondary,no,8332,no,no,164,2,96,4,failure,no
56,divorced,secondary,no,689,yes,no,110,1,103,4,failure,no
34,single,secondary,no,0,yes,no,214,1,174,2,failure,no
32,single,secondary,no,4344,yes,no,79,2,118,3,failure,no
54,married,secondary,no,472,yes,yes,229,2,150,1,failure,no
59,married,primary,no,252,yes,yes,138,1,175,2,failure,no
40,married,secondary,no,0,yes,no,74,2,196,1,failure,no
45,married,secondary,no,4425,no,no,147,1,110,2,failure,no
43,divorced,secondary,no,-36,yes,no,190,1,104,1,failure,no
43,married,secondary,no,0,no,yes,103,2,193,3,failure,no
55,divorced,tertiary,no,1730,no,no,89,2,118,3,failure,no
49,married,secondary,no,202,yes,no,651,2,104,1,failure,yes
49,married,tertiary,no,313,yes,no,42,2,188,2,failure,no
39,single,primary,no,419,yes,no,186,1,181,1,failure,no
42,married,tertiary,no,14282,yes,no,77,1,103,4,success,no
42,married,secondary,no,1048,yes,no,71,1,186,1,failure,no
41,married,secondary,no,112,yes,no,1081,1,131,1,failure,no
51,married,secondary,no,563,yes,no,504,1,123,3,failure,no
36,married,secondary,no,1797,yes,yes,166,1,181,2,failure,no
52,married,tertiary,no,3440,yes,no,124,1,131,1,failure,no
42,married,tertiary,no,373,no,no,174,1,154,3,failure,no
45,married,secondary,no,2020,yes,no,62,1,131,1,failure,no
35,married,secondary,no,24,yes,no,128,1,181,1,failure,no
38,married,tertiary,no,425,yes,no,240,1,181,1,failure,no
47,married,secondary,no,80,no,yes,74,1,145,1,failure,no
43,married,secondary,no,634,yes,no,65,1,131,1,failure,no
50,married,tertiary,no,830,no,no,71,1,138,2,failure,no
54,married,secondary,no,2719,yes,no,166,2,171,2,failure,no
44,married,secondary,no,0,yes,no,58,1,195,2,failure,no
51,married,tertiary,no,248,yes,yes,139,2,126,3,failure,no
51,married,secondary,no,12061,yes,no,150,1,188,1,failure,no
42,single,secondary,no,-15,no,no,89,1,145,1,failure,no
46,divorced,secondary,no,0,no,no,407,1,150,3,success,no
50,married,tertiary,no,4,no,no,223,1,96,2,failure,no
58,divorced,secondary,no,3111,yes,no,111,1,188,2,failure,no
44,married,tertiary,no,1451,yes,no,157,3,150,12,failure,no
41,married,primary,no,557,yes,no,158,1,173,1,failure,no
37,single,tertiary,no,600,yes,no,116,2,196,1,failure,no
53,married,secondary,no,350,no,yes,113,3,132,2,failure,no
53,married,secondary,no,248,no,yes,99,1,126,3,failure,no
52,married,secondary,no,1818,no,yes,189,2,111,4,failure,no
36,divorced,tertiary,no,3837,yes,no,184,1,193,1,success,no
37,married,tertiary,no,0,yes,no,65,2,119,1,failure,no
44,married,tertiary,no,58,yes,no,48,1,126,3,failure,no
32,married,secondary,no,0,yes,yes,159,2,195,2,failure,no
41,married,tertiary,no,20,yes,no,99,1,151,2,failure,no
37,married,secondary,yes,-954,yes,no,69,1,180,3,failure,no
43,married,primary,no,0,no,yes,836,1,129,2,failure,no
51,married,primary,no,230,yes,no,174,1,195,1,failure,no
56,married,tertiary,no,505,yes,yes,171,1,172,2,failure,no
38,married,secondary,no,821,yes,yes,224,2,180,1,failure,no
42,married,primary,no,275,no,no,295,2,109,9,failure,no
34,single,tertiary,no,1049,yes,no,101,2,129,1,failure,no
51,married,secondary,no,1414,yes,no,422,3,186,2,failure,no
38,married,primary,no,0,yes,no,78,2,193,2,failure,no
38,single,tertiary,no,11971,yes,no,609,2,101,3,failure,no
53,married,tertiary,no,2269,no,no,1091,2,150,1,success,yes
41,married,secondary,no,271,yes,no,148,2,172,2,failure,no
48,divorced,tertiary,no,-478,yes,no,87,5,167,6,failure,no
54,married,tertiary,no,3795,yes,yes,227,2,119,1,failure,no
55,married,secondary,no,653,yes,no,193,2,186,1,failure,no
38,single,secondary,no,1255,yes,no,151,2,171,2,failure,no
50,divorced,secondary,no,-403,no,yes,130,2,119,2,failure,no
42,married,primary,no,2636,no,no,178,2,151,1,failure,no
40,married,secondary,no,1029,yes,yes,117,2,117,3,failure,no
57,married,secondary,no,1502,no,no,340,2,109,11,failure,no
30,single,secondary,no,426,yes,no,127,4,111,6,failure,no
56,single,secondary,no,237,yes,no,117,3,131,4,failure,no
39,married,secondary,no,8,no,yes,333,2,96,2,failure,no
43,divorced,secondary,no,1043,yes,no,57,4,119,3,failure,no
42,married,secondary,no,1027,yes,no,188,2,168,2,failure,no
44,married,tertiary,no,724,yes,no,157,2,172,1,failure,no
36,married,secondary,no,0,yes,no,273,2,131,1,failure,no
40,married,secondary,no,219,yes,no,204,2,196,1,failure,no
43,married,tertiary,no,2767,yes,no,374,1,186,7,failure,no
40,married,secondary,no,1269,yes,no,353,1,172,1,failure,no
56,married,secondary,no,1150,no,yes,107,1,117,3,failure,no
37,married,secondary,no,5115,yes,no,1210,2,171,4,failure,yes
56,single,tertiary,no,1092,yes,yes,176,3,186,4,failure,no
37,married,secondary,no,121,no,yes,211,2,151,2,failure,no
58,divorced,secondary,no,644,no,yes,220,4,109,4,failure,no
45,married,secondary,no,781,no,yes,652,2,126,2,failure,yes
50,married,secondary,no,0,yes,no,114,4,168,2,failure,no
44,divorced,secondary,no,106,yes,no,17,1,175,1,failure,no
40,married,secondary,no,755,no,no,408,1,117,1,failure,no
43,married,tertiary,no,1201,yes,yes,82,1,97,3,failure,no
40,married,tertiary,no,3059,yes,yes,41,1,182,1,failure,no
36,married,primary,no,4324,yes,no,139,4,127,4,failure,no
44,married,tertiary,no,756,yes,no,65,1,130,2,failure,no
37,married,secondary,no,723,yes,no,119,1,110,2,failure,no
37,married,secondary,no,195,yes,no,68,1,194,2,failure,no
42,married,tertiary,no,2249,yes,no,228,1,125,5,failure,no
53,married,secondary,no,137,no,yes,52,1,176,1,failure,no
44,married,secondary,no,10888,yes,no,67,1,105,1,failure,no
41,married,secondary,no,4320,yes,no,164,1,166,2,failure,no
41,married,primary,no,1461,yes,no,290,1,165,2,success,no
48,married,secondary,no,4415,yes,no,271,1,102,6,failure,no
56,married,secondary,no,589,yes,no,208,1,26,3,success,no
42,single,secondary,no,-247,yes,yes,104,2,28,2,success,no
37,married,secondary,no,0,yes,no,173,1,179,6,failure,no
35,single,secondary,no,5260,yes,no,59,1,182,2,failure,no
33,single,secondary,no,1769,yes,no,273,1,182,1,failure,no
46,married,tertiary,no,4301,yes,yes,50,1,183,2,failure,no
46,married,secondary,no,68,yes,yes,111,2,155,3,failure,no
36,divorced,secondary,no,454,yes,no,165,1,131,1,failure,no
32,single,secondary,no,53,yes,no,276,1,195,1,failure,no
38,single,tertiary,no,1515,yes,no,134,1,110,5,failure,no
37,single,tertiary,no,561,no,no,188,1,165,2,failure,no
59,married,secondary,no,2429,no,yes,79,2,182,7,failure,no
40,divorced,secondary,no,1155,no,yes,175,1,138,1,failure,no
59,married,primary,no,14,yes,yes,319,2,182,1,failure,no
36,single,tertiary,no,0,no,yes,300,1,96,4,failure,no
51,married,primary,no,1194,yes,no,714,1,186,3,failure,no
45,single,secondary,no,91,no,yes,149,1,127,2,failure,no
38,single,tertiary,no,427,yes,no,253,1,182,1,failure,no
42,married,secondary,no,1958,yes,no,129,1,172,3,failure,no
30,single,tertiary,no,3,yes,no,54,1,195,1,failure,no
51,married,tertiary,no,146,no,no,150,2,126,3,failure,no
37,married,tertiary,no,3770,yes,no,106,1,110,4,failure,no
41,married,secondary,no,446,yes,no,296,1,186,1,success,no
30,single,secondary,no,4787,yes,no,266,1,167,2,failure,no
36,married,secondary,no,1345,yes,no,82,1,172,3,failure,no
58,married,tertiary,no,0,yes,no,265,1,188,1,failure,no
42,married,primary,no,2273,yes,no,253,1,112,2,failure,no
41,married,secondary,no,1100,yes,no,397,1,173,2,failure,no
43,married,secondary,no,764,yes,no,164,5,127,5,failure,no
48,married,secondary,no,2877,yes,no,77,1,168,1,failure,no
30,single,secondary,yes,-305,no,yes,37,1,96,6,failure,no
43,single,secondary,yes,685,yes,no,78,1,110,2,failure,no
34,single,secondary,no,10,no,yes,162,1,173,3,failure,no
44,married,primary,no,1880,yes,no,34,1,124,6,failure,no
36,married,tertiary,no,0,yes,no,103,1,175,2,failure,no
33,married,secondary,no,596,yes,no,77,1,127,3,failure,no
47,married,secondary,no,829,yes,yes,48,1,188,1,failure,no
47,married,secondary,no,3237,yes,no,38,1,187,3,failure,no
35,married,secondary,no,222,yes,no,233,1,190,6,failure,no
39,married,secondary,no,3732,yes,no,515,1,181,2,failure,no
39,married,tertiary,no,585,yes,no,48,1,181,3,failure,no
31,single,secondary,no,2038,yes,no,239,1,182,1,failure,no
37,single,tertiary,no,1316,yes,no,389,1,172,2,failure,no
50,married,secondary,no,-353,yes,yes,162,1,175,2,failure,no
39,divorced,tertiary,no,5009,yes,no,255,1,126,2,failure,no
56,divorced,secondary,no,0,no,no,100,1,154,2,failure,no
30,divorced,secondary,no,83,yes,yes,118,2,196,1,failure,no
45,married,primary,no,147,yes,no,226,1,168,2,failure,no
33,married,secondary,no,157,yes,no,110,1,182,1,failure,no
45,married,secondary,no,3395,yes,no,92,1,188,1,failure,no
37,single,secondary,no,690,yes,no,105,1,179,2,failure,no
37,single,secondary,no,54,yes,no,328,2,131,1,failure,no
40,single,secondary,no,326,yes,no,124,1,175,1,failure,no
38,married,secondary,no,-288,yes,yes,68,1,165,2,failure,no
41,married,secondary,no,2123,no,no,232,1,102,2,failure,no
44,married,secondary,no,1901,no,no,143,3,104,2,failure,no
41,married,secondary,no,1954,no,no,65,1,110,2,success,no
45,single,tertiary,no,16,no,no,100,1,110,2,failure,no
45,married,secondary,no,1678,yes,no,187,1,154,1,failure,no
34,divorced,tertiary,no,5754,yes,no,32,1,181,1,failure,no
52,divorced,secondary,no,2717,no,no,114,1,162,2,failure,no
43,single,primary,no,103,yes,no,53,1,183,5,failure,no
37,married,primary,no,5427,no,no,201,1,159,1,failure,no
37,single,tertiary,no,1743,yes,no,192,1,113,2,failure,no
48,married,primary,no,1092,no,yes,79,1,172,8,failure,no
35,married,tertiary,no,4943,yes,no,295,1,124,2,failure,no
42,married,tertiary,no,2110,no,yes,67,1,110,2,failure,no
34,married,tertiary,no,63,no,no,83,1,102,2,failure,no
32,single,secondary,no,118,yes,no,216,1,124,1,success,no
50,single,tertiary,no,21,yes,no,157,1,188,1,failure,no
30,married,tertiary,no,900,no,no,123,1,124,2,failure,no
55,married,secondary,no,3546,yes,yes,588,1,110,2,failure,no
32,married,tertiary,no,1667,yes,no,164,2,179,3,failure,no
32,single,secondary,no,2251,yes,yes,131,1,124,1,failure,no
44,married,secondary,no,533,yes,no,127,1,110,2,failure,no
36,married,secondary,no,2894,yes,no,91,1,124,1,failure,no
34,married,tertiary,no,11,yes,no,123,1,124,1,failure,no
32,married,tertiary,no,3107,yes,yes,165,2,116,1,failure,no
48,married,secondary,no,3008,yes,yes,163,1,187,3,failure,no
48,single,tertiary,no,648,yes,no,290,1,110,2,failure,no
39,married,secondary,no,173,yes,no,96,2,182,2,failure,no
47,single,secondary,no,19,yes,yes,90,2,123,1,failure,no
52,married,tertiary,no,297,yes,no,62,2,195,1,failure,no
59,divorced,secondary,no,797,yes,no,319,2,165,2,failure,no
38,married,tertiary,no,678,no,yes,82,2,152,1,failure,no
54,married,secondary,no,506,yes,no,172,2,104,2,failure,no
51,married,tertiary,no,-516,yes,no,120,2,187,2,failure,no
47,married,primary,no,1533,no,yes,273,2,96,4,failure,no
34,married,primary,no,500,yes,no,240,2,182,1,failure,no
30,married,secondary,no,246,yes,no,166,2,113,5,failure,no
43,single,tertiary,no,-56,yes,no,146,2,151,14,failure,no
52,married,secondary,no,2257,yes,no,102,2,188,1,failure,no
36,married,secondary,no,402,no,yes,86,2,154,1,failure,no
39,married,secondary,no,517,yes,no,387,3,196,2,failure,no
45,single,tertiary,no,5694,yes,no,145,2,193,2,failure,no
54,married,tertiary,no,368,no,no,74,2,110,4,failure,no
36,single,secondary,no,296,no,no,67,2,111,2,failure,no
38,married,secondary,no,508,yes,no,722,3,175,2,failure,no
44,married,secondary,no,2626,yes,no,170,2,188,3,failure,no
59,married,primary,no,124,yes,no,531,3,134,7,failure,no
40,single,secondary,no,2854,yes,no,354,2,169,1,failure,no
30,divorced,secondary,no,0,yes,yes,174,2,111,3,failure,no
42,single,tertiary,no,1113,yes,yes,89,2,162,12,failure,no
33,married,tertiary,no,1522,yes,no,171,2,179,3,failure,no
44,married,secondary,no,-236,yes,no,218,2,113,7,success,no
36,single,tertiary,no,3560,no,no,658,3,169,2,failure,no
42,divorced,secondary,no,898,yes,no,136,2,131,1,failure,no
36,divorced,secondary,no,556,yes,no,154,3,189,1,failure,no
53,married,secondary,no,1066,yes,no,110,1,186,3,failure,no
52,married,tertiary,no,5350,yes,yes,68,2,110,4,success,no
40,married,secondary,no,7313,yes,no,241,2,182,1,failure,no
30,single,tertiary,no,0,yes,no,342,2,174,1,failure,no
45,married,secondary,no,1550,yes,no,143,2,166,6,failure,no
38,married,secondary,no,4392,no,no,23,2,110,2,failure,no
33,married,secondary,no,328,yes,no,160,2,182,1,failure,no
51,married,tertiary,no,1612,yes,no,61,2,131,1,failure,no
33,married,tertiary,no,17455,yes,yes,168,3,179,4,failure,no
32,married,secondary,no,491,yes,no,131,3,194,2,failure,no
32,married,secondary,no,3839,yes,no,100,2,189,1,failure,no
40,single,secondary,no,9916,no,no,411,3,8,1,failure,no
56,married,secondary,no,728,no,no,163,2,110,15,failure,no
32,married,secondary,no,6217,yes,yes,486,2,181,2,failure,no
41,married,secondary,no,1327,yes,yes,425,2,176,2,failure,no
36,married,secondary,no,-179,yes,no,476,2,124,1,failure,no
46,married,secondary,no,942,no,no,240,3,119,2,failure,no
34,married,secondary,no,3990,yes,no,591,2,117,7,failure,no
34,single,tertiary,no,2047,yes,no,72,2,113,5,failure,no
30,married,tertiary,no,1185,yes,no,342,2,120,4,failure,no
30,single,secondary,no,2802,no,yes,285,2,137,2,failure,no
43,married,secondary,no,508,yes,no,200,1,172,1,failure,no
51,single,tertiary,no,6030,yes,no,157,2,110,3,failure,no
45,divorced,secondary,no,-14,no,no,39,2,127,3,failure,no
46,divorced,tertiary,no,6269,yes,no,249,3,112,2,failure,no
30,married,secondary,no,1131,yes,yes,189,1,144,5,failure,no
40,divorced,secondary,no,399,yes,yes,166,3,96,2,failure,no
46,divorced,secondary,no,864,yes,no,105,5,188,2,failure,no
31,single,tertiary,no,3142,yes,no,235,1,123,1,failure,no
53,married,secondary,no,1139,yes,no,180,1,186,6,failure,no
48,married,primary,no,214,yes,yes,246,1,162,1,failure,no
34,married,secondary,no,1412,yes,yes,149,1,175,2,failure,no
35,married,secondary,no,2019,yes,yes,83,2,144,1,failure,no
31,married,tertiary,no,1164,yes,yes,141,2,123,3,failure,no
36,married,tertiary,no,369,no,no,193,4,102,2,failure,no
45,married,secondary,no,17,yes,no,66,1,152,14,failure,no
31,married,secondary,no,355,yes,no,530,1,193,1,failure,no
51,married,primary,no,106,yes,no,366,3,110,2,failure,no
30,married,secondary,no,-306,yes,yes,372,1,186,1,failure,no
44,married,secondary,no,1106,yes,no,178,5,119,11,failure,no
41,married,tertiary,no,171,yes,no,209,1,191,4,failure,no
58,married,tertiary,no,8014,yes,no,697,2,184,3,failure,no
55,divorced,secondary,no,4053,no,no,113,1,166,2,failure,no
32,single,tertiary,no,1583,yes,no,100,1,182,1,failure,no
42,married,tertiary,no,412,yes,no,142,4,169,5,failure,no
30,married,tertiary,no,314,no,no,364,2,175,2,success,no
37,married,secondary,no,7957,no,no,706,1,111,2,failure,no
32,divorced,secondary,no,1156,yes,no,81,1,182,1,failure,no
39,single,tertiary,no,1682,yes,no,147,1,170,1,failure,no
31,single,tertiary,no,3625,yes,no,112,1,180,2,failure,no
32,single,secondary,no,1721,yes,no,184,2,182,2,failure,no
45,married,secondary,no,38,yes,no,159,1,188,2,failure,no
33,single,tertiary,no,541,yes,yes,140,1,182,1,failure,no
30,single,tertiary,no,54,yes,yes,192,1,177,3,failure,no
31,married,tertiary,no,4924,yes,no,316,1,182,2,failure,no
54,married,tertiary,no,6525,yes,no,133,1,170,3,failure,no
33,married,tertiary,no,3696,no,no,305,1,182,3,failure,no
48,married,secondary,no,1811,yes,no,137,4,111,3,failure,no
33,married,tertiary,no,0,yes,no,295,1,170,1,failure,no
32,married,secondary,no,2089,yes,no,192,1,5,1,success,no
40,married,tertiary,no,12409,yes,no,140,1,99,2,failure,no
52,married,secondary,no,424,no,no,143,1,154,3,failure,no
31,single,secondary,no,1186,yes,no,174,1,180,1,failure,no
35,married,tertiary,no,2801,yes,no,70,2,111,2,failure,no
32,single,tertiary,no,2667,yes,no,197,1,99,2,success,no
30,single,secondary,no,382,yes,no,369,1,191,1,failure,no
32,married,tertiary,no,964,yes,no,130,1,120,2,failure,no
36,married,secondary,no,189,yes,no,136,1,120,1,failure,no
52,married,secondary,no,-201,no,yes,905,1,133,2,failure,no
45,divorced,secondary,no,644,yes,no,418,1,168,1,success,yes
43,married,tertiary,no,13044,no,no,215,1,93,4,failure,no
35,divorced,tertiary,no,771,yes,yes,110,1,93,5,failure,no
39,married,secondary,no,3494,yes,no,139,1,92,4,failure,no
49,married,tertiary,no,6613,no,no,106,1,155,3,failure,no
34,married,secondary,no,360,yes,no,46,1,182,2,failure,no
33,married,secondary,no,1234,no,no,109,1,10,1,failure,no
45,divorced,secondary,no,1309,yes,no,298,1,170,2,failure,no
30,single,tertiary,no,234,yes,no,206,1,169,2,failure,no
32,single,tertiary,no,1611,yes,no,175,1,180,2,failure,no
40,married,tertiary,no,2977,yes,no,375,1,125,1,failure,no
46,married,secondary,no,15,yes,yes,46,2,91,3,failure,no
30,single,secondary,yes,447,no,no,426,2,189,6,failure,no
34,married,primary,no,2490,yes,no,185,2,180,1,failure,no
46,married,tertiary,no,2421,no,no,1084,1,100,4,failure,yes
40,married,primary,no,4608,yes,no,111,2,156,1,failure,no
53,married,tertiary,no,1452,no,yes,442,2,113,3,failure,no
38,married,secondary,no,4030,yes,no,75,2,177,5,failure,no
32,divorced,secondary,no,18,no,no,20,1,177,1,failure,no
40,married,secondary,no,260,no,no,52,1,152,6,failure,no
35,single,tertiary,no,538,yes,yes,308,1,195,9,failure,no
32,married,secondary,no,524,no,no,100,1,106,1,failure,no
33,married,tertiary,no,-103,yes,no,149,2,175,1,failure,no
33,single,tertiary,no,201,yes,no,171,1,183,1,failure,no
39,married,secondary,no,1444,no,no,100,1,117,8,success,no
44,married,primary,no,1161,yes,no,402,1,184,5,failure,no
59,married,primary,no,935,yes,no,103,3,166,2,failure,no
45,single,secondary,no,142,no,yes,258,1,105,4,failure,no
37,married,secondary,no,1165,yes,no,62,3,190,4,success,no
58,divorced,primary,no,8218,yes,no,141,2,111,10,failure,no
42,married,secondary,no,3211,no,no,87,2,111,1,failure,no
41,single,secondary,no,2184,no,no,98,1,153,2,failure,no
40,married,secondary,no,0,yes,no,332,1,183,1,failure,no
43,divorced,secondary,no,6835,no,no,187,1,152,2,failure,no
44,single,secondary,no,1195,yes,no,187,6,188,9,failure,no
58,married,primary,no,630,yes,no,59,1,174,1,failure,no
43,married,tertiary,no,1993,no,no,37,1,174,1,failure,no
58,married,secondary,no,590,no,yes,136,1,167,1,failure,no
39,married,secondary,no,6012,no,no,140,1,119,2,failure,no
52,married,secondary,no,7225,no,no,205,2,113,2,failure,no
54,divorced,tertiary,no,1323,no,no,83,1,152,4,failure,no
53,married,secondary,no,2818,yes,no,131,1,126,7,failure,no
48,married,secondary,no,-202,yes,yes,565,1,112,4,failure,no
59,married,secondary,no,32948,no,no,243,1,174,2,failure,no
33,married,secondary,no,2,yes,yes,17,5,198,1,failure,no
44,divorced,tertiary,no,2279,no,yes,105,1,146,1,failure,no
47,divorced,secondary,no,1939,yes,no,150,1,174,1,failure,no
45,married,secondary,no,2926,yes,yes,482,3,120,2,failure,no
42,married,tertiary,no,783,yes,no,77,2,128,3,failure,no
30,married,primary,no,1101,yes,yes,779,2,175,1,failure,no
59,married,secondary,no,2291,no,yes,190,1,128,3,failure,no
46,married,primary,no,8873,yes,no,172,1,118,2,failure,no
40,married,secondary,no,657,yes,no,178,1,112,2,failure,no
37,married,primary,no,253,yes,no,59,2,153,2,failure,no
33,married,tertiary,no,6138,yes,no,384,1,183,1,failure,no
55,married,secondary,no,3948,no,no,149,1,170,2,failure,no
46,divorced,secondary,no,3354,yes,no,522,1,174,1,success,yes
45,married,secondary,no,830,no,no,180,1,111,2,failure,no
33,single,secondary,no,4,yes,no,136,2,180,2,failure,no
47,married,secondary,no,351,yes,yes,174,1,174,1,failure,no
35,married,secondary,no,86,no,no,127,1,111,2,failure,no
40,married,secondary,no,4853,no,no,259,1,111,2,failure,no
38,single,secondary,no,884,yes,yes,295,1,111,2,failure,no
59,married,primary,no,741,no,no,194,2,152,2,failure,no
34,married,tertiary,no,4958,yes,no,175,1,183,1,failure,no
46,single,tertiary,no,1410,yes,no,93,1,189,8,failure,no
36,married,tertiary,no,16430,yes,no,234,1,166,3,failure,no
52,divorced,secondary,no,1291,yes,no,559,1,169,2,failure,no
57,married,secondary,no,5935,yes,yes,90,2,198,1,failure,no
35,married,secondary,no,3187,yes,no,171,2,183,1,failure,no
59,married,primary,no,2769,yes,no,104,1,131,2,failure,no
33,married,primary,no,3512,yes,no,251,1,183,2,failure,no
56,married,primary,no,444,yes,no,88,1,166,1,failure,no
38,married,tertiary,no,5432,yes,yes,408,1,183,1,failure,no
40,married,secondary,no,67,no,yes,359,2,152,5,failure,no
37,married,primary,no,3574,yes,no,178,1,170,2,failure,no
36,single,tertiary,no,2622,no,no,640,1,127,5,failure,no
50,married,secondary,no,2910,no,no,433,1,113,1,failure,no
38,married,primary,no,2240,yes,no,551,1,183,1,failure,no
37,married,secondary,no,5902,yes,no,191,1,180,4,failure,no
34,married,tertiary,no,899,yes,no,377,3,7,4,success,no
50,married,secondary,no,167,no,yes,47,1,133,1,failure,no
54,divorced,tertiary,no,2272,yes,no,88,1,189,1,failure,no
56,divorced,secondary,no,-429,no,yes,120,2,119,4,failure,no
43,married,primary,no,8167,yes,no,202,2,184,2,failure,no
37,single,tertiary,no,5340,yes,no,101,2,104,4,failure,no
53,single,secondary,no,2430,yes,yes,73,2,145,3,failure,no
40,single,secondary,no,664,no,no,188,2,121,2,success,no
50,married,tertiary,no,-470,yes,no,130,2,160,1,failure,no
30,married,tertiary,no,2451,yes,no,191,2,175,1,failure,no
58,divorced,primary,no,2538,yes,no,680,2,111,6,failure,yes
54,married,secondary,no,2626,no,no,221,2,190,2,failure,no
47,married,secondary,no,3696,yes,no,635,3,170,2,failure,no
39,married,tertiary,no,12855,yes,no,108,4,173,1,failure,no
39,single,tertiary,no,633,no,no,105,2,133,3,failure,no
50,married,tertiary,no,1784,no,no,1184,3,160,1,failure,no
39,divorced,tertiary,no,1315,yes,no,1337,4,126,1,failure,no
33,single,tertiary,no,923,yes,no,1307,3,173,6,failure,no
45,married,tertiary,no,7154,yes,no,93,3,111,3,failure,no
59,married,primary,no,0,no,no,207,2,153,1,failure,no
53,married,tertiary,no,2578,no,no,299,4,107,2,failure,no
37,married,secondary,no,510,yes,no,67,2,90,6,failure,no
54,married,primary,no,277,yes,no,300,5,170,3,failure,no
39,divorced,tertiary,no,4692,yes,no,214,2,174,2,success,no
39,married,secondary,no,4136,yes,no,194,2,170,3,failure,no
31,married,secondary,no,395,no,no,196,3,117,3,failure,no
33,married,tertiary,no,621,no,no,1435,3,99,5,failure,no
49,married,secondary,no,4259,no,no,146,3,111,7,failure,no
40,married,tertiary,no,3352,yes,no,639,2,27,1,success,yes
35,married,tertiary,no,552,yes,yes,314,2,124,1,failure,no
35,married,primary,no,31,no,yes,131,3,133,3,failure,no
44,married,secondary,no,6491,yes,no,126,2,174,1,failure,no
45,married,tertiary,no,3689,yes,no,517,2,187,3,failure,no
44,single,primary,no,1593,yes,no,201,2,174,3,success,no
37,married,secondary,no,5287,yes,yes,599,4,100,2,failure,no
55,married,tertiary,no,625,no,no,88,2,147,4,failure,no
38,married,tertiary,no,898,yes,no,80,5,198,2,failure,no
35,married,tertiary,no,867,yes,no,298,2,171,3,success,no
31,married,tertiary,no,1224,yes,yes,75,2,119,2,success,no
44,married,tertiary,no,0,yes,yes,286,6,191,2,failure,no
30,divorced,secondary,no,3100,yes,no,125,1,183,4,failure,no
32,married,secondary,no,344,yes,no,179,1,197,1,failure,no
35,divorced,tertiary,no,146,no,no,392,2,106,2,success,no
32,married,tertiary,no,4654,yes,yes,276,1,128,2,failure,yes
34,single,secondary,no,296,no,no,68,1,136,4,failure,no
55,married,secondary,no,12159,yes,no,142,2,174,2,failure,no
38,single,tertiary,no,5122,yes,no,370,1,184,1,failure,no
34,single,tertiary,no,673,yes,yes,271,1,184,1,failure,no
37,married,primary,no,8135,yes,no,358,1,184,1,failure,no
41,married,primary,no,2562,yes,no,157,1,189,4,failure,no
41,single,tertiary,no,195,no,no,125,1,167,2,failure,no
34,married,secondary,no,3119,yes,no,505,1,183,4,failure,no
35,single,tertiary,no,935,yes,no,71,1,176,2,failure,no
30,married,primary,no,5956,yes,yes,405,1,139,1,failure,no
34,married,secondary,no,3185,yes,no,93,1,191,1,failure,no
31,single,secondary,no,481,yes,no,106,2,183,2,failure,no
39,married,secondary,no,660,yes,yes,180,1,185,2,failure,no
52,married,primary,yes,57,yes,yes,45,1,196,1,failure,no
42,married,secondary,no,3,yes,no,47,1,190,1,failure,no
40,single,secondary,no,572,no,no,67,1,91,2,failure,no
33,married,secondary,no,3071,yes,yes,46,2,122,1,failure,no
32,married,primary,no,187,no,no,485,1,134,1,failure,no
33,married,primary,no,5151,yes,yes,73,1,178,4,failure,no
32,married,primary,no,2085,yes,yes,146,1,185,3,failure,no
39,single,secondary,no,1104,no,no,333,2,105,2,success,no
39,divorced,secondary,no,892,yes,no,34,1,171,1,failure,no
45,married,tertiary,no,96,yes,no,167,1,127,1,failure,no
32,single,tertiary,no,574,yes,no,171,1,127,2,failure,no
50,married,secondary,no,0,yes,no,152,1,190,1,failure,no
47,married,secondary,no,1465,yes,no,26,1,190,2,failure,no
30,married,secondary,no,586,yes,no,148,6,176,4,failure,no
41,married,primary,no,7735,yes,no,220,1,190,1,failure,no
37,married,tertiary,no,264,yes,yes,276,1,157,1,failure,no
30,married,secondary,no,501,yes,yes,994,1,177,1,failure,yes
38,married,secondary,no,215,yes,no,70,1,167,1,failure,no
48,divorced,secondary,no,4906,yes,no,200,1,190,1,failure,no
38,married,primary,no,433,no,no,81,2,136,3,failure,no
35,married,secondary,no,5304,yes,no,340,1,183,2,failure,no
34,divorced,secondary,no,797,yes,no,88,1,126,1,failure,no
31,married,secondary,no,450,no,yes,111,2,129,4,failure,no
39,single,secondary,no,519,yes,yes,149,1,155,14,failure,no
31,married,secondary,no,1539,yes,yes,67,6,177,9,failure,no
32,married,secondary,no,11512,yes,no,301,1,183,1,failure,no
52,married,tertiary,no,1115,yes,no,69,1,164,2,failure,no
31,single,secondary,no,5607,no,no,183,2,184,1,failure,no
30,married,primary,no,1015,yes,no,24,1,113,8,failure,no
50,married,secondary,no,1878,yes,yes,45,2,181,11,failure,no
41,single,secondary,no,98,no,yes,180,1,122,6,failure,no
46,married,tertiary,no,0,no,no,531,1,167,1,failure,yes
37,single,secondary,no,862,no,no,85,1,122,2,failure,no
46,divorced,secondary,no,3455,yes,no,120,4,190,2,failure,no
44,married,secondary,no,-230,yes,yes,352,1,177,1,failure,no
36,married,secondary,no,-872,yes,yes,153,1,183,1,failure,no
50,married,primary,no,2590,yes,no,281,2,195,6,failure,no
55,married,tertiary,no,10065,no,no,197,5,177,3,failure,no
32,single,secondary,no,3201,yes,no,98,1,178,5,failure,no
34,married,tertiary,no,273,yes,no,308,1,188,1,success,no
35,single,secondary,no,-476,yes,no,57,6,177,4,failure,no
53,married,secondary,no,21522,no,no,83,3,149,4,failure,no
55,divorced,secondary,no,166,no,no,324,7,153,4,failure,no
37,single,secondary,no,-272,no,yes,104,3,139,6,failure,no
33,married,tertiary,no,4465,yes,no,161,1,183,2,failure,no
33,divorced,secondary,no,557,yes,no,89,1,91,1,failure,no
40,married,secondary,no,4441,yes,no,153,2,183,2,failure,no
53,married,secondary,no,3815,no,no,75,2,149,3,failure,no
47,married,primary,no,2,yes,yes,661,4,190,1,failure,no
33,married,secondary,no,2711,no,no,184,1,104,1,failure,no
38,divorced,primary,no,0,yes,no,250,1,155,2,failure,no
55,married,secondary,no,1102,yes,no,195,1,189,2,failure,no
57,single,secondary,no,2236,yes,no,51,8,190,2,failure,no
40,married,secondary,no,7711,yes,no,190,5,135,1,failure,no
34,married,tertiary,no,1545,yes,no,895,1,183,2,failure,no
32,single,tertiary,no,12686,yes,no,176,1,170,1,failure,no
38,married,tertiary,no,1110,yes,no,888,2,183,2,failure,yes
51,married,secondary,no,-153,no,no,72,2,92,4,failure,no
37,married,tertiary,no,836,yes,no,223,1,177,2,failure,no
44,married,secondary,no,7876,yes,no,212,1,101,2,failure,no
32,married,secondary,no,983,yes,no,500,2,133,1,failure,yes
43,married,secondary,no,5704,yes,no,154,3,106,2,failure,no
33,single,tertiary,no,3404,yes,no,105,2,171,3,failure,no
34,married,secondary,no,56,yes,no,311,3,183,1,failure,no
51,married,tertiary,no,6659,yes,yes,191,2,189,1,failure,no
58,married,tertiary,no,5087,no,no,63,2,154,1,failure,no
35,married,secondary,no,725,yes,no,219,7,133,1,failure,no
31,single,tertiary,no,438,yes,no,165,1,100,2,failure,no
45,married,secondary,no,999,yes,no,215,6,188,2,failure,no
35,divorced,primary,no,3888,no,no,207,5,178,5,failure,no
52,married,secondary,no,3923,yes,no,20,8,190,3,success,no
39,divorced,tertiary,no,155,yes,no,20,6,153,26,failure,no
44,married,secondary,no,3060,yes,no,113,1,189,2,failure,no
40,divorced,tertiary,no,9541,no,no,128,2,189,1,failure,no
37,married,secondary,no,1016,yes,yes,195,3,8,1,failure,no
38,married,primary,no,3289,no,no,340,2,164,2,failure,no
36,married,secondary,no,1954,yes,yes,158,2,174,3,failure,no
50,married,tertiary,no,3117,no,no,44,2,164,1,failure,no
49,married,tertiary,no,-471,yes,no,77,3,185,7,failure,no
31,married,secondary,no,3052,yes,yes,115,2,177,2,failure,no
39,married,secondary,no,31,yes,no,61,2,181,4,failure,no
37,divorced,secondary,no,33,yes,no,106,2,167,1,failure,no
41,married,tertiary,no,666,yes,no,106,3,183,3,failure,no
53,married,secondary,no,111,yes,no,600,3,189,2,failure,no
36,single,tertiary,no,3649,yes,no,399,2,156,2,failure,no
43,married,tertiary,no,5670,yes,no,43,4,189,2,failure,no
34,married,tertiary,no,1433,no,no,111,3,104,3,failure,no
45,divorced,tertiary,no,1273,yes,yes,206,2,162,3,failure,no
32,single,secondary,no,6982,yes,no,224,2,183,1,failure,no
33,married,secondary,no,3514,yes,no,214,2,184,2,failure,no
32,single,secondary,no,2696,yes,no,564,2,183,1,failure,no
31,single,tertiary,no,1887,no,yes,225,2,183,1,failure,no
47,married,secondary,no,3533,yes,no,319,1,100,2,failure,no
38,married,tertiary,no,-3,no,no,251,2,101,3,failure,no
35,married,secondary,no,142,yes,no,315,2,196,4,failure,no
39,single,tertiary,no,889,no,no,78,2,185,4,failure,no
58,married,secondary,no,5618,yes,no,361,2,189,1,failure,no
56,divorced,primary,no,12,no,no,282,2,135,1,failure,no
31,married,secondary,no,314,yes,no,1341,3,178,7,failure,yes
35,married,tertiary,no,0,yes,no,197,4,30,1,failure,no
34,single,secondary,no,4436,yes,no,292,2,178,6,failure,no
43,single,tertiary,no,744,no,yes,90,4,114,4,failure,no
32,single,secondary,no,5252,yes,no,232,2,183,2,failure,no
51,married,secondary,no,4178,yes,no,167,4,174,1,failure,no
56,married,secondary,no,4763,yes,no,233,4,115,6,failure,no
36,divorced,primary,no,3202,yes,no,690,3,183,2,failure,no
44,married,tertiary,no,4580,yes,no,192,2,189,2,success,no
46,married,primary,no,676,yes,no,825,6,174,4,failure,no
53,married,tertiary,no,3366,no,no,278,6,112,2,failure,no
57,single,secondary,no,3499,yes,no,104,4,175,3,failure,no
30,married,secondary,no,111,no,yes,86,3,133,1,failure,no
55,married,secondary,no,6958,yes,yes,325,5,192,2,failure,no
53,single,secondary,no,5558,yes,no,81,6,189,3,failure,no
35,single,secondary,no,356,yes,no,20,5,114,7,failure,no
45,married,tertiary,no,460,no,no,312,3,157,1,failure,no
31,single,tertiary,no,5691,yes,no,37,2,123,1,failure,no
40,married,secondary,no,87,yes,yes,116,2,113,4,failure,no
50,divorced,tertiary,no,2564,yes,no,124,4,113,8,failure,no
37,single,secondary,no,1560,yes,no,67,1,163,2,failure,no
50,married,primary,no,12519,yes,no,615,3,34,1,failure,yes
36,married,tertiary,no,62,no,no,50,2,121,2,failure,no
47,married,tertiary,yes,-813,yes,yes,85,2,158,25,failure,no
39,married,secondary,no,5222,yes,no,239,2,177,1,failure,no
31,single,tertiary,no,3967,yes,no,859,1,182,1,failure,no
45,divorced,tertiary,no,2096,no,no,127,1,100,2,failure,no
31,single,tertiary,yes,-405,yes,yes,846,1,100,2,success,no
47,married,secondary,no,0,no,no,591,1,10,1,failure,yes
42,married,secondary,no,2812,yes,no,46,4,171,1,failure,no
46,married,secondary,no,22,yes,no,153,1,197,3,failure,no
53,married,tertiary,no,1945,no,no,22,4,106,7,failure,no
32,married,primary,no,1261,yes,no,104,1,182,1,failure,no
31,married,primary,no,2198,no,no,423,2,172,2,failure,no
33,single,secondary,no,2481,no,no,113,1,101,2,failure,no
33,married,secondary,no,255,yes,yes,588,2,184,2,failure,no
59,married,tertiary,no,7049,no,no,530,1,163,2,failure,yes
35,single,primary,no,2040,no,no,258,1,157,4,failure,no
30,divorced,tertiary,no,1718,yes,no,73,4,126,2,failure,no
52,married,secondary,no,1752,no,yes,346,4,123,8,failure,no
40,married,tertiary,no,2644,yes,no,110,2,185,1,failure,no
31,married,tertiary,no,5,yes,yes,635,1,135,2,failure,yes
32,divorced,secondary,no,5267,yes,no,183,1,168,2,failure,no
30,married,secondary,no,239,yes,no,302,2,95,8,failure,no
44,married,secondary,no,701,no,yes,103,1,141,2,failure,no
31,single,secondary,no,159,yes,no,66,1,182,1,failure,no
34,single,tertiary,no,966,yes,no,393,1,101,3,failure,no
48,married,secondary,no,4265,yes,no,327,1,192,2,failure,no
32,single,tertiary,no,3050,yes,no,58,1,182,1,failure,no
49,married,secondary,no,13818,no,no,201,1,113,2,failure,no
34,single,tertiary,no,3679,yes,no,146,1,101,1,failure,no
31,married,secondary,no,8629,yes,no,957,1,184,2,failure,yes
53,married,secondary,no,1777,yes,no,796,5,154,1,failure,yes
34,married,secondary,no,-508,yes,no,144,6,185,2,failure,no
47,married,secondary,no,2944,no,no,57,7,154,5,failure,no
52,divorced,secondary,no,2455,no,no,76,1,119,1,failure,no
48,married,primary,no,1375,yes,yes,73,1,172,2,failure,no
40,single,secondary,no,19343,yes,no,13,4,179,4,failure,no
45,divorced,secondary,no,1738,no,no,79,1,106,2,failure,no
54,married,secondary,no,230,no,yes,401,1,100,2,failure,no
30,married,secondary,no,274,yes,yes,105,5,102,2,failure,no
38,married,tertiary,no,1514,no,yes,160,3,120,3,failure,no
31,married,secondary,no,457,yes,no,283,1,171,5,failure,no
40,married,secondary,no,372,yes,no,365,1,100,2,failure,no
37,married,tertiary,no,489,yes,no,202,1,106,5,failure,no
33,married,primary,no,2456,yes,no,552,3,127,1,failure,no
45,married,tertiary,no,2220,yes,no,89,1,133,2,failure,no
40,married,secondary,no,-605,yes,yes,79,1,171,1,failure,no
53,married,secondary,no,1027,no,no,102,1,121,1,failure,no
35,married,secondary,no,80,yes,yes,38,2,172,2,failure,no
41,married,tertiary,no,832,yes,yes,164,1,176,1,failure,no
50,married,secondary,no,2497,yes,no,35,1,176,1,failure,no
31,married,secondary,no,3653,yes,yes,252,1,168,4,failure,no
35,single,tertiary,no,1129,yes,no,64,2,184,2,failure,no
33,divorced,secondary,no,86,no,yes,183,3,186,1,failure,no
31,single,tertiary,no,1166,yes,no,119,2,171,1,failure,no
34,married,secondary,no,5553,yes,no,798,2,182,5,failure,no
49,divorced,secondary,no,771,yes,no,264,2,172,1,failure,no
47,married,primary,no,333,yes,no,118,1,113,4,failure,no
37,married,secondary,no,2066,yes,yes,10,7,113,5,failure,no
40,married,secondary,no,752,no,yes,456,1,157,1,failure,no
40,married,secondary,no,9374,yes,no,7,8,185,1,failure,no
51,single,tertiary,no,11222,yes,no,126,2,171,7,failure,no
36,single,secondary,no,0,yes,yes,109,1,189,1,failure,no
39,married,tertiary,yes,47,no,no,28,3,158,3,failure,no
48,married,secondary,no,2697,yes,yes,82,1,179,5,failure,no
38,divorced,tertiary,no,554,no,no,45,1,101,4,failure,no
36,divorced,tertiary,no,210,yes,no,62,1,127,2,failure,no
39,single,tertiary,no,26,yes,yes,52,1,179,4,failure,no
33,single,secondary,no,920,yes,no,58,1,122,4,failure,no
39,married,primary,no,1601,yes,no,219,2,182,2,failure,no
30,married,secondary,no,-559,yes,yes,531,1,184,1,failure,no
43,married,secondary,no,-150,no,yes,62,2,136,3,failure,no
43,divorced,tertiary,no,1440,yes,yes,149,1,175,1,failure,no
38,married,secondary,no,505,yes,yes,119,1,157,2,failure,no
57,married,secondary,no,2658,yes,no,107,1,190,1,failure,no
33,single,secondary,no,3269,no,yes,381,1,126,1,failure,no
33,divorced,secondary,no,335,yes,no,347,1,184,2,failure,no
32,married,secondary,no,253,yes,no,76,1,170,3,failure,no
47,married,secondary,no,1059,yes,no,58,1,127,1,failure,no
32,married,tertiary,no,2737,yes,yes,44,4,182,1,failure,no
58,divorced,tertiary,no,26254,yes,no,53,1,31,1,failure,no
40,married,primary,no,-616,yes,no,182,1,157,2,failure,no
39,single,secondary,no,158,yes,no,183,1,168,2,failure,no
38,married,secondary,no,1,yes,no,57,5,199,1,success,no
52,married,tertiary,no,2428,yes,no,294,1,116,3,failure,no
34,divorced,secondary,no,7,yes,yes,94,2,199,1,failure,no
54,married,primary,no,235,no,yes,353,2,113,5,failure,no
39,married,secondary,no,2319,no,no,48,1,137,1,failure,no
41,married,secondary,no,6687,yes,no,41,2,123,3,failure,no
55,divorced,primary,no,2227,yes,no,148,3,172,3,failure,no
32,married,secondary,no,1076,no,no,906,1,129,3,failure,no
40,married,tertiary,no,271,yes,no,124,3,102,4,failure,no
45,single,secondary,no,946,yes,no,56,2,175,4,failure,no
37,single,tertiary,no,65,no,no,20,10,113,4,failure,no
32,married,tertiary,no,118,no,no,383,4,176,10,failure,no
52,married,tertiary,no,1065,yes,yes,224,2,175,1,failure,no
57,married,tertiary,no,3431,yes,no,55,2,189,1,failure,no
40,married,secondary,no,4025,yes,no,139,2,129,4,failure,no
32,divorced,tertiary,no,874,no,no,366,3,101,6,success,no
31,married,secondary,no,111,no,no,504,2,93,2,failure,yes
41,married,secondary,no,1539,yes,no,139,6,130,3,failure,no
31,single,secondary,no,144,yes,no,51,2,140,11,failure,no
59,married,secondary,no,10054,no,no,175,3,100,6,failure,no
55,divorced,secondary,no,1580,no,yes,82,5,155,1,success,no
40,married,secondary,no,0,yes,no,43,1,185,2,failure,no
30,single,tertiary,no,9634,no,no,402,4,101,5,failure,no
45,divorced,secondary,no,0,yes,yes,173,1,192,1,failure,no
34,single,secondary,no,892,yes,no,177,2,184,1,failure,no
58,divorced,tertiary,no,50,yes,no,675,4,171,4,failure,no
37,single,secondary,no,105,no,yes,197,2,157,4,failure,no
32,married,secondary,no,752,yes,no,82,4,191,1,failure,no
40,single,secondary,no,1200,yes,no,163,2,156,8,failure,no
52,married,primary,no,4793,yes,no,61,3,168,2,failure,no
45,single,tertiary,no,302,yes,no,22,2,154,4,failure,no
41,married,secondary,no,2125,yes,yes,285,3,116,4,failure,no
42,married,secondary,no,8131,yes,no,173,4,175,1,failure,no
34,single,tertiary,no,714,yes,no,122,3,193,4,failure,no
43,divorced,secondary,no,738,yes,no,585,4,191,4,failure,no
37,single,secondary,no,363,yes,no,39,4,182,3,failure,no
55,divorced,tertiary,no,1241,no,no,48,7,154,5,failure,no
58,married,tertiary,no,1602,no,no,1032,10,115,3,failure,no
36,married,tertiary,no,396,no,no,64,2,100,5,failure,no
33,divorced,secondary,no,558,yes,no,258,2,93,3,failure,no
31,single,tertiary,no,2085,yes,no,639,2,93,4,failure,no
30,married,secondary,no,817,yes,no,208,3,91,4,failure,no
40,single,secondary,no,877,yes,no,12,3,177,6,failure,no
35,divorced,tertiary,no,538,yes,no,109,2,193,4,failure,no
50,married,tertiary,no,4374,yes,no,163,2,113,3,failure,no
42,married,primary,no,-571,yes,yes,136,2,179,4,failure,no
33,married,primary,no,1903,yes,no,337,2,182,3,failure,no
45,married,secondary,no,392,yes,no,391,2,127,2,failure,no
32,married,secondary,no,3181,yes,no,118,2,176,7,failure,no
35,single,secondary,no,1183,yes,no,21,3,185,2,failure,no
33,divorced,tertiary,no,0,yes,yes,211,7,94,8,failure,no
42,divorced,secondary,no,484,yes,no,321,3,127,3,failure,no
50,married,primary,no,0,no,no,281,2,191,2,failure,no
34,married,tertiary,no,714,yes,no,328,4,113,27,failure,no
41,married,secondary,no,0,yes,yes,12,5,190,1,failure,no
47,married,tertiary,no,333,no,no,8,5,137,1,failure,no
37,single,tertiary,no,2173,no,no,158,3,114,1,failure,no
37,single,secondary,no,3111,yes,no,9,3,185,2,failure,no
53,divorced,secondary,no,173,no,yes,412,2,143,1,failure,no
57,divorced,secondary,no,4664,no,no,22,4,114,1,failure,no
46,divorced,tertiary,no,0,yes,no,234,5,102,5,failure,no
37,married,tertiary,no,0,yes,no,11,3,175,1,failure,no
38,married,secondary,no,1063,yes,no,51,5,113,2,failure,no
34,married,primary,no,2720,yes,no,147,2,179,3,failure,no
36,married,tertiary,no,0,yes,no,72,3,29,4,success,no
50,married,primary,no,-315,no,yes,61,7,136,1,failure,no
50,divorced,secondary,no,797,yes,no,205,3,119,8,failure,no
59,married,tertiary,no,2143,yes,no,59,1,268,1,failure,no
40,married,tertiary,no,378,yes,yes,260,1,268,2,failure,no
42,divorced,secondary,no,759,no,no,97,1,169,3,failure,no
43,divorced,secondary,no,87,yes,no,130,1,247,2,failure,no
38,divorced,secondary,no,316,yes,no,223,1,247,2,success,no
43,divorced,tertiary,no,626,yes,no,72,1,167,2,failure,no
38,married,secondary,no,67,no,no,74,1,239,2,failure,no
48,married,secondary,no,651,no,yes,228,1,196,2,failure,no
53,divorced,secondary,no,392,yes,no,70,1,245,1,failure,no
33,married,secondary,yes,-354,yes,yes,104,1,245,2,failure,no
57,divorced,primary,no,362,no,no,91,1,231,1,failure,no
52,married,secondary,no,393,yes,yes,446,1,182,8,failure,no
43,married,tertiary,no,344,yes,yes,282,1,238,2,failure,no
48,married,secondary,no,0,yes,no,123,1,204,1,failure,no
43,married,secondary,no,2478,yes,no,347,1,230,1,failure,no
33,married,secondary,no,4012,no,yes,90,1,265,4,failure,no
47,married,primary,no,1452,yes,yes,181,1,177,2,failure,no
53,married,tertiary,no,1672,no,no,176,1,189,1,failure,no
52,married,secondary,no,98,yes,no,103,1,245,2,failure,no
58,married,secondary,no,374,yes,yes,223,1,196,1,failure,no
54,married,tertiary,no,1129,no,yes,242,1,184,8,failure,no
56,married,secondary,no,-246,no,yes,461,2,204,2,failure,no
31,married,secondary,no,20,no,no,304,1,71,1,failure,no
38,married,secondary,no,105,yes,no,158,1,265,2,failure,no
38,married,tertiary,no,1066,yes,no,86,1,189,1,failure,no
51,married,secondary,no,176,no,no,214,1,183,2,failure,no
44,married,secondary,no,429,yes,no,99,1,246,4,failure,no
53,married,tertiary,no,554,no,no,48,1,181,5,failure,no
60,married,primary,no,362,no,yes,326,1,183,6,success,no
35,married,tertiary,no,436,no,yes,507,1,184,4,failure,no
48,single,tertiary,no,-295,no,yes,121,1,190,2,failure,no
57,married,secondary,no,1316,no,no,221,2,182,5,failure,no
57,married,secondary,no,297,no,yes,120,2,154,16,failure,no
37,single,secondary,no,62,yes,no,252,2,268,2,failure,no
59,married,secondary,no,1455,yes,no,222,2,191,1,failure,no
44,married,tertiary,no,3463,yes,yes,290,2,153,3,failure,no
30,single,secondary,no,732,yes,no,445,1,223,1,failure,no
37,married,secondary,no,417,no,no,389,1,181,5,failure,no
48,married,secondary,no,547,no,no,74,1,176,2,failure,no
41,single,tertiary,no,1616,no,no,229,1,184,7,success,no
47,married,secondary,no,487,no,no,218,2,177,1,failure,no
59,married,primary,no,699,no,no,98,1,154,6,failure,no
55,married,secondary,no,3207,no,no,158,2,153,12,failure,no
49,married,secondary,no,177,yes,yes,90,1,204,1,failure,no
42,married,secondary,no,799,no,no,234,1,181,6,failure,no
56,single,tertiary,no,-528,no,no,290,2,184,2,failure,no
26,single,secondary,no,0,yes,no,148,2,258,2,failure,no
52,married,tertiary,no,1392,no,no,1121,2,205,3,failure,no
44,married,secondary,no,-199,no,no,692,2,247,3,failure,no
50,married,secondary,no,-70,yes,yes,391,2,191,1,failure,no
40,single,primary,no,366,yes,yes,168,2,205,1,failure,no
47,married,secondary,no,644,no,no,54,3,160,13,failure,no
29,married,secondary,no,376,no,yes,49,3,183,4,failure,no
49,divorced,tertiary,no,557,yes,no,145,1,223,5,failure,no
31,single,tertiary,no,86,no,no,100,1,170,4,failure,no
34,married,secondary,no,1988,yes,no,53,1,266,2,failure,no
57,married,secondary,no,1504,yes,no,52,1,245,2,failure,no
33,single,secondary,no,459,yes,no,241,1,266,2,failure,no
35,married,secondary,no,-259,yes,no,381,1,247,2,failure,no
60,married,secondary,no,2041,no,no,123,1,185,7,failure,no
33,single,secondary,no,13,yes,no,111,1,247,2,failure,no
32,married,tertiary,no,0,yes,yes,223,1,261,2,failure,no
46,married,secondary,no,120,yes,yes,121,1,259,3,failure,no
36,divorced,secondary,no,532,yes,no,391,1,241,1,failure,no
36,married,tertiary,no,-290,yes,yes,150,1,189,3,failure,no
34,single,secondary,no,673,yes,no,89,1,260,2,failure,no
39,married,secondary,no,272,yes,yes,199,1,234,2,failure,no
48,single,secondary,no,133,yes,yes,451,1,197,1,failure,no
34,married,tertiary,no,557,yes,no,354,1,197,1,failure,no
36,divorced,tertiary,no,36,yes,no,227,1,261,6,failure,no
36,married,secondary,no,313,yes,no,167,2,198,1,failure,no
36,married,secondary,no,498,yes,no,151,1,253,1,failure,no
36,married,secondary,no,319,yes,no,29,1,266,1,failure,no
46,married,secondary,no,521,yes,no,246,1,226,3,failure,no
45,divorced,tertiary,no,-90,yes,no,128,1,192,1,failure,no
35,married,secondary,no,149,yes,no,99,1,245,2,failure,no
60,married,secondary,no,478,no,no,139,1,171,5,failure,no
37,married,primary,no,345,yes,no,344,1,188,2,failure,no
33,divorced,tertiary,no,893,yes,no,259,1,259,9,failure,no
50,single,tertiary,no,567,yes,no,50,1,258,8,failure,no
46,married,secondary,no,294,yes,no,444,1,196,1,failure,no
59,married,tertiary,no,1857,no,no,386,1,168,4,failure,no
30,single,tertiary,no,1422,yes,yes,305,1,223,27,failure,no
27,married,secondary,yes,254,yes,yes,194,1,188,1,failure,no
39,divorced,tertiary,no,547,yes,no,317,2,260,4,failure,no
51,single,tertiary,no,0,yes,no,121,1,244,2,failure,no
41,single,secondary,no,1322,yes,no,58,1,266,1,failure,no
35,single,secondary,no,111,yes,no,55,1,195,3,failure,no
53,divorced,secondary,no,388,yes,yes,67,1,247,1,failure,no
34,married,tertiary,no,498,yes,no,84,1,251,2,failure,no
55,married,secondary,no,273,yes,no,84,3,183,3,failure,no
37,married,tertiary,no,1330,yes,no,41,2,261,1,failure,no
28,married,secondary,no,-97,yes,no,79,1,225,2,success,no
42,divorced,primary,no,299,yes,no,305,2,261,2,failure,no
31,single,tertiary,no,424,no,no,106,1,161,2,failure,no
31,married,tertiary,no,732,yes,no,542,1,241,1,failure,no
38,single,tertiary,no,-274,yes,yes,103,1,247,2,failure,no
48,married,primary,no,1496,yes,no,284,2,258,2,failure,no
39,single,tertiary,no,263,yes,no,160,1,199,6,failure,no
34,married,tertiary,no,303,yes,no,50,1,195,2,failure,no
53,married,tertiary,no,1405,yes,yes,140,1,244,1,failure,no
34,married,tertiary,no,16992,yes,no,71,1,245,1,failure,no
36,married,secondary,no,-557,yes,yes,484,1,253,1,failure,no
33,single,tertiary,no,1345,yes,no,257,1,262,3,failure,no
35,single,secondary,no,1239,yes,no,112,1,195,1,failure,no
29,married,tertiary,no,246,yes,no,61,1,265,1,failure,no
37,married,secondary,no,1694,yes,yes,404,2,251,6,failure,no
44,married,primary,no,5418,yes,yes,188,1,185,5,failure,no
46,divorced,secondary,no,660,yes,no,1026,1,259,2,failure,no
40,divorced,secondary,no,94,yes,no,121,1,245,1,failure,no
30,single,secondary,no,193,yes,no,326,1,244,2,failure,no
45,married,primary,no,487,yes,no,117,1,163,4,failure,no
29,single,secondary,no,2768,yes,no,69,1,241,4,failure,no
41,married,secondary,no,1141,yes,no,75,1,247,1,failure,no
32,single,secondary,no,160,yes,no,48,1,265,1,failure,no
31,single,tertiary,no,1025,no,no,93,1,254,3,failure,no
31,married,secondary,no,360,yes,yes,89,1,241,1,failure,no
40,married,tertiary,no,351,yes,no,338,1,254,3,failure,no
34,single,secondary,no,391,yes,no,77,1,265,2,failure,no
37,married,tertiary,no,183,yes,no,51,1,258,1,failure,no
35,single,secondary,no,175,yes,no,219,1,246,1,failure,no
28,single,tertiary,no,0,yes,no,379,1,192,1,failure,no
39,married,secondary,no,648,yes,no,85,2,240,1,failure,no
28,single,secondary,no,1391,yes,no,462,2,247,1,failure,no
59,married,tertiary,no,2365,no,yes,36,1,188,4,failure,no
44,married,tertiary,no,149,yes,no,507,1,220,2,success,no
56,married,primary,no,420,yes,no,129,1,265,1,failure,no
50,married,secondary,no,2061,yes,yes,197,2,244,3,failure,no
34,single,secondary,no,341,no,yes,136,1,262,3,failure,no
34,single,secondary,no,381,yes,no,83,1,262,1,failure,no
31,married,secondary,no,678,yes,no,249,1,259,4,failure,no
36,single,tertiary,no,658,yes,no,99,1,227,3,failure,no
35,divorced,tertiary,no,1242,yes,no,141,1,245,3,failure,no
26,divorced,tertiary,yes,-402,no,yes,66,2,262,2,failure,no
39,married,secondary,no,1099,no,no,211,2,245,6,failure,no
35,married,secondary,no,147,yes,yes,41,1,184,7,failure,no
32,single,secondary,no,1139,yes,no,57,1,191,1,failure,no
53,single,primary,no,354,yes,no,133,1,226,2,failure,no
38,married,primary,no,406,yes,no,138,1,188,5,failure,no
45,married,primary,no,300,yes,no,203,1,261,3,failure,no
34,married,tertiary,no,349,yes,yes,133,2,185,3,failure,no
55,divorced,primary,no,2923,yes,no,94,1,259,2,failure,no
59,single,secondary,no,671,yes,yes,219,2,259,5,failure,no
53,married,secondary,no,367,yes,yes,155,1,261,2,failure,no
39,divorced,tertiary,no,208,yes,no,81,1,240,2,failure,no
53,divorced,secondary,no,246,yes,no,158,2,247,1,failure,no
38,single,tertiary,no,16957,yes,no,208,1,247,2,failure,no
28,married,secondary,no,232,yes,yes,72,1,261,1,failure,no
40,divorced,primary,no,4168,yes,no,91,1,223,3,failure,no
26,single,primary,no,155,yes,no,291,1,244,4,failure,no
46,married,secondary,no,-3,yes,no,79,2,265,2,failure,no
45,married,secondary,no,398,yes,no,227,1,246,5,failure,no
56,single,tertiary,no,6507,yes,yes,134,1,196,1,failure,no
28,single,tertiary,no,882,no,yes,94,1,205,2,failure,no
40,married,secondary,no,56,yes,yes,194,1,247,1,failure,no
58,married,secondary,no,1298,yes,no,522,2,245,4,failure,no
28,single,secondary,no,527,yes,no,161,2,265,1,failure,no
30,single,secondary,no,-61,no,no,111,2,196,1,failure,no
41,married,tertiary,no,-29,no,no,41,2,266,2,failure,no
32,married,tertiary,no,2213,no,no,125,2,154,7,failure,no
49,single,tertiary,no,145,yes,no,57,2,248,38,failure,no
47,married,tertiary,yes,-337,no,yes,243,4,161,2,failure,no
27,single,secondary,no,261,yes,no,236,2,247,2,failure,no
28,single,tertiary,no,-214,yes,no,228,2,262,3,failure,no
57,divorced,tertiary,no,-676,yes,yes,100,2,247,1,failure,no
38,divorced,secondary,no,531,no,no,214,3,226,7,failure,no
30,single,secondary,no,9,no,yes,194,2,205,2,failure,no
29,single,tertiary,no,370,yes,no,119,2,251,5,failure,no
31,married,secondary,no,0,no,no,120,2,160,2,failure,no
56,divorced,primary,no,29,no,no,52,2,227,1,failure,no
44,married,secondary,no,488,no,yes,138,2,183,11,failure,no
34,married,secondary,no,-211,yes,no,135,2,184,5,failure,no
33,married,primary,no,902,yes,no,207,2,247,2,failure,no
36,married,secondary,no,1508,no,no,187,2,185,8,failure,no
26,single,tertiary,no,43,yes,yes,169,3,246,1,failure,no
28,single,secondary,no,24,yes,no,284,2,196,2,failure,no
33,single,secondary,no,772,yes,no,323,2,259,3,success,no
57,divorced,tertiary,no,1016,yes,no,462,2,234,5,failure,no
29,married,tertiary,no,1366,yes,no,90,2,245,3,failure,no
32,married,secondary,no,356,yes,no,56,2,223,5,failure,no
37,divorced,secondary,no,414,no,no,293,2,162,4,failure,no
40,single,secondary,no,822,yes,yes,155,2,245,3,failure,no
48,married,secondary,no,101,yes,no,414,2,192,3,failure,no
45,single,secondary,no,-55,no,no,78,3,197,1,failure,no
27,single,secondary,yes,81,no,yes,123,2,205,2,success,no
31,married,tertiary,no,702,no,yes,157,3,182,29,failure,no
37,married,secondary,no,1120,yes,no,88,3,244,5,failure,no
33,single,secondary,no,303,no,no,483,2,266,1,failure,no
57,divorced,secondary,no,77,yes,yes,168,3,246,2,failure,no
47,married,tertiary,no,1225,yes,yes,191,3,227,2,failure,no
28,single,secondary,no,8,yes,no,389,2,254,3,failure,no
39,divorced,secondary,no,1333,yes,yes,585,2,246,1,failure,no
31,married,secondary,no,10,yes,yes,161,3,188,9,failure,no
49,single,secondary,no,61,yes,no,185,2,246,1,failure,no
33,divorced,secondary,no,880,yes,yes,263,3,239,1,failure,no
39,married,secondary,no,360,yes,no,325,2,260,2,failure,no
54,married,secondary,no,263,no,yes,283,4,195,7,failure,no
35,single,secondary,no,297,yes,no,251,3,265,4,failure,no
26,single,secondary,no,249,yes,no,235,3,262,5,failure,no
31,single,tertiary,no,1724,yes,no,152,2,254,1,failure,no
31,single,secondary,no,442,yes,no,355,3,258,3,failure,no
46,divorced,tertiary,no,-154,yes,yes,150,2,247,2,failure,no
27,single,secondary,no,223,no,yes,253,2,192,3,success,no
36,married,secondary,no,1053,yes,no,99,1,259,1,failure,no
35,married,secondary,no,6411,yes,yes,144,1,266,2,failure,no
35,single,secondary,no,951,yes,no,163,1,254,1,failure,no
28,married,secondary,no,-247,yes,yes,121,1,240,2,failure,no
49,married,tertiary,no,342,no,no,433,2,228,1,failure,no
59,married,primary,no,879,yes,no,126,5,259,7,failure,no
29,single,tertiary,no,737,yes,yes,499,5,248,1,failure,no
35,single,tertiary,no,364,no,yes,162,3,205,3,failure,no
35,single,secondary,no,2144,yes,no,146,2,262,2,failure,no
34,divorced,secondary,no,1301,yes,no,196,2,189,2,failure,no
47,divorced,tertiary,no,405,yes,no,236,1,260,1,failure,no
26,divorced,tertiary,no,3154,yes,yes,350,3,248,1,failure,no
31,single,tertiary,no,236,yes,no,200,1,259,1,failure,no
33,married,tertiary,no,525,yes,yes,499,1,247,1,failure,no
29,married,secondary,no,957,yes,yes,258,2,263,3,failure,no
50,married,tertiary,no,0,no,no,199,1,205,1,failure,no
39,married,tertiary,no,1492,yes,no,227,1,189,1,failure,no
51,married,secondary,no,5699,yes,no,436,1,270,2,failure,no
52,married,primary,no,109,yes,no,177,4,248,2,failure,no
33,single,tertiary,no,457,yes,no,159,1,191,4,failure,no
36,single,secondary,no,511,yes,yes,706,1,252,1,failure,no
36,single,secondary,no,317,yes,no,198,2,266,2,failure,no
52,married,tertiary,no,1355,yes,no,131,1,241,1,failure,no
33,single,secondary,no,22,no,no,76,2,207,1,failure,no
57,divorced,tertiary,no,2549,no,no,456,3,197,2,failure,no
39,married,secondary,no,-735,yes,no,144,5,248,2,failure,no
45,married,tertiary,no,-61,no,no,90,5,172,1,failure,no
51,married,secondary,no,0,yes,yes,150,1,252,1,failure,no
57,married,primary,no,1276,yes,no,44,1,200,4,failure,no
53,married,secondary,no,-375,yes,no,103,1,252,1,failure,no
37,divorced,secondary,no,-175,yes,no,638,4,266,1,failure,no
49,single,tertiary,no,163,yes,no,281,2,269,3,failure,no
56,married,secondary,no,2190,no,yes,90,2,232,1,failure,no
26,single,secondary,no,512,yes,yes,206,5,239,3,failure,no
41,divorced,secondary,no,-333,yes,no,118,3,270,2,failure,no
31,married,tertiary,no,227,yes,yes,154,6,263,3,failure,no
46,married,primary,no,665,no,no,89,4,235,2,failure,no
31,single,tertiary,no,358,yes,no,68,3,256,51,failure,no
41,divorced,secondary,no,692,yes,no,249,3,245,3,failure,no
33,married,tertiary,no,1071,no,no,84,2,174,4,failure,no
36,single,secondary,no,265,yes,yes,88,1,273,1,failure,no
53,married,secondary,no,660,no,no,210,1,272,2,failure,no
44,married,secondary,no,294,yes,no,246,1,259,2,failure,no
40,single,tertiary,no,1646,yes,no,215,1,242,2,failure,yes
31,single,tertiary,no,1130,yes,no,181,1,264,3,failure,no
46,married,secondary,no,363,yes,no,346,1,180,3,failure,no
47,married,secondary,no,349,yes,yes,112,1,273,1,failure,no
37,married,primary,no,89,yes,no,393,1,245,4,failure,no
32,single,secondary,no,1,no,no,75,1,208,1,failure,no
46,divorced,secondary,no,-179,no,no,151,1,214,2,failure,no
47,divorced,secondary,no,129,no,no,110,2,222,2,failure,no
38,married,secondary,no,757,yes,no,133,1,272,1,failure,no
56,divorced,secondary,no,218,yes,no,113,2,249,2,failure,no
37,married,secondary,no,520,yes,no,54,1,255,2,failure,no
55,married,secondary,no,5,no,no,269,1,206,2,failure,no
45,married,secondary,no,1097,yes,yes,174,1,208,1,failure,no
52,married,secondary,no,279,no,yes,72,1,203,3,failure,no
36,single,primary,no,367,no,no,217,1,221,1,failure,no
39,single,tertiary,no,1222,yes,no,251,1,242,2,failure,no
44,married,secondary,no,0,yes,no,699,1,272,1,failure,yes
53,married,tertiary,no,451,yes,no,125,1,249,2,failure,no
26,single,secondary,no,3244,no,no,141,1,5,1,failure,no
51,married,secondary,no,1490,yes,no,177,1,199,2,failure,no
47,divorced,secondary,no,207,yes,no,244,1,271,4,failure,no
49,single,secondary,no,-367,yes,no,98,1,207,1,failure,no
37,divorced,secondary,no,506,yes,no,446,2,273,1,failure,no
40,married,secondary,no,123,yes,no,247,1,241,3,failure,no
45,married,tertiary,no,430,yes,no,221,1,206,2,failure,no
48,married,secondary,no,578,yes,no,70,1,250,1,failure,no
45,divorced,primary,no,221,no,no,93,1,235,1,failure,no
58,divorced,secondary,no,1103,yes,no,226,1,202,4,failure,no
47,married,secondary,no,332,yes,no,276,1,269,1,success,no
60,married,secondary,no,358,no,no,95,1,216,2,failure,no
40,single,tertiary,no,97,yes,yes,73,1,252,1,failure,no
36,divorced,secondary,no,-94,yes,no,185,1,252,2,failure,no
31,divorced,tertiary,no,256,yes,no,264,1,201,2,success,no
54,married,secondary,no,514,yes,no,109,1,186,3,failure,no
40,divorced,secondary,no,507,yes,no,134,1,266,7,failure,no
39,single,secondary,no,614,yes,no,166,1,258,1,failure,no
31,single,secondary,no,44,no,no,200,5,175,2,failure,no
32,married,secondary,no,289,yes,no,63,1,257,2,failure,no
47,married,secondary,no,583,yes,no,495,1,258,2,failure,no
34,married,secondary,no,-271,yes,yes,90,1,252,2,failure,no
38,married,secondary,no,304,no,yes,238,1,214,1,failure,no
38,married,tertiary,no,447,yes,no,224,1,269,1,failure,no
40,married,primary,no,407,yes,no,200,1,271,1,failure,no
56,married,secondary,no,778,no,no,315,2,208,1,failure,no
36,married,secondary,no,533,yes,no,619,1,272,1,failure,no
60,married,tertiary,no,553,yes,no,343,1,210,3,success,no
56,married,secondary,no,659,yes,no,148,1,188,3,failure,no
37,single,secondary,no,174,yes,no,134,1,271,2,failure,no
53,married,secondary,no,478,yes,no,66,1,264,2,failure,no
45,married,secondary,no,-75,yes,no,134,1,252,1,failure,no
48,married,secondary,no,51,yes,yes,90,1,262,1,failure,no
47,single,secondary,no,15,no,no,71,1,266,4,failure,no
53,married,primary,no,798,yes,no,45,1,217,2,failure,no
54,married,secondary,no,534,yes,no,165,1,188,4,failure,no
38,single,secondary,no,-196,yes,no,60,1,271,1,failure,no
54,married,secondary,no,719,yes,no,242,1,264,1,failure,no
31,married,secondary,no,442,yes,no,69,1,270,2,failure,no
42,single,tertiary,no,336,yes,no,142,6,195,3,failure,no
38,married,secondary,no,8876,no,no,280,1,75,1,failure,no
31,single,tertiary,no,5,no,yes,75,1,206,1,failure,no
26,single,tertiary,no,0,no,yes,145,1,199,1,failure,no
37,married,secondary,no,10,no,yes,164,1,250,2,failure,no
38,married,secondary,no,290,yes,no,123,1,258,1,failure,no
55,married,primary,no,621,no,yes,114,1,208,1,failure,no
33,single,tertiary,no,474,yes,no,62,1,179,3,failure,no
40,married,secondary,no,504,yes,no,96,1,266,1,failure,no
34,married,secondary,no,50,yes,no,173,1,258,2,failure,no
39,single,tertiary,no,-145,yes,no,268,2,196,2,failure,no
45,married,tertiary,no,474,yes,yes,190,4,264,4,failure,no
60,married,primary,no,174,yes,yes,157,2,252,1,failure,no
36,married,tertiary,no,82,no,no,124,1,178,4,success,no
57,married,secondary,no,11,no,no,261,1,265,3,failure,no
49,married,secondary,no,359,yes,no,231,2,271,1,failure,no
37,married,tertiary,no,59,yes,yes,319,1,213,1,failure,no
40,divorced,secondary,no,687,yes,no,531,1,208,1,success,yes
48,single,secondary,no,303,yes,yes,142,1,189,4,failure,no
49,married,tertiary,no,147,no,yes,559,1,189,4,failure,no
35,married,secondary,no,630,yes,no,134,1,271,2,failure,no
43,married,secondary,no,1109,yes,no,115,3,264,2,failure,no
48,divorced,secondary,yes,-535,yes,no,115,2,187,2,failure,no
43,married,secondary,no,597,yes,no,87,1,263,1,failure,no
38,single,secondary,no,103,yes,no,159,1,187,3,failure,no
31,single,secondary,no,783,yes,no,221,2,272,1,failure,no
32,single,secondary,no,453,yes,no,544,1,269,2,failure,no
37,married,secondary,no,494,yes,no,247,2,269,3,failure,no
60,married,secondary,no,292,no,yes,260,5,195,4,failure,no
32,single,tertiary,no,2004,no,no,141,1,75,1,failure,no
37,single,tertiary,no,230,yes,yes,120,2,272,1,failure,no
45,married,secondary,no,1214,yes,no,150,2,189,2,failure,no
35,married,tertiary,no,1526,yes,no,236,2,217,4,failure,no
56,married,secondary,no,5838,no,no,116,2,230,2,failure,no
31,single,tertiary,no,3283,no,no,258,1,73,1,failure,yes
31,married,secondary,no,671,no,no,119,2,175,2,failure,no
57,married,secondary,no,589,yes,no,223,1,76,4,failure,no
29,single,secondary,no,-498,yes,no,99,3,227,14,failure,no
38,single,secondary,no,569,yes,yes,164,2,272,2,failure,no
43,single,secondary,no,-247,yes,yes,751,2,76,4,failure,yes
34,married,secondary,no,4,yes,no,105,2,263,1,failure,no
42,married,tertiary,no,477,yes,no,413,2,242,3,failure,no
53,married,secondary,no,598,no,no,340,3,264,2,failure,no
47,married,secondary,no,1167,yes,no,139,3,73,2,success,no
57,married,secondary,no,485,no,no,79,2,187,2,failure,no
41,divorced,primary,no,320,yes,no,844,2,252,1,failure,no
38,married,secondary,no,581,yes,no,223,2,272,1,failure,no
46,married,secondary,no,-221,yes,yes,219,2,244,1,failure,no
46,married,secondary,no,317,yes,yes,24,7,250,1,failure,no
35,married,secondary,no,287,yes,no,115,3,245,8,failure,no
58,divorced,secondary,no,8266,yes,no,98,2,271,1,failure,no
46,married,secondary,no,1028,yes,no,96,2,208,1,failure,no
28,married,primary,no,7459,yes,no,981,5,269,2,failure,yes
35,married,secondary,no,220,yes,no,153,4,244,13,failure,no
37,married,secondary,no,318,no,no,167,1,187,2,failure,no
31,single,tertiary,no,112,yes,no,159,2,271,1,failure,no
45,married,secondary,no,0,yes,yes,111,2,208,1,failure,no
42,married,primary,no,124,yes,no,164,2,262,2,failure,no
36,married,tertiary,no,806,yes,no,106,2,259,1,failure,no
54,divorced,secondary,no,0,yes,yes,62,2,203,5,failure,no
49,divorced,tertiary,no,4961,yes,no,298,2,231,1,failure,no
47,married,secondary,no,1160,yes,no,117,2,221,4,failure,no
36,single,secondary,no,774,yes,no,231,2,259,1,failure,no
33,married,tertiary,no,644,yes,yes,124,2,271,2,failure,no
51,married,secondary,no,867,yes,no,177,2,211,3,failure,no
31,single,secondary,no,863,yes,no,146,1,263,5,success,no
32,married,secondary,no,414,yes,no,236,2,272,1,failure,no
50,single,primary,no,1158,yes,no,116,3,265,3,failure,no
37,married,secondary,no,12939,yes,yes,77,3,202,9,failure,no
35,married,secondary,no,1659,yes,no,149,3,215,1,failure,no
50,married,tertiary,no,199,yes,yes,116,2,253,1,failure,no
58,married,primary,no,3401,yes,no,84,3,265,2,failure,no
41,single,tertiary,no,572,yes,no,419,2,271,2,failure,no
28,married,tertiary,no,59,no,no,330,3,190,6,failure,no
47,single,secondary,no,152,yes,no,193,3,271,4,failure,no
31,married,primary,no,997,yes,no,256,1,190,3,failure,no
35,single,secondary,no,0,yes,no,80,1,273,1,failure,no
32,married,secondary,no,4471,yes,no,197,1,270,2,failure,no
33,single,tertiary,no,390,yes,no,161,1,256,1,failure,no
29,married,secondary,no,222,yes,no,197,1,250,23,failure,no
34,married,secondary,no,883,no,no,166,2,173,3,failure,no
54,divorced,secondary,no,2156,yes,no,261,1,195,4,failure,yes
40,married,secondary,no,0,yes,no,561,1,201,1,failure,no
48,married,primary,no,3,yes,no,69,1,252,4,failure,no
32,married,tertiary,no,357,yes,no,133,3,77,2,failure,no
33,married,tertiary,no,546,yes,yes,54,2,270,1,failure,no
51,married,primary,no,377,yes,no,143,4,272,1,failure,no
52,divorced,tertiary,no,199,yes,yes,373,1,236,2,failure,no
35,single,tertiary,no,1891,yes,no,188,3,270,5,failure,no
31,married,primary,no,124,yes,no,343,1,264,4,failure,no
49,married,secondary,no,1403,no,no,124,2,180,2,failure,no
39,married,secondary,no,661,yes,no,84,4,267,4,failure,no
46,married,tertiary,no,-319,yes,no,80,1,256,1,failure,no
32,married,secondary,no,1844,yes,yes,158,4,201,6,failure,no
33,single,secondary,no,1883,yes,no,121,5,256,1,failure,no
36,married,tertiary,no,1582,no,no,26,2,197,1,failure,no
51,married,primary,no,605,no,no,91,2,159,14,failure,no
42,single,primary,no,2398,yes,no,144,2,271,2,failure,no
34,married,secondary,no,261,yes,no,88,5,251,3,failure,no
52,married,tertiary,no,0,yes,no,790,1,249,1,failure,no
31,married,tertiary,no,1331,no,no,182,2,90,1,success,yes
27,married,secondary,no,-401,yes,yes,205,3,214,1,failure,no
54,married,secondary,no,175,yes,no,94,4,271,4,failure,no
36,single,tertiary,no,219,no,no,22,6,196,6,failure,no
32,single,tertiary,no,703,yes,no,489,2,271,2,success,no
43,married,secondary,no,473,yes,no,148,3,211,5,failure,no
42,married,primary,no,-97,yes,no,216,4,271,5,failure,no
34,single,tertiary,no,586,yes,no,43,5,263,2,failure,no
32,married,tertiary,no,272,yes,no,188,4,209,1,failure,no
58,married,secondary,no,629,yes,no,193,3,265,2,failure,no
58,married,secondary,no,0,yes,no,702,3,264,9,failure,no
56,married,tertiary,no,2366,yes,yes,538,2,188,4,failure,no
29,married,secondary,no,655,yes,no,225,3,270,2,failure,no
42,single,secondary,no,400,yes,no,198,5,244,6,failure,no
42,married,tertiary,no,725,yes,yes,124,3,252,3,failure,no
56,married,primary,no,284,no,yes,124,4,204,4,failure,no
41,divorced,tertiary,no,-78,yes,no,69,4,252,4,failure,no
50,married,secondary,no,103,yes,no,109,4,267,6,failure,no
33,single,tertiary,no,191,no,yes,678,4,209,1,failure,no
53,married,primary,no,-211,yes,yes,195,6,251,2,failure,no
41,single,tertiary,no,-89,yes,no,195,4,251,4,failure,no
55,married,primary,no,781,yes,no,112,3,270,2,failure,no
54,single,secondary,no,1178,yes,no,41,6,264,2,failure,no
45,married,secondary,no,366,no,yes,235,2,169,12,failure,no
32,single,tertiary,no,47,yes,no,693,7,204,3,failure,no
31,married,tertiary,no,302,yes,yes,181,1,257,1,failure,no
59,married,tertiary,no,941,no,yes,231,1,210,1,failure,no
60,married,primary,no,4243,yes,no,387,1,251,1,failure,no
36,single,secondary,no,1855,yes,no,75,1,273,1,failure,no
38,married,secondary,no,351,yes,no,112,1,244,3,failure,no
52,married,primary,no,2281,yes,yes,82,1,244,1,failure,no
38,divorced,secondary,no,308,yes,no,197,1,274,1,failure,no
39,married,secondary,no,105,no,no,137,1,189,2,failure,no
47,married,secondary,no,243,yes,no,220,1,246,4,failure,no
38,single,secondary,no,221,yes,no,93,2,274,2,failure,no
36,married,secondary,no,0,no,no,235,1,244,1,failure,no
41,married,primary,no,201,yes,no,69,1,1,1,success,no
43,married,primary,no,392,yes,yes,110,1,208,2,failure,no
33,married,secondary,no,0,yes,no,56,1,274,2,failure,no
28,married,tertiary,no,0,yes,no,546,3,196,4,failure,yes
36,single,secondary,no,376,yes,yes,180,1,274,3,failure,no
37,divorced,secondary,no,496,no,no,118,4,272,3,failure,no
37,married,secondary,no,895,yes,yes,219,2,245,1,failure,no
51,married,secondary,no,2,yes,yes,71,1,205,3,failure,no
59,married,secondary,no,4497,yes,no,213,1,251,1,failure,no
56,married,primary,no,284,no,no,177,1,197,9,failure,no
28,single,secondary,no,34,yes,no,16,6,268,4,failure,no
57,married,primary,no,-464,yes,no,75,1,190,6,failure,no
32,married,secondary,no,4,no,no,145,2,260,4,failure,no
39,divorced,tertiary,no,-980,yes,no,52,2,260,1,failure,no
58,single,secondary,no,1640,no,yes,72,6,274,4,failure,no
30,single,tertiary,no,405,yes,no,128,1,274,1,failure,no
38,married,tertiary,no,227,yes,no,89,1,209,1,failure,no
37,single,secondary,no,342,yes,no,127,1,273,1,failure,no
42,single,secondary,no,30,yes,no,98,1,266,3,failure,no
58,married,tertiary,no,2142,yes,no,41,2,274,3,failure,no
53,married,secondary,no,1103,yes,yes,101,2,250,4,failure,no
33,married,primary,no,158,yes,no,110,1,264,4,failure,no
32,single,secondary,no,678,yes,no,1579,1,246,4,failure,yes
41,divorced,primary,no,548,yes,yes,149,1,250,1,failure,no
45,married,secondary,no,242,no,yes,510,1,198,4,failure,no
32,single,primary,no,354,no,no,239,1,196,8,failure,no
54,divorced,secondary,yes,-200,no,yes,71,1,243,1,failure,no
45,married,secondary,no,1778,yes,no,41,1,251,5,failure,no
39,married,secondary,no,794,yes,no,71,1,243,3,failure,no
45,married,secondary,no,985,yes,no,156,1,267,1,failure,no
41,single,tertiary,no,-94,yes,no,1164,1,203,1,failure,yes
43,divorced,secondary,no,372,yes,yes,618,2,274,2,failure,no
54,married,tertiary,no,7249,yes,yes,102,2,77,1,failure,no
34,married,secondary,no,272,yes,no,287,1,201,2,failure,no
50,single,secondary,no,167,no,yes,346,2,191,3,failure,no
51,married,primary,no,362,yes,no,108,4,272,2,failure,no
43,single,secondary,no,6,no,no,58,1,264,1,failure,no
42,married,secondary,no,1133,yes,no,161,4,212,3,failure,no
32,married,secondary,no,557,yes,yes,210,2,253,1,failure,no
33,married,secondary,no,-241,yes,yes,117,1,253,1,failure,no
28,single,secondary,no,458,no,no,112,4,201,3,failure,no
40,divorced,secondary,no,6322,no,no,459,1,272,1,failure,no
32,divorced,secondary,no,202,yes,no,429,1,201,1,failure,no
37,single,primary,no,91,yes,no,283,2,273,2,failure,no
44,divorced,secondary,no,272,yes,no,219,4,205,2,failure,no
41,married,secondary,no,1245,yes,no,123,1,271,1,failure,no
52,married,secondary,no,463,yes,no,132,6,267,5,failure,no
34,married,secondary,no,382,yes,yes,494,2,198,7,failure,no
53,divorced,primary,no,255,yes,no,134,2,272,2,failure,no
34,married,secondary,no,47,no,no,362,2,169,2,failure,no
32,married,primary,no,651,yes,no,628,2,267,2,failure,no
56,married,primary,no,199,yes,yes,331,2,209,1,failure,no
40,married,secondary,no,694,yes,no,97,4,196,5,failure,no
43,married,secondary,no,0,yes,yes,539,8,204,5,failure,no
50,married,tertiary,no,3284,yes,no,195,2,271,3,failure,no
30,married,secondary,no,357,yes,no,215,3,253,4,failure,no
31,single,primary,no,449,yes,no,140,4,252,1,failure,no
33,married,secondary,no,335,no,no,891,2,177,7,failure,yes
58,married,tertiary,no,0,yes,yes,304,2,229,2,failure,no
60,married,secondary,no,2516,yes,yes,279,3,266,1,failure,no
27,married,secondary,no,1600,yes,no,603,2,259,1,failure,no
32,single,primary,no,1770,no,yes,206,2,188,6,failure,no
29,single,secondary,no,260,yes,no,453,2,273,2,failure,no
45,married,primary,no,412,yes,no,45,5,265,13,failure,no
32,single,tertiary,no,156,yes,no,82,2,246,6,failure,no
27,married,secondary,no,199,no,no,108,2,195,6,failure,no
31,single,secondary,no,122,yes,no,157,4,268,2,failure,no
32,married,tertiary,no,322,yes,no,192,2,272,1,failure,no
45,married,secondary,no,226,no,no,170,2,212,2,failure,no
28,single,secondary,no,392,yes,yes,214,2,259,2,failure,no
32,married,tertiary,no,1230,yes,no,35,3,253,4,failure,no
31,divorced,tertiary,no,106,yes,no,67,2,202,1,failure,no
27,married,secondary,no,245,yes,no,7,7,255,11,failure,no
46,married,tertiary,no,-191,yes,no,674,3,202,3,failure,no
58,married,secondary,no,-382,no,no,398,4,189,12,success,no
41,divorced,secondary,no,4,yes,no,232,1,211,1,failure,no
29,single,secondary,no,0,yes,no,16,9,253,1,failure,no
35,divorced,secondary,no,440,yes,no,103,1,248,1,failure,no
35,divorced,tertiary,no,500,yes,no,177,1,252,1,failure,no
33,married,tertiary,no,741,no,no,283,1,260,1,failure,no
34,married,secondary,no,1072,no,yes,136,1,252,2,failure,no
32,married,secondary,no,1066,yes,no,150,1,262,9,failure,no
39,married,secondary,no,994,no,no,221,1,241,1,failure,no
47,divorced,secondary,no,1815,yes,no,105,1,253,4,failure,no
29,married,secondary,no,503,no,yes,433,1,199,2,failure,no
27,single,tertiary,no,81,no,no,197,1,199,3,failure,no
33,single,tertiary,no,1410,yes,no,8,1,254,5,failure,no
59,married,primary,no,99,yes,no,43,1,261,3,failure,no
30,single,secondary,no,144,yes,no,259,1,260,3,failure,no
32,married,secondary,no,3322,yes,no,588,2,175,2,failure,no
29,married,primary,no,549,yes,no,205,1,245,2,failure,no
31,single,tertiary,no,1109,no,no,642,1,167,2,failure,yes
42,single,primary,no,1628,yes,no,119,1,195,8,success,no
34,married,secondary,no,563,no,yes,384,1,2,2,failure,no
30,single,primary,no,105,yes,no,131,1,265,1,failure,no
32,single,secondary,no,642,yes,no,52,1,253,2,failure,no
30,single,secondary,no,293,yes,no,232,1,253,2,failure,no
54,married,tertiary,no,1544,no,yes,85,7,196,3,failure,no
26,single,secondary,no,101,yes,no,810,1,268,1,failure,yes
41,married,secondary,no,-378,yes,no,361,1,253,2,failure,no
35,married,tertiary,no,1557,yes,yes,225,1,268,1,failure,no
42,married,primary,no,-417,yes,no,81,3,273,3,failure,no
39,single,tertiary,no,917,yes,no,161,2,258,1,failure,no
26,single,secondary,no,1242,yes,no,205,2,253,2,success,no
28,single,secondary,no,1820,yes,no,134,2,203,1,success,no
47,divorced,primary,no,1927,yes,no,130,4,275,3,failure,no
34,divorced,tertiary,no,66,no,yes,102,1,170,2,failure,no
40,married,secondary,no,-212,yes,yes,71,1,258,1,failure,no
33,single,secondary,no,406,yes,no,61,1,275,1,failure,no
57,divorced,tertiary,no,442,no,no,41,1,253,3,failure,no
54,divorced,primary,no,2253,yes,no,266,1,196,1,failure,no
32,married,secondary,no,1661,yes,no,76,1,209,2,failure,no
32,married,secondary,no,182,no,no,277,1,169,2,failure,no
31,single,secondary,no,573,yes,no,58,1,269,2,failure,no
29,single,primary,no,365,yes,yes,72,1,274,2,failure,no
40,married,secondary,no,367,yes,no,89,1,274,1,failure,no
55,married,secondary,no,1765,yes,no,445,1,267,1,failure,no
42,married,secondary,no,315,yes,no,208,1,275,2,failure,no
34,divorced,tertiary,no,0,no,no,108,4,175,3,failure,no
45,married,secondary,no,858,no,no,617,4,251,2,failure,no
30,single,secondary,no,79,no,yes,528,2,196,1,failure,no
32,divorced,secondary,no,2294,yes,no,342,2,260,2,failure,no
58,married,secondary,no,0,yes,no,1823,1,205,1,failure,no
40,married,primary,no,665,yes,no,177,3,211,1,success,no
27,single,secondary,no,126,yes,yes,147,2,216,4,failure,no
48,married,secondary,no,426,yes,yes,153,2,177,2,failure,no
42,married,primary,no,4279,yes,no,97,1,198,1,failure,no
46,married,tertiary,no,157,no,no,120,2,224,1,failure,no
37,married,primary,no,95,yes,no,415,2,272,2,failure,no
44,married,tertiary,no,1451,yes,no,80,7,80,15,failure,no
33,married,tertiary,no,377,yes,no,213,2,276,1,failure,no
37,married,primary,no,655,yes,no,127,2,258,4,failure,no
37,married,tertiary,no,21,yes,no,89,2,252,2,failure,no
40,married,tertiary,no,2135,yes,no,171,5,230,1,failure,no
43,single,secondary,no,1022,yes,no,163,3,276,2,failure,no
43,single,secondary,no,375,no,yes,193,2,199,4,failure,no
33,single,secondary,no,123,yes,no,273,3,212,4,failure,no
37,single,secondary,no,111,yes,no,60,2,272,2,failure,no
32,divorced,primary,no,158,yes,no,728,4,253,1,failure,no
38,divorced,secondary,no,19,yes,no,1130,3,251,2,success,yes
33,single,secondary,no,687,yes,no,178,2,273,1,failure,no
30,single,tertiary,no,640,no,no,124,4,213,2,failure,no
29,married,secondary,no,247,no,yes,204,2,214,1,failure,no
52,married,secondary,no,4873,no,no,381,6,213,9,failure,no
30,single,tertiary,no,306,no,no,90,6,256,14,failure,no
35,divorced,secondary,no,627,yes,no,298,6,275,2,failure,no
49,married,tertiary,no,503,yes,no,310,4,200,1,failure,no
31,single,tertiary,no,12857,yes,no,158,1,92,1,success,yes
44,married,secondary,no,310,yes,no,200,1,253,1,failure,no
43,married,tertiary,no,479,yes,no,168,1,254,2,failure,no
31,married,secondary,no,1801,yes,no,136,1,274,2,failure,no
41,married,tertiary,no,326,no,no,163,1,182,2,failure,no
31,single,tertiary,no,383,no,yes,119,1,214,1,failure,no
38,married,secondary,no,121,yes,yes,168,1,212,2,failure,no
40,married,secondary,no,6695,yes,no,297,1,252,1,failure,no
37,married,secondary,no,-254,yes,yes,121,3,254,2,failure,no
58,married,primary,no,443,no,no,41,2,204,1,failure,no
60,divorced,secondary,no,-41,yes,yes,1658,1,262,1,failure,yes
37,divorced,secondary,no,74,yes,no,120,1,275,1,failure,no
28,single,secondary,no,517,no,yes,91,3,213,1,success,no
60,married,secondary,no,1139,no,no,67,2,207,2,failure,no
41,married,primary,no,0,yes,no,620,4,200,4,success,no
36,single,secondary,no,417,yes,no,15,10,207,3,failure,no
46,married,primary,no,718,yes,no,80,2,268,1,failure,no
57,divorced,secondary,yes,-435,yes,yes,89,5,273,2,failure,no
34,single,secondary,no,347,yes,no,154,2,197,6,failure,no
45,married,secondary,no,776,yes,no,232,4,253,1,failure,no
47,married,tertiary,no,-80,yes,no,150,3,270,2,failure,no
54,single,secondary,no,515,yes,no,115,2,234,1,failure,no
35,divorced,secondary,no,183,no,yes,12,7,217,1,failure,no
47,married,tertiary,no,917,no,no,518,3,212,5,failure,no
38,married,tertiary,no,569,yes,no,105,2,252,1,failure,no
49,divorced,secondary,no,-268,yes,no,42,2,206,5,failure,no
35,single,secondary,no,6809,yes,no,139,8,273,7,failure,no
27,divorced,secondary,no,165,yes,no,1160,2,192,4,failure,no
42,married,secondary,no,769,no,no,187,2,246,1,failure,no
33,single,tertiary,no,350,yes,no,148,7,227,5,failure,no
55,married,secondary,no,517,yes,yes,47,3,263,4,failure,no
58,married,secondary,no,-37,no,yes,150,2,205,6,failure,no
33,single,secondary,no,10,yes,no,71,2,274,1,failure,no
32,married,primary,no,-184,yes,no,129,2,197,1,failure,no
46,married,secondary,no,122,no,no,1047,2,1,7,failure,no
33,married,tertiary,no,17946,yes,no,195,5,259,1,failure,no
40,married,primary,no,451,yes,no,356,3,262,1,failure,no
37,married,secondary,no,688,yes,no,158,2,279,2,failure,no
50,married,primary,no,859,yes,yes,56,5,196,7,failure,no
49,married,primary,no,474,yes,yes,152,3,221,1,failure,no
33,married,secondary,no,347,yes,no,7,7,193,13,failure,no
30,married,primary,no,243,no,yes,133,2,213,2,failure,no
56,divorced,secondary,no,0,yes,no,139,5,265,4,failure,no
43,married,secondary,no,130,yes,no,146,3,256,1,failure,no
27,single,secondary,no,539,yes,no,268,5,252,2,failure,no
33,married,secondary,no,0,yes,no,176,2,262,2,failure,no
30,single,tertiary,no,3773,yes,no,75,4,258,1,failure,no
32,single,secondary,no,360,yes,no,175,3,259,4,failure,no
33,single,tertiary,no,700,no,no,126,1,88,1,success,yes
36,married,secondary,no,1245,yes,no,8,7,248,9,success,no
39,married,secondary,no,20,yes,no,686,5,279,1,failure,no
46,married,secondary,no,561,yes,no,84,4,256,7,failure,no
48,married,tertiary,no,150,yes,no,168,2,203,7,failure,no
54,married,secondary,no,2047,no,no,150,7,194,6,failure,no
35,married,secondary,no,-100,yes,no,13,7,272,9,failure,no
58,married,primary,no,42,yes,no,96,6,264,3,failure,no
48,married,primary,no,683,yes,no,144,5,209,12,failure,no
46,married,secondary,no,692,yes,no,388,3,257,2,failure,no
54,married,secondary,no,2895,yes,no,20,2,256,1,failure,no
28,single,tertiary,no,385,no,yes,79,4,193,7,failure,no
37,married,secondary,no,356,no,no,33,2,216,1,failure,no
34,married,secondary,no,0,yes,no,97,1,85,1,failure,yes
36,married,tertiary,no,99,yes,yes,86,1,85,1,failure,no
37,single,secondary,no,248,yes,no,77,1,279,2,failure,no
38,married,tertiary,no,184,no,no,64,2,188,2,failure,no
51,married,tertiary,no,1347,yes,yes,160,1,243,1,failure,yes
40,married,secondary,no,5060,no,no,154,2,93,1,success,yes
39,married,secondary,no,363,yes,yes,67,1,209,1,failure,no
31,single,secondary,no,554,yes,no,80,1,6,1,failure,no
28,married,tertiary,no,174,yes,yes,56,1,184,2,failure,no
54,divorced,tertiary,no,26306,yes,no,27,1,84,3,failure,no
31,single,secondary,yes,0,no,no,112,4,85,2,failure,no
37,married,secondary,no,1314,yes,no,118,4,210,3,failure,yes
43,divorced,tertiary,no,36,no,no,61,1,193,1,failure,no
45,married,secondary,no,2403,no,no,147,2,84,1,failure,no
33,single,tertiary,no,3552,no,no,158,2,85,3,failure,yes
54,married,tertiary,no,2960,yes,no,94,9,85,1,failure,no
35,single,secondary,no,188,yes,no,75,3,200,5,failure,yes
51,married,secondary,no,195,yes,no,105,1,92,1,failure,no
59,married,tertiary,no,1831,no,no,122,1,92,1,failure,no
56,divorced,tertiary,no,722,no,no,134,3,94,2,failure,no
56,divorced,secondary,no,935,no,no,112,1,227,2,failure,no
35,divorced,secondary,no,2823,yes,no,74,1,24,1,failure,no
27,single,secondary,no,1187,no,no,232,1,101,1,failure,yes
49,married,tertiary,no,503,yes,no,118,5,21,5,failure,no
36,married,secondary,no,725,yes,no,123,3,99,8,failure,no
36,married,secondary,no,6384,yes,yes,59,1,101,1,failure,no
30,single,tertiary,no,5561,yes,no,195,1,100,1,success,yes
37,married,tertiary,no,708,yes,no,32,4,225,3,failure,no
38,married,secondary,no,5115,yes,no,99,1,102,6,success,yes
34,married,tertiary,no,1036,yes,no,78,4,103,7,failure,no
60,married,secondary,no,404,no,no,308,2,196,2,failure,yes
53,married,secondary,no,2693,no,no,90,1,104,1,failure,yes
31,divorced,tertiary,no,883,yes,no,112,2,106,1,failure,yes
44,single,tertiary,no,483,no,no,207,2,199,6,success,yes
38,married,tertiary,no,1101,yes,no,78,2,120,1,failure,no
29,married,tertiary,no,676,no,no,93,2,224,4,failure,no
37,single,tertiary,no,1316,yes,no,350,2,112,3,failure,yes
34,married,tertiary,no,1674,yes,no,113,1,210,7,failure,no
56,married,secondary,no,1928,no,no,61,6,115,4,failure,no
48,married,secondary,no,1981,yes,no,291,3,238,2,success,no
37,single,secondary,no,1045,no,no,406,2,41,1,failure,yes
30,married,tertiary,no,8089,yes,no,232,2,294,2,failure,yes
59,married,secondary,no,3735,no,no,203,4,121,2,failure,yes
34,married,secondary,no,390,yes,no,95,2,231,2,failure,yes
38,married,tertiary,no,1988,no,no,164,2,130,2,failure,yes
32,single,tertiary,no,1613,no,no,253,2,129,5,failure,no
34,single,tertiary,no,2658,yes,no,265,1,230,2,failure,no
32,single,tertiary,no,392,yes,no,957,2,131,2,failure,no
39,divorced,secondary,no,688,yes,yes,233,2,133,1,failure,no
59,married,secondary,no,1035,yes,yes,126,2,239,1,failure,no
47,married,secondary,no,398,yes,yes,274,1,238,2,failure,no
54,married,secondary,no,1004,yes,no,479,1,307,1,failure,no
46,divorced,tertiary,no,926,yes,no,463,1,133,3,failure,no
34,married,secondary,no,1924,yes,yes,161,2,253,1,failure,no
45,divorced,secondary,no,396,yes,yes,251,4,329,4,failure,no
58,divorced,tertiary,no,315,yes,no,121,2,135,2,failure,no
49,divorced,tertiary,no,20727,no,no,285,3,132,2,failure,no
49,married,secondary,no,182,yes,no,303,1,331,2,failure,no
36,married,secondary,no,4613,no,no,320,1,134,2,failure,no
39,married,secondary,no,508,yes,no,598,2,135,5,failure,no
48,married,secondary,no,0,yes,no,146,1,267,1,failure,no
46,married,secondary,no,-30,yes,yes,164,1,300,2,failure,no
35,married,tertiary,no,560,yes,no,58,1,136,1,failure,no
58,married,secondary,no,1,no,no,333,1,64,2,failure,no
35,single,tertiary,no,4348,yes,no,1074,3,217,8,failure,no
32,married,tertiary,no,233,yes,no,77,2,133,4,failure,no
30,single,tertiary,no,0,yes,no,293,2,314,2,failure,no
53,married,primary,no,1409,yes,no,464,1,287,1,failure,no
40,married,primary,no,738,yes,yes,399,2,258,3,failure,no
57,married,tertiary,no,1631,yes,no,254,2,261,3,failure,no
37,married,tertiary,no,489,yes,no,246,2,133,6,failure,no
38,married,secondary,no,-421,yes,no,187,1,332,5,failure,no
54,married,primary,no,136,yes,no,352,1,332,2,failure,no
56,married,primary,no,0,yes,no,353,2,227,4,failure,no
50,married,tertiary,no,414,yes,no,707,1,302,3,failure,yes
24,single,secondary,no,496,yes,no,297,1,323,2,failure,no
35,married,secondary,no,3187,yes,no,445,1,135,3,failure,no
31,single,secondary,no,695,yes,no,314,1,318,1,failure,no
34,single,secondary,yes,-60,no,no,84,1,332,1,failure,no
38,married,secondary,no,275,yes,no,277,2,333,1,failure,no
56,married,secondary,no,3948,no,no,484,1,135,3,failure,no
39,married,secondary,no,517,yes,no,240,1,136,5,failure,no
43,married,secondary,no,1943,yes,no,273,2,136,2,failure,no
28,single,tertiary,no,172,yes,yes,100,14,60,2,failure,no
42,married,tertiary,no,2249,yes,no,362,2,136,6,failure,no
33,married,tertiary,no,1636,yes,yes,105,1,136,1,failure,no
55,divorced,secondary,no,1613,yes,no,296,1,270,3,failure,yes
49,married,tertiary,no,523,yes,no,203,1,31,2,success,no
48,married,primary,no,4459,yes,no,439,2,240,1,failure,no
40,married,tertiary,no,2644,yes,no,235,1,133,3,failure,no
44,married,primary,no,612,yes,yes,1091,1,135,1,failure,no
39,single,tertiary,no,54,yes,no,204,2,248,12,failure,no
41,married,secondary,no,3123,yes,no,1203,2,135,2,failure,yes
50,married,tertiary,no,101,yes,no,43,2,326,1,failure,no
37,married,primary,no,3953,yes,no,610,2,138,1,failure,no
43,divorced,tertiary,no,20,no,no,590,2,255,2,failure,no
40,married,tertiary,no,285,yes,no,322,1,265,3,success,no
34,single,secondary,no,2729,yes,no,945,1,139,1,success,no
35,married,secondary,no,270,yes,yes,332,2,335,1,failure,no
45,married,secondary,no,-73,yes,no,551,3,313,9,failure,no
33,single,tertiary,no,127,yes,no,583,2,222,17,failure,yes
38,single,secondary,no,12926,yes,no,271,2,307,1,failure,no
32,married,secondary,no,393,no,no,211,2,266,2,failure,no
47,single,secondary,no,1544,yes,no,104,1,312,1,failure,no
45,married,secondary,no,146,yes,yes,294,1,305,15,failure,no
44,married,secondary,no,8262,yes,no,150,1,257,16,failure,no
30,single,secondary,no,10152,yes,no,1108,2,270,1,failure,no
44,married,secondary,no,545,yes,no,122,3,136,1,failure,no
35,married,secondary,no,5553,yes,no,371,3,136,7,failure,no
40,married,primary,no,2133,yes,yes,377,3,325,1,failure,no
37,married,secondary,no,1207,yes,no,1353,2,138,2,success,yes
37,single,tertiary,no,3943,no,no,1138,2,138,1,failure,yes
42,married,primary,no,574,yes,no,357,2,327,2,failure,no
46,single,secondary,no,757,yes,yes,342,3,256,3,failure,no
33,single,secondary,no,2554,yes,no,125,3,249,15,failure,no
41,divorced,secondary,no,270,yes,no,143,1,336,1,failure,no
33,married,secondary,no,387,yes,no,327,2,138,2,failure,no
43,married,secondary,no,902,yes,no,91,1,328,1,failure,no
33,married,tertiary,no,663,yes,no,381,1,243,4,failure,no
36,single,secondary,no,3508,yes,no,183,1,266,3,failure,no
31,married,secondary,no,625,yes,no,424,1,138,1,failure,no
33,single,secondary,no,706,yes,no,329,1,322,1,failure,no
53,divorced,secondary,no,1912,yes,yes,210,1,253,2,failure,no
32,married,secondary,no,897,yes,no,293,3,322,2,failure,no
53,married,primary,no,53,yes,no,208,1,140,1,failure,no
35,married,tertiary,no,1859,yes,no,157,1,267,2,failure,no
31,married,primary,no,1601,no,no,615,1,137,3,failure,no
37,divorced,tertiary,no,1174,yes,no,436,1,140,2,failure,no
41,married,secondary,no,446,yes,no,93,3,140,2,failure,no
39,single,primary,no,581,yes,no,620,1,39,2,success,no
48,married,secondary,no,665,yes,no,271,2,230,3,failure,no
33,married,primary,no,1064,yes,no,311,1,330,1,failure,no
35,single,tertiary,no,714,yes,no,263,2,224,22,failure,no
43,single,secondary,no,4990,yes,no,58,1,228,10,failure,no
24,single,secondary,no,5,no,no,66,1,330,1,failure,no
49,divorced,tertiary,no,1342,yes,yes,253,1,140,1,failure,no
36,married,secondary,no,1746,yes,no,15,1,316,1,failure,no
36,divorced,secondary,no,356,yes,no,244,3,313,1,failure,no
44,married,secondary,no,728,yes,no,185,1,328,11,failure,no
41,married,tertiary,no,5,yes,no,542,3,140,3,failure,no
40,single,primary,no,446,yes,no,594,4,331,1,failure,no
38,married,secondary,no,6994,yes,no,169,1,139,2,failure,no
42,married,secondary,no,233,no,no,98,1,231,4,failure,no
35,married,secondary,no,2926,yes,no,182,1,292,25,failure,no
37,single,secondary,no,810,yes,no,376,1,295,1,failure,no
35,single,tertiary,no,458,yes,no,2129,1,322,3,failure,no
55,married,secondary,no,12159,yes,no,179,5,139,4,failure,no
39,married,secondary,no,217,yes,no,284,1,308,4,failure,no
48,married,secondary,no,4415,yes,no,1032,3,141,7,failure,yes
34,single,tertiary,no,3404,yes,no,420,1,139,5,failure,no
36,married,primary,no,1094,yes,no,291,1,335,1,failure,no
32,married,secondary,no,303,yes,no,150,1,267,4,failure,yes
38,married,tertiary,no,3234,no,no,281,1,141,2,success,no
40,married,tertiary,no,2310,yes,yes,120,1,294,1,failure,no
50,single,secondary,no,-97,yes,no,425,1,306,2,failure,no
32,married,secondary,no,1951,yes,no,518,2,261,2,failure,no
44,married,secondary,no,1807,yes,yes,229,1,313,1,failure,no
35,married,tertiary,no,1725,yes,yes,180,2,254,7,failure,no
35,married,tertiary,no,24,yes,no,169,1,231,2,failure,no
39,married,secondary,no,702,yes,no,303,1,300,1,failure,no
37,married,secondary,no,523,yes,no,171,2,139,4,failure,no
38,single,secondary,no,2580,yes,no,1691,2,264,3,failure,yes
37,single,secondary,no,248,yes,no,417,2,57,3,failure,no
58,divorced,tertiary,no,5253,no,no,162,4,295,3,failure,no
38,married,secondary,no,13849,yes,no,286,4,321,5,failure,no
32,married,secondary,no,344,yes,no,68,3,140,2,failure,no
33,married,primary,no,331,yes,no,435,2,314,3,failure,no
36,married,primary,no,2730,yes,no,105,1,323,1,failure,no
57,married,secondary,no,1412,yes,no,89,1,330,1,failure,no
41,married,secondary,no,803,yes,no,592,4,316,3,failure,yes
33,single,secondary,no,719,yes,no,448,2,316,6,failure,yes
51,divorced,primary,no,155,yes,yes,220,1,142,1,failure,no
39,married,secondary,no,958,yes,no,141,5,142,4,failure,no
42,married,tertiary,no,1773,no,no,311,1,336,1,failure,no
32,married,secondary,no,393,yes,no,236,1,330,1,failure,no
34,married,secondary,no,438,yes,yes,272,1,323,1,failure,no
35,married,secondary,no,159,yes,no,259,2,262,1,failure,no
51,married,primary,no,5131,yes,no,348,1,329,2,failure,no
42,married,secondary,no,0,yes,no,331,1,140,4,failure,yes
34,married,secondary,no,1012,yes,yes,353,2,163,1,success,no
30,married,secondary,no,177,yes,no,62,2,332,3,failure,no
40,divorced,tertiary,no,1315,yes,no,466,2,141,5,failure,no
43,married,secondary,no,664,yes,no,290,2,301,1,failure,no
55,married,secondary,no,2408,no,no,327,2,140,1,failure,no
31,single,secondary,no,900,yes,no,221,2,140,6,failure,no
41,married,primary,no,3658,yes,no,268,1,330,1,failure,no
40,married,secondary,no,1554,yes,no,385,2,331,1,failure,no
34,married,secondary,no,1847,yes,no,543,3,321,6,failure,no
38,single,tertiary,no,-898,yes,no,345,2,323,1,failure,no
34,married,secondary,no,404,yes,no,208,12,337,1,failure,no
34,married,tertiary,no,899,yes,no,627,2,141,7,failure,no
35,married,tertiary,no,7962,yes,no,275,2,140,2,failure,no
36,married,secondary,no,569,yes,no,265,1,323,5,failure,no
39,married,tertiary,no,1161,yes,no,236,1,336,1,failure,no
42,married,tertiary,no,1068,yes,no,444,1,300,8,failure,no
45,married,secondary,no,96,yes,no,348,3,256,2,failure,yes
34,married,secondary,no,1499,yes,no,186,1,327,2,failure,no
52,married,secondary,no,8180,yes,no,81,1,144,1,failure,no
45,single,secondary,no,946,yes,no,754,3,143,6,failure,no
60,married,primary,no,252,yes,yes,123,2,147,3,failure,no
49,single,secondary,no,8982,yes,no,470,2,334,1,failure,no
31,married,tertiary,no,357,yes,no,201,2,228,5,failure,no
38,divorced,secondary,no,3834,yes,no,363,2,327,1,failure,no
43,married,primary,no,1288,yes,no,136,1,334,1,failure,no
38,married,secondary,no,1663,yes,no,217,3,327,1,failure,no
42,married,primary,no,7735,yes,no,166,1,144,2,failure,no
41,married,tertiary,no,816,yes,yes,520,2,319,1,failure,no
34,married,tertiary,no,1116,yes,no,120,1,262,5,failure,no
43,divorced,primary,no,515,yes,no,199,2,146,1,failure,no
33,single,tertiary,no,215,yes,no,1058,1,17,1,failure,no
35,married,secondary,no,120,yes,no,269,3,328,1,failure,no
44,married,secondary,no,1450,yes,no,356,1,314,2,failure,no
41,married,tertiary,no,-456,no,no,427,4,144,1,failure,no
45,single,primary,no,237,yes,no,110,1,263,1,failure,no
33,married,tertiary,no,0,yes,no,535,3,328,1,failure,yes
25,single,secondary,no,1765,yes,no,111,3,326,2,failure,no
31,single,secondary,no,609,yes,no,1126,1,335,1,failure,no
33,single,secondary,no,572,yes,no,344,1,74,2,failure,yes
37,married,secondary,no,474,yes,no,85,1,322,1,failure,no
54,married,secondary,no,3136,yes,no,104,1,146,1,failure,no
44,divorced,secondary,no,0,no,no,1594,1,148,1,failure,yes
38,married,secondary,no,766,yes,no,461,2,335,1,failure,no
27,married,tertiary,no,10005,yes,no,163,3,271,2,failure,no
34,single,secondary,no,47,yes,no,232,1,147,2,failure,no
43,married,primary,no,2273,yes,no,424,2,147,3,failure,no
32,single,tertiary,no,574,yes,no,259,2,145,3,failure,no
36,married,secondary,no,325,no,no,119,2,337,2,failure,no
52,married,secondary,no,2904,yes,no,201,6,272,3,failure,no
52,married,tertiary,no,1944,yes,no,238,3,323,2,failure,no
35,married,secondary,no,5250,yes,no,343,2,146,1,failure,no
43,married,primary,no,2557,yes,no,165,2,327,3,failure,yes
32,married,secondary,no,1129,yes,no,903,2,341,2,failure,yes
40,divorced,secondary,no,1062,yes,no,389,2,299,4,failure,no
33,single,tertiary,no,1271,yes,no,636,3,330,1,failure,yes
46,married,secondary,no,4105,yes,no,115,3,258,2,failure,no
32,single,secondary,no,674,yes,yes,169,1,316,3,failure,no
53,divorced,secondary,no,8112,yes,yes,75,1,146,1,failure,no
32,married,secondary,no,-292,yes,yes,301,1,316,1,failure,no
31,married,secondary,no,1131,yes,yes,126,1,148,6,failure,no
36,married,secondary,no,1160,yes,no,56,1,323,3,failure,no
50,married,tertiary,no,202,yes,no,107,1,148,4,failure,no
41,married,secondary,no,217,yes,no,375,2,344,1,failure,no
29,married,tertiary,no,5698,no,no,437,1,264,1,failure,no
38,single,secondary,no,8381,no,no,82,1,145,1,failure,no
54,divorced,primary,no,2656,yes,no,1187,2,320,2,success,no
32,single,tertiary,no,3981,yes,no,362,1,271,1,failure,no
42,divorced,secondary,no,2397,yes,no,239,2,320,2,failure,no
50,married,secondary,no,254,yes,no,397,2,337,1,failure,no
44,married,primary,no,4581,yes,no,520,3,146,2,failure,no
38,single,tertiary,no,6158,yes,no,139,5,145,9,failure,yes
37,single,tertiary,no,3649,yes,no,623,2,146,4,failure,no
34,single,secondary,no,2660,yes,no,158,2,329,1,failure,no
34,single,tertiary,no,1393,yes,no,540,3,271,3,success,no
37,single,tertiary,no,876,yes,no,140,4,327,2,failure,no
33,married,secondary,no,1397,yes,no,370,1,146,3,failure,no
39,married,secondary,no,0,yes,no,137,1,300,1,failure,no
36,married,primary,no,453,yes,no,176,1,330,2,failure,no
32,single,secondary,no,202,yes,no,827,1,149,1,failure,no
29,single,secondary,no,1232,yes,no,258,1,316,2,failure,no
33,single,tertiary,no,23663,yes,no,199,2,146,2,failure,no
35,single,tertiary,no,1350,yes,no,185,1,330,1,failure,no
43,single,secondary,no,1306,yes,no,243,1,336,1,failure,no
32,single,secondary,no,309,yes,yes,346,1,234,3,failure,no
41,married,secondary,no,1597,yes,no,461,2,321,1,failure,no
57,divorced,primary,no,5041,yes,no,284,1,336,1,failure,no
34,single,secondary,no,486,yes,no,204,1,328,2,failure,no
39,married,primary,no,467,yes,no,232,1,335,1,failure,no
39,married,tertiary,no,63,yes,no,479,1,330,1,failure,no
33,single,secondary,no,-665,yes,yes,324,1,342,1,failure,no
31,single,tertiary,no,2530,yes,no,60,1,342,1,failure,no
37,married,secondary,no,345,yes,yes,114,1,148,1,failure,no
36,divorced,secondary,no,3102,yes,no,188,1,147,1,failure,no
58,married,secondary,no,8195,yes,no,104,1,332,2,failure,no
33,married,primary,no,359,yes,yes,130,1,148,1,failure,no
52,single,tertiary,no,3469,yes,no,583,1,147,1,success,yes
50,married,secondary,no,825,yes,no,18,3,273,1,failure,no
30,single,tertiary,no,726,yes,no,39,1,342,3,failure,no
31,married,secondary,no,1981,yes,no,198,1,268,2,failure,no
38,divorced,secondary,no,904,yes,no,361,1,339,1,failure,no
24,single,secondary,no,525,yes,no,253,1,332,1,failure,no
37,divorced,tertiary,no,1762,yes,no,309,1,317,1,failure,no
39,divorced,secondary,no,1957,yes,yes,350,1,147,1,failure,no
35,married,secondary,no,545,yes,no,1579,1,234,4,failure,yes
39,divorced,secondary,no,-17,no,no,316,1,146,4,failure,no
29,married,primary,no,10045,yes,no,617,1,322,4,failure,no
46,single,primary,no,96,yes,no,99,1,148,1,failure,no
54,married,secondary,no,736,yes,no,268,1,331,1,failure,no
33,single,tertiary,no,1354,yes,no,270,1,147,2,failure,no
54,married,secondary,no,0,no,no,1366,1,150,1,failure,no
39,married,tertiary,no,691,yes,yes,517,1,255,1,failure,no
51,married,secondary,no,0,yes,yes,432,1,150,1,failure,no
57,divorced,primary,no,207,yes,no,284,1,317,4,failure,no
47,married,secondary,no,1375,yes,no,272,2,321,7,failure,no
48,married,secondary,no,543,yes,no,152,1,336,1,failure,no
46,married,secondary,no,1550,yes,no,126,2,149,8,failure,no
33,married,tertiary,no,2441,yes,yes,257,2,148,1,failure,no
30,single,secondary,no,445,yes,no,218,1,330,2,failure,no
40,married,secondary,no,31,yes,no,174,2,147,6,failure,no
32,single,primary,no,528,yes,no,219,1,273,1,failure,no
30,married,tertiary,no,26,yes,no,62,1,323,1,failure,no
31,single,secondary,no,855,yes,no,94,1,317,2,failure,no
40,married,primary,no,644,yes,no,118,2,336,1,failure,no
38,divorced,secondary,no,614,yes,no,314,2,331,1,failure,no
30,single,secondary,no,818,yes,yes,66,1,346,1,failure,no
54,married,primary,no,3170,yes,no,140,2,324,4,failure,no
32,single,tertiary,no,519,yes,no,317,2,149,1,failure,no
38,married,secondary,no,281,yes,no,235,2,335,2,failure,no
36,single,tertiary,no,4788,yes,no,241,2,317,1,failure,no
36,single,primary,no,736,yes,no,114,2,304,2,failure,no
36,single,tertiary,no,470,yes,no,123,3,265,13,success,no
37,married,secondary,no,2848,yes,no,280,2,147,3,failure,no
31,single,tertiary,no,319,yes,no,302,2,248,2,failure,no
44,divorced,tertiary,no,2422,yes,no,399,2,269,2,failure,no
47,married,tertiary,no,109,yes,no,91,2,268,1,failure,no
42,married,primary,no,560,yes,yes,122,4,149,2,failure,no
32,married,secondary,no,1273,yes,no,1365,2,328,1,failure,yes
38,married,tertiary,no,2084,yes,no,71,2,330,2,failure,no
42,married,secondary,no,1027,yes,no,63,2,150,4,failure,no
33,single,secondary,no,1036,yes,yes,323,2,321,2,failure,no
39,married,primary,no,2366,yes,no,1007,3,325,4,failure,no
32,single,secondary,no,301,yes,no,383,3,345,1,failure,no
38,married,secondary,no,183,yes,no,256,3,339,2,failure,no
32,married,secondary,no,1167,yes,yes,668,3,147,1,failure,no
53,married,secondary,no,3703,yes,no,104,1,267,1,failure,no
41,married,primary,no,-692,yes,no,370,3,282,2,failure,no
35,divorced,secondary,no,124,yes,no,48,4,146,5,failure,no
47,divorced,secondary,no,392,yes,yes,279,3,148,1,failure,no
31,married,secondary,no,4457,yes,no,225,1,146,4,success,no
42,divorced,secondary,no,611,yes,no,804,2,262,5,failure,no
45,married,primary,no,2958,yes,no,580,1,317,2,failure,no
27,single,secondary,no,639,yes,no,119,1,314,5,success,no
34,married,primary,no,2720,yes,no,115,2,146,5,failure,no
42,single,secondary,no,734,yes,no,332,2,317,3,failure,no
44,divorced,primary,no,75,yes,no,614,1,281,1,failure,no
53,married,primary,no,241,yes,no,1410,1,325,2,failure,no
32,single,tertiary,no,932,yes,no,944,1,318,1,failure,yes
40,married,secondary,no,750,yes,yes,340,1,281,1,failure,no
53,married,tertiary,no,1319,yes,no,427,1,150,1,failure,no
40,divorced,primary,no,471,yes,no,1156,1,345,2,failure,yes
37,married,tertiary,no,1594,yes,no,110,1,260,5,failure,no
34,single,tertiary,no,872,yes,no,81,1,345,2,failure,no
32,single,tertiary,no,8436,yes,no,245,1,149,2,failure,no
34,married,secondary,no,79,yes,no,193,1,329,1,failure,no
33,single,secondary,no,148,yes,no,271,1,150,1,failure,no
37,married,secondary,no,346,yes,no,390,1,316,1,failure,no
54,single,secondary,no,105,yes,no,226,1,326,3,failure,no
31,married,secondary,no,-170,yes,yes,252,1,326,1,failure,no
33,single,secondary,no,1940,yes,no,239,3,329,2,failure,no
48,single,tertiary,no,191,yes,no,222,1,326,1,failure,no
37,married,secondary,no,590,yes,no,37,1,343,2,failure,no
34,single,secondary,no,0,yes,no,112,1,332,3,failure,no
52,married,primary,no,98,yes,no,402,1,345,2,failure,no
34,married,secondary,no,1134,yes,no,408,1,329,2,failure,no
55,married,secondary,no,865,yes,no,85,1,151,1,failure,no
25,single,secondary,no,1790,no,no,224,1,322,3,failure,no
36,married,secondary,no,456,yes,yes,294,1,319,4,failure,no
34,married,secondary,no,210,yes,yes,175,1,332,1,failure,no
33,married,secondary,no,135,yes,no,114,1,345,2,failure,no
33,married,secondary,no,489,yes,no,552,1,332,1,failure,no
36,married,primary,no,442,yes,no,238,1,326,3,failure,no
37,single,secondary,no,90,yes,no,416,1,340,5,failure,no
38,single,secondary,no,245,yes,yes,71,2,345,2,success,no
30,married,secondary,no,249,yes,no,294,1,275,2,failure,no
34,married,secondary,no,703,no,no,282,2,150,2,failure,no
33,married,secondary,no,7,yes,no,612,1,148,1,failure,no
36,single,primary,no,263,yes,no,199,2,337,2,failure,no
38,married,primary,no,3242,yes,no,198,5,331,1,failure,no
38,single,tertiary,no,35,yes,no,156,1,273,3,failure,no
50,married,secondary,no,512,yes,yes,77,3,338,3,failure,no
52,married,secondary,no,1374,yes,no,267,2,322,1,failure,no
52,married,secondary,no,568,yes,no,246,1,317,1,failure,no
43,married,primary,no,-88,yes,yes,313,1,147,2,failure,no
31,married,secondary,no,-163,yes,no,135,1,270,2,failure,no
43,married,primary,no,-181,yes,no,351,1,337,3,failure,no
32,married,secondary,no,435,yes,no,456,1,331,1,failure,no
54,married,secondary,no,-133,yes,no,76,1,343,2,failure,no
38,married,tertiary,no,0,yes,no,239,1,147,4,failure,no
28,single,secondary,no,1065,yes,yes,406,1,317,1,failure,no
32,divorced,tertiary,no,294,yes,no,1095,1,274,5,success,yes
36,single,tertiary,no,670,yes,no,122,1,343,1,failure,no
43,single,secondary,no,243,yes,no,31,3,338,5,failure,no
31,married,secondary,no,658,yes,yes,268,1,270,1,failure,no
46,married,primary,no,-175,yes,yes,250,1,324,2,failure,no
54,married,tertiary,no,6525,yes,no,231,1,149,4,failure,no
34,married,primary,no,329,yes,no,952,1,343,1,failure,yes
34,single,secondary,no,598,yes,no,365,1,324,1,failure,no
31,single,tertiary,no,578,yes,no,664,1,319,4,failure,no
31,single,secondary,no,223,yes,no,508,1,315,11,success,no
43,married,secondary,no,214,yes,no,421,2,324,24,failure,no
54,married,primary,no,551,yes,no,251,1,263,2,failure,no
36,divorced,secondary,no,543,yes,no,101,1,269,2,failure,no
55,single,primary,no,1187,yes,no,113,1,319,2,failure,no
28,single,secondary,no,16,no,no,268,1,333,1,failure,no
35,married,secondary,no,457,yes,no,69,1,322,2,failure,no
38,married,tertiary,no,-113,yes,no,141,1,323,3,failure,no
34,married,tertiary,no,436,yes,no,28,1,345,1,failure,no
41,married,secondary,no,1010,yes,no,47,1,338,1,failure,no
48,married,secondary,no,1143,yes,no,264,1,317,1,failure,no
45,divorced,secondary,no,976,yes,no,183,1,338,2,failure,no
40,divorced,primary,no,190,yes,yes,139,1,346,2,failure,no
34,married,secondary,no,334,yes,no,139,2,318,1,failure,no
30,married,secondary,no,398,yes,no,132,2,238,2,failure,no
32,married,primary,no,1074,yes,no,38,1,329,2,failure,no
30,married,secondary,no,2,yes,yes,291,2,326,1,failure,no
37,married,secondary,no,-90,yes,no,921,2,263,3,failure,no
44,married,secondary,no,887,yes,no,519,1,14,2,failure,no
28,single,secondary,no,437,yes,yes,219,1,322,2,failure,no
34,married,secondary,no,21,no,no,332,1,346,3,failure,no
37,married,tertiary,no,9269,yes,yes,71,1,149,2,failure,no
33,divorced,secondary,no,273,yes,no,181,1,317,1,failure,no
36,single,secondary,no,275,yes,no,89,1,332,2,failure,no
31,single,tertiary,no,985,yes,no,997,1,57,2,failure,yes
34,married,tertiary,no,91,no,no,144,1,281,1,failure,no
54,married,secondary,no,426,yes,no,74,2,323,1,failure,no
40,single,secondary,no,556,yes,no,234,1,323,1,failure,no
45,married,primary,no,271,yes,yes,245,1,343,1,failure,no
29,single,secondary,no,205,yes,no,218,1,340,3,failure,no
32,married,secondary,no,225,yes,no,574,1,150,1,failure,yes
49,married,secondary,no,1096,yes,no,609,1,303,5,failure,no
39,married,secondary,no,260,yes,no,146,1,281,1,failure,no
38,married,primary,no,398,yes,yes,239,1,332,1,failure,no
31,married,secondary,no,8295,yes,no,218,1,149,1,failure,no
38,married,tertiary,no,5432,yes,yes,707,1,149,2,failure,no
30,married,secondary,no,578,yes,yes,71,2,317,1,failure,no
32,single,secondary,no,1415,yes,no,645,1,345,1,failure,no
42,married,secondary,no,-256,yes,no,576,1,318,2,failure,no
42,married,secondary,no,115,yes,yes,161,1,149,2,failure,no
34,married,secondary,no,1467,yes,no,113,1,332,2,failure,no
30,married,secondary,no,1171,yes,no,45,7,324,2,failure,no
30,single,secondary,no,390,yes,no,175,1,347,1,failure,no
34,married,secondary,no,4963,yes,no,208,1,332,2,failure,no
47,single,primary,no,683,no,no,73,1,148,1,failure,no
47,married,tertiary,no,385,yes,no,145,1,323,4,failure,no
40,married,primary,no,572,yes,yes,171,1,318,1,failure,no
41,single,tertiary,no,445,yes,no,138,1,267,1,failure,no
37,married,primary,no,3154,yes,no,404,1,305,3,failure,yes
37,married,primary,no,0,yes,no,362,2,315,4,failure,no
49,married,primary,no,816,yes,no,76,1,260,7,failure,no
30,married,secondary,no,246,yes,no,191,1,150,7,failure,no
29,married,secondary,no,1180,yes,no,367,3,323,3,failure,yes
41,married,primary,no,450,yes,no,122,1,338,2,failure,no
38,married,secondary,no,507,yes,no,55,1,344,1,failure,no
32,single,secondary,no,199,yes,no,70,1,336,1,failure,no
38,single,secondary,no,884,yes,yes,113,2,149,3,failure,no
36,married,secondary,no,351,yes,no,1554,3,343,2,failure,no
46,married,primary,no,85,yes,no,70,1,344,1,failure,no
34,married,tertiary,no,520,yes,no,401,1,248,4,success,no
37,single,tertiary,no,3954,yes,no,238,1,331,1,failure,no
35,married,secondary,no,430,yes,no,611,1,270,4,failure,no
39,divorced,secondary,no,5873,no,no,280,1,344,2,failure,no
35,married,secondary,no,199,yes,no,203,1,344,3,failure,no
24,married,secondary,no,-220,yes,no,401,1,15,1,failure,no
32,single,secondary,no,671,yes,no,237,2,345,3,failure,no
48,divorced,tertiary,no,266,yes,no,198,2,343,1,failure,no
35,married,secondary,no,372,yes,no,202,2,280,1,failure,no
42,married,secondary,no,1545,yes,no,426,3,323,3,failure,no
58,married,secondary,no,221,yes,no,115,2,343,2,failure,no
52,divorced,secondary,no,340,yes,no,463,1,344,1,failure,no
27,single,secondary,no,-116,yes,yes,432,2,343,1,failure,no
35,married,secondary,no,528,yes,no,61,1,331,1,failure,no
54,married,secondary,no,641,yes,no,472,1,148,2,failure,no
33,married,secondary,no,2254,yes,no,130,1,148,1,failure,no
38,married,secondary,no,710,yes,no,196,1,346,3,failure,no
37,single,tertiary,no,146,yes,no,135,1,336,3,failure,no
34,married,tertiary,no,11,yes,no,22,1,150,2,failure,no
37,married,secondary,no,982,yes,no,127,1,282,2,failure,no
40,married,primary,no,1802,yes,no,326,1,319,1,failure,no
34,married,secondary,yes,879,yes,no,712,1,344,1,failure,yes
30,married,secondary,no,658,yes,no,99,3,267,1,failure,no
32,divorced,secondary,no,453,yes,no,329,1,150,2,failure,no
35,married,secondary,no,586,yes,yes,96,2,344,2,failure,no
29,married,tertiary,no,103,yes,no,368,1,336,2,failure,no
33,single,primary,no,557,yes,no,91,2,331,2,failure,no
41,married,secondary,no,1380,yes,no,65,1,333,1,failure,no
34,married,primary,no,165,yes,no,182,2,329,1,failure,no
60,divorced,tertiary,no,381,yes,no,208,2,344,4,failure,no
39,married,secondary,no,625,yes,no,185,1,317,2,failure,no
38,married,secondary,no,194,yes,no,576,4,340,7,failure,no
37,married,secondary,no,539,yes,yes,147,3,347,2,failure,no
31,single,tertiary,no,1130,yes,no,224,3,74,4,failure,no
33,married,secondary,no,-124,no,no,150,2,325,1,failure,no
30,married,secondary,no,-280,yes,no,609,2,266,2,failure,no
31,single,secondary,no,102,yes,no,460,2,345,2,failure,no
41,divorced,secondary,no,927,yes,no,239,2,148,2,failure,no
47,divorced,primary,no,91,yes,no,473,2,339,1,failure,no
40,married,secondary,no,679,yes,no,642,2,304,1,failure,no
31,single,secondary,no,603,yes,yes,185,2,319,2,failure,no
37,married,tertiary,no,860,yes,no,818,2,332,15,failure,no
32,single,secondary,no,28,yes,no,598,1,150,1,failure,no
53,married,tertiary,no,2124,yes,no,121,2,344,2,failure,no
35,married,secondary,no,3487,yes,no,323,2,319,1,failure,no
43,married,tertiary,no,9261,yes,no,273,2,254,2,failure,no
34,married,secondary,no,260,yes,no,20,2,238,2,failure,no
49,married,secondary,no,1127,yes,yes,162,2,281,1,failure,no
40,married,secondary,no,96,yes,yes,276,2,326,2,failure,no
29,single,secondary,no,229,yes,no,273,2,343,1,failure,no
39,married,secondary,no,284,yes,yes,1426,2,318,6,failure,no
40,married,primary,no,119,yes,no,795,3,147,2,failure,no
33,married,secondary,no,90,yes,no,170,2,263,2,failure,no
51,married,primary,no,216,yes,no,666,3,274,3,failure,no
50,married,primary,no,12519,yes,no,146,2,147,4,success,no
42,married,primary,no,875,yes,no,426,5,148,1,failure,no
40,married,secondary,no,643,yes,no,74,2,256,1,failure,no
31,married,secondary,no,310,yes,no,334,2,240,2,failure,no
48,married,primary,no,551,yes,yes,1064,3,303,5,failure,no
32,married,secondary,no,298,yes,no,163,2,323,7,failure,no
31,married,secondary,no,604,yes,no,99,2,150,2,failure,no
36,married,secondary,no,0,yes,no,87,2,322,4,failure,no
36,married,tertiary,no,549,yes,no,151,4,150,2,failure,no
36,married,secondary,no,1949,yes,no,48,2,319,3,failure,no
23,single,secondary,no,28,yes,no,183,3,325,2,failure,no
51,married,secondary,no,1329,yes,yes,150,2,287,2,failure,no
35,married,secondary,no,1207,yes,no,694,2,331,1,success,no
30,single,secondary,no,1012,yes,no,22,3,329,1,failure,no
53,married,secondary,no,5303,yes,no,320,3,180,1,success,yes
29,married,primary,no,459,yes,yes,202,3,318,1,failure,no
33,single,tertiary,no,1190,yes,no,50,2,252,4,failure,no
32,single,secondary,no,620,no,no,211,2,343,3,failure,no
37,single,tertiary,no,6889,yes,no,108,2,147,1,failure,no
46,divorced,secondary,no,864,yes,no,225,3,150,7,failure,no
35,single,tertiary,no,1295,yes,no,952,2,73,1,failure,no
44,married,primary,no,-93,yes,no,829,3,326,2,failure,no
33,single,secondary,no,476,yes,yes,544,3,333,2,failure,no
46,married,secondary,no,6993,yes,no,326,3,148,1,success,no
37,single,primary,no,235,yes,no,191,4,323,9,failure,no
46,married,secondary,no,9077,yes,no,427,2,337,1,failure,no
30,single,secondary,no,613,yes,no,180,2,302,1,failure,no
38,single,secondary,no,13156,yes,no,291,4,331,1,failure,no
37,single,secondary,no,1127,yes,no,72,2,281,1,failure,no
38,married,primary,no,3913,yes,no,196,2,315,2,failure,no
32,married,secondary,no,413,yes,no,95,3,341,2,failure,no
50,married,primary,no,4121,yes,yes,184,2,151,1,failure,no
31,married,secondary,no,2289,yes,yes,79,1,151,1,failure,no
29,married,secondary,no,1238,yes,no,478,1,341,1,failure,no
41,married,secondary,no,563,yes,no,142,12,348,1,failure,no
37,married,primary,no,287,yes,no,73,3,325,3,failure,no
32,married,secondary,no,286,no,no,60,1,343,4,failure,no
45,married,primary,no,658,yes,no,406,3,270,2,failure,no
57,married,primary,no,202,yes,no,207,1,346,2,failure,no
33,married,primary,no,217,yes,no,198,1,339,3,failure,no
56,divorced,secondary,no,283,yes,yes,89,3,341,2,failure,no
57,married,tertiary,no,3082,yes,yes,267,2,294,3,failure,no
46,married,primary,no,292,yes,no,386,2,234,4,failure,no
40,single,secondary,no,169,yes,no,214,1,346,1,failure,no
34,single,tertiary,no,8038,yes,no,29,3,152,1,failure,no
31,single,primary,no,71,yes,no,185,3,336,6,failure,no
43,married,secondary,no,101,yes,no,131,2,349,3,failure,no
27,single,secondary,no,2784,yes,no,153,1,328,1,failure,no
53,married,secondary,no,225,yes,no,304,1,340,1,failure,no
34,single,secondary,no,550,yes,no,90,3,346,1,failure,no
33,married,secondary,no,2502,yes,no,285,1,270,1,failure,no
31,married,secondary,no,1664,yes,no,158,1,182,1,success,no
51,married,primary,no,14,yes,yes,233,2,329,1,failure,no
50,married,primary,no,341,yes,yes,670,4,340,2,success,yes
50,married,tertiary,no,221,yes,no,319,2,340,1,failure,no
34,married,primary,no,1217,yes,no,142,2,328,3,failure,no
43,divorced,secondary,no,266,yes,yes,79,1,152,1,failure,no
35,single,tertiary,no,122,no,no,49,5,328,5,failure,no
42,married,tertiary,no,72,yes,no,124,2,348,3,failure,no
45,married,secondary,no,497,yes,no,72,1,321,2,failure,no
31,single,tertiary,no,635,yes,no,37,1,320,2,failure,no
35,married,secondary,no,360,yes,no,24,1,152,3,failure,no
35,married,secondary,no,1345,yes,no,163,1,271,1,failure,no
39,married,secondary,no,2299,yes,no,450,1,271,1,failure,no
48,married,primary,no,0,yes,no,90,2,259,1,failure,no
33,single,secondary,no,15341,no,no,335,1,334,3,failure,no
42,married,secondary,no,0,yes,no,72,1,154,2,failure,no
41,married,secondary,no,67,no,no,185,2,150,2,failure,no
25,single,primary,no,147,yes,no,59,2,322,2,failure,no
48,married,secondary,no,440,yes,no,611,1,312,1,failure,no
46,married,tertiary,no,189,yes,no,45,1,154,1,failure,no
45,married,tertiary,no,126,yes,no,92,1,342,1,failure,no
31,married,primary,no,2929,yes,no,237,3,150,3,failure,no
34,married,tertiary,no,4958,yes,no,11,5,152,2,failure,no
39,married,secondary,no,18,yes,yes,155,1,154,2,failure,no
34,single,secondary,no,13683,yes,no,92,3,321,3,failure,no
41,married,tertiary,no,532,yes,no,414,2,285,1,failure,no
41,married,secondary,no,1522,yes,yes,377,1,341,2,failure,no
31,single,tertiary,no,775,yes,no,207,1,308,2,failure,no
32,single,secondary,no,1819,yes,no,62,1,340,2,failure,no
59,divorced,tertiary,no,258,yes,no,33,1,173,1,success,no
32,single,tertiary,no,4262,yes,no,246,1,152,1,failure,no
24,married,secondary,no,0,yes,no,83,3,306,4,failure,no
34,single,secondary,no,318,yes,no,40,1,150,2,failure,no
54,married,secondary,no,303,yes,no,240,1,349,2,failure,no
26,single,primary,no,52,yes,no,271,1,300,2,success,no
38,married,secondary,no,-349,yes,no,111,2,328,5,failure,no
34,single,secondary,no,1161,yes,no,17,5,334,1,failure,no
43,married,secondary,no,1927,yes,no,149,1,152,1,failure,no
36,married,secondary,no,0,yes,yes,240,1,326,1,success,no
39,married,primary,no,8637,yes,no,78,1,313,1,failure,no
36,married,secondary,no,24,yes,no,88,1,154,2,failure,no
44,married,secondary,no,508,yes,no,222,1,154,1,failure,no
55,divorced,tertiary,no,5253,yes,yes,378,1,287,19,failure,no
33,single,secondary,no,151,yes,no,104,3,236,6,failure,no
41,married,primary,no,1314,yes,no,159,1,326,1,failure,no
60,married,secondary,no,1914,yes,no,65,1,287,3,failure,no
37,married,secondary,no,184,yes,no,53,1,348,3,failure,no
41,married,primary,no,241,yes,no,170,1,150,1,failure,no
59,married,tertiary,no,287,yes,no,818,2,242,8,failure,no
29,married,secondary,no,2378,yes,yes,239,1,276,6,failure,no
32,married,tertiary,no,3154,no,no,96,2,150,2,failure,no
43,married,primary,no,517,yes,no,138,2,263,7,failure,no
35,married,tertiary,no,2123,yes,no,54,1,273,3,failure,no
55,divorced,secondary,no,462,yes,no,157,1,332,3,failure,no
50,divorced,secondary,no,2015,yes,no,715,1,152,1,failure,no
44,married,secondary,no,3060,yes,no,87,2,151,3,failure,no
40,single,tertiary,no,283,yes,no,222,1,153,4,failure,no
42,married,secondary,no,2717,yes,yes,181,2,270,2,failure,no
43,married,secondary,no,314,yes,yes,247,3,339,2,failure,no
37,divorced,tertiary,no,43,yes,no,328,2,264,2,failure,no
32,married,primary,no,2,yes,yes,180,3,284,1,failure,no
32,married,secondary,no,3052,yes,yes,253,3,151,4,failure,no
31,married,secondary,no,631,yes,no,211,2,152,2,failure,no
33,married,secondary,no,35,yes,no,87,1,322,1,failure,no
33,married,tertiary,no,864,yes,no,170,1,235,19,failure,no
28,single,tertiary,no,387,yes,no,205,1,82,1,failure,yes
33,married,tertiary,no,10,yes,no,129,1,322,2,failure,no
33,single,tertiary,no,437,yes,no,199,2,150,5,failure,no
39,married,secondary,no,104,yes,no,116,2,332,6,failure,no
31,single,secondary,no,648,yes,yes,153,1,347,1,failure,no
28,single,secondary,no,967,yes,no,174,1,334,1,failure,no
34,divorced,tertiary,no,471,no,no,247,1,332,4,failure,no
37,single,tertiary,no,2317,yes,no,114,1,152,2,failure,no
29,single,tertiary,no,2269,yes,no,53,1,346,1,failure,no
43,married,secondary,no,3689,yes,no,165,1,321,1,failure,no
46,divorced,secondary,no,145,yes,no,113,2,270,5,failure,no
32,married,secondary,no,3322,yes,no,380,1,74,4,failure,no
32,single,secondary,no,299,yes,no,177,2,348,2,failure,no
48,married,secondary,no,1060,yes,no,87,2,318,3,failure,no
38,married,secondary,no,0,yes,yes,305,2,154,1,failure,no
40,married,secondary,no,2843,yes,no,223,1,305,1,success,no
37,single,secondary,no,2235,yes,no,419,2,151,2,failure,no
30,married,secondary,no,239,yes,no,58,3,150,10,failure,no
45,divorced,primary,no,757,no,no,103,1,325,4,failure,no
58,single,secondary,no,1430,yes,no,861,6,321,5,failure,no
37,married,secondary,no,264,yes,yes,414,2,285,1,failure,no
37,married,primary,no,250,yes,no,239,3,347,1,failure,no
33,single,secondary,no,187,yes,no,168,3,326,1,failure,no
28,married,secondary,no,293,yes,no,230,1,329,3,failure,no
43,married,secondary,no,5564,no,no,45,5,154,2,failure,no
46,married,secondary,no,0,yes,yes,239,2,259,2,failure,no
38,married,secondary,no,1205,yes,no,45,4,153,1,failure,no
33,married,secondary,no,328,yes,no,72,1,264,9,failure,no
40,married,primary,no,481,yes,no,228,3,347,1,failure,no
34,married,secondary,no,745,yes,no,400,5,332,4,failure,no
39,single,tertiary,no,2357,yes,no,64,3,273,1,failure,no
33,married,secondary,no,4790,yes,no,137,1,272,2,failure,no
37,single,tertiary,no,72,yes,yes,885,5,150,7,failure,yes
35,single,tertiary,no,1011,yes,no,36,2,349,1,failure,no
32,married,secondary,no,472,yes,no,58,2,342,2,failure,no
40,single,primary,no,1530,yes,no,8,3,315,1,failure,no
58,divorced,secondary,no,739,yes,no,304,7,335,5,failure,no
48,single,secondary,no,3531,yes,no,81,2,287,6,failure,no
33,married,primary,no,1002,yes,no,92,2,325,4,failure,no
52,married,secondary,no,1440,yes,no,270,2,325,1,failure,no
60,married,tertiary,no,2194,yes,no,31,3,263,9,failure,no
38,married,tertiary,no,76,yes,no,167,2,287,3,failure,no
46,married,primary,no,588,yes,no,249,3,237,4,failure,no
30,single,secondary,no,3313,yes,no,534,3,319,3,failure,no
48,married,secondary,no,3287,yes,yes,242,2,307,1,failure,no
40,married,tertiary,no,384,no,no,200,3,327,2,failure,no
37,married,secondary,no,56,yes,no,46,2,285,1,failure,no
40,single,tertiary,no,759,yes,no,32,2,266,5,failure,no
53,married,primary,no,4793,yes,no,26,4,150,5,failure,no
32,married,tertiary,no,281,yes,no,18,5,349,2,failure,no
36,married,tertiary,no,0,yes,no,142,3,150,3,failure,no
57,married,secondary,no,2087,yes,no,140,4,343,1,failure,no
37,married,secondary,no,504,yes,no,87,2,347,2,failure,no
41,married,tertiary,no,8902,yes,no,16,3,249,5,failure,no
43,married,secondary,no,2374,no,no,316,2,264,2,failure,no
27,single,secondary,no,153,yes,no,198,3,346,1,failure,no
50,married,secondary,no,2420,yes,no,102,6,235,13,failure,no
28,married,secondary,no,7102,yes,no,156,3,325,9,failure,no
38,married,secondary,no,511,yes,no,190,2,342,4,failure,no
45,married,primary,no,-79,yes,no,59,4,348,2,failure,no
29,single,secondary,no,3331,yes,no,13,4,327,2,failure,no
30,single,secondary,no,20,yes,no,404,6,340,1,failure,no
35,married,secondary,no,1257,yes,no,93,3,329,7,failure,no
37,single,secondary,no,2390,yes,no,20,2,335,12,failure,no
44,single,secondary,no,109,yes,no,101,4,328,3,failure,no
34,married,secondary,no,790,yes,no,579,2,350,1,failure,no
34,married,tertiary,no,577,yes,no,243,2,153,1,failure,no
38,divorced,primary,no,0,yes,no,355,3,151,3,failure,no
41,married,secondary,no,1384,yes,no,106,4,340,4,success,no
37,divorced,secondary,no,1448,yes,no,196,2,283,2,failure,no
34,married,secondary,no,1553,yes,no,6,6,328,8,failure,no
38,married,tertiary,no,472,yes,no,178,5,326,3,failure,no
32,married,secondary,no,419,yes,no,122,3,325,2,failure,no
38,single,tertiary,no,8669,yes,no,5,3,150,6,failure,no
29,married,secondary,no,123,no,yes,158,2,181,1,success,yes
41,divorced,tertiary,no,1757,no,no,314,1,239,13,failure,yes
32,single,tertiary,no,5514,no,no,319,1,182,1,success,yes
33,married,tertiary,no,882,no,no,104,1,183,4,failure,yes
45,divorced,primary,no,429,yes,no,147,1,181,1,success,yes
53,married,tertiary,no,3754,no,no,307,1,278,2,failure,yes
52,married,secondary,no,0,no,no,91,2,275,1,failure,no
37,married,tertiary,no,0,yes,no,242,5,153,7,failure,yes
29,single,tertiary,no,224,yes,no,65,2,81,3,failure,yes
32,single,tertiary,no,2974,yes,no,227,1,4,1,failure,yes
31,single,tertiary,no,1081,no,no,202,5,261,2,failure,yes
29,married,secondary,no,7707,yes,no,961,2,334,2,failure,yes
31,single,tertiary,no,4319,yes,no,153,4,161,1,failure,no
29,married,tertiary,no,1441,yes,no,185,1,85,2,success,no
38,married,secondary,no,1970,yes,no,701,1,176,1,success,yes
47,married,secondary,no,1167,yes,no,968,1,87,5,failure,yes
52,married,tertiary,no,193,no,no,381,1,269,1,failure,yes
36,single,tertiary,no,1291,no,no,195,1,86,1,success,yes
51,married,primary,no,618,yes,yes,277,1,85,1,failure,no
47,married,secondary,no,1230,yes,no,412,1,169,1,success,yes
36,married,secondary,no,96,no,no,208,1,87,1,success,yes
33,married,tertiary,no,158,no,no,169,2,83,2,success,no
43,married,tertiary,no,279,yes,no,155,1,164,1,failure,no
23,single,secondary,no,0,no,no,297,1,83,6,success,yes
29,single,tertiary,no,697,no,no,365,1,85,1,success,yes
49,married,secondary,no,3608,yes,no,252,1,168,1,success,yes
58,divorced,tertiary,no,5701,no,no,354,1,87,1,success,yes
48,married,secondary,no,292,no,no,271,1,79,1,success,yes
48,married,secondary,no,11371,yes,no,249,1,86,3,failure,no
42,married,tertiary,no,757,no,no,354,1,79,1,success,yes
36,married,tertiary,no,-547,yes,no,267,1,259,2,failure,no
42,married,primary,no,201,yes,no,841,1,85,2,failure,yes
35,married,secondary,no,-312,no,no,116,1,21,1,failure,no
30,single,tertiary,no,398,no,no,554,1,6,2,success,yes
45,married,secondary,no,706,no,no,78,2,176,1,success,no
36,married,secondary,no,24,yes,no,58,1,163,1,failure,no
31,married,tertiary,no,1331,no,no,297,1,86,3,success,yes
51,married,tertiary,no,1347,yes,yes,116,1,79,2,success,no
35,single,tertiary,no,1750,yes,no,687,1,9,3,success,yes
25,single,tertiary,no,2305,no,no,193,1,86,1,failure,no
35,married,tertiary,no,193,yes,no,565,1,13,1,failure,yes
39,married,secondary,no,0,yes,no,53,1,325,1,failure,no
56,married,tertiary,no,616,no,no,225,1,83,1,success,yes
26,single,secondary,no,1327,no,no,104,1,31,4,failure,no
57,married,tertiary,no,478,no,no,70,1,84,1,failure,no
55,divorced,tertiary,no,5399,no,yes,124,1,28,3,failure,no
35,single,tertiary,no,994,no,no,400,1,87,2,failure,yes
30,single,tertiary,no,1185,yes,no,284,1,339,1,failure,no
57,married,secondary,no,169,no,no,319,1,86,1,success,no
29,single,tertiary,no,1669,no,no,196,1,86,1,success,no
42,married,tertiary,no,6060,yes,no,316,1,350,2,failure,yes
32,single,tertiary,no,696,no,yes,270,2,293,2,failure,no
33,married,tertiary,no,55,no,no,526,2,87,3,failure,yes
37,married,tertiary,no,630,no,no,315,1,87,1,success,yes
53,married,tertiary,no,1624,no,no,284,3,84,3,success,yes
26,single,secondary,no,255,no,no,457,1,80,1,success,yes
33,single,tertiary,no,1431,no,no,94,1,85,2,failure,no
32,single,tertiary,no,796,no,yes,198,1,160,1,failure,no
30,single,secondary,no,270,no,no,437,1,80,1,success,yes
25,single,secondary,no,483,no,yes,68,1,86,1,success,no
36,single,tertiary,no,351,no,no,78,1,84,1,failure,no
31,single,secondary,no,1599,no,no,226,1,78,2,success,no
38,married,tertiary,no,613,no,no,242,1,86,1,success,yes
31,single,tertiary,no,2915,no,no,228,1,86,1,failure,no
29,single,secondary,no,674,no,no,483,1,13,5,success,yes
37,married,tertiary,no,57,no,no,96,2,84,1,success,no
47,single,tertiary,no,86,no,no,387,3,87,1,success,yes
47,married,secondary,no,0,yes,no,81,1,164,1,failure,no
31,single,tertiary,no,1815,no,no,107,1,80,1,success,no
34,single,tertiary,no,1228,no,no,580,2,84,8,success,yes
31,single,tertiary,no,620,no,no,214,1,87,1,failure,no
54,divorced,secondary,no,2156,yes,no,258,1,86,5,success,yes
53,married,secondary,no,6112,no,no,211,1,86,1,success,no
25,single,secondary,no,2354,no,no,149,1,84,7,success,no
46,married,tertiary,no,699,no,no,970,1,87,1,failure,yes
27,single,primary,no,3342,yes,no,761,2,330,4,failure,no
35,married,tertiary,no,495,no,no,266,1,87,1,failure,yes
47,married,primary,no,2749,yes,no,774,2,164,1,failure,yes
34,married,tertiary,no,0,yes,no,300,1,86,1,success,yes
54,married,tertiary,no,1014,no,yes,240,1,162,2,failure,yes
58,married,secondary,no,919,yes,yes,329,2,346,2,failure,no
49,married,secondary,no,298,yes,no,264,2,86,3,failure,no
47,married,secondary,no,2173,yes,no,189,3,344,5,failure,no
25,single,secondary,no,1105,yes,no,195,1,13,1,failure,no
59,married,primary,no,182,no,no,92,1,86,1,failure,no
36,married,tertiary,no,2957,yes,yes,193,2,265,3,success,no
45,married,secondary,no,89,yes,no,73,2,350,2,failure,no
33,single,tertiary,no,700,no,no,169,1,80,2,success,yes
54,married,secondary,no,0,no,no,766,3,84,3,success,yes
31,single,tertiary,no,354,no,no,502,1,9,2,success,yes
32,single,tertiary,no,1246,yes,no,509,1,85,2,success,yes
27,married,tertiary,no,73,no,no,374,1,79,1,success,no
30,single,tertiary,no,305,no,no,633,1,85,2,success,yes
37,single,tertiary,no,6101,no,no,60,5,87,1,success,no
60,married,primary,no,1723,no,no,160,4,83,3,failure,no
40,single,tertiary,no,1646,yes,no,392,2,91,3,success,yes
28,single,primary,no,236,no,no,193,1,87,3,failure,yes
33,single,tertiary,no,5437,no,no,267,1,91,1,failure,yes
31,single,secondary,no,125,no,no,200,1,91,1,failure,no
34,single,tertiary,no,992,yes,no,301,1,88,2,success,no
33,single,tertiary,no,417,yes,no,170,2,87,1,failure,no
41,married,secondary,no,5060,no,no,963,1,83,3,success,yes
38,divorced,secondary,no,902,yes,no,301,3,90,1,success,yes
47,married,secondary,no,335,no,no,417,1,76,1,success,yes
60,divorced,secondary,no,4519,no,no,136,1,91,1,failure,no
49,married,tertiary,no,1,no,no,1076,3,175,1,success,yes
33,single,tertiary,no,1636,yes,no,592,1,66,1,success,yes
40,married,primary,no,-388,yes,no,195,3,340,1,failure,no
28,single,tertiary,no,1984,yes,no,32,2,14,1,failure,no
31,single,tertiary,no,630,no,no,95,2,91,2,failure,no
44,single,secondary,no,0,yes,no,64,2,19,1,failure,no
52,married,secondary,no,94,no,no,223,9,4,1,success,no
22,single,tertiary,no,897,yes,no,98,4,89,4,success,no
60,married,secondary,no,316,no,no,545,2,263,4,failure,yes
39,married,secondary,no,8876,no,no,106,1,91,2,failure,no
57,single,secondary,no,738,no,no,490,3,168,1,failure,no
32,single,tertiary,no,1138,no,no,214,3,83,3,success,yes
48,married,secondary,no,863,yes,no,412,5,350,2,success,yes
48,divorced,tertiary,no,428,yes,no,347,2,167,2,failure,no
31,single,tertiary,no,6495,no,no,383,2,35,3,failure,no
29,married,tertiary,no,451,no,no,54,1,96,1,failure,no
26,single,tertiary,no,4683,yes,no,334,2,180,1,failure,no
50,married,tertiary,no,346,no,no,76,2,87,1,success,no
33,married,secondary,no,-208,yes,yes,306,3,360,1,failure,no
41,married,secondary,no,72,yes,no,130,3,312,3,failure,no
36,married,secondary,no,188,yes,yes,1046,3,333,2,success,yes
33,divorced,secondary,no,661,yes,no,90,4,167,3,failure,no
40,single,secondary,no,356,yes,no,225,2,339,2,failure,no
35,married,tertiary,no,520,yes,no,458,3,17,5,failure,yes
33,married,primary,no,5151,yes,yes,124,3,165,5,failure,no
31,married,tertiary,no,0,yes,no,108,2,167,1,failure,no
30,married,tertiary,no,2666,no,no,781,3,89,1,success,yes
32,married,tertiary,no,141,yes,no,78,3,89,9,success,no
34,single,tertiary,no,308,yes,no,79,4,269,4,failure,no
31,single,tertiary,no,775,yes,no,99,2,14,3,failure,no
39,single,tertiary,no,1515,yes,no,815,6,167,6,failure,yes
24,single,secondary,no,99,no,no,65,3,89,3,failure,no
36,single,secondary,no,115,no,no,134,3,91,1,failure,no
34,married,tertiary,no,1076,yes,no,1121,3,88,10,success,no
39,single,tertiary,no,2454,yes,no,716,3,263,2,failure,yes
43,married,secondary,no,4056,no,no,13,6,89,2,failure,no
29,single,secondary,no,369,yes,no,174,5,346,3,failure,no
31,single,tertiary,no,12857,yes,no,483,4,87,2,success,yes
53,divorced,tertiary,no,2152,no,no,520,2,80,3,success,no
34,married,secondary,no,315,no,no,76,4,89,3,success,no
39,married,tertiary,no,11766,yes,no,15,4,166,1,failure,no
35,married,secondary,no,2971,no,no,429,4,164,2,failure,yes
31,single,secondary,no,690,no,no,10,4,87,12,failure,no
32,single,tertiary,no,2360,no,no,11,4,90,7,success,no
36,single,secondary,no,1227,yes,yes,775,5,341,3,failure,yes
25,married,tertiary,no,4923,yes,yes,78,4,74,14,failure,no
41,divorced,secondary,no,4047,yes,no,14,5,75,1,success,no
47,married,secondary,no,668,yes,no,230,6,354,2,success,no
33,married,tertiary,no,17946,yes,no,15,4,87,6,failure,no
59,divorced,secondary,no,514,no,no,673,6,90,1,success,yes
60,married,tertiary,no,5041,no,no,8,7,181,1,success,no
28,married,secondary,no,61,yes,no,226,2,319,1,success,yes
35,single,tertiary,no,62,yes,no,214,4,15,3,success,no
55,married,secondary,no,233,yes,no,813,2,351,3,failure,no
30,divorced,secondary,no,1320,yes,yes,122,3,362,1,failure,no
37,single,tertiary,no,808,no,no,29,4,349,1,failure,no
33,single,tertiary,no,1373,yes,no,17,5,349,2,failure,no
35,single,secondary,yes,-947,yes,no,148,4,362,3,failure,no
33,married,secondary,no,931,yes,no,272,2,336,1,failure,no
34,single,tertiary,no,26575,no,no,245,6,168,1,failure,no
47,single,secondary,no,-246,yes,no,145,1,365,2,failure,no
34,married,secondary,no,2,yes,yes,184,1,167,6,failure,no
45,married,primary,no,4758,yes,no,632,5,287,6,success,no
28,married,secondary,no,0,yes,no,334,1,355,6,failure,no
45,married,secondary,no,640,yes,no,214,1,1,1,success,no
27,single,secondary,no,-72,yes,no,276,1,309,9,failure,no
31,single,tertiary,no,170,yes,yes,168,1,265,2,failure,no
41,divorced,secondary,no,5766,yes,yes,243,1,169,3,failure,no
30,single,tertiary,no,0,yes,no,57,1,301,1,failure,no
36,married,secondary,no,80,yes,yes,234,1,165,4,failure,no
40,married,tertiary,no,710,yes,no,266,1,298,2,failure,no
30,single,secondary,no,80,yes,yes,145,1,337,4,failure,no
33,married,tertiary,no,0,yes,no,301,1,365,1,failure,no
53,married,tertiary,no,431,yes,no,55,1,328,1,failure,no
32,single,secondary,no,12,yes,no,242,1,365,2,failure,no
55,divorced,tertiary,no,2625,yes,no,286,1,252,3,failure,no
42,married,tertiary,no,1272,yes,no,117,1,169,1,failure,no
35,single,secondary,no,188,yes,no,863,1,78,8,success,yes
52,married,primary,no,576,yes,no,139,1,286,1,failure,no
43,married,secondary,no,130,no,no,156,1,337,3,failure,no
35,single,tertiary,no,1,yes,no,80,1,285,1,failure,no
35,married,primary,no,147,yes,no,358,1,337,3,failure,no
30,single,tertiary,no,0,yes,no,381,1,342,7,failure,no
26,married,tertiary,no,784,yes,yes,247,2,358,2,failure,no
25,single,tertiary,no,1141,yes,no,718,1,347,1,failure,no
35,married,secondary,no,2311,yes,no,659,1,167,1,failure,no
30,married,secondary,no,182,yes,yes,143,1,364,1,failure,no
37,married,primary,no,0,yes,no,108,1,349,2,failure,no
41,married,tertiary,no,121,yes,no,456,1,287,1,failure,no
38,married,secondary,no,54,yes,yes,236,1,287,2,failure,no
33,married,tertiary,no,210,yes,no,84,1,167,1,failure,no
31,single,secondary,no,187,yes,no,241,1,347,1,failure,no
38,single,secondary,no,2032,yes,no,87,4,349,2,failure,no
57,married,secondary,no,0,yes,no,127,1,363,4,failure,no
40,single,tertiary,no,47,yes,no,159,1,365,1,failure,no
28,married,secondary,no,0,yes,no,335,2,281,8,failure,no
27,single,tertiary,no,75,yes,yes,308,1,351,1,failure,no
39,married,secondary,no,1372,yes,yes,206,1,355,1,failure,no
31,single,secondary,no,196,yes,no,568,1,341,7,failure,yes
42,married,tertiary,no,3718,yes,no,42,1,272,2,failure,no
33,single,tertiary,no,12686,yes,no,470,2,166,2,failure,no
47,married,secondary,no,232,yes,no,166,2,285,1,failure,no
33,married,secondary,no,255,yes,yes,237,4,165,4,failure,no
40,married,secondary,no,0,yes,no,184,1,334,2,failure,no
32,single,secondary,no,98,yes,no,360,1,365,2,failure,no
41,married,secondary,no,992,yes,yes,335,1,295,3,failure,no
32,divorced,tertiary,no,75,no,no,104,3,256,9,failure,no
44,married,secondary,no,0,no,no,398,2,165,4,failure,no
37,single,secondary,no,686,yes,no,253,3,280,2,failure,no
37,married,tertiary,no,3043,yes,no,249,1,300,1,failure,no
33,married,primary,no,415,yes,no,316,1,337,4,success,no
35,single,secondary,no,1239,yes,no,60,2,347,1,failure,no
53,divorced,secondary,no,0,yes,no,246,1,344,1,failure,no
43,married,secondary,no,-755,yes,yes,162,1,337,1,failure,no
54,married,secondary,no,0,yes,no,387,2,287,1,failure,no
47,married,secondary,no,57,no,no,253,1,342,1,success,no
35,married,tertiary,no,0,no,no,74,1,168,4,failure,no
35,married,tertiary,no,76,no,no,283,1,362,9,failure,no
51,single,secondary,no,-463,yes,no,496,1,343,3,failure,no
47,married,secondary,no,769,yes,no,183,1,265,2,failure,no
43,divorced,secondary,no,0,yes,no,150,2,342,2,failure,no
35,married,secondary,no,27,yes,yes,442,2,278,3,failure,no
55,married,secondary,no,-626,yes,yes,369,2,278,5,failure,no
45,married,secondary,no,251,yes,no,304,2,259,2,failure,no
32,married,tertiary,no,4761,yes,no,159,2,350,2,failure,no
30,married,tertiary,no,6432,yes,no,334,6,165,5,failure,no
44,divorced,tertiary,no,0,yes,yes,297,2,167,1,failure,no
30,married,tertiary,no,6,yes,no,279,2,342,2,failure,no
37,married,secondary,no,176,yes,no,147,2,347,1,failure,no
30,single,secondary,no,-522,yes,yes,670,2,286,6,failure,yes
36,single,secondary,no,103,yes,no,122,2,344,2,failure,no
39,single,secondary,no,519,yes,yes,180,3,166,15,failure,no
52,married,secondary,no,221,yes,no,178,2,363,3,failure,no
51,married,primary,no,565,yes,yes,157,7,250,3,failure,no
37,married,tertiary,no,8564,yes,no,211,2,347,1,failure,no
42,married,secondary,no,2152,yes,no,319,2,169,1,failure,no
43,divorced,secondary,no,305,yes,no,674,2,250,4,failure,no
27,married,secondary,no,3160,yes,no,209,5,343,1,failure,no
53,married,primary,no,2618,yes,no,185,2,165,2,failure,no
45,married,tertiary,no,0,yes,no,469,2,342,1,failure,no
43,married,tertiary,no,176,yes,no,253,2,286,1,failure,no
31,single,secondary,no,4888,yes,no,475,4,166,2,failure,no
41,married,secondary,no,440,yes,no,523,1,334,2,failure,no
42,married,secondary,no,96,yes,no,238,3,340,2,failure,no
36,single,secondary,no,7503,yes,no,193,1,335,1,failure,no
44,married,primary,no,0,yes,no,408,2,350,1,failure,no
37,divorced,tertiary,no,0,yes,no,74,8,351,11,failure,no
56,married,tertiary,no,505,yes,yes,221,1,169,3,failure,no
35,married,secondary,no,225,yes,no,160,7,343,2,failure,no
41,married,primary,no,-7,yes,no,104,2,365,2,failure,no
37,single,secondary,no,5436,yes,no,7,11,351,1,failure,no
49,married,secondary,no,8545,yes,yes,199,7,167,1,failure,no
46,married,tertiary,no,523,yes,no,105,4,366,2,failure,no
37,married,tertiary,no,0,yes,no,149,1,13,12,success,no
49,married,secondary,no,2039,yes,no,451,1,169,2,failure,yes
52,divorced,secondary,no,12,yes,no,78,1,170,1,failure,no
60,married,primary,no,6271,yes,no,210,2,254,5,failure,no
40,divorced,secondary,no,83,yes,no,327,1,280,6,failure,no
49,married,tertiary,no,489,yes,no,65,1,358,1,failure,no
53,married,secondary,no,-488,yes,no,207,1,342,1,failure,no
27,married,secondary,no,710,yes,yes,653,1,334,2,success,yes
40,married,secondary,no,1438,yes,no,207,1,351,2,failure,no
36,married,secondary,no,0,yes,no,215,3,280,3,failure,no
30,married,tertiary,yes,-1083,yes,no,401,1,336,2,failure,no
58,married,tertiary,no,0,yes,yes,293,1,351,2,failure,no
53,divorced,tertiary,no,81,yes,no,178,5,352,3,failure,no
35,married,secondary,no,0,yes,no,343,3,351,1,failure,no
57,married,primary,no,0,yes,no,62,2,273,2,failure,no
56,married,tertiary,no,563,yes,no,100,2,168,1,failure,no
32,single,secondary,no,1143,yes,yes,132,1,300,1,failure,no
36,married,secondary,no,788,yes,no,403,1,345,1,failure,no
37,divorced,secondary,no,141,yes,no,848,1,364,3,failure,yes
35,married,tertiary,no,105,yes,no,36,1,365,3,failure,no
43,married,secondary,no,388,yes,yes,644,1,355,2,failure,no
40,married,tertiary,no,-606,yes,no,90,1,345,1,failure,no
34,married,secondary,no,-349,yes,no,208,1,365,1,failure,no
30,married,secondary,no,-150,yes,no,174,1,365,1,failure,no
40,divorced,tertiary,no,69,yes,no,503,2,280,2,failure,no
33,married,tertiary,no,281,yes,no,257,1,365,1,failure,no
24,single,secondary,no,27,yes,no,404,1,338,2,failure,no
32,single,secondary,no,53,yes,no,153,1,169,2,failure,no
28,single,secondary,no,123,yes,no,115,1,359,3,failure,no
24,married,secondary,no,299,yes,no,209,1,321,1,failure,no
35,married,secondary,no,302,yes,no,137,1,364,1,failure,no
53,married,secondary,no,380,yes,yes,42,1,302,1,failure,no
49,divorced,primary,no,0,yes,no,305,1,281,2,failure,no
26,single,secondary,no,96,no,no,606,1,345,1,failure,no
30,divorced,tertiary,no,415,yes,yes,984,1,343,4,failure,yes
29,married,secondary,no,2,yes,no,339,1,362,1,failure,no
40,married,secondary,no,311,yes,no,205,1,351,2,failure,no
30,married,secondary,no,392,yes,no,124,1,167,3,failure,no
44,married,secondary,no,860,yes,yes,96,2,295,5,failure,no
32,single,secondary,no,6402,yes,no,158,1,167,1,success,no
39,married,primary,no,0,no,no,49,2,282,3,failure,no
33,divorced,secondary,yes,-18,yes,no,244,1,359,3,failure,no
53,married,tertiary,no,54,yes,yes,123,1,169,1,failure,no
34,married,secondary,no,4902,yes,no,59,1,167,1,failure,no
37,married,secondary,no,83,yes,no,68,1,363,1,failure,no
28,married,primary,no,60,yes,no,161,1,337,1,failure,no
23,married,secondary,no,83,yes,no,199,1,358,1,failure,no
38,single,tertiary,no,171,yes,yes,60,1,272,3,failure,no
55,married,primary,no,1086,yes,no,146,1,272,2,failure,no
33,married,secondary,no,2468,yes,yes,84,1,282,4,failure,no
37,married,primary,no,90,yes,no,39,1,363,2,failure,no
31,divorced,secondary,no,1016,yes,no,20,1,342,1,failure,no
51,married,primary,no,106,yes,no,217,1,169,5,failure,no
34,married,tertiary,no,0,yes,no,611,1,183,1,failure,yes
29,married,secondary,no,751,yes,no,211,1,288,5,success,no
42,married,primary,no,-679,yes,yes,159,1,343,2,failure,no
31,single,secondary,no,13,no,no,318,1,166,1,failure,no
29,single,tertiary,no,7,no,no,51,1,179,1,failure,no
46,married,primary,no,91,yes,no,29,1,356,2,failure,no
38,married,primary,no,689,yes,no,585,2,296,2,failure,no
41,married,primary,no,0,yes,no,184,2,323,1,failure,no
33,married,primary,no,-457,yes,yes,128,1,350,1,failure,no
50,divorced,secondary,yes,2405,yes,no,114,1,287,8,failure,no
30,married,secondary,no,5903,yes,no,231,1,363,1,failure,no
36,single,tertiary,no,7506,yes,no,839,2,188,1,success,yes
38,single,secondary,no,1255,yes,no,120,1,170,4,failure,no
47,married,primary,no,31,yes,no,50,1,356,1,failure,no
34,single,secondary,no,827,yes,no,254,1,267,4,failure,no
35,married,secondary,no,80,yes,yes,317,1,363,1,failure,no
37,single,tertiary,no,102,yes,no,445,1,258,2,failure,yes
27,single,secondary,no,2,yes,yes,554,2,356,1,failure,yes
53,divorced,secondary,no,28,yes,no,135,2,289,1,failure,no
45,divorced,secondary,no,728,yes,yes,156,2,169,1,failure,no
32,married,secondary,no,752,yes,no,519,2,166,5,failure,yes
29,single,tertiary,no,183,yes,yes,64,1,343,2,failure,no
30,single,tertiary,no,3,yes,no,45,2,169,2,failure,no
47,married,secondary,no,-216,yes,no,197,1,282,3,failure,no
49,married,secondary,no,99,yes,no,687,2,343,1,failure,yes
34,divorced,secondary,no,991,yes,no,89,1,344,1,failure,no
38,married,secondary,no,1016,yes,yes,74,2,167,4,failure,no
29,single,tertiary,no,-803,yes,yes,827,1,329,9,failure,no
42,divorced,secondary,no,1491,yes,no,203,2,334,2,failure,no
35,single,tertiary,no,1494,yes,no,311,1,169,2,success,no
44,married,secondary,no,1872,yes,no,175,1,322,3,failure,no
34,single,secondary,no,339,yes,no,110,2,359,2,failure,no
26,married,tertiary,no,37,yes,yes,207,1,363,2,failure,no
38,married,tertiary,no,4293,yes,no,92,2,250,2,failure,no
28,single,tertiary,no,1010,yes,no,911,1,336,2,failure,no
36,married,tertiary,no,222,yes,no,317,1,169,2,failure,no
48,married,secondary,no,2597,yes,no,182,2,355,1,failure,no
32,divorced,secondary,no,3345,yes,no,118,1,260,3,failure,no
38,divorced,primary,no,0,yes,yes,79,2,166,7,failure,no
52,married,primary,no,230,yes,no,198,2,170,2,failure,no
50,married,primary,no,458,yes,no,116,2,363,1,failure,no
49,married,primary,no,0,yes,no,445,2,166,3,failure,yes
42,single,secondary,no,568,yes,no,311,2,341,2,failure,no
32,married,secondary,no,-360,yes,no,131,2,344,2,failure,no
33,married,primary,no,289,yes,no,309,1,363,4,failure,no
47,married,tertiary,no,2303,yes,no,323,2,364,1,failure,no
38,married,tertiary,no,-1884,yes,no,82,2,289,1,failure,no
35,divorced,primary,no,4401,yes,no,316,2,279,4,failure,no
35,married,tertiary,no,272,yes,no,251,4,289,2,failure,no
37,married,tertiary,no,0,yes,no,84,2,169,3,failure,no
37,married,primary,yes,-483,yes,yes,222,2,168,3,failure,no
36,married,tertiary,no,260,yes,no,167,3,299,2,failure,no
54,married,secondary,no,614,yes,no,322,2,343,2,failure,no
35,single,tertiary,no,2576,yes,yes,136,3,273,4,failure,no
37,married,tertiary,no,828,yes,no,206,2,342,1,failure,no
36,single,secondary,no,634,yes,no,281,2,250,2,failure,no
27,single,secondary,no,3096,yes,no,62,4,357,1,failure,no
35,married,tertiary,no,355,yes,no,183,2,355,1,failure,no
30,married,secondary,no,313,yes,yes,311,3,364,1,failure,no
40,married,primary,no,34,yes,no,350,2,344,1,failure,no
32,divorced,tertiary,no,-2,yes,no,103,3,168,1,failure,no
33,married,secondary,no,3935,yes,no,765,1,342,2,failure,yes
52,divorced,tertiary,no,1988,yes,no,88,1,299,1,failure,no
37,married,secondary,no,1345,yes,no,74,6,169,4,failure,no
28,married,tertiary,no,417,yes,yes,523,2,363,2,failure,no
26,married,secondary,no,285,yes,no,265,2,342,2,failure,no
37,married,secondary,no,146,yes,yes,82,2,356,2,failure,no
41,married,primary,no,13,yes,no,358,2,306,1,failure,no
46,married,primary,no,147,yes,no,116,2,169,3,failure,no
40,married,tertiary,no,429,yes,no,222,2,363,4,failure,no
34,single,secondary,no,1259,yes,no,379,2,169,1,failure,no
48,divorced,secondary,no,2,yes,yes,593,2,281,4,failure,no
31,single,tertiary,no,59,yes,yes,1347,2,363,1,failure,yes
40,single,secondary,no,326,yes,no,242,2,169,2,failure,no
51,divorced,tertiary,no,318,yes,no,102,2,355,2,failure,no
31,single,secondary,no,-457,yes,no,270,4,366,2,failure,no
38,single,tertiary,no,427,yes,no,17,3,169,2,failure,no
46,married,secondary,no,-1400,yes,no,309,3,355,4,failure,no
39,married,primary,no,1147,yes,yes,232,2,363,5,failure,no
29,married,secondary,no,100,yes,yes,152,4,344,2,failure,no
38,single,secondary,no,435,yes,no,437,4,345,1,failure,no
40,married,tertiary,no,1598,yes,yes,1074,4,344,3,failure,yes
34,single,secondary,no,440,yes,no,445,2,345,2,failure,no
35,single,tertiary,no,275,yes,no,157,3,254,5,failure,no
31,single,secondary,no,148,yes,yes,232,2,167,4,failure,no
22,married,secondary,no,223,yes,no,268,1,344,1,failure,no
37,single,secondary,no,22,yes,no,28,2,289,5,failure,no
48,married,secondary,no,3663,yes,no,25,5,169,1,failure,no
36,married,secondary,no,975,yes,no,186,2,295,1,failure,no
54,married,primary,no,-864,yes,no,755,3,363,5,failure,no
25,married,secondary,no,10,yes,no,51,1,294,1,failure,no
31,single,tertiary,no,253,yes,no,157,1,349,4,failure,no
30,married,secondary,no,-559,yes,yes,98,1,167,2,failure,no
33,single,tertiary,no,490,yes,no,31,1,363,2,failure,no
50,single,secondary,no,2040,yes,no,149,1,357,1,failure,no
36,married,secondary,no,89,yes,no,62,6,366,2,failure,no
28,single,secondary,yes,87,yes,no,27,1,345,1,failure,no
34,single,tertiary,no,171,yes,no,191,1,294,1,failure,no
56,single,secondary,no,1854,yes,no,45,1,342,2,failure,no
39,single,tertiary,no,968,yes,no,59,1,258,6,failure,no
31,single,tertiary,no,874,yes,no,98,1,170,2,failure,no
37,married,secondary,no,343,yes,yes,104,1,304,7,failure,no
27,married,secondary,no,245,yes,no,121,1,344,2,failure,no
33,married,secondary,no,-370,yes,no,261,1,345,1,failure,yes
29,single,tertiary,no,422,yes,no,103,1,363,1,failure,no
35,married,secondary,no,883,yes,no,333,1,351,1,failure,no
31,divorced,primary,no,459,yes,no,623,1,293,1,success,yes
34,divorced,secondary,no,-131,yes,no,132,1,356,1,failure,no
56,married,secondary,no,471,yes,no,104,1,342,2,failure,no
35,married,secondary,no,0,yes,no,19,1,360,2,failure,no
35,divorced,secondary,no,44,yes,yes,366,1,167,2,failure,no
54,divorced,secondary,no,300,yes,no,329,1,168,2,success,no
32,single,tertiary,no,514,yes,yes,138,1,168,1,failure,no
34,single,secondary,no,49,no,no,393,1,351,1,failure,no
32,single,secondary,no,1291,yes,no,223,1,293,1,failure,no
42,married,primary,no,1461,yes,no,757,2,170,3,failure,yes
38,single,tertiary,no,178,yes,no,184,1,351,1,failure,no
27,single,secondary,no,-211,yes,no,146,1,349,3,failure,no
37,married,tertiary,no,900,yes,no,155,1,357,2,failure,no
32,single,secondary,no,1210,yes,yes,107,1,344,4,failure,no
45,married,tertiary,no,1033,yes,no,177,1,357,1,failure,no
28,single,secondary,no,6332,yes,no,149,1,343,4,failure,no
36,married,tertiary,no,280,yes,no,252,1,351,1,failure,no
41,married,primary,no,733,yes,no,69,1,335,7,failure,no
41,single,primary,no,5907,yes,no,198,1,167,5,failure,no
36,single,secondary,no,0,yes,yes,63,1,168,3,failure,no
36,single,tertiary,no,-679,yes,yes,172,1,93,1,failure,no
45,married,tertiary,no,3689,yes,no,397,1,169,5,failure,no
39,married,tertiary,no,3,yes,no,1145,1,170,1,failure,no
33,married,primary,no,494,yes,no,159,1,346,2,failure,no
30,married,secondary,no,187,yes,no,56,1,170,1,failure,no
39,married,secondary,no,0,yes,no,502,1,7,2,failure,no
36,single,tertiary,no,4,yes,no,855,2,342,1,failure,yes
35,single,secondary,no,544,yes,no,91,1,345,2,failure,no
44,divorced,primary,no,-57,yes,no,234,1,356,2,failure,no
32,married,secondary,no,428,yes,no,93,1,363,1,failure,no
30,single,secondary,no,-271,yes,no,609,1,337,1,success,yes
33,single,secondary,no,358,yes,no,302,1,356,3,failure,no
37,married,tertiary,no,502,yes,no,551,1,351,1,failure,no
23,single,secondary,no,4659,yes,no,158,1,318,4,failure,no
41,married,primary,no,6596,yes,no,192,1,168,1,failure,no
58,married,tertiary,no,138,no,no,143,1,346,5,failure,no
58,married,primary,no,1052,yes,no,147,1,359,4,failure,no
45,single,secondary,no,29,yes,no,86,1,367,1,failure,no
54,married,secondary,no,6,yes,no,109,1,367,1,failure,no
44,married,secondary,no,78,yes,no,122,1,357,1,failure,no
53,married,secondary,no,913,yes,no,213,1,288,1,failure,no
39,married,secondary,no,-475,yes,no,168,3,301,1,failure,no
54,divorced,tertiary,no,0,yes,no,199,1,297,3,failure,no
57,married,tertiary,no,779,yes,no,282,1,367,1,failure,no
47,divorced,tertiary,no,477,yes,no,973,1,366,1,failure,no
37,married,tertiary,no,64,no,no,219,1,295,1,failure,no
41,single,secondary,no,-278,yes,no,17,5,360,3,failure,no
30,single,secondary,no,359,yes,no,362,1,303,1,failure,no
29,single,secondary,no,428,yes,yes,54,1,345,2,failure,no
37,married,primary,no,223,yes,no,569,1,297,3,failure,no
58,married,secondary,no,2745,yes,no,161,1,324,2,failure,no
53,married,secondary,no,1066,yes,no,57,2,170,4,failure,no
51,married,secondary,no,0,yes,no,158,1,300,2,failure,no
48,married,secondary,no,-938,yes,no,134,1,344,2,failure,no
32,single,tertiary,no,-307,yes,yes,447,2,346,2,failure,no
34,divorced,secondary,no,558,yes,no,130,2,167,5,failure,no
56,divorced,secondary,no,72,yes,yes,263,1,357,4,failure,no
41,married,primary,no,322,no,no,105,1,324,2,failure,no
42,married,secondary,no,2044,yes,yes,155,1,282,5,failure,no
29,single,secondary,no,43,no,no,142,1,353,1,failure,no
50,married,secondary,no,16,yes,no,290,1,356,11,failure,no
46,married,secondary,no,21,yes,no,124,1,338,2,failure,no
27,single,tertiary,no,37,yes,no,125,1,364,1,failure,no
34,married,secondary,no,393,yes,no,174,1,293,3,failure,no
43,single,primary,no,181,yes,no,174,1,343,2,failure,no
53,married,secondary,no,148,yes,no,66,1,359,1,failure,no
51,married,secondary,no,160,yes,no,136,1,359,1,failure,no
32,single,secondary,no,-219,yes,no,446,6,342,2,failure,no
30,married,secondary,yes,-388,yes,no,263,1,293,3,failure,no
32,married,secondary,no,489,yes,no,103,2,349,4,failure,no
25,married,secondary,no,51,yes,yes,159,2,357,2,failure,no
28,married,secondary,no,15,yes,no,182,2,356,1,failure,no
45,single,secondary,no,-101,yes,no,101,1,301,1,failure,no
34,married,tertiary,no,676,no,no,156,1,177,1,success,no
33,married,secondary,no,478,yes,no,349,1,338,1,failure,no
51,married,tertiary,no,218,yes,no,154,3,363,2,failure,no
31,single,secondary,no,1626,no,no,356,2,286,3,failure,no
44,married,tertiary,no,430,no,no,97,2,171,2,failure,no
32,single,primary,no,216,yes,no,87,2,351,1,success,no
40,divorced,secondary,no,193,yes,no,195,1,357,1,failure,no
28,single,primary,no,553,yes,no,225,3,321,3,failure,no
37,divorced,tertiary,yes,-1,yes,yes,101,1,349,1,failure,no
25,single,primary,no,758,yes,no,258,1,357,1,failure,no
50,single,secondary,no,766,yes,no,253,2,304,4,failure,no
29,single,tertiary,no,0,yes,no,347,2,337,6,failure,yes
48,married,secondary,no,368,yes,no,430,2,367,2,failure,no
36,married,primary,no,441,yes,no,100,4,358,1,failure,no
43,married,tertiary,no,1429,yes,no,1030,1,169,3,success,yes
31,single,tertiary,no,0,yes,no,45,1,22,2,failure,no
36,single,tertiary,no,243,yes,no,160,2,360,3,failure,no
53,divorced,secondary,no,26,yes,no,56,1,359,1,failure,no
40,married,secondary,no,356,yes,yes,1254,3,365,1,failure,no
31,single,secondary,no,0,yes,no,895,2,295,2,failure,yes
45,married,secondary,no,54,yes,no,279,1,367,1,failure,no
42,single,secondary,no,2790,yes,no,425,1,336,1,failure,no
35,single,secondary,no,142,yes,no,266,2,168,1,failure,no
46,married,secondary,no,4646,yes,no,33,3,359,1,failure,no
38,divorced,tertiary,no,1513,no,no,330,1,342,1,failure,no
47,single,tertiary,no,77,yes,yes,308,1,335,3,failure,no
47,married,tertiary,no,618,yes,no,50,2,359,3,failure,no
58,married,tertiary,no,246,yes,no,245,2,288,2,failure,no
28,married,secondary,no,-393,yes,yes,247,2,349,2,failure,no
43,married,secondary,no,703,yes,no,96,3,301,1,failure,no
26,single,secondary,no,5533,yes,no,582,2,283,4,failure,no
28,single,tertiary,no,270,yes,no,49,2,345,2,failure,no
43,married,tertiary,no,0,yes,no,240,3,293,5,failure,no
33,divorced,secondary,no,2,yes,no,600,2,330,17,failure,no
56,married,secondary,no,264,yes,yes,639,2,280,5,success,no
34,single,secondary,no,105,yes,no,146,2,171,3,failure,no
51,married,tertiary,no,1854,yes,yes,166,3,338,2,failure,no
53,married,primary,no,2144,yes,no,217,2,342,1,failure,no
56,married,tertiary,no,16125,no,no,202,2,167,1,failure,no
39,married,secondary,no,660,yes,yes,93,4,168,3,failure,no
31,married,secondary,no,1664,yes,no,603,2,17,2,failure,no
37,single,secondary,no,490,yes,yes,739,2,325,3,failure,no
41,divorced,secondary,no,348,yes,no,225,2,275,2,failure,no
28,single,secondary,no,-181,yes,yes,429,2,343,4,failure,no
42,married,secondary,no,356,yes,no,787,3,356,2,failure,yes
37,married,secondary,no,740,yes,no,434,3,342,2,failure,no
32,married,tertiary,no,0,yes,no,388,2,349,2,failure,no
40,married,secondary,no,168,yes,no,249,2,169,1,failure,no
37,married,tertiary,no,591,yes,no,181,2,255,5,failure,no
33,married,secondary,no,348,yes,no,263,2,294,1,success,no
46,divorced,secondary,no,-154,yes,no,215,2,294,1,failure,no
30,single,tertiary,no,3086,yes,no,84,3,168,1,failure,no
33,divorced,tertiary,no,2558,no,no,680,2,367,2,failure,no
35,married,secondary,no,848,yes,no,174,3,366,2,failure,no
29,married,tertiary,no,0,yes,no,253,2,302,1,failure,no
45,divorced,secondary,no,608,yes,yes,1135,3,323,30,failure,yes
48,married,tertiary,no,60,no,no,376,2,339,7,failure,no
32,single,secondary,no,626,yes,no,324,2,351,1,failure,no
30,married,tertiary,no,86,yes,yes,255,6,169,3,failure,no
43,divorced,secondary,no,146,yes,no,274,3,358,2,failure,no
52,married,tertiary,no,0,yes,yes,541,3,343,5,failure,no
50,married,secondary,no,26,yes,no,245,5,366,2,failure,no
45,divorced,secondary,no,-184,yes,no,878,3,170,5,failure,yes
49,married,tertiary,no,734,yes,no,42,2,324,3,failure,no
34,single,primary,no,279,yes,no,208,1,357,1,failure,no
49,married,primary,no,762,yes,no,373,2,360,4,failure,no
38,married,secondary,no,117,yes,no,54,1,337,1,failure,no
37,married,secondary,no,4760,yes,no,182,2,169,2,failure,no
40,divorced,secondary,no,-607,yes,no,328,2,353,2,failure,no
43,married,tertiary,no,9,yes,no,142,3,358,3,failure,no
39,single,secondary,no,2345,yes,no,491,2,344,2,failure,yes
50,married,tertiary,no,400,yes,no,41,1,360,1,failure,no
31,married,tertiary,no,-181,yes,no,127,1,170,2,failure,no
39,single,secondary,no,2749,yes,no,104,1,170,1,failure,no
34,single,secondary,no,233,yes,no,11,8,365,4,failure,no
57,divorced,secondary,no,75,yes,no,159,1,361,2,failure,no
53,married,tertiary,no,7,no,yes,57,1,368,1,failure,no
45,married,secondary,no,264,yes,no,113,1,360,2,failure,no
40,married,secondary,no,167,yes,yes,380,4,295,1,failure,no
56,married,secondary,no,2313,yes,no,293,3,364,2,failure,no
34,married,secondary,no,1234,yes,no,106,1,288,6,failure,no
38,single,primary,no,0,yes,yes,84,1,290,1,failure,no
41,married,tertiary,no,-4,yes,no,72,1,368,1,failure,no
34,single,tertiary,no,5945,yes,no,285,1,170,1,failure,no
59,married,tertiary,no,6237,yes,no,63,1,169,2,failure,no
40,divorced,secondary,no,2679,yes,yes,122,1,350,1,failure,no
56,married,tertiary,no,73,yes,no,122,1,368,2,failure,no
31,divorced,secondary,no,1144,yes,no,65,2,367,1,failure,no
46,married,tertiary,no,716,yes,yes,557,1,172,1,failure,no
35,married,primary,no,0,yes,no,265,1,290,2,failure,no
57,married,secondary,no,28,yes,no,163,1,358,1,failure,no
51,divorced,secondary,no,74,yes,no,74,2,287,2,failure,no
58,married,secondary,no,950,yes,no,49,1,303,1,failure,no
35,married,secondary,no,156,yes,no,302,1,283,3,failure,no
48,married,secondary,no,1794,yes,yes,97,1,343,2,failure,no
48,divorced,tertiary,no,84,yes,no,14,5,364,5,failure,no
31,married,secondary,no,8,yes,no,98,2,170,1,failure,no
32,single,secondary,no,259,yes,no,158,3,354,1,failure,no
50,married,secondary,no,20,yes,no,57,1,303,1,failure,no
44,married,secondary,no,533,yes,no,153,4,171,3,failure,no
39,married,secondary,no,171,yes,yes,153,1,353,1,failure,no
49,married,secondary,no,4300,yes,yes,134,1,256,6,failure,no
57,married,secondary,no,6005,yes,no,704,1,323,6,failure,yes
23,single,secondary,no,0,yes,no,6,5,350,2,failure,no
32,single,primary,no,1918,yes,no,318,1,172,1,failure,no
53,married,primary,no,0,yes,no,86,1,298,3,failure,no
40,married,secondary,no,408,yes,no,80,1,322,4,failure,no
38,divorced,secondary,no,859,yes,yes,52,1,302,4,failure,no
36,married,secondary,no,0,yes,no,346,1,368,1,failure,no
47,married,secondary,no,265,yes,no,144,2,368,1,failure,no
51,divorced,secondary,no,-35,yes,no,498,1,263,5,failure,no
44,married,secondary,no,227,yes,yes,364,1,262,2,failure,no
31,single,secondary,no,1090,yes,no,50,1,303,1,failure,no
51,divorced,secondary,no,203,yes,no,134,1,170,5,failure,no
45,married,secondary,no,972,yes,no,343,1,282,3,failure,no
41,single,primary,no,0,no,no,239,1,368,2,failure,no
42,married,tertiary,no,0,yes,no,88,1,360,1,failure,no
33,single,secondary,no,1925,yes,no,87,2,67,2,failure,no
38,single,secondary,no,238,yes,no,86,1,366,2,failure,no
36,married,secondary,no,0,yes,no,91,2,170,2,failure,no
44,married,secondary,yes,-204,yes,no,105,1,347,2,failure,no
44,married,secondary,no,1343,yes,yes,414,2,287,2,failure,no
46,single,secondary,no,-100,yes,no,445,2,303,1,failure,no
37,married,primary,no,403,yes,no,318,2,338,1,success,no
40,single,primary,no,109,yes,no,308,1,367,3,failure,no
35,married,secondary,no,70,yes,yes,197,1,350,4,failure,no
42,married,tertiary,no,4,yes,no,579,2,295,1,success,yes
41,married,primary,no,0,yes,no,171,1,368,1,failure,no
47,married,secondary,no,759,yes,no,75,1,323,2,failure,no
37,divorced,secondary,no,638,yes,no,326,1,326,2,success,no
45,married,secondary,no,0,no,no,166,1,340,1,failure,no
42,married,secondary,no,3279,yes,no,261,1,344,1,failure,no
43,married,secondary,no,0,no,yes,9,2,172,5,failure,no
52,married,secondary,no,26,yes,no,191,2,368,1,failure,no
57,married,tertiary,no,830,yes,yes,662,1,367,1,success,yes
34,single,secondary,no,268,yes,no,248,1,343,9,failure,no
46,married,secondary,no,245,yes,no,78,1,359,3,failure,no
42,married,primary,no,258,yes,no,18,1,366,1,failure,no
32,married,primary,no,0,yes,yes,82,2,361,4,failure,no
40,single,secondary,no,287,yes,no,69,1,298,3,failure,no
56,married,tertiary,no,935,yes,no,209,2,172,1,failure,no
36,married,secondary,no,0,yes,no,171,1,172,3,failure,no
36,single,tertiary,no,1531,yes,no,81,3,170,1,failure,no
40,single,tertiary,no,-222,yes,no,291,1,337,1,failure,no
40,married,secondary,no,280,yes,no,435,2,340,3,failure,no
36,married,secondary,no,535,yes,no,121,1,343,3,failure,no
39,single,secondary,no,1685,yes,no,319,1,368,1,failure,no
49,married,secondary,no,-202,yes,yes,608,2,170,5,failure,no
46,divorced,secondary,no,-637,yes,no,218,1,172,1,failure,no
52,married,secondary,no,337,yes,no,247,1,261,4,failure,no
34,married,secondary,no,0,yes,no,325,1,170,2,failure,no
37,married,secondary,no,1314,yes,no,682,2,85,7,success,no
46,married,tertiary,no,740,yes,no,462,1,359,2,failure,no
32,single,secondary,no,2696,yes,no,238,6,169,3,failure,no
28,single,secondary,no,430,yes,no,158,2,350,2,failure,no
44,single,secondary,no,293,yes,no,345,2,358,1,failure,no
34,single,secondary,no,1866,no,no,134,3,185,1,failure,no
41,single,secondary,no,75,yes,no,103,2,344,1,failure,no
37,single,tertiary,no,4543,yes,no,137,1,340,5,failure,no
31,single,tertiary,no,25,yes,no,85,2,368,2,failure,no
31,divorced,primary,no,1,yes,no,36,5,336,9,failure,no
44,married,secondary,no,438,yes,no,37,3,303,1,failure,no
38,divorced,secondary,no,566,yes,no,44,2,275,2,failure,no
57,divorced,primary,no,13,yes,no,323,2,368,2,failure,no
31,divorced,secondary,no,-209,yes,no,154,3,367,2,failure,no
55,divorced,tertiary,no,481,yes,no,147,2,298,3,failure,no
48,married,secondary,no,257,yes,no,186,4,358,11,failure,no
53,married,secondary,no,4493,no,no,286,2,168,3,failure,no
36,divorced,secondary,no,515,yes,yes,104,4,252,3,failure,no
39,married,secondary,no,-762,yes,yes,40,6,343,2,failure,no
50,married,tertiary,no,-470,yes,no,506,2,170,3,failure,no
56,single,primary,no,39,yes,no,191,2,347,5,failure,no
31,single,secondary,no,49,yes,no,187,3,360,2,failure,no
41,married,secondary,no,2576,yes,yes,296,5,361,11,failure,no
52,married,primary,no,863,no,no,224,2,170,3,failure,no
45,divorced,tertiary,no,2237,yes,no,128,3,322,2,failure,no
40,married,secondary,no,498,yes,no,55,2,298,4,failure,no
47,married,primary,no,1374,no,yes,479,2,359,3,failure,yes
43,married,secondary,no,490,yes,no,216,2,368,2,failure,no
36,married,secondary,no,23,yes,no,152,2,347,1,failure,no
35,married,tertiary,no,387,yes,no,1024,3,347,3,failure,yes
30,married,secondary,no,23,yes,no,129,2,359,4,failure,no
42,married,tertiary,no,-556,yes,yes,682,3,347,3,failure,yes
39,married,secondary,no,0,yes,no,283,3,296,5,failure,no
36,married,primary,no,0,yes,no,108,2,367,2,failure,no
32,married,secondary,no,95,yes,no,265,4,337,2,failure,no
34,married,secondary,no,471,yes,no,146,3,340,2,failure,no
52,single,tertiary,no,824,no,no,466,1,354,2,failure,no
36,married,secondary,no,153,yes,no,263,1,171,2,failure,no
38,married,secondary,no,395,yes,no,83,1,367,2,failure,no
44,single,secondary,no,140,yes,no,324,2,268,2,failure,no
39,married,primary,no,324,yes,no,340,2,312,4,failure,no
41,married,secondary,no,211,yes,no,546,3,368,4,failure,no
44,divorced,secondary,no,177,yes,no,364,1,365,3,failure,no
42,married,secondary,no,3018,yes,no,288,3,172,2,failure,no
29,single,tertiary,no,572,yes,no,72,6,181,1,success,no
34,divorced,secondary,no,140,yes,no,81,2,365,1,failure,no
42,married,secondary,no,714,yes,yes,211,1,358,5,failure,no
42,divorced,secondary,no,256,no,no,322,1,323,1,failure,no
46,divorced,primary,no,1807,yes,no,62,3,339,2,failure,no
36,married,secondary,no,432,yes,no,61,3,255,2,failure,no
55,married,tertiary,no,1402,yes,no,125,2,175,1,failure,no
43,married,secondary,no,704,yes,no,28,2,306,1,failure,no
57,married,primary,no,-34,yes,yes,108,6,371,2,failure,no
60,married,secondary,no,-396,yes,no,443,1,350,1,failure,no
44,divorced,secondary,no,738,yes,no,55,1,171,8,failure,no
45,married,primary,no,0,yes,no,64,1,362,7,failure,no
54,married,primary,no,943,yes,yes,194,1,340,2,failure,no
38,married,secondary,no,741,yes,no,363,1,343,2,failure,no
40,married,secondary,no,6767,yes,no,431,1,172,2,failure,no
47,married,secondary,no,-59,yes,yes,502,1,343,2,failure,no
35,single,secondary,no,356,yes,no,7,5,171,12,failure,no
36,married,secondary,no,483,yes,no,179,1,304,2,failure,no
50,married,secondary,no,284,yes,no,106,1,278,3,failure,no
44,single,secondary,no,985,yes,yes,9,7,325,19,failure,no
43,divorced,tertiary,no,221,yes,no,313,1,369,2,failure,no
35,divorced,tertiary,no,4515,yes,no,66,3,173,2,failure,no
37,married,primary,no,0,no,no,108,2,306,1,failure,no
38,divorced,secondary,no,0,yes,no,580,1,173,1,failure,no
39,single,tertiary,no,243,no,yes,128,3,371,1,failure,no
35,divorced,tertiary,no,434,yes,no,277,1,271,2,success,no
45,married,primary,no,1265,yes,no,40,8,299,1,success,no
41,single,secondary,no,-109,yes,yes,1038,1,370,1,failure,yes
54,married,tertiary,no,7249,yes,yes,346,1,96,3,failure,no
41,married,primary,no,236,yes,no,65,1,356,2,failure,no
29,married,secondary,no,228,yes,no,12,8,342,9,failure,no
49,divorced,secondary,no,-212,yes,yes,469,1,350,1,failure,no
29,divorced,secondary,no,477,yes,yes,58,1,305,1,failure,no
36,single,secondary,no,866,yes,no,629,1,173,1,failure,yes
35,single,tertiary,no,873,yes,no,197,1,277,2,failure,no
30,single,secondary,no,948,yes,no,150,1,370,2,failure,no
43,divorced,tertiary,no,580,yes,no,1514,1,284,2,failure,yes
46,married,primary,no,101,yes,no,422,1,364,5,success,no
32,married,secondary,no,367,yes,no,214,2,276,3,failure,no
40,married,primary,no,4904,yes,no,248,1,356,1,failure,no
39,married,secondary,no,3047,yes,no,279,1,370,2,failure,no
36,married,secondary,no,-461,no,no,254,2,353,1,failure,no
42,married,secondary,no,4900,yes,no,231,1,284,2,failure,no
33,married,secondary,no,4789,yes,yes,220,1,339,4,failure,no
42,married,secondary,no,-396,yes,no,80,1,308,4,failure,no
45,divorced,tertiary,no,839,yes,no,340,1,264,4,failure,no
37,divorced,secondary,no,295,yes,yes,202,3,265,2,failure,no
44,married,tertiary,no,-8,yes,no,472,1,356,2,failure,no
51,single,secondary,no,726,yes,no,409,1,14,8,success,no
41,married,secondary,no,-312,yes,no,90,1,348,1,failure,no
55,married,tertiary,no,59,yes,no,51,1,305,1,failure,no
30,divorced,primary,no,2597,yes,no,49,1,349,3,failure,no
39,single,secondary,no,283,yes,no,369,2,350,1,failure,no
31,single,secondary,no,0,yes,no,163,1,370,1,failure,no
43,single,secondary,no,518,yes,no,295,1,370,1,failure,no
47,married,secondary,no,71,yes,no,170,1,370,1,failure,no
54,divorced,secondary,no,1252,yes,no,101,1,350,1,failure,no
40,married,tertiary,no,-17,yes,yes,474,1,256,1,success,yes
40,married,primary,no,98,yes,no,240,2,343,5,failure,no
49,divorced,primary,no,24,yes,no,701,1,362,1,success,yes
33,married,secondary,no,358,no,no,231,1,350,1,failure,no
23,single,secondary,no,2412,yes,no,239,5,367,2,failure,no
35,married,secondary,no,2048,yes,no,219,1,173,2,failure,no
56,married,secondary,no,150,yes,yes,102,6,349,1,failure,no
34,married,secondary,no,-10,yes,no,216,1,370,1,failure,no
55,divorced,secondary,no,13,yes,no,190,1,300,2,failure,no
43,divorced,secondary,no,898,yes,no,405,1,174,3,failure,no
32,married,secondary,no,314,yes,no,18,6,172,10,success,no
55,married,secondary,no,2059,yes,no,149,1,259,4,failure,no
37,married,secondary,no,321,yes,no,222,2,300,2,failure,no
38,single,secondary,no,3049,yes,yes,225,1,347,1,failure,no
44,divorced,secondary,no,0,yes,no,151,2,370,2,failure,no
58,divorced,secondary,no,3058,yes,no,114,1,368,1,failure,no
40,single,secondary,no,3,yes,yes,154,1,305,9,failure,no
51,divorced,primary,no,602,yes,no,347,1,284,2,failure,no
51,single,tertiary,yes,-55,yes,no,281,2,266,6,failure,no
39,married,secondary,no,1403,no,no,214,8,326,2,failure,no
38,single,tertiary,no,493,yes,no,553,1,367,7,failure,no
41,married,secondary,no,306,yes,no,86,1,369,2,failure,no
43,married,secondary,no,-416,yes,yes,114,1,301,3,failure,no
39,single,secondary,no,322,yes,no,35,1,350,1,failure,no
42,married,secondary,no,1449,yes,no,177,1,173,1,failure,no
32,divorced,tertiary,no,1145,yes,no,580,1,350,4,success,no
41,married,secondary,no,1395,yes,yes,85,1,308,2,failure,no
36,married,secondary,no,0,yes,no,187,1,174,1,failure,no
37,married,tertiary,no,293,yes,no,304,1,349,4,failure,no
34,single,secondary,no,0,yes,no,66,1,301,3,failure,no
44,married,tertiary,no,0,yes,no,78,2,264,3,failure,no
45,married,primary,no,503,yes,no,313,1,369,2,failure,no
37,single,secondary,no,20,yes,no,207,1,370,1,failure,no
32,single,secondary,no,-23,no,no,185,1,305,1,failure,no
37,married,secondary,no,223,yes,no,552,2,301,2,failure,no
33,married,secondary,no,2366,yes,no,249,1,356,2,failure,no
57,married,secondary,no,5486,yes,no,86,7,285,3,failure,no
50,married,secondary,no,326,yes,no,124,1,369,2,failure,no
37,single,secondary,no,-17,yes,no,400,2,340,2,failure,no
37,married,secondary,no,771,yes,no,262,2,367,4,failure,no
27,single,secondary,no,100,yes,no,177,4,367,1,failure,no
52,married,secondary,no,-178,yes,yes,124,2,347,1,failure,no
31,married,secondary,no,2153,yes,no,239,3,172,1,failure,no
58,married,secondary,no,3867,yes,no,159,1,364,2,failure,no
58,married,secondary,no,1301,yes,no,261,1,286,2,failure,no
52,married,secondary,no,540,yes,no,154,2,340,2,failure,no
35,married,secondary,no,-315,yes,no,330,2,368,2,failure,no
38,married,tertiary,no,-120,yes,no,148,1,367,2,failure,no
43,single,secondary,no,426,yes,no,76,2,304,2,failure,no
38,married,secondary,no,5293,yes,no,475,1,171,6,failure,yes
33,divorced,primary,no,142,yes,no,41,2,300,5,failure,no
50,married,primary,no,199,no,no,228,2,363,2,failure,no
39,married,secondary,no,381,yes,no,758,1,347,2,failure,no
35,single,secondary,no,0,yes,no,371,1,305,1,failure,no
44,married,tertiary,no,254,yes,yes,145,2,300,3,failure,no
35,married,primary,no,-367,yes,no,77,1,350,1,failure,no
56,married,secondary,no,102,yes,no,267,1,369,1,failure,no
44,married,secondary,no,1071,yes,no,143,3,357,1,failure,no
37,divorced,secondary,no,246,yes,no,288,1,360,2,failure,no
33,divorced,secondary,no,-331,yes,yes,186,2,350,3,failure,no
47,married,secondary,no,1571,yes,no,261,1,369,2,failure,no
40,married,secondary,no,695,yes,no,270,1,348,10,failure,no
34,single,secondary,no,213,yes,no,47,1,343,2,failure,no
39,married,secondary,no,1005,yes,yes,204,1,336,2,failure,no
48,married,secondary,no,7985,yes,no,232,2,347,1,failure,no
36,divorced,primary,yes,0,yes,no,97,2,305,1,failure,no
57,married,secondary,no,124,yes,no,296,1,287,12,failure,no
25,single,tertiary,no,931,yes,no,263,2,348,4,failure,no
34,single,secondary,no,395,yes,no,150,2,364,8,failure,no
38,married,secondary,no,0,yes,yes,125,2,304,2,failure,no
42,married,secondary,yes,-204,yes,no,34,1,361,7,failure,no
44,divorced,secondary,no,370,yes,no,128,1,369,1,failure,no
33,single,tertiary,no,48,yes,no,400,1,173,5,failure,no
37,married,primary,no,1653,yes,yes,285,2,349,10,failure,no
57,divorced,secondary,no,99,yes,no,133,2,370,2,failure,no
39,married,secondary,no,27,yes,no,147,3,342,4,failure,no
34,married,secondary,no,-333,yes,no,218,4,285,5,failure,no
35,single,secondary,no,313,yes,no,195,2,301,3,failure,no
48,married,primary,no,222,yes,no,127,2,369,1,failure,no
35,married,tertiary,no,244,yes,no,155,2,173,1,failure,no
55,married,tertiary,no,154,no,no,70,2,367,3,failure,no
31,single,secondary,no,1598,yes,no,152,2,305,1,success,no
36,single,secondary,no,219,yes,yes,270,2,347,1,failure,no
59,married,secondary,no,0,yes,no,437,2,361,5,failure,no
46,divorced,secondary,no,875,yes,yes,269,3,353,2,failure,no
53,married,primary,no,238,yes,no,238,2,361,5,failure,no
48,single,secondary,yes,-470,yes,no,410,2,292,11,failure,no
35,married,secondary,no,6,yes,no,204,2,348,2,failure,no
49,single,secondary,no,-18,yes,no,217,3,264,4,failure,no
50,married,tertiary,no,388,yes,no,258,4,329,2,failure,no
44,single,secondary,no,-497,yes,no,115,2,370,2,failure,no
46,married,secondary,no,2603,yes,yes,50,3,277,2,failure,no
45,married,secondary,no,744,yes,no,211,2,347,1,failure,no
44,married,primary,no,953,yes,no,772,2,357,1,failure,no
37,married,secondary,no,1165,yes,no,304,3,173,7,failure,no
35,married,primary,no,151,yes,no,301,2,298,6,failure,no
40,married,secondary,no,4136,yes,no,508,3,173,5,failure,no
41,married,secondary,no,2067,yes,no,208,4,325,4,failure,no
50,married,primary,no,0,yes,no,503,3,339,2,failure,no
34,married,secondary,no,10,yes,yes,196,2,356,1,failure,no
56,divorced,secondary,no,141,yes,no,63,2,370,2,failure,no
43,married,primary,no,0,yes,no,48,3,285,4,failure,no
36,married,secondary,no,-185,yes,no,167,2,350,2,failure,no
36,single,primary,no,109,yes,no,200,2,370,2,failure,no
42,married,secondary,no,218,yes,no,134,2,361,1,failure,no
43,single,secondary,no,277,yes,no,315,2,363,1,failure,no
59,married,tertiary,no,146,yes,no,97,3,365,6,failure,no
33,single,secondary,no,310,yes,no,54,2,371,1,failure,no
54,married,primary,no,0,yes,no,77,4,341,2,failure,no
34,married,secondary,no,0,yes,yes,34,2,288,12,failure,no
41,married,secondary,no,-648,yes,no,104,3,172,2,failure,no
41,married,tertiary,no,4063,yes,no,14,5,172,2,failure,no
58,married,secondary,no,502,yes,no,197,2,370,3,failure,no
41,single,secondary,no,1734,yes,no,151,2,343,4,failure,no
50,married,secondary,no,8648,no,no,731,3,176,1,failure,yes
54,married,secondary,no,87,yes,no,20,8,350,9,failure,no
43,married,tertiary,no,591,yes,no,123,4,277,2,failure,no
34,married,secondary,no,165,no,no,99,1,370,1,failure,no
34,divorced,secondary,no,479,yes,no,515,1,350,5,failure,yes
40,married,primary,no,780,yes,no,206,1,357,1,failure,no
41,married,primary,no,254,yes,no,25,1,309,3,failure,no
55,single,secondary,no,99,yes,no,300,1,370,3,failure,no
32,married,secondary,no,169,yes,no,85,4,350,1,failure,no
37,divorced,secondary,no,1655,yes,no,178,1,175,2,failure,no
32,divorced,tertiary,no,146,yes,no,69,1,361,1,failure,no
37,married,secondary,no,1109,yes,no,62,1,354,5,failure,no
38,single,primary,no,199,yes,no,1203,1,306,1,failure,yes
55,married,primary,no,2102,yes,no,64,4,371,1,failure,no
37,married,primary,no,0,yes,no,631,1,344,1,success,no
39,married,secondary,no,25,yes,yes,658,1,351,3,failure,yes
46,married,secondary,no,278,yes,no,207,1,306,1,failure,no
34,married,secondary,no,7,yes,no,377,1,357,1,failure,no
38,divorced,secondary,no,1533,yes,no,366,1,172,4,success,no
30,single,tertiary,no,112,yes,yes,451,2,349,2,failure,no
53,single,secondary,no,545,yes,no,305,1,370,1,failure,no
47,married,secondary,no,216,yes,no,104,3,371,2,failure,no
54,divorced,tertiary,no,349,yes,no,176,2,175,1,failure,no
43,divorced,secondary,no,1076,yes,no,223,1,363,1,failure,no
33,married,secondary,no,1034,yes,no,23,6,295,6,failure,no
41,married,secondary,no,598,yes,no,69,3,364,11,failure,no
36,single,tertiary,no,687,yes,no,43,1,347,2,failure,no
43,married,secondary,no,323,yes,yes,43,3,369,2,failure,no
60,divorced,tertiary,no,-134,no,no,243,1,271,4,failure,no
29,single,tertiary,no,135,yes,no,245,1,356,1,failure,no
40,divorced,secondary,no,1194,yes,no,517,1,173,2,failure,no
41,married,secondary,no,1535,yes,no,261,1,363,1,success,no
38,married,secondary,no,1616,yes,no,168,5,288,3,failure,no
40,married,primary,no,106,yes,no,23,1,370,1,failure,no
30,married,secondary,no,265,yes,no,342,1,354,2,failure,no
43,married,primary,no,188,yes,no,58,3,347,5,failure,no
43,single,secondary,no,24,no,no,68,1,363,1,failure,no
39,married,primary,no,476,yes,no,212,1,349,4,failure,no
37,divorced,secondary,no,1573,yes,no,639,3,326,10,failure,no
43,married,primary,no,-404,yes,yes,205,2,306,1,failure,no
47,married,secondary,no,311,yes,yes,238,1,301,3,failure,no
53,married,secondary,no,218,yes,no,27,6,344,12,failure,no
49,married,tertiary,no,666,yes,no,337,1,309,6,failure,no
41,married,secondary,no,277,yes,no,152,3,351,2,failure,no
32,married,secondary,no,522,yes,yes,272,5,258,4,failure,no
44,married,primary,no,103,yes,no,79,1,329,2,failure,no
30,single,secondary,no,-158,yes,no,426,1,370,2,failure,yes
34,married,secondary,no,-53,yes,no,196,2,357,1,failure,no
46,married,secondary,no,66,yes,no,211,1,364,3,failure,no
49,married,secondary,no,425,yes,no,816,1,342,4,failure,no
42,single,tertiary,no,-411,yes,no,78,5,292,3,failure,no
45,married,primary,no,0,yes,yes,36,3,172,5,failure,no
55,married,secondary,no,859,no,no,148,6,308,1,failure,no
36,married,secondary,no,339,yes,no,279,1,354,1,failure,no
52,divorced,secondary,no,3029,yes,yes,65,2,285,2,failure,no
48,divorced,secondary,no,162,yes,no,83,1,368,4,failure,no
51,married,primary,no,480,yes,no,189,1,326,5,failure,no
28,single,secondary,no,242,yes,yes,256,1,349,1,failure,no
37,married,secondary,no,1543,yes,no,451,4,85,2,success,no
27,single,tertiary,no,498,yes,no,191,1,369,3,failure,no
37,married,secondary,no,342,yes,no,340,2,175,1,failure,no
39,single,tertiary,no,5073,yes,no,1182,1,286,4,failure,yes
36,divorced,secondary,no,69,yes,no,61,2,369,3,failure,no
51,married,primary,no,42,yes,no,51,2,342,3,failure,no
39,married,secondary,no,607,yes,no,454,2,364,3,failure,yes
32,married,secondary,no,1787,yes,no,87,4,357,4,failure,no
33,married,secondary,no,2858,yes,yes,175,1,298,5,failure,no
45,married,primary,no,353,yes,no,204,1,364,1,failure,no
37,married,secondary,no,-251,yes,no,146,3,370,1,failure,no
37,married,secondary,no,3420,yes,no,77,1,301,2,failure,no
36,single,primary,no,5,no,no,396,1,172,3,failure,no
32,married,secondary,no,0,yes,no,549,1,368,2,failure,no
37,married,secondary,no,42,yes,no,107,3,369,4,failure,no
39,single,tertiary,no,0,yes,no,561,4,369,3,failure,no
47,married,secondary,no,367,yes,no,309,1,306,4,success,yes
42,married,tertiary,no,0,no,yes,139,3,361,4,failure,no
59,married,secondary,no,92,yes,no,139,2,350,1,failure,no
35,single,secondary,no,855,yes,no,549,1,300,1,success,yes
26,married,tertiary,no,38,yes,no,119,1,294,5,failure,no
40,single,secondary,no,1547,yes,no,88,2,173,1,success,no
36,married,primary,no,300,yes,no,57,1,342,1,failure,no
34,married,secondary,no,210,yes,yes,211,2,173,1,failure,no
29,married,tertiary,no,13186,yes,no,322,1,350,2,failure,no
35,single,secondary,no,10,no,yes,357,1,175,4,failure,no
33,divorced,secondary,no,-417,no,no,337,1,347,5,failure,no
51,married,primary,no,1164,yes,no,100,1,369,2,failure,no
35,single,secondary,no,68,yes,no,334,1,347,6,failure,no
30,single,secondary,no,0,yes,no,271,1,349,4,failure,no
35,divorced,secondary,no,0,yes,yes,95,4,357,1,failure,no
40,married,secondary,no,0,yes,no,223,4,258,3,failure,no
40,married,secondary,no,419,yes,yes,92,1,369,1,failure,no
56,married,primary,no,373,yes,no,179,1,350,1,failure,no
44,married,primary,no,887,yes,no,165,2,363,1,failure,no
37,divorced,secondary,no,-38,yes,no,165,1,175,2,failure,no
37,married,secondary,no,335,yes,no,107,2,368,2,failure,no
31,married,primary,no,2581,no,no,240,1,365,2,failure,no
46,married,primary,no,804,yes,no,1063,2,361,1,success,yes
52,married,primary,no,-637,yes,yes,161,5,174,2,failure,no
41,divorced,secondary,no,139,yes,no,178,3,370,1,failure,no
49,divorced,secondary,no,1598,yes,no,76,2,348,1,failure,no
33,divorced,tertiary,no,-634,yes,yes,163,2,350,1,failure,no
44,married,tertiary,no,870,yes,yes,118,2,369,1,failure,no
59,married,secondary,no,1575,yes,no,301,3,263,11,success,no
46,married,primary,no,4170,yes,yes,118,2,357,3,failure,no
54,married,secondary,no,143,yes,no,278,2,309,5,failure,no
50,single,secondary,no,5816,yes,no,217,1,175,2,failure,no
36,married,secondary,no,98,yes,no,415,1,344,1,failure,no
33,single,secondary,no,-15,no,no,326,3,350,2,failure,no
50,divorced,primary,no,15,yes,no,173,2,350,7,failure,no
40,single,tertiary,no,-50,yes,no,306,2,350,1,failure,no
40,married,secondary,no,1116,yes,no,350,5,286,2,failure,no
40,married,primary,no,1411,yes,no,224,2,357,2,failure,no
40,married,secondary,no,327,yes,no,474,2,357,1,failure,no
49,married,secondary,no,5058,no,no,255,2,357,4,failure,no
30,married,primary,no,190,no,no,29,2,370,1,failure,no
43,married,secondary,no,422,yes,no,181,2,300,1,failure,no
43,married,primary,no,-25,yes,no,254,4,365,2,failure,no
25,single,secondary,no,1116,yes,no,85,2,71,3,failure,no
33,married,secondary,no,204,yes,yes,142,2,357,3,failure,no
41,married,primary,no,5560,yes,no,280,2,335,3,failure,no
31,married,primary,no,-199,yes,yes,149,5,299,10,failure,no
49,divorced,tertiary,no,108,yes,no,288,2,350,2,failure,no
59,married,secondary,no,145,yes,no,556,2,287,13,success,yes
31,single,tertiary,no,2592,no,no,349,2,174,1,failure,no
45,married,tertiary,no,677,yes,no,253,3,334,2,failure,no
46,divorced,secondary,no,984,yes,no,181,4,369,5,failure,no
55,married,secondary,no,167,yes,no,178,3,357,7,failure,no
39,married,secondary,no,5092,yes,no,206,2,329,6,failure,no
58,married,primary,no,1153,yes,yes,206,6,337,6,failure,no
52,married,primary,no,752,yes,no,339,4,347,2,failure,no
43,married,primary,no,555,yes,no,175,2,369,2,failure,no
38,divorced,secondary,no,5733,yes,no,173,8,278,4,failure,no
48,divorced,secondary,no,201,yes,no,242,3,371,2,failure,no
60,married,secondary,no,-247,yes,no,472,2,351,1,failure,no
46,married,secondary,no,1583,yes,no,175,5,278,7,failure,no
37,married,secondary,no,807,yes,no,807,3,172,4,failure,no
33,single,secondary,no,422,yes,no,235,2,361,2,failure,no
43,married,primary,no,250,yes,no,144,5,342,16,failure,no
38,single,primary,no,12130,yes,no,455,2,328,13,failure,no
40,married,secondary,no,949,yes,no,285,3,287,8,failure,no
38,married,primary,no,1455,yes,no,101,2,356,2,failure,no
34,married,primary,no,1309,yes,no,456,2,364,1,failure,no
40,married,primary,no,332,yes,no,339,2,369,3,failure,no
32,single,tertiary,no,933,yes,no,147,4,307,1,failure,no
40,married,primary,no,1397,yes,no,58,2,334,1,failure,no
46,married,secondary,no,404,yes,no,1388,7,347,2,failure,no
42,married,primary,no,402,no,no,31,7,330,17,failure,no
35,single,secondary,no,399,yes,no,496,2,345,3,failure,yes
28,married,secondary,no,-302,yes,no,152,4,366,3,failure,no
46,single,tertiary,no,1410,yes,no,91,5,175,9,failure,no
57,married,primary,no,13,yes,no,164,2,366,2,failure,no
39,married,primary,no,800,yes,no,53,5,175,6,failure,no
29,single,secondary,no,154,yes,no,20,6,358,9,failure,no
38,single,tertiary,no,876,yes,no,5,7,355,4,failure,no
31,single,tertiary,no,253,yes,no,82,5,355,4,failure,no
36,married,secondary,no,1088,yes,no,77,2,345,2,failure,no
42,married,secondary,no,-141,yes,yes,211,3,345,3,failure,no
43,married,secondary,no,3,yes,no,26,1,174,2,failure,no
34,single,tertiary,no,7263,yes,no,38,1,37,1,failure,no
57,divorced,secondary,no,-663,yes,no,210,1,351,2,failure,no
33,married,secondary,no,20,yes,yes,259,1,370,3,failure,no
40,single,tertiary,no,406,yes,no,130,1,371,1,failure,no
55,married,secondary,no,918,yes,no,87,3,364,1,failure,no
36,married,primary,no,319,yes,no,774,2,301,1,failure,yes
33,married,secondary,no,17,yes,no,74,1,351,1,failure,no
40,single,secondary,no,82,yes,no,135,6,370,5,failure,no
32,single,tertiary,no,7444,yes,yes,22,1,370,1,failure,no
46,married,primary,no,512,no,no,32,1,301,1,failure,no
34,married,primary,no,412,yes,no,217,1,287,2,failure,no
51,single,secondary,no,516,yes,no,370,1,363,1,failure,no
30,single,secondary,no,115,no,no,152,1,351,1,failure,no
32,single,secondary,no,481,yes,no,150,3,174,4,failure,no
38,single,secondary,no,864,yes,no,364,1,348,1,failure,no
28,single,primary,no,431,yes,no,68,2,363,2,failure,no
38,single,secondary,no,61,yes,no,109,1,359,8,failure,no
33,divorced,tertiary,no,312,yes,yes,23,1,359,3,failure,no
31,single,secondary,no,397,yes,no,134,1,350,7,failure,no
42,married,primary,yes,-581,yes,no,224,1,370,2,failure,no
32,married,secondary,no,413,yes,no,67,1,365,1,failure,no
37,married,secondary,no,393,yes,yes,95,1,357,1,failure,no
37,divorced,secondary,no,719,yes,no,118,1,365,1,failure,no
28,single,secondary,yes,-2,yes,yes,172,2,364,5,failure,no
50,married,tertiary,no,2809,yes,no,200,2,259,9,failure,no
36,single,secondary,no,2151,yes,no,134,1,370,1,failure,no
51,married,primary,no,40,yes,no,79,1,370,1,failure,no
50,divorced,tertiary,no,100,yes,yes,157,1,299,3,failure,no
23,married,secondary,no,14,yes,yes,19,8,358,1,failure,no
33,married,secondary,no,1905,yes,no,39,1,301,2,success,no
39,divorced,secondary,no,807,yes,yes,69,1,260,6,failure,no
58,married,secondary,no,6004,yes,no,133,1,274,6,failure,no
35,married,secondary,no,1831,yes,no,96,2,358,2,failure,no
55,divorced,tertiary,no,2171,yes,yes,318,5,176,1,success,no
35,married,secondary,no,233,yes,no,66,1,176,1,failure,no
31,married,secondary,no,131,yes,no,294,1,370,1,failure,no
55,married,primary,no,-636,yes,no,15,5,348,3,failure,no
33,married,secondary,no,221,yes,no,669,1,355,4,failure,yes
33,divorced,tertiary,no,219,yes,no,93,1,301,1,failure,no
30,married,secondary,no,975,yes,no,256,2,351,2,failure,no
42,married,secondary,no,2157,yes,no,149,1,364,2,failure,no
50,married,primary,no,0,yes,no,131,1,364,2,failure,no
38,single,primary,no,3715,yes,no,41,2,327,17,failure,no
32,married,primary,no,50,yes,no,275,1,370,2,failure,no
28,divorced,secondary,no,451,yes,no,302,1,301,1,success,yes
41,single,primary,no,340,yes,no,262,1,349,1,failure,no
36,married,primary,no,828,no,no,1512,1,345,8,failure,yes
45,married,primary,no,58,yes,no,119,3,371,3,failure,no
32,single,secondary,no,2137,no,no,423,1,349,1,failure,no
50,married,primary,no,953,yes,no,315,1,364,2,failure,no
32,married,tertiary,no,1503,yes,yes,44,1,278,2,failure,no
43,divorced,tertiary,no,497,no,no,66,1,363,22,failure,no
33,married,secondary,no,350,yes,no,205,1,350,2,failure,no
34,single,secondary,no,2764,yes,no,158,1,357,1,failure,no
52,married,secondary,no,7180,yes,no,276,1,364,1,success,no
50,married,primary,no,246,yes,no,234,2,299,5,failure,no
39,married,primary,no,3419,yes,no,155,1,327,5,failure,no
27,divorced,secondary,no,0,yes,no,363,1,359,3,failure,no
42,single,secondary,no,1080,yes,yes,951,3,370,4,failure,yes
50,married,secondary,no,7317,yes,no,172,1,370,1,failure,no
27,single,secondary,no,268,yes,no,528,1,358,2,failure,no
38,single,secondary,no,18,no,no,296,1,366,6,failure,no
35,married,secondary,no,247,yes,yes,114,1,352,5,failure,no
35,married,secondary,no,34,yes,no,249,2,365,3,failure,no
52,married,secondary,no,33,no,yes,204,1,331,3,success,no
36,married,primary,no,413,yes,no,60,1,176,1,failure,no
42,married,primary,no,759,yes,no,80,1,343,10,failure,no
37,married,tertiary,no,596,yes,no,281,1,345,2,failure,no
29,single,tertiary,no,0,yes,no,155,1,351,1,failure,no
28,single,secondary,no,584,yes,no,354,1,370,2,failure,no
32,married,secondary,no,1779,yes,no,191,1,342,2,failure,no
35,married,secondary,no,577,no,no,55,1,364,1,failure,no
31,single,secondary,no,387,yes,no,228,2,370,1,failure,no
32,married,primary,no,309,yes,no,185,1,370,3,failure,no
44,married,primary,no,186,yes,no,152,1,370,1,failure,no
44,married,secondary,no,1311,yes,no,184,1,364,1,failure,no
35,married,primary,no,455,yes,no,573,7,327,3,failure,no
31,married,tertiary,no,623,yes,no,96,2,349,5,failure,no
37,married,tertiary,no,1852,no,no,117,2,370,1,failure,no
44,divorced,primary,no,25,yes,no,201,1,344,7,failure,no
43,married,secondary,no,171,yes,no,96,1,364,1,failure,no
25,single,tertiary,no,1954,yes,yes,66,1,351,1,failure,no
53,married,secondary,no,8892,yes,no,177,1,174,1,failure,no
34,single,tertiary,no,76,yes,no,747,2,371,3,failure,yes
47,divorced,tertiary,no,-49,yes,no,14,6,327,23,failure,no
36,divorced,secondary,no,52,yes,no,152,1,348,1,failure,no
50,married,primary,no,216,yes,no,137,1,369,2,failure,no
51,married,primary,no,3185,yes,no,154,1,174,2,failure,no
28,married,secondary,yes,65,yes,yes,165,1,300,1,failure,no
47,married,primary,no,-287,yes,no,201,1,348,3,failure,no
32,married,secondary,no,28,yes,no,88,1,370,1,failure,no
36,married,secondary,no,55,yes,no,38,2,369,4,failure,no
31,married,primary,no,1127,yes,no,43,1,349,1,failure,no
59,married,secondary,no,771,no,no,125,2,370,3,failure,no
36,married,tertiary,no,481,yes,no,215,1,175,3,failure,no
32,single,secondary,no,416,yes,no,290,1,176,2,failure,no
38,single,secondary,no,3344,yes,no,143,1,352,5,failure,no
40,married,secondary,no,-378,yes,yes,541,1,295,6,failure,no
34,married,secondary,no,7063,yes,no,309,1,350,9,failure,no
37,married,secondary,no,0,yes,no,54,1,300,1,failure,no
30,divorced,secondary,no,341,yes,no,54,1,174,1,success,no
41,married,secondary,no,158,yes,no,426,1,50,2,failure,no
44,divorced,secondary,no,338,yes,no,133,1,370,1,failure,no
33,married,secondary,no,162,yes,no,135,1,364,2,failure,no
30,married,secondary,no,396,yes,no,366,3,348,2,failure,yes
32,married,secondary,no,1670,no,no,223,1,299,2,failure,no
37,divorced,secondary,no,1040,yes,no,199,1,173,2,failure,no
47,married,primary,no,-169,no,yes,234,1,349,3,failure,no
43,divorced,secondary,no,484,yes,no,180,2,173,6,failure,no
34,married,secondary,no,0,yes,no,68,4,357,3,success,no
59,married,primary,no,-91,yes,no,239,1,369,5,failure,no
37,married,secondary,no,513,yes,no,134,1,362,3,failure,no
32,divorced,tertiary,no,1804,yes,no,122,1,355,1,failure,no
37,single,tertiary,no,0,yes,no,109,1,344,1,failure,no
37,married,secondary,no,198,yes,no,156,5,369,2,failure,no
30,married,primary,no,236,yes,no,44,1,364,1,failure,no
40,divorced,secondary,no,282,yes,no,240,1,300,1,failure,no
44,single,secondary,no,-228,yes,yes,38,1,362,2,failure,no
27,married,tertiary,no,79,yes,yes,201,1,369,3,failure,no
51,married,secondary,no,-13,yes,no,361,1,364,1,failure,no
35,single,tertiary,no,1396,yes,no,809,1,300,1,failure,yes
38,married,secondary,no,780,yes,no,262,1,343,5,failure,no
35,married,secondary,no,1546,yes,no,156,1,174,4,failure,no
39,married,secondary,no,4741,yes,no,166,1,338,10,failure,no
51,divorced,primary,no,-19,yes,no,829,1,296,11,failure,yes
35,married,secondary,no,0,yes,yes,291,8,293,1,failure,no
43,divorced,secondary,no,47,yes,yes,163,2,370,1,failure,no
36,single,tertiary,no,181,yes,no,159,2,278,4,failure,no
55,married,primary,no,1691,yes,no,358,2,174,1,failure,no
34,married,secondary,no,467,yes,no,195,2,357,2,failure,no
44,divorced,tertiary,no,388,yes,no,246,2,370,2,success,no
40,married,secondary,no,125,yes,no,119,2,370,1,failure,no
33,divorced,tertiary,no,5550,yes,no,124,2,278,4,failure,no
47,divorced,tertiary,no,846,yes,no,85,2,370,2,failure,no
37,single,tertiary,no,72,yes,no,98,2,370,1,failure,no
37,married,secondary,no,426,yes,no,323,3,345,3,failure,no
53,married,tertiary,no,-1112,yes,no,53,3,308,1,failure,no
33,married,primary,no,410,yes,no,396,2,355,2,failure,no
41,married,secondary,no,471,yes,no,954,2,293,4,success,yes
38,married,tertiary,no,0,yes,no,537,5,303,2,failure,no
57,divorced,tertiary,no,408,yes,no,402,2,351,1,failure,no
39,married,secondary,no,9618,yes,no,94,2,338,1,failure,no
44,single,secondary,no,33,yes,no,195,3,351,10,failure,no
37,married,secondary,no,-308,yes,no,168,4,310,11,failure,no
45,married,secondary,no,577,yes,no,154,2,350,3,failure,no
37,married,secondary,no,1328,yes,no,121,2,341,4,failure,no
42,married,secondary,no,-336,yes,no,318,3,303,2,failure,no
35,married,secondary,no,712,yes,yes,255,2,264,5,failure,no
39,single,tertiary,no,93,yes,yes,196,2,331,3,failure,no
60,divorced,secondary,no,0,yes,no,65,4,350,6,failure,no
47,married,primary,no,6150,yes,no,444,2,174,2,failure,no
46,married,primary,no,5461,yes,no,562,2,174,2,success,no
50,divorced,secondary,no,-54,yes,yes,698,2,292,1,failure,yes
49,married,secondary,no,2409,yes,no,272,4,293,2,failure,no
58,married,tertiary,no,4152,yes,no,76,7,13,6,success,no
57,married,secondary,no,25,yes,no,378,2,359,1,failure,no
46,married,tertiary,no,1103,yes,no,185,2,278,3,failure,no
42,divorced,tertiary,no,47,yes,no,222,2,370,1,failure,no
35,single,secondary,no,9,yes,no,84,2,364,2,failure,no
45,divorced,secondary,no,809,yes,no,155,2,363,4,failure,no
51,married,secondary,no,107,yes,no,99,2,369,4,failure,no
34,single,secondary,no,39,no,no,254,2,299,3,failure,no
51,married,primary,no,1203,yes,yes,25,4,350,7,failure,no
40,married,primary,no,104,yes,no,277,2,343,2,failure,no
37,married,secondary,no,68,yes,yes,151,2,351,1,failure,no
39,married,secondary,no,0,yes,no,513,3,176,2,failure,no
42,married,secondary,no,108,yes,yes,225,2,365,7,failure,no
32,married,secondary,no,335,yes,no,240,3,370,1,failure,no
35,married,primary,no,298,yes,no,135,2,370,2,failure,no
40,married,primary,no,830,yes,no,873,3,370,2,failure,yes
31,single,secondary,no,1510,yes,no,72,4,176,1,failure,no
38,single,secondary,no,1354,yes,no,364,2,343,4,failure,no
49,married,tertiary,no,4976,yes,no,36,9,173,1,failure,no
35,married,secondary,no,-255,yes,no,196,3,265,2,failure,no
32,married,secondary,no,-446,no,no,126,2,344,1,failure,no
42,divorced,secondary,no,83,no,no,300,5,358,6,failure,no
35,divorced,secondary,no,78,yes,no,630,3,371,3,failure,no
47,single,secondary,no,897,yes,no,48,4,176,2,failure,no
28,single,secondary,no,5,yes,no,178,2,360,3,failure,no
26,single,tertiary,no,130,yes,no,24,7,302,1,failure,no
31,married,tertiary,no,22546,yes,no,8,6,267,4,failure,no
32,married,secondary,no,822,yes,no,19,8,366,6,failure,no
47,married,secondary,no,120,yes,no,18,6,365,11,failure,no
39,married,tertiary,no,0,yes,no,11,15,261,38,failure,no
44,divorced,secondary,no,206,yes,no,78,1,365,1,failure,no
44,divorced,secondary,no,130,yes,no,263,1,371,1,failure,no
36,divorced,secondary,no,437,yes,no,722,2,344,1,success,yes
33,single,secondary,no,1615,yes,no,178,8,174,3,failure,no
49,married,secondary,no,-205,yes,yes,6,6,309,1,failure,no
34,married,secondary,no,529,yes,no,325,1,351,3,failure,no
33,single,secondary,no,223,yes,yes,15,11,352,4,failure,no
27,married,secondary,no,1028,yes,yes,580,1,329,1,failure,no
26,single,primary,no,619,yes,yes,720,1,352,1,failure,no
37,divorced,secondary,no,241,yes,no,189,1,371,1,failure,no
31,married,secondary,no,179,yes,no,365,1,351,1,failure,no
32,single,tertiary,no,13711,yes,no,638,1,175,3,success,no
52,married,secondary,no,2216,yes,yes,161,1,332,8,failure,no
32,single,secondary,no,-133,yes,no,119,1,352,2,failure,no
35,divorced,secondary,no,-566,yes,no,151,2,353,2,failure,no
39,married,secondary,no,49,yes,no,566,1,370,2,failure,no
29,single,secondary,no,25,yes,no,244,1,343,2,failure,no
31,married,secondary,no,125,yes,no,201,1,350,2,failure,no
31,single,tertiary,no,328,yes,no,414,1,175,1,failure,no
31,married,primary,no,554,yes,no,317,1,352,5,failure,no
44,married,secondary,no,500,yes,no,86,2,304,2,failure,no
32,married,secondary,no,1914,yes,no,532,1,358,1,failure,no
38,married,secondary,no,66,yes,no,51,1,365,7,failure,no
36,divorced,secondary,no,869,yes,no,102,1,350,1,failure,no
43,married,secondary,no,117,yes,no,73,1,370,1,failure,no
56,married,primary,no,828,yes,no,214,1,349,1,failure,no
26,single,secondary,no,66,yes,no,451,1,339,3,failure,no
31,single,tertiary,no,17924,yes,no,745,1,174,3,failure,yes
55,divorced,primary,no,8180,no,no,854,2,360,1,failure,yes
44,single,secondary,no,275,yes,no,7,5,367,4,failure,no
37,married,secondary,no,720,yes,no,365,6,36,3,failure,no
40,married,secondary,no,270,yes,no,255,2,345,1,failure,no
43,married,primary,no,62,yes,no,133,1,300,3,failure,no
35,married,secondary,no,3863,yes,no,125,1,175,1,failure,no
35,single,tertiary,no,-146,yes,no,279,1,266,1,failure,no
35,single,secondary,no,4963,yes,no,456,1,300,1,failure,yes
31,married,secondary,no,8781,yes,no,680,1,177,1,success,yes
28,married,secondary,no,373,yes,no,10,9,344,1,failure,no
29,married,secondary,no,6429,yes,yes,535,1,352,2,failure,no
38,single,secondary,no,1211,yes,no,498,1,358,1,success,no
53,divorced,primary,no,146,yes,no,149,1,370,1,failure,no
50,married,secondary,no,-581,yes,no,877,2,345,5,failure,no
48,divorced,secondary,no,-407,yes,no,210,2,352,1,failure,no
54,married,secondary,no,1139,yes,no,155,1,177,7,failure,no
31,single,secondary,no,183,yes,no,258,1,300,1,success,no
55,married,primary,no,366,yes,no,161,1,364,1,failure,no
29,single,tertiary,no,21,yes,no,107,4,371,3,failure,no
48,married,primary,no,214,yes,yes,307,1,177,2,failure,yes
42,single,primary,no,22,yes,no,116,4,365,1,failure,no
25,single,secondary,no,963,yes,no,230,4,301,1,failure,no
55,married,secondary,no,785,yes,no,47,1,370,2,failure,no
42,married,secondary,no,718,yes,no,201,2,365,2,failure,no
33,married,secondary,no,687,yes,no,72,2,370,1,failure,no
30,single,secondary,no,43,yes,no,91,1,370,2,failure,no
40,married,primary,no,3705,yes,no,23,1,332,1,failure,no
30,married,secondary,no,15,yes,yes,524,1,370,2,failure,no
46,married,secondary,no,431,yes,no,157,4,367,1,failure,no
60,married,secondary,no,1407,yes,no,112,1,370,1,failure,no
34,married,secondary,no,175,yes,no,50,2,364,2,failure,no
29,married,secondary,no,231,no,no,1075,1,14,1,failure,yes
37,divorced,secondary,no,5957,yes,no,64,3,177,2,failure,no
41,married,secondary,no,580,yes,no,874,1,363,1,failure,yes
31,single,secondary,no,7567,no,no,287,1,276,2,failure,no
51,single,secondary,no,708,yes,no,391,1,364,1,failure,no
26,single,tertiary,no,468,yes,no,221,2,364,1,failure,no
47,married,secondary,no,1934,no,yes,225,1,364,1,failure,no
36,married,secondary,no,1825,yes,no,24,1,346,1,failure,no
36,single,secondary,no,-206,yes,no,419,1,360,4,failure,no
42,married,tertiary,no,171,yes,no,135,1,176,5,failure,no
45,married,primary,no,276,yes,yes,586,1,364,1,failure,no
34,married,tertiary,no,273,yes,no,492,1,175,2,failure,yes
39,married,secondary,no,-220,yes,no,282,1,352,2,failure,no
33,single,primary,no,60,yes,no,74,1,290,2,failure,no
33,single,tertiary,no,-149,yes,no,111,1,296,3,failure,no
33,single,secondary,no,287,yes,no,97,1,358,8,failure,no
31,single,secondary,no,23,yes,no,97,1,370,1,failure,no
44,married,primary,no,1342,yes,yes,112,2,370,2,failure,no
53,married,tertiary,no,261,yes,no,154,2,336,2,failure,no
36,divorced,tertiary,no,1354,yes,no,1723,1,356,2,success,yes
52,divorced,tertiary,no,482,yes,no,162,4,365,1,failure,no
42,single,primary,no,1179,yes,no,136,1,337,4,failure,no
48,divorced,secondary,no,65,yes,no,146,1,370,1,failure,no
33,married,secondary,no,249,yes,no,7,7,287,4,failure,no
28,married,secondary,no,58,yes,no,16,6,351,1,failure,no
35,divorced,secondary,no,221,yes,no,150,1,360,1,failure,no
27,married,secondary,no,-330,yes,yes,88,1,353,2,failure,no
45,married,secondary,no,87,yes,no,96,1,360,3,failure,no
34,single,tertiary,no,28,yes,no,175,1,358,2,failure,no
38,married,tertiary,no,89,yes,no,71,1,360,10,failure,no
23,single,secondary,no,650,yes,no,136,1,367,4,failure,no
56,married,secondary,no,-256,yes,yes,92,1,370,2,failure,no
39,single,primary,no,-100,yes,no,159,1,358,2,failure,no
35,single,tertiary,no,478,yes,no,107,1,265,2,failure,no
47,married,primary,no,881,yes,no,143,1,370,2,failure,no
46,married,secondary,no,130,yes,no,106,1,349,1,failure,no
32,married,tertiary,no,15,no,no,226,1,346,1,failure,no
25,single,secondary,no,1235,yes,yes,64,1,349,3,failure,no
28,married,tertiary,no,335,yes,no,256,1,322,3,success,no
42,divorced,primary,no,1563,yes,no,164,2,364,1,failure,no
43,married,primary,no,2567,yes,no,109,1,360,2,failure,no
35,divorced,secondary,no,336,yes,no,191,1,346,2,failure,yes
32,single,tertiary,no,499,yes,no,182,1,339,2,failure,no
40,single,primary,no,-79,no,no,396,1,370,1,failure,no
35,married,secondary,no,222,yes,no,165,5,177,7,failure,no
36,single,secondary,no,-267,yes,no,99,7,352,1,failure,no
31,single,tertiary,no,0,yes,yes,117,3,352,3,failure,no
29,single,secondary,no,891,yes,no,172,2,352,1,failure,no
40,married,primary,no,105,yes,no,143,2,370,2,failure,no
35,single,primary,no,246,no,no,157,2,345,5,failure,no
37,married,secondary,no,561,yes,no,632,1,339,2,failure,no
40,single,tertiary,no,2258,yes,no,115,3,287,2,failure,no
57,single,primary,no,739,yes,no,172,2,364,1,failure,no
31,single,secondary,no,953,yes,no,479,1,346,2,success,yes
43,married,primary,no,479,yes,no,293,2,370,2,failure,no
38,married,secondary,no,1407,yes,no,169,3,174,7,failure,no
49,married,secondary,no,1039,yes,no,156,2,178,1,failure,no
59,married,primary,no,5788,no,no,56,2,350,2,failure,no
33,married,secondary,no,43,yes,no,332,2,358,2,failure,no
32,single,secondary,yes,-575,yes,no,24,6,346,9,failure,no
33,single,primary,no,405,yes,no,99,4,353,1,failure,no
29,married,secondary,no,64,yes,no,444,2,366,3,failure,no
50,divorced,secondary,no,124,yes,yes,367,2,289,19,failure,no
37,married,primary,no,2079,yes,yes,299,1,360,2,failure,no
27,single,secondary,no,218,yes,no,1462,2,352,1,failure,no
38,married,secondary,no,1731,yes,yes,162,2,350,4,failure,no
31,married,primary,no,392,yes,no,465,2,360,1,failure,no
27,married,secondary,no,806,yes,no,304,2,332,21,failure,no
55,married,primary,no,338,yes,no,8,4,300,5,failure,no
43,married,secondary,no,30,no,no,60,5,371,2,failure,no
31,married,tertiary,no,233,yes,no,241,2,365,10,failure,no
31,married,secondary,no,581,yes,no,303,3,174,3,failure,no
41,single,secondary,no,200,yes,no,353,6,373,2,failure,no
39,single,secondary,no,-143,yes,no,93,2,349,7,failure,no
54,married,secondary,no,-135,yes,no,152,3,370,2,failure,no
30,single,secondary,no,315,yes,no,884,3,346,4,failure,yes
56,married,primary,no,309,yes,no,198,2,367,4,failure,no
35,married,secondary,no,650,yes,no,241,2,349,2,failure,no
55,married,primary,no,-219,yes,no,427,2,364,4,failure,no
30,single,tertiary,no,303,yes,no,176,2,365,4,failure,no
46,divorced,tertiary,no,24598,yes,no,118,4,374,3,failure,no
26,single,secondary,no,681,yes,no,336,2,322,3,failure,no
41,divorced,secondary,no,783,yes,yes,135,3,363,2,failure,no
35,married,secondary,no,911,yes,no,136,2,175,7,failure,no
36,married,primary,no,994,yes,no,154,2,356,8,success,no
47,married,primary,no,-169,yes,yes,172,2,310,1,failure,no
40,married,primary,no,2805,yes,no,173,6,353,23,failure,no
55,divorced,secondary,no,-288,yes,no,62,4,352,2,failure,no
47,single,primary,no,355,yes,no,144,3,366,1,failure,no
42,married,secondary,no,343,yes,no,33,7,365,7,failure,no
31,single,tertiary,no,2030,yes,no,168,2,351,2,failure,no
49,married,primary,no,584,yes,no,167,6,365,1,failure,no
46,married,primary,no,1291,yes,no,142,3,259,17,failure,no
48,married,primary,no,430,no,no,340,3,371,8,failure,no
39,single,secondary,no,522,yes,no,225,7,350,2,failure,no
38,married,secondary,no,215,yes,no,115,2,175,2,failure,no
42,married,primary,no,191,yes,no,382,3,371,1,failure,no
29,married,secondary,no,59,yes,yes,100,3,356,2,failure,no
52,married,tertiary,no,751,no,no,165,4,371,5,failure,no
36,single,secondary,no,568,yes,no,140,3,364,2,failure,no
35,married,primary,no,-167,yes,no,195,3,359,1,failure,no
33,married,secondary,no,101,yes,no,235,2,361,4,failure,no
26,single,secondary,no,787,yes,no,68,2,371,1,failure,no
30,divorced,tertiary,no,317,yes,no,165,3,294,5,failure,no
40,married,tertiary,no,602,yes,no,145,4,360,7,failure,no
39,married,secondary,no,164,yes,no,26,6,373,2,failure,no
42,married,secondary,no,146,yes,yes,670,4,346,1,failure,yes
57,married,secondary,no,530,yes,no,10,7,360,7,failure,no
47,married,secondary,no,175,yes,no,236,4,262,7,failure,no
30,single,tertiary,no,872,yes,no,61,1,298,2,failure,no
42,married,secondary,no,680,yes,no,306,4,365,2,failure,no
30,single,secondary,yes,28,yes,no,778,5,301,1,failure,no
27,married,primary,no,500,yes,no,16,6,365,6,failure,no
32,married,secondary,no,-538,no,yes,233,1,353,1,failure,no
43,married,tertiary,no,28,yes,no,136,1,176,1,failure,no
36,single,tertiary,no,577,yes,no,33,1,298,1,failure,no
31,single,secondary,no,0,yes,no,56,1,176,1,failure,no
28,married,secondary,no,511,yes,no,274,1,319,5,failure,no
44,single,primary,no,36,yes,no,551,1,371,2,failure,yes
25,married,secondary,no,541,yes,no,607,1,344,4,failure,no
34,divorced,secondary,no,176,yes,no,67,1,368,5,failure,no
21,married,primary,no,-172,yes,yes,409,1,361,3,failure,yes
47,divorced,secondary,no,1480,yes,no,144,1,365,1,failure,no
41,divorced,secondary,no,793,yes,no,123,1,365,1,failure,no
51,married,tertiary,no,0,yes,no,60,1,343,7,failure,no
34,married,secondary,no,-257,yes,no,160,1,368,4,failure,no
56,single,secondary,no,-40,yes,no,311,1,368,2,failure,yes
23,single,primary,no,3198,yes,no,224,1,352,2,failure,no
33,single,tertiary,no,7419,yes,no,21,8,331,29,failure,no
33,single,tertiary,no,849,yes,no,128,2,291,5,failure,no
57,married,tertiary,no,334,yes,no,169,2,365,2,failure,no
26,married,secondary,no,77,yes,no,619,1,340,4,failure,yes
35,single,primary,no,85,no,no,213,1,364,1,failure,no
31,married,secondary,no,122,yes,no,49,1,364,1,failure,no
39,married,secondary,no,1102,yes,no,124,1,357,3,failure,no
29,married,secondary,no,368,yes,no,345,1,310,7,failure,no
40,married,secondary,no,192,yes,yes,16,8,351,5,failure,no
38,divorced,tertiary,no,4312,no,no,67,4,175,6,failure,no
60,divorced,secondary,no,174,yes,no,241,1,364,1,failure,no
42,single,primary,no,156,yes,no,7,4,371,5,failure,no
57,divorced,primary,no,179,yes,no,67,1,368,2,failure,no
34,single,tertiary,no,11350,yes,no,153,1,176,1,failure,no
33,married,secondary,no,1996,yes,no,72,2,178,1,failure,no
37,divorced,secondary,no,-59,yes,no,169,1,352,1,failure,no
34,single,tertiary,no,4782,yes,no,160,1,277,1,failure,no
33,divorced,secondary,no,1156,yes,no,612,1,177,2,failure,no
37,married,secondary,no,222,yes,no,7,6,357,1,failure,no
32,single,tertiary,no,388,yes,no,58,1,266,2,failure,no
28,single,secondary,no,769,yes,no,153,1,371,2,failure,no
50,married,primary,no,226,yes,no,98,1,330,5,failure,no
35,married,primary,no,712,yes,no,192,1,347,3,failure,no
24,single,primary,no,145,yes,no,520,1,345,1,failure,no
31,married,primary,no,290,yes,no,148,1,291,3,failure,no
33,married,secondary,no,217,yes,yes,132,5,304,5,failure,no
27,married,secondary,no,484,yes,no,210,1,361,2,failure,no
43,married,secondary,no,-1,yes,no,51,1,311,2,failure,no
36,single,tertiary,no,391,yes,no,185,1,350,8,failure,no
31,single,secondary,no,178,yes,no,415,1,360,5,failure,no
31,single,tertiary,no,699,yes,no,282,4,277,4,failure,no
47,married,secondary,no,1474,yes,no,77,1,368,3,failure,no
30,single,secondary,yes,-228,yes,no,101,1,371,1,failure,no
31,married,tertiary,no,-256,yes,no,272,1,365,5,failure,no
33,single,secondary,no,1211,yes,no,39,1,361,4,failure,no
45,married,tertiary,no,-497,yes,yes,217,1,176,1,failure,no
51,divorced,primary,no,94,yes,no,77,1,297,4,failure,no
35,divorced,secondary,no,534,no,no,669,1,312,3,failure,yes
42,divorced,secondary,no,-106,yes,no,495,1,347,3,failure,no
32,single,secondary,no,2597,yes,no,233,1,368,1,failure,no
28,single,tertiary,no,1372,no,no,48,4,298,1,failure,no
27,married,tertiary,no,1531,yes,no,187,1,367,4,failure,no
35,married,tertiary,no,1265,yes,no,326,5,179,4,failure,yes
32,single,tertiary,no,1531,yes,no,58,1,352,5,failure,no
37,single,primary,no,851,yes,no,151,1,352,1,failure,no
31,single,tertiary,no,4561,yes,no,301,1,274,2,failure,no
26,single,secondary,no,276,yes,no,106,1,368,4,failure,no
33,married,primary,no,1138,yes,yes,122,2,343,4,failure,no
26,single,tertiary,no,641,yes,no,55,1,368,1,failure,no
35,single,secondary,no,705,yes,yes,177,1,361,3,failure,no
53,single,primary,no,210,yes,no,984,1,368,1,failure,no
31,married,secondary,no,685,yes,no,552,1,329,3,failure,yes
32,single,secondary,no,-341,no,no,339,1,345,3,failure,no
29,single,secondary,no,710,yes,yes,51,1,345,2,failure,no
35,single,secondary,no,-89,yes,no,75,1,368,1,failure,no
56,married,secondary,no,276,yes,no,301,1,368,1,failure,no
27,single,secondary,no,-74,yes,no,151,1,345,1,failure,no
32,single,secondary,no,1987,yes,no,36,2,176,2,failure,no
39,married,secondary,no,3165,yes,no,56,1,368,2,failure,no
23,married,secondary,no,-295,yes,no,411,1,323,2,failure,no
29,single,secondary,no,213,yes,no,174,1,361,1,failure,no
28,single,secondary,no,-267,yes,no,145,2,329,4,failure,no
25,single,secondary,no,171,yes,no,178,1,359,2,failure,no
35,divorced,tertiary,no,8903,yes,no,171,1,175,6,failure,no
45,married,primary,no,900,yes,no,26,1,340,1,failure,no
33,single,secondary,no,-198,yes,no,256,1,359,3,success,no
58,married,primary,no,260,yes,no,71,5,364,3,failure,no
32,married,secondary,no,2,yes,no,16,9,309,1,failure,no
41,married,tertiary,no,526,yes,no,229,5,268,4,failure,no
29,married,secondary,no,6567,yes,no,792,2,298,1,failure,yes
25,married,secondary,no,691,yes,no,333,1,330,2,failure,no
34,married,secondary,no,2994,yes,no,358,1,176,1,failure,no
39,married,secondary,no,2139,yes,no,576,4,371,1,failure,yes
44,married,secondary,no,167,yes,no,79,2,373,1,failure,no
53,divorced,tertiary,no,50,yes,no,669,1,337,3,failure,yes
27,married,secondary,no,311,yes,no,50,1,352,1,failure,no
39,married,secondary,no,680,yes,no,135,1,361,2,failure,no
33,married,primary,no,142,yes,no,87,1,368,1,failure,no
29,single,primary,no,722,yes,no,78,1,359,1,failure,no
32,single,secondary,no,6042,yes,no,183,1,361,1,failure,no
49,divorced,secondary,no,132,yes,no,98,1,350,1,failure,no
54,married,secondary,no,582,yes,no,693,5,372,2,failure,yes
29,single,tertiary,no,80,yes,no,15,5,361,1,failure,no
34,married,secondary,no,-285,yes,no,192,1,276,3,failure,no
28,single,secondary,no,217,yes,no,238,2,372,1,failure,no
39,married,secondary,no,-650,no,no,123,2,364,1,failure,no
52,married,primary,no,134,yes,no,81,2,295,3,failure,no
37,single,secondary,no,1175,yes,no,102,1,333,2,failure,no
29,married,secondary,no,339,yes,no,63,3,354,2,failure,no
41,married,tertiary,no,6000,yes,no,217,6,178,1,failure,no
32,married,primary,no,2198,no,no,463,1,175,4,failure,no
30,married,primary,no,95,yes,no,220,2,298,1,failure,no
39,single,secondary,no,12,yes,no,500,2,352,2,failure,no
41,single,secondary,no,2002,yes,no,172,2,350,1,failure,no
58,married,primary,no,5431,yes,yes,327,3,374,1,failure,no
41,divorced,secondary,no,2550,yes,no,894,2,347,2,failure,no
31,married,secondary,no,728,yes,yes,152,1,352,4,failure,no
28,single,secondary,no,-215,yes,no,188,1,360,3,failure,no
50,single,primary,no,181,yes,no,119,4,372,3,failure,no
33,married,secondary,no,1,yes,no,67,4,178,3,failure,no
41,married,secondary,no,2399,yes,no,303,2,351,2,failure,no
39,married,primary,no,315,yes,no,259,3,353,3,failure,no
25,single,secondary,no,507,yes,no,832,1,367,3,failure,yes
23,single,primary,no,8627,yes,no,169,1,346,1,failure,no
21,single,secondary,no,66,yes,no,31,1,330,2,failure,no
28,single,tertiary,no,372,yes,yes,201,3,294,2,success,no
44,married,primary,no,-101,yes,no,679,1,366,4,failure,yes
27,single,secondary,no,940,yes,no,141,1,343,3,failure,no
41,divorced,secondary,no,2540,yes,no,82,2,366,1,failure,no
48,married,secondary,no,480,yes,no,830,1,352,2,failure,yes
40,married,secondary,no,2574,yes,no,432,1,176,1,failure,yes
26,single,primary,no,17,yes,no,86,2,367,2,failure,no
29,single,tertiary,no,940,yes,no,757,1,330,1,failure,no
25,single,secondary,no,1919,yes,no,264,1,351,4,failure,no
31,single,secondary,no,-1,yes,no,99,1,352,1,failure,no
30,married,secondary,no,3,no,no,42,2,297,1,failure,no
49,married,secondary,no,1230,yes,yes,167,2,373,3,failure,no
31,married,tertiary,no,527,yes,yes,98,2,359,1,failure,no
29,married,secondary,no,-114,yes,no,132,2,359,2,failure,no
56,divorced,tertiary,no,-458,yes,no,406,4,296,3,failure,no
34,divorced,primary,no,390,yes,no,372,2,371,2,success,no
34,single,tertiary,no,2360,yes,no,137,2,176,1,failure,no
45,married,secondary,no,-407,yes,no,320,3,371,2,failure,no
59,married,primary,no,671,yes,no,57,2,332,3,failure,no
52,divorced,primary,no,29,yes,no,223,2,298,1,failure,no
29,single,secondary,no,949,yes,no,109,2,352,1,success,no
57,married,secondary,no,225,yes,no,22,7,337,12,failure,no
36,single,secondary,no,148,yes,no,1357,4,374,2,failure,yes
30,married,primary,no,624,yes,no,212,2,368,1,failure,no
30,single,secondary,no,1395,yes,no,199,2,354,1,failure,no
55,married,secondary,no,841,yes,no,140,9,372,4,failure,no
33,married,tertiary,no,2044,yes,no,102,3,177,1,failure,no
33,married,secondary,no,1293,yes,no,245,9,373,2,failure,no
44,divorced,primary,no,-97,yes,yes,197,3,288,4,failure,no
40,married,tertiary,no,-1212,yes,no,1259,2,333,18,failure,no
45,married,secondary,no,-1621,yes,yes,8,2,346,5,failure,no
44,single,secondary,no,532,yes,no,550,2,340,2,failure,no
41,single,secondary,no,90,yes,no,77,2,347,4,failure,no
30,married,secondary,no,-910,yes,no,124,2,298,1,failure,no
39,single,tertiary,no,1674,no,no,12,10,178,1,failure,no
54,divorced,secondary,no,-394,yes,no,895,5,365,2,failure,no
56,single,secondary,no,751,yes,no,43,8,177,5,failure,no
28,single,secondary,no,118,yes,yes,376,3,368,1,failure,no
60,married,primary,no,14,yes,yes,781,4,178,3,failure,no
30,divorced,secondary,no,891,no,no,340,2,368,1,failure,no
31,married,secondary,no,1803,yes,no,350,8,360,1,failure,no
28,single,secondary,no,-208,yes,no,136,3,359,2,failure,no
24,single,secondary,no,290,yes,no,80,3,368,4,failure,no
35,divorced,secondary,no,1780,yes,no,306,3,347,9,failure,no
45,single,primary,no,116,yes,no,16,5,365,1,failure,no
32,married,secondary,no,337,no,no,51,3,368,1,failure,no
29,married,secondary,no,422,yes,no,69,3,361,2,failure,no
33,married,secondary,no,1423,yes,no,333,2,364,3,failure,no
25,single,secondary,no,366,no,yes,102,2,364,2,failure,no
32,single,tertiary,no,6248,yes,no,64,3,371,2,failure,no
41,married,tertiary,no,30,yes,no,101,4,291,6,failure,no
45,married,secondary,no,72,yes,yes,262,2,352,2,failure,no
33,single,secondary,no,5,yes,no,934,2,368,2,failure,yes
39,single,tertiary,no,11971,yes,no,75,10,179,5,failure,no
35,married,secondary,no,-56,yes,no,162,2,361,3,failure,no
34,single,secondary,no,3160,no,no,22,8,331,13,failure,no
44,single,primary,no,-234,yes,yes,71,3,347,1,failure,no
34,married,secondary,no,-297,yes,no,92,4,353,3,failure,no
32,married,secondary,no,9714,yes,no,1237,2,361,2,failure,no
37,married,primary,no,2120,yes,no,655,3,175,4,failure,yes
46,married,secondary,no,-119,yes,no,138,2,297,3,failure,no
36,married,secondary,no,2278,yes,no,200,3,298,1,failure,no
41,divorced,secondary,no,5745,yes,yes,69,3,357,1,failure,no
45,single,secondary,no,1378,yes,no,25,5,372,2,failure,no
37,divorced,secondary,no,625,yes,no,68,4,359,2,failure,no
29,married,secondary,no,252,yes,no,1223,3,371,1,failure,no
38,married,secondary,no,341,no,no,136,3,346,2,failure,no
40,divorced,secondary,no,952,yes,no,126,2,333,1,failure,no
43,married,primary,no,-67,yes,no,137,7,371,1,failure,no
27,married,secondary,no,1417,yes,no,143,2,343,3,failure,no
29,single,secondary,no,-219,yes,no,85,3,368,2,failure,no
51,single,tertiary,no,297,yes,no,415,4,375,1,failure,yes
50,married,secondary,no,358,yes,yes,315,3,367,3,failure,no
39,single,secondary,no,-529,yes,no,22,8,175,5,failure,no
42,married,primary,no,686,yes,no,1326,6,175,3,failure,no
28,single,primary,no,1518,yes,no,204,3,359,3,failure,no
44,single,secondary,no,3684,yes,no,31,5,179,3,failure,no
27,single,tertiary,no,3672,yes,no,157,2,351,5,failure,no
43,married,primary,no,46,yes,no,38,7,332,6,failure,no
33,single,secondary,no,930,yes,no,163,5,359,1,failure,no
33,single,primary,no,-258,yes,no,158,2,352,2,failure,no
33,married,secondary,no,-63,yes,no,126,2,350,1,failure,no
42,married,tertiary,no,-378,yes,yes,11,7,330,2,failure,no
35,married,secondary,no,205,yes,yes,1313,7,312,1,failure,yes
32,single,tertiary,no,6542,yes,no,1598,4,175,5,failure,yes
24,single,secondary,no,1690,yes,yes,543,3,350,3,failure,no
32,married,tertiary,no,91,no,no,126,2,356,2,failure,no
54,married,secondary,no,1777,yes,no,13,5,178,6,success,no
38,divorced,tertiary,no,4335,yes,no,157,7,179,1,failure,no
40,single,primary,no,-21,no,no,68,2,368,3,failure,no
34,single,tertiary,no,-303,yes,no,17,5,355,2,failure,no
57,married,secondary,no,1521,yes,yes,102,2,178,5,failure,no
25,single,secondary,no,-141,yes,no,113,2,348,2,failure,no
29,married,secondary,no,-493,yes,no,536,2,334,4,failure,yes
49,married,primary,no,490,yes,no,19,5,364,2,failure,no
30,married,secondary,no,-28,yes,no,284,2,371,1,failure,no
33,married,secondary,no,523,yes,no,18,5,360,5,failure,no
28,single,secondary,no,2486,yes,no,26,5,354,1,success,no
30,married,tertiary,no,1022,yes,no,97,2,298,1,failure,no
38,divorced,secondary,no,1559,yes,no,22,6,179,10,failure,no
35,married,secondary,no,305,yes,no,7,7,367,25,failure,no
30,single,secondary,no,0,yes,no,131,6,363,9,failure,no
31,single,secondary,no,1447,yes,no,236,3,178,15,failure,no
40,single,secondary,no,2040,yes,no,906,2,350,2,failure,yes
36,single,secondary,no,507,yes,no,264,1,300,2,success,no
54,divorced,primary,no,215,yes,no,34,7,348,5,failure,no
29,married,secondary,no,-95,yes,no,164,1,370,1,failure,no
36,single,tertiary,no,145,yes,no,450,2,304,2,success,no
31,single,secondary,no,-449,yes,no,197,1,355,2,failure,no
28,single,secondary,no,1636,yes,no,97,1,355,2,failure,no
32,married,tertiary,no,477,yes,no,87,6,178,5,failure,no
34,married,primary,no,3868,yes,no,134,1,350,1,failure,no
32,single,secondary,no,33,yes,no,125,1,368,4,failure,no
32,single,tertiary,no,347,yes,no,213,1,264,6,failure,no
32,single,secondary,no,545,yes,no,192,1,180,1,failure,no
33,single,tertiary,no,2667,yes,no,57,1,180,3,failure,no
43,married,primary,no,714,yes,no,16,6,362,28,failure,no
32,single,secondary,no,230,yes,no,442,1,266,8,failure,yes
32,married,secondary,no,-33,yes,no,158,1,355,3,failure,no
25,single,secondary,no,845,yes,no,217,1,370,1,failure,no
30,single,secondary,no,1450,yes,no,298,1,355,1,failure,no
27,married,secondary,no,54,yes,no,97,1,370,1,failure,no
36,married,secondary,no,1163,yes,no,420,7,363,1,failure,no
41,married,primary,no,4903,yes,no,155,1,180,2,failure,no
33,married,tertiary,no,964,yes,no,97,1,180,3,failure,no
33,married,secondary,no,4996,yes,no,15,9,363,2,failure,no
35,married,primary,no,2490,yes,no,170,1,180,3,failure,no
27,single,primary,no,-579,yes,no,220,1,367,3,failure,no
31,single,tertiary,no,62,yes,no,175,1,293,5,failure,no
32,single,secondary,no,396,yes,no,88,1,364,1,failure,no
53,single,secondary,no,1162,yes,no,185,1,178,1,failure,no
43,married,secondary,no,-480,yes,yes,1126,1,350,6,failure,no
40,married,secondary,no,285,no,no,261,1,178,1,failure,no
42,married,secondary,no,429,yes,no,110,1,370,1,failure,no
27,single,secondary,no,565,yes,no,170,2,346,11,failure,no
37,married,secondary,no,-100,yes,no,108,2,349,2,failure,no
29,single,secondary,no,305,yes,no,18,4,304,1,failure,no
31,single,secondary,no,239,yes,no,666,1,360,1,success,yes
41,divorced,secondary,no,1967,yes,no,115,1,341,1,failure,no
27,married,secondary,no,876,yes,no,268,1,355,1,failure,no
36,single,tertiary,no,1496,yes,no,40,1,269,4,failure,no
26,single,secondary,no,330,yes,no,156,1,348,1,failure,no
30,single,secondary,no,438,yes,no,98,1,178,1,failure,no
23,single,secondary,no,279,yes,no,843,1,370,1,failure,yes
32,married,secondary,no,-489,yes,yes,93,1,180,3,failure,no
35,married,secondary,no,1092,no,no,132,1,360,1,failure,no
33,single,secondary,no,1659,yes,no,133,2,353,6,failure,no
27,married,tertiary,no,8,yes,yes,398,1,370,2,failure,no
31,single,secondary,no,1374,yes,no,290,2,370,1,failure,no
29,single,secondary,no,460,yes,no,191,2,357,6,success,no
29,married,secondary,no,22171,yes,no,44,1,355,3,failure,no
48,divorced,secondary,no,-480,no,no,380,2,355,1,failure,no
33,married,secondary,no,48,yes,no,164,5,294,3,failure,no
33,divorced,tertiary,no,47,no,no,47,3,178,3,failure,no
58,married,secondary,no,1859,yes,no,277,2,264,5,failure,no
33,single,tertiary,no,8047,yes,no,202,1,263,13,failure,no
32,married,secondary,no,97,yes,no,165,2,364,1,success,no
30,married,tertiary,no,168,yes,no,229,2,355,1,failure,no
23,single,secondary,no,356,yes,no,224,2,356,2,failure,no
45,divorced,secondary,no,2353,yes,no,435,7,74,3,success,no
38,divorced,secondary,no,49,yes,no,43,1,367,2,success,no
37,divorced,primary,no,117,yes,no,125,3,350,4,failure,no
55,divorced,tertiary,no,0,no,no,616,1,370,1,success,yes
32,single,secondary,no,92,yes,no,110,1,315,2,failure,no
32,single,secondary,no,3950,yes,no,232,1,178,1,success,no
47,married,primary,no,2269,yes,no,132,1,279,2,failure,no
36,single,secondary,no,1015,yes,no,1008,1,347,2,success,yes
32,married,secondary,no,3540,yes,no,213,1,178,1,failure,no
27,single,primary,no,409,yes,no,276,4,301,2,success,no
29,single,secondary,no,468,yes,no,37,1,370,3,failure,no
29,single,secondary,no,40,yes,no,105,1,355,2,failure,no
45,divorced,secondary,no,-357,yes,yes,618,1,355,2,failure,yes
27,divorced,secondary,no,21,yes,no,336,1,356,1,failure,no
53,married,primary,no,273,yes,no,248,1,279,2,failure,no
21,single,tertiary,no,2764,yes,no,78,2,354,2,failure,no
47,married,secondary,no,536,yes,no,778,2,336,2,success,no
39,single,primary,no,471,yes,no,61,4,362,1,failure,no
26,single,secondary,no,154,yes,no,1010,2,356,2,failure,no
34,single,tertiary,no,1068,yes,no,46,6,378,2,failure,no
34,single,tertiary,no,4254,yes,no,104,3,178,1,success,no
44,divorced,secondary,no,777,yes,no,517,3,350,2,failure,no
34,married,primary,no,392,yes,no,180,3,360,1,failure,no
32,married,primary,no,-454,yes,yes,801,5,355,2,failure,yes
44,married,secondary,no,429,yes,yes,35,3,349,32,failure,no
28,single,secondary,no,1609,yes,no,98,2,315,3,failure,no
44,single,secondary,no,59,yes,no,9,4,341,19,failure,no
27,single,primary,no,528,yes,yes,267,2,311,2,failure,no
35,divorced,secondary,no,164,yes,no,11,5,364,13,failure,no
38,single,secondary,no,1560,yes,no,9,2,178,3,failure,no
30,divorced,secondary,no,1336,yes,no,13,3,355,5,failure,no
54,divorced,secondary,no,451,no,yes,42,4,280,5,failure,no
28,single,secondary,no,3,no,no,40,8,349,6,failure,no
36,single,secondary,no,23,yes,no,69,2,333,2,failure,no
30,single,secondary,no,778,yes,no,22,2,346,2,failure,no
35,single,tertiary,no,-292,yes,no,166,2,272,6,failure,no
29,single,tertiary,no,219,yes,no,76,2,356,1,failure,no
33,married,secondary,no,139,yes,yes,732,2,291,5,failure,yes
31,single,tertiary,no,-241,yes,no,333,2,355,1,failure,no
33,single,secondary,no,1279,yes,no,239,2,349,3,success,no
29,married,tertiary,no,318,yes,no,1434,2,356,4,failure,no
37,single,secondary,no,16,no,no,488,5,336,2,failure,no
34,married,secondary,no,355,yes,no,189,3,348,3,failure,no
34,married,tertiary,no,1657,yes,no,566,2,356,4,failure,no
35,single,secondary,no,181,yes,no,217,4,301,1,failure,no
29,married,secondary,no,1958,yes,no,112,4,349,1,failure,no
34,married,secondary,no,393,yes,no,222,4,355,1,failure,no
59,divorced,primary,no,47,yes,no,110,3,374,1,failure,no
26,single,secondary,no,-350,yes,no,80,3,329,3,failure,no
43,married,secondary,no,487,yes,no,54,2,279,4,failure,no
38,married,primary,no,5643,yes,no,106,2,362,1,failure,no
45,married,secondary,no,14,no,yes,8,9,353,5,failure,no
36,single,primary,no,90,yes,no,50,2,360,1,failure,no
48,married,secondary,no,5306,yes,no,66,2,368,1,failure,no
47,single,secondary,no,57,yes,no,72,3,369,4,failure,no
29,single,secondary,no,596,yes,no,172,2,346,6,failure,no
34,married,secondary,no,463,yes,no,11,11,360,4,failure,no
26,married,primary,no,172,yes,no,410,3,354,3,failure,no
34,married,secondary,no,118,yes,no,53,4,262,2,failure,no
39,married,secondary,no,6,yes,no,122,3,357,4,failure,no
31,married,primary,no,-98,yes,no,9,3,362,7,failure,no
31,single,secondary,no,500,yes,no,184,2,350,2,failure,no
27,single,secondary,no,1842,yes,yes,687,2,300,1,failure,no
40,married,primary,no,592,yes,no,80,3,350,2,failure,no
47,married,secondary,no,-121,yes,yes,167,4,314,4,failure,no
49,single,secondary,no,1150,yes,no,126,2,355,1,failure,no
40,married,tertiary,no,198,yes,no,214,5,364,8,failure,no
46,married,primary,no,116,yes,no,267,4,341,3,failure,no
38,single,secondary,no,-242,yes,no,1173,3,278,6,success,yes
29,married,primary,no,79,yes,no,27,4,356,2,failure,no
35,single,secondary,no,719,yes,no,1359,3,368,3,failure,yes
38,married,secondary,no,976,yes,no,32,8,308,3,success,no
29,single,tertiary,no,497,yes,no,642,3,298,6,success,yes
46,single,tertiary,no,6651,no,no,114,1,60,1,failure,no
42,married,secondary,no,366,yes,no,324,1,106,1,failure,yes
45,divorced,secondary,no,397,yes,yes,582,1,95,2,success,yes
32,single,tertiary,no,1625,no,no,796,1,109,1,failure,yes
33,married,tertiary,no,81,yes,no,104,1,186,1,failure,no
30,married,tertiary,no,877,no,no,122,2,108,3,failure,no
39,married,secondary,no,2266,no,no,86,1,93,4,success,no
37,married,secondary,no,1314,yes,no,74,1,14,9,failure,no
49,married,tertiary,no,377,no,no,158,1,59,2,failure,no
37,married,secondary,no,1543,yes,no,298,1,10,6,failure,yes
28,single,secondary,no,5916,no,no,259,1,63,5,failure,no
39,single,tertiary,no,0,yes,no,271,1,93,3,success,yes
58,divorced,primary,no,720,no,no,250,1,94,4,success,no
43,married,secondary,no,2145,no,no,271,1,183,3,failure,yes
39,married,tertiary,no,622,no,no,181,2,184,1,failure,no
54,married,tertiary,no,511,no,no,264,2,94,3,failure,no
26,single,secondary,no,620,no,no,223,1,94,1,success,yes
44,married,secondary,no,2981,yes,yes,106,1,101,2,failure,no
27,single,tertiary,no,3733,yes,no,198,1,98,6,success,yes
46,married,secondary,no,1381,yes,no,115,3,379,1,failure,no
42,married,primary,no,5310,yes,no,545,2,186,1,success,yes
28,single,secondary,no,1532,no,no,253,1,107,5,failure,no
31,single,secondary,no,554,yes,no,97,3,103,2,failure,no
43,single,secondary,no,733,yes,no,282,1,187,3,success,yes
54,married,primary,no,258,no,no,86,1,88,1,failure,no
33,single,secondary,no,2583,no,no,241,1,108,1,failure,no
60,divorced,tertiary,no,439,no,yes,464,1,321,1,failure,yes
26,single,tertiary,no,5169,yes,no,397,1,35,2,failure,yes
36,single,tertiary,no,1379,no,no,189,1,186,1,failure,yes
28,single,tertiary,no,0,yes,no,269,1,40,2,failure,yes
56,married,tertiary,no,281,no,no,185,1,83,2,success,no
30,single,secondary,no,156,yes,no,157,4,363,5,failure,no
24,single,secondary,no,167,no,yes,288,1,96,2,success,yes
38,married,tertiary,no,93,yes,no,74,1,272,4,failure,no
30,married,secondary,no,1165,no,no,205,1,35,2,failure,no
31,single,secondary,no,8626,no,no,159,1,111,1,failure,no
37,married,tertiary,no,900,yes,no,116,1,18,3,failure,no
39,married,tertiary,no,246,yes,no,217,1,306,8,failure,no
38,married,secondary,no,755,yes,no,531,1,97,1,success,no
33,married,secondary,no,369,no,no,115,2,103,1,success,no
36,married,tertiary,no,911,yes,yes,117,2,21,3,failure,yes
31,single,secondary,no,863,yes,no,166,3,111,6,failure,no
29,married,tertiary,no,238,no,no,344,2,88,1,failure,yes
54,married,secondary,no,1561,no,no,352,3,186,2,failure,yes
32,single,tertiary,no,705,yes,no,414,2,35,4,failure,yes
27,single,tertiary,no,11862,no,no,281,5,101,1,success,no
33,single,tertiary,no,109,yes,yes,601,2,10,7,failure,yes
40,married,primary,no,-310,yes,yes,133,2,363,5,failure,no
48,single,tertiary,no,5689,no,no,527,2,103,1,success,no
32,married,tertiary,no,937,no,no,61,1,190,1,failure,no
40,married,secondary,no,363,yes,yes,135,1,104,2,failure,no
24,single,secondary,no,23878,no,no,133,1,97,1,success,yes
35,single,secondary,no,142,yes,no,293,2,19,3,failure,no
42,married,secondary,no,1066,no,no,125,1,104,3,success,no
32,single,tertiary,no,2340,no,no,94,1,97,2,success,no
30,single,tertiary,no,411,no,no,111,1,35,1,failure,no
36,married,tertiary,no,753,no,no,71,5,40,4,failure,no
31,single,tertiary,no,816,yes,no,302,1,40,1,failure,no
51,married,primary,no,1443,no,no,574,1,97,10,success,no
33,married,tertiary,no,1778,no,no,134,1,103,1,success,no
35,married,tertiary,no,8029,yes,no,167,1,285,4,success,no
58,married,secondary,no,2714,no,no,165,1,287,2,failure,yes
60,divorced,tertiary,no,4,yes,no,400,3,358,2,failure,no
35,single,secondary,no,1693,yes,no,58,1,105,1,success,no
26,single,tertiary,no,2170,yes,no,81,1,29,1,failure,no
43,married,tertiary,no,228,yes,no,55,1,113,1,failure,no
36,married,secondary,no,15485,no,no,83,1,42,1,success,no
31,married,secondary,no,180,no,no,222,1,70,2,success,no
52,married,secondary,no,195,yes,no,145,1,98,2,failure,no
43,divorced,tertiary,no,36,no,no,118,1,102,2,failure,no
28,single,tertiary,no,805,no,no,69,1,99,1,success,no
59,married,tertiary,no,1831,no,no,245,2,98,2,failure,no
57,married,tertiary,no,350,no,no,132,6,112,3,failure,no
34,married,tertiary,no,0,no,no,141,1,188,1,failure,no
32,married,tertiary,no,4089,no,no,114,7,287,3,failure,no
29,married,secondary,no,1135,yes,no,407,2,98,1,success,no
36,single,tertiary,no,635,no,no,80,1,102,1,failure,no
36,single,secondary,no,144,no,no,87,1,308,2,failure,no
28,single,secondary,no,6551,no,no,362,1,77,1,failure,no
60,married,tertiary,no,3461,no,no,94,2,112,2,failure,no
60,married,tertiary,no,1574,no,no,189,2,349,1,failure,no
32,single,tertiary,no,312,no,no,208,2,98,2,success,yes
29,single,tertiary,no,15459,no,no,245,3,97,7,success,no
47,divorced,secondary,no,2232,no,no,439,1,103,1,success,yes
37,married,secondary,no,1967,no,no,242,1,212,1,success,yes
26,single,secondary,no,2509,no,no,776,3,97,3,success,yes
30,single,secondary,no,1027,yes,no,136,2,114,1,success,no
60,divorced,secondary,no,2063,no,no,95,1,99,2,failure,no
32,married,secondary,no,10287,yes,no,281,4,188,1,failure,yes
30,single,tertiary,no,5359,no,no,119,1,98,1,success,yes
43,married,tertiary,no,1336,yes,yes,82,2,309,1,failure,no
38,single,secondary,no,2442,no,no,161,1,100,3,success,no
21,single,secondary,no,2265,no,no,156,4,99,2,success,no
25,single,tertiary,no,760,yes,no,223,3,89,2,failure,yes
55,divorced,secondary,no,1872,no,no,76,3,103,5,success,no
28,married,tertiary,no,1109,yes,no,89,4,310,5,failure,no
30,single,tertiary,no,48,no,no,144,2,187,1,failure,no
52,married,secondary,no,196,yes,yes,99,2,99,1,success,no
43,married,secondary,no,132,no,no,187,2,71,1,success,yes
26,single,tertiary,no,2506,no,no,210,2,100,1,success,no
58,married,secondary,no,3382,no,yes,294,2,309,2,failure,no
36,married,secondary,no,953,yes,no,77,1,100,1,failure,no
25,single,secondary,no,7103,yes,no,188,3,10,1,failure,yes
55,married,secondary,no,602,no,no,324,3,90,2,success,yes
26,single,tertiary,no,1274,yes,no,190,1,84,1,failure,no
49,married,tertiary,no,1808,yes,no,205,1,95,1,success,yes
41,divorced,tertiary,no,2611,yes,no,129,1,314,2,failure,no
60,married,secondary,no,1740,no,no,814,1,80,2,success,no
46,divorced,tertiary,no,4629,no,no,67,1,41,1,failure,no
45,married,tertiary,no,2552,no,no,69,1,293,7,failure,yes
25,single,secondary,no,1116,yes,no,119,1,20,5,failure,no
58,married,tertiary,no,2764,no,no,459,1,196,1,failure,no
42,married,secondary,no,707,no,no,233,1,348,1,success,no
47,married,secondary,no,293,no,no,251,1,90,1,success,yes
55,married,secondary,no,0,yes,yes,106,1,91,1,success,no
52,married,secondary,no,0,yes,no,144,1,83,1,failure,no
37,married,tertiary,no,1352,no,no,93,1,347,1,success,no
60,married,tertiary,no,261,yes,yes,128,1,192,1,failure,no
57,married,tertiary,no,1292,no,no,151,1,69,1,failure,no
35,single,tertiary,no,671,yes,no,128,1,83,1,success,no
49,single,tertiary,no,493,no,no,161,1,39,1,failure,no
54,divorced,secondary,no,0,no,no,174,1,81,2,success,yes
53,married,secondary,no,2851,no,yes,89,1,119,1,failure,no
42,divorced,tertiary,no,0,no,no,450,1,196,1,failure,no
36,married,tertiary,no,202,no,no,206,1,192,1,failure,no
47,married,tertiary,no,2351,no,no,163,2,84,1,success,yes
29,single,tertiary,no,92,no,no,101,1,92,5,success,no
32,single,secondary,no,6981,yes,no,154,1,194,3,failure,no
36,single,tertiary,no,688,no,no,126,1,120,1,failure,no
48,married,secondary,no,238,yes,yes,118,2,81,1,success,no
26,single,tertiary,no,313,no,yes,199,1,96,2,success,yes
45,married,tertiary,no,1788,no,no,177,2,301,2,failure,no
40,married,secondary,no,0,yes,no,297,1,28,3,failure,no
47,married,tertiary,no,1147,no,no,654,1,95,1,failure,yes
41,married,secondary,no,280,yes,no,88,1,95,2,success,no
38,married,tertiary,no,1988,no,no,103,1,67,4,success,yes
49,divorced,tertiary,no,1807,yes,no,225,1,82,1,success,no
39,single,secondary,no,782,yes,no,162,2,28,15,failure,no
56,divorced,secondary,no,935,no,no,136,1,96,3,failure,no
42,married,secondary,no,1376,yes,no,271,2,92,4,success,yes
45,married,tertiary,no,273,yes,no,163,1,95,2,failure,no
49,married,tertiary,no,523,yes,no,712,1,60,3,failure,yes
27,single,tertiary,no,15161,no,no,74,1,120,1,success,yes
38,married,secondary,no,5115,yes,no,318,1,95,7,success,yes
49,married,secondary,no,7019,yes,no,263,1,368,3,failure,yes
26,single,secondary,no,96,no,no,696,1,27,2,failure,no
32,married,secondary,no,625,yes,no,352,1,56,2,failure,no
34,single,secondary,no,4447,yes,no,159,1,84,2,failure,no
32,divorced,tertiary,no,530,yes,no,118,1,60,1,failure,no
45,divorced,tertiary,no,10768,yes,no,147,3,78,2,failure,no
28,single,tertiary,no,4987,no,no,924,2,113,21,success,yes
35,married,tertiary,no,5367,no,no,80,1,92,1,failure,no
49,married,tertiary,no,5887,no,no,181,3,293,2,failure,yes
34,married,tertiary,no,21,no,yes,269,1,92,2,failure,no
35,divorced,secondary,no,2823,yes,no,102,4,96,2,failure,no
54,married,tertiary,no,446,no,no,122,2,91,8,failure,no
29,married,secondary,no,23,yes,no,163,1,55,2,failure,yes
34,married,secondary,no,978,no,no,262,2,71,1,success,yes
32,married,secondary,no,409,no,no,115,2,86,2,success,yes
42,married,secondary,no,2913,no,no,705,1,195,1,failure,yes
41,married,secondary,no,140,yes,no,96,1,125,2,failure,no
39,married,tertiary,no,794,no,no,116,2,121,1,failure,no
29,single,tertiary,no,637,yes,no,340,1,119,1,failure,yes
26,single,secondary,no,1231,yes,no,385,2,96,5,success,yes
33,single,tertiary,no,1268,yes,no,2219,1,28,2,failure,no
32,married,tertiary,no,3154,no,no,126,1,44,4,failure,no
38,married,secondary,no,1442,yes,no,113,1,119,1,failure,no
50,married,secondary,no,268,no,no,74,2,90,2,failure,no
46,single,secondary,no,4367,yes,no,65,1,96,1,failure,no
28,single,tertiary,no,3623,no,no,138,2,85,1,success,no
58,married,tertiary,no,2261,yes,no,1361,1,391,1,failure,no
37,married,secondary,no,6384,yes,yes,254,1,96,2,failure,no
42,married,tertiary,no,576,no,no,447,2,96,1,success,yes
44,married,tertiary,no,423,no,no,136,6,83,5,success,no
26,single,tertiary,no,2786,no,no,300,2,72,1,success,yes
39,married,tertiary,no,201,no,no,699,1,119,1,failure,yes
40,married,secondary,no,694,yes,no,431,2,119,9,failure,yes
56,married,primary,no,1947,no,no,124,1,34,2,failure,no
43,married,primary,no,3917,no,no,725,2,93,1,success,yes
33,single,secondary,no,781,yes,no,266,1,27,1,failure,no
38,married,tertiary,no,7255,yes,no,78,2,44,2,failure,no
35,married,secondary,no,52,yes,no,328,2,94,4,success,yes
42,married,tertiary,no,2665,yes,no,280,2,126,11,failure,yes
37,single,secondary,no,1045,no,no,106,1,79,3,success,no
33,single,tertiary,no,506,no,no,176,1,91,2,success,no
33,single,tertiary,no,154,no,no,111,2,78,2,failure,no
41,married,secondary,no,0,yes,yes,352,2,122,2,failure,yes
26,married,secondary,no,523,no,no,221,1,126,1,failure,no
43,married,tertiary,no,2987,no,no,156,1,85,3,failure,yes
38,single,secondary,no,1130,no,no,96,2,98,1,success,yes
38,divorced,secondary,no,1190,yes,no,81,2,391,3,failure,yes
41,divorced,tertiary,no,3426,no,no,102,2,297,3,failure,yes
31,married,secondary,no,447,no,no,327,3,77,3,success,yes
35,married,secondary,no,563,no,yes,147,1,119,3,failure,yes
37,married,tertiary,no,549,no,no,217,2,94,1,success,no
31,single,tertiary,no,617,no,no,1161,1,97,2,success,yes
34,married,secondary,no,2918,no,yes,246,1,196,2,success,yes
34,single,secondary,no,303,no,no,282,3,126,3,failure,yes
29,single,tertiary,no,261,no,no,66,1,79,19,failure,no
27,single,secondary,no,827,yes,no,73,1,107,1,failure,no
40,single,secondary,no,985,yes,no,592,3,50,8,failure,yes
46,married,secondary,no,974,no,no,174,2,80,1,success,yes
28,single,secondary,no,171,no,no,324,1,87,1,success,yes
35,divorced,secondary,no,1085,no,no,199,1,86,7,success,yes
34,single,tertiary,no,88,no,no,206,1,99,1,failure,no
25,single,tertiary,no,42,yes,no,149,1,94,1,success,yes
24,single,tertiary,no,1004,yes,no,133,1,67,2,failure,no
34,single,secondary,no,215,no,no,329,1,94,3,success,no
38,married,tertiary,no,1187,yes,yes,76,2,123,1,failure,no
31,single,tertiary,no,924,no,no,207,2,98,1,success,yes
35,married,tertiary,no,697,no,no,57,2,304,1,failure,no
29,single,secondary,no,5763,no,yes,271,2,92,2,success,no
57,married,tertiary,no,256,no,no,304,2,91,1,success,yes
22,single,secondary,no,682,no,no,126,2,91,1,success,yes
37,single,tertiary,no,0,no,no,257,2,97,1,success,yes
50,married,secondary,no,388,no,no,152,2,89,2,success,no
46,married,secondary,no,3434,no,yes,148,2,101,1,success,yes
38,married,tertiary,no,1354,yes,no,127,3,130,2,failure,no
28,single,secondary,no,1363,no,no,431,3,102,1,success,no
32,single,tertiary,no,8866,no,no,234,2,83,2,success,yes
43,divorced,secondary,no,3780,yes,no,67,2,202,3,failure,no
36,divorced,tertiary,no,3407,no,no,993,4,85,4,success,yes
41,married,tertiary,no,254,no,no,183,2,294,2,failure,yes
37,married,secondary,no,3,yes,no,105,4,318,6,failure,no
24,single,tertiary,no,1506,no,no,239,2,95,4,success,yes
30,single,secondary,no,601,no,no,80,3,105,1,failure,no
60,married,secondary,no,544,no,no,95,7,357,2,failure,yes
29,married,tertiary,no,858,yes,no,234,7,330,1,failure,no
30,single,secondary,no,523,no,yes,136,3,101,1,success,no
33,married,tertiary,no,1390,no,no,92,2,312,2,failure,no
33,married,tertiary,no,3335,no,no,92,1,301,6,failure,no
59,married,secondary,no,259,no,no,415,1,89,1,success,yes
26,married,secondary,no,1595,no,no,155,1,105,1,failure,yes
37,single,tertiary,no,1000,yes,no,322,1,90,1,success,yes
35,single,tertiary,no,2015,no,no,60,1,390,1,failure,no
39,single,secondary,no,1048,yes,no,108,1,32,1,failure,no
30,single,tertiary,no,2,no,no,102,1,85,1,failure,no
48,married,secondary,no,1981,yes,no,404,3,92,5,failure,no
59,married,secondary,no,3735,no,no,243,3,91,6,success,yes
37,married,tertiary,no,26,no,no,151,7,62,4,failure,no
42,married,secondary,no,6526,no,no,133,2,399,3,failure,no
34,married,tertiary,no,2374,yes,yes,270,2,314,2,failure,yes
42,married,secondary,no,1539,no,no,63,5,211,2,failure,no
49,single,tertiary,no,7443,no,no,293,5,211,2,failure,yes
59,married,tertiary,no,185,no,no,177,5,138,1,failure,no
55,married,secondary,no,9329,no,no,136,1,95,1,failure,no
30,married,secondary,no,2326,no,no,67,1,108,1,success,no
83,married,primary,no,425,no,no,883,1,140,1,failure,yes
61,married,tertiary,no,997,no,no,269,1,104,1,success,yes
73,married,tertiary,no,448,no,no,68,1,90,1,success,no
26,single,secondary,no,771,no,no,113,1,109,1,failure,no
58,married,secondary,no,111,no,no,39,1,90,2,failure,no
37,married,secondary,no,2061,yes,yes,459,1,109,3,failure,yes
19,single,secondary,no,1803,no,no,124,1,105,1,failure,no
48,divorced,secondary,no,0,yes,yes,248,1,89,1,failure,no
52,divorced,tertiary,no,0,yes,yes,122,1,64,1,failure,no
33,single,tertiary,no,6281,yes,no,1057,1,393,4,success,no
72,married,tertiary,no,132,no,no,260,2,65,1,success,yes
51,married,tertiary,no,1801,no,no,82,1,77,3,success,no
50,divorced,tertiary,no,405,no,no,146,1,91,6,failure,no
40,married,tertiary,no,2763,yes,no,566,1,395,2,success,yes
42,married,secondary,no,2959,yes,no,711,1,342,1,failure,yes
37,married,primary,no,22856,no,no,154,1,388,1,failure,no
60,married,secondary,no,263,no,no,317,1,330,2,failure,no
30,married,primary,no,1101,yes,yes,590,1,225,3,failure,no
28,single,tertiary,no,12956,yes,no,940,1,399,3,success,yes
39,divorced,secondary,no,19,yes,no,503,2,147,5,success,yes
31,married,secondary,no,625,yes,no,135,2,49,3,failure,yes
30,married,tertiary,no,330,no,no,264,1,80,1,success,yes
34,married,tertiary,no,0,no,no,122,1,72,1,failure,no
31,married,secondary,no,873,yes,no,147,2,233,4,failure,no
40,married,tertiary,no,35,no,no,318,4,317,3,failure,no
47,married,tertiary,no,4879,no,no,96,3,340,3,failure,no
33,single,tertiary,no,1160,yes,yes,139,1,391,2,failure,no
34,married,secondary,no,-74,yes,no,98,2,347,4,failure,no
48,married,secondary,no,2892,no,no,407,1,385,1,success,yes
53,single,secondary,no,1958,no,no,82,2,75,4,failure,no
69,married,tertiary,no,473,no,no,112,1,78,1,failure,no
37,married,secondary,no,981,no,no,682,2,386,1,success,yes
36,single,tertiary,no,4,yes,no,529,1,61,3,success,no
38,married,primary,no,7005,yes,no,370,1,412,1,failure,yes
55,married,secondary,no,865,yes,no,105,1,82,2,failure,no
31,single,secondary,no,202,yes,no,167,1,62,1,failure,yes
31,single,tertiary,no,307,no,no,361,1,229,2,failure,yes
42,married,secondary,no,406,yes,no,194,1,391,2,success,no
29,married,secondary,no,1599,yes,no,115,1,61,1,failure,no
58,married,secondary,no,1227,no,no,625,1,156,1,failure,no
34,married,tertiary,no,980,no,no,243,1,348,3,failure,no
26,single,tertiary,no,10086,no,no,475,3,78,2,success,no
32,single,tertiary,no,1017,no,no,166,7,163,1,failure,no
37,married,tertiary,no,3913,yes,no,57,2,80,1,success,no
34,single,tertiary,no,144,yes,yes,213,3,89,16,failure,no
42,single,tertiary,no,11008,no,no,822,6,405,1,success,yes
34,married,secondary,no,603,yes,no,51,4,434,1,failure,no
50,divorced,secondary,no,769,no,no,72,2,363,4,failure,no
49,married,tertiary,no,0,no,yes,67,5,252,1,failure,no
44,married,tertiary,no,1646,yes,no,292,6,251,1,failure,no
37,single,secondary,no,115,no,no,236,1,92,4,failure,no
46,single,secondary,no,526,no,no,326,1,96,3,success,no
25,single,tertiary,no,219,no,no,576,1,96,1,success,yes
29,married,tertiary,no,451,no,no,152,1,92,2,failure,no
47,married,secondary,no,1167,yes,no,505,1,96,6,success,yes
62,married,secondary,no,3340,no,no,259,1,35,1,failure,no
40,single,tertiary,no,1646,yes,no,173,1,92,5,success,yes
46,married,tertiary,no,242,no,no,120,2,96,1,success,yes
31,single,secondary,no,40,no,no,158,1,104,2,failure,no
47,married,tertiary,no,699,no,no,432,3,97,2,success,no
55,divorced,tertiary,no,2383,no,no,1019,2,63,2,success,yes
30,married,tertiary,no,2666,no,no,475,2,93,4,success,yes
53,married,tertiary,no,1356,yes,no,397,2,93,2,failure,no
48,married,tertiary,no,1147,no,no,389,1,64,2,success,yes
41,married,tertiary,no,2487,no,no,206,1,97,1,failure,no
47,single,tertiary,no,86,no,no,253,1,97,4,success,yes
25,single,secondary,no,41,yes,no,100,2,93,2,failure,no
47,married,secondary,no,3940,yes,no,226,3,97,2,failure,yes
37,single,tertiary,no,1291,no,no,150,1,97,2,success,yes
36,married,tertiary,no,495,no,no,157,3,97,2,success,yes
45,married,tertiary,no,6945,no,no,131,5,356,3,failure,no
53,married,tertiary,no,1624,no,no,107,1,98,6,success,yes
50,married,tertiary,no,938,no,no,148,2,98,1,success,no
65,married,secondary,no,1176,no,no,111,1,184,1,failure,no
32,single,secondary,no,6857,no,no,85,1,185,1,failure,no
40,married,tertiary,no,0,no,no,131,2,98,6,success,yes
53,divorced,secondary,no,0,yes,yes,1452,1,98,2,failure,yes
65,married,tertiary,no,162,no,no,280,3,185,2,failure,no
46,married,tertiary,no,4693,no,yes,79,1,394,2,failure,yes
59,married,secondary,no,0,no,no,107,2,63,1,failure,no
47,married,primary,no,201,yes,no,58,2,382,1,failure,no
30,married,secondary,no,776,no,no,72,1,99,2,success,no
41,married,tertiary,no,1536,no,no,273,1,95,2,failure,yes
37,married,secondary,no,96,no,no,155,1,99,2,success,yes
32,single,tertiary,no,4041,no,no,325,1,99,2,success,no
57,married,secondary,no,2476,yes,no,239,1,459,1,success,no
32,single,tertiary,no,697,no,no,119,1,99,3,failure,no
34,married,tertiary,no,0,yes,no,262,1,99,2,success,yes
49,married,secondary,no,305,no,no,140,1,99,1,failure,no
42,single,secondary,no,3403,yes,no,215,1,99,1,failure,yes
58,married,secondary,no,687,yes,no,221,1,99,2,success,yes
33,married,secondary,no,1076,no,no,88,1,259,4,failure,no
35,married,secondary,no,2971,no,no,158,2,95,6,success,no
41,married,tertiary,no,2226,no,no,182,2,99,1,failure,yes
23,single,secondary,no,0,no,no,217,1,99,7,success,yes
33,single,tertiary,no,5437,no,no,131,1,98,2,success,no
39,single,tertiary,no,172,yes,no,248,1,131,1,success,no
33,married,tertiary,no,22867,yes,no,73,1,440,2,failure,no
32,single,tertiary,no,935,no,no,161,2,375,5,failure,yes
59,married,tertiary,no,1425,no,no,489,2,102,1,success,no
38,married,secondary,no,47,yes,no,120,1,98,5,success,no
48,married,secondary,no,1730,yes,no,158,1,102,1,success,no
59,divorced,tertiary,no,3444,no,no,252,1,185,2,success,yes
28,single,tertiary,no,1984,yes,no,89,1,98,3,failure,no
46,married,secondary,no,4855,yes,no,1529,1,397,1,failure,no
32,single,tertiary,no,1815,no,no,235,1,102,2,failure,yes
33,married,secondary,no,95,yes,no,155,1,102,1,success,no
40,married,secondary,no,1508,no,no,153,2,383,1,failure,no
52,married,primary,no,618,yes,yes,352,2,102,2,failure,no
40,married,secondary,no,694,yes,no,107,4,68,11,success,no
26,single,secondary,no,1608,no,no,89,2,102,2,success,no
30,married,tertiary,no,805,no,no,134,3,194,1,failure,no
62,married,primary,no,3738,no,no,151,3,185,1,failure,no
55,divorced,secondary,no,1693,no,no,247,1,102,3,success,no
33,married,secondary,no,218,yes,yes,162,1,161,4,failure,no
31,married,tertiary,no,10884,no,no,294,3,98,2,success,yes
26,single,tertiary,no,2,no,no,121,1,102,2,failure,no
30,single,tertiary,no,697,no,no,179,3,102,2,success,yes
45,married,tertiary,no,3857,yes,no,425,2,190,1,failure,no
83,married,tertiary,no,6236,no,no,155,1,190,2,failure,no
34,married,tertiary,no,2427,no,no,90,3,70,3,failure,no
71,married,tertiary,no,13297,no,no,265,1,190,2,failure,no
42,married,primary,no,201,yes,no,265,1,103,3,success,yes
34,single,secondary,no,-32,no,yes,89,3,103,2,success,no
24,single,tertiary,no,2376,no,no,123,1,106,1,success,no
42,single,tertiary,no,94,yes,no,176,2,90,4,failure,yes
20,single,secondary,no,130,no,no,88,1,99,3,failure,no
28,single,secondary,no,5916,no,no,344,1,81,6,failure,no
40,married,tertiary,no,1108,no,no,170,2,112,1,success,no
57,married,secondary,no,589,yes,no,167,1,190,5,failure,yes
31,married,tertiary,no,199,yes,yes,127,2,461,4,success,no
30,single,tertiary,no,533,no,no,229,2,99,4,success,yes
60,married,tertiary,no,6573,yes,no,75,1,274,1,failure,no
61,married,tertiary,no,2557,yes,no,139,3,190,1,success,yes
31,single,tertiary,no,620,no,no,153,1,103,2,failure,no
42,married,secondary,no,994,yes,no,149,1,78,5,failure,yes
26,single,secondary,no,96,no,no,349,1,70,3,failure,yes
33,divorced,secondary,no,661,yes,no,108,1,99,7,failure,no
40,single,secondary,no,100,yes,no,221,1,461,1,success,yes
29,married,tertiary,no,238,no,no,97,1,78,3,success,no
45,married,secondary,no,1435,yes,no,201,1,103,1,failure,no
55,single,secondary,no,1199,no,yes,91,1,99,10,failure,no
39,married,secondary,no,260,yes,no,175,2,116,2,failure,yes
55,married,tertiary,no,357,yes,no,526,1,103,1,failure,no
58,married,primary,no,1013,yes,no,206,1,461,1,failure,yes
42,married,secondary,no,437,yes,no,120,3,190,1,failure,no
32,single,tertiary,no,60,yes,yes,248,2,462,1,failure,no
33,single,tertiary,no,312,no,no,271,1,369,3,failure,no
32,single,tertiary,no,3283,no,no,623,2,191,2,success,yes
37,married,tertiary,no,393,yes,no,62,2,104,2,success,no
44,divorced,tertiary,no,1070,yes,no,137,2,104,3,success,yes
31,single,secondary,no,181,no,no,182,1,104,1,success,yes
32,married,secondary,no,484,yes,no,668,2,463,1,success,yes
24,single,primary,no,474,no,no,249,1,104,1,success,no
28,single,tertiary,no,0,yes,no,150,1,79,3,success,no
36,single,tertiary,no,3850,yes,no,239,2,100,4,failure,yes
59,married,primary,no,182,no,no,90,1,104,2,failure,no
38,single,secondary,no,245,yes,yes,251,2,117,4,failure,no
35,married,tertiary,no,11219,no,no,699,2,79,1,failure,no
41,married,tertiary,no,27696,no,no,147,2,104,1,failure,yes
59,married,secondary,no,116,no,no,398,4,422,3,failure,yes
53,married,secondary,no,341,no,no,90,2,104,2,success,no
47,married,tertiary,no,2408,no,no,236,1,104,1,success,no
61,single,tertiary,no,2,no,no,131,1,114,3,failure,yes
32,married,tertiary,no,1331,no,no,93,1,104,4,success,no
37,single,tertiary,no,3954,yes,no,87,1,117,2,failure,no
34,married,secondary,no,256,yes,no,201,2,267,1,failure,no
34,single,tertiary,no,48,yes,no,810,3,93,6,failure,yes
35,married,tertiary,no,2088,yes,no,94,1,51,3,failure,no
32,married,secondary,no,386,no,no,305,3,104,1,failure,no
55,married,primary,no,113,no,no,306,1,457,3,failure,yes
69,married,primary,no,324,no,no,875,1,189,4,success,no
33,single,secondary,no,498,no,no,338,2,104,1,success,yes
49,single,secondary,no,5802,no,no,175,3,104,2,success,no
32,single,tertiary,no,354,no,no,363,1,104,3,success,no
43,married,tertiary,no,2643,no,no,188,3,100,5,success,yes
33,married,tertiary,no,4401,no,no,96,2,104,1,success,no
46,married,secondary,no,0,no,no,107,1,104,3,success,no
49,married,secondary,no,905,no,no,90,1,68,1,success,no
34,married,secondary,no,1337,no,no,255,2,104,1,success,yes
25,single,tertiary,no,2305,no,no,222,2,104,2,failure,no
44,married,tertiary,no,1818,yes,yes,120,1,104,1,failure,no
46,married,secondary,no,1040,no,no,542,1,78,5,failure,no
31,married,tertiary,no,1812,no,no,112,1,104,1,success,no
30,single,tertiary,no,1159,no,no,95,1,68,1,success,no
32,divorced,tertiary,no,3271,no,no,162,1,100,3,success,no
32,single,tertiary,no,1246,yes,no,68,1,104,3,success,no
38,single,secondary,no,0,no,no,255,2,105,1,failure,no
47,married,secondary,no,4,no,no,73,2,105,6,success,no
32,single,tertiary,no,696,no,yes,101,4,105,4,failure,no
38,married,secondary,no,1165,yes,no,784,3,94,10,failure,yes
32,married,tertiary,no,1388,yes,no,102,1,105,1,success,no
32,single,secondary,no,5,yes,yes,200,1,127,1,failure,no
40,married,tertiary,no,99,no,no,220,2,364,2,failure,no
31,married,secondary,no,35,no,no,315,2,105,1,success,yes
29,single,secondary,no,314,no,no,485,3,105,1,success,no
50,married,secondary,no,3169,no,no,399,1,430,1,failure,yes
67,married,secondary,no,0,no,no,1152,2,188,1,success,no
26,single,secondary,no,611,no,no,138,2,69,3,failure,no
37,married,secondary,no,24,yes,no,136,1,105,2,failure,no
56,married,tertiary,no,616,no,no,293,2,105,2,success,yes
76,married,primary,no,3324,no,no,227,2,192,1,failure,yes
24,single,secondary,no,382,no,no,103,1,105,2,success,no
42,single,tertiary,no,3371,yes,yes,284,1,92,2,failure,no
33,married,secondary,no,920,no,no,111,1,105,1,success,no
29,married,tertiary,no,30,no,no,83,1,105,1,failure,no
28,single,secondary,no,113,no,no,204,3,105,1,failure,yes
27,single,secondary,no,4590,yes,no,75,1,442,2,failure,no
35,married,secondary,no,1368,no,no,159,2,78,3,success,no
48,married,secondary,no,1559,no,no,344,1,190,2,failure,no
34,married,tertiary,no,882,no,no,135,1,113,5,success,no
36,single,tertiary,no,994,no,no,185,2,105,3,success,no
26,single,tertiary,no,-67,yes,no,143,1,90,1,success,no
30,single,tertiary,no,305,no,no,75,1,105,3,success,no
56,married,primary,no,9367,no,no,320,2,101,2,success,yes
50,divorced,secondary,no,0,no,no,43,1,105,2,failure,no
30,single,tertiary,no,499,yes,no,92,2,90,1,failure,no
45,single,tertiary,no,2067,yes,no,393,2,462,1,success,yes
34,single,tertiary,no,1228,no,no,99,2,105,10,success,no
30,married,tertiary,no,877,no,no,202,1,83,5,failure,no
33,married,secondary,no,5164,no,no,238,2,265,1,failure,no
49,married,tertiary,no,1,no,no,640,2,101,4,success,yes
33,married,secondary,no,1737,no,no,228,2,106,2,failure,no
58,married,secondary,no,1227,no,no,182,2,37,2,failure,no
59,divorced,secondary,no,2026,no,no,185,3,73,1,failure,no
68,married,primary,no,2301,no,no,90,3,120,1,failure,no
57,married,secondary,no,169,no,no,180,1,106,2,failure,no
29,single,secondary,no,486,no,no,151,1,106,1,failure,no
43,married,secondary,no,775,no,no,98,1,106,1,failure,no
26,single,secondary,no,255,no,no,209,2,106,2,success,yes
54,married,tertiary,no,1778,no,no,319,1,268,2,failure,no
33,married,tertiary,no,263,no,no,257,1,102,2,failure,no
47,married,secondary,no,926,no,no,436,1,403,5,success,yes
58,divorced,tertiary,no,5701,no,no,92,3,106,2,success,no
26,single,tertiary,no,777,yes,no,260,2,463,1,failure,no
37,married,tertiary,no,332,yes,no,190,2,84,7,failure,no
38,divorced,secondary,no,902,yes,no,108,1,102,4,success,no
44,married,tertiary,no,226,yes,no,190,3,270,3,failure,yes
32,single,tertiary,no,12607,no,no,203,5,84,1,failure,no
33,single,tertiary,no,1974,no,no,498,2,191,1,failure,yes
36,single,secondary,no,1228,yes,no,153,2,102,3,success,no
41,divorced,secondary,no,220,yes,no,142,2,88,2,failure,no
54,married,secondary,no,0,no,no,159,2,106,6,success,no
39,married,tertiary,no,11766,yes,no,313,4,102,5,failure,no
35,married,secondary,no,1577,yes,yes,80,1,273,1,failure,no
32,married,tertiary,no,8023,no,no,219,1,84,2,failure,no
42,married,primary,no,-306,yes,no,308,1,459,1,success,yes
26,single,secondary,no,0,no,no,237,1,82,2,failure,no
45,divorced,secondary,no,982,yes,no,123,2,454,3,success,no
35,single,tertiary,no,431,no,no,343,2,397,1,failure,yes
36,married,secondary,no,953,yes,no,80,1,81,2,failure,no
62,married,secondary,no,1495,no,no,606,1,196,1,success,yes
26,single,tertiary,no,828,yes,no,156,1,199,1,failure,yes
26,single,tertiary,no,2506,no,no,134,1,82,3,failure,no
52,married,tertiary,no,583,no,no,61,1,84,1,failure,no
58,married,tertiary,no,883,no,no,543,1,78,2,failure,no
37,married,tertiary,no,3794,no,no,147,1,379,1,failure,no
22,single,secondary,no,948,no,no,215,1,197,2,failure,yes
30,single,secondary,no,48,no,no,161,1,173,1,failure,yes
35,divorced,tertiary,no,3751,yes,no,210,2,124,2,failure,no
34,married,tertiary,no,0,no,no,148,1,84,2,failure,yes
55,married,secondary,no,1938,no,yes,193,1,386,3,success,yes
49,single,secondary,no,9131,yes,no,532,1,461,5,failure,yes
69,married,primary,no,1080,no,no,197,2,118,2,failure,no
57,married,tertiary,no,1458,no,no,250,1,107,5,failure,no
43,married,secondary,no,132,no,no,574,1,84,3,success,yes
63,married,secondary,no,1612,no,no,399,2,183,2,success,no
35,single,tertiary,no,2658,yes,no,768,2,141,3,failure,yes
30,single,tertiary,no,5359,no,no,145,1,84,2,success,yes
39,single,tertiary,no,139,no,no,328,1,79,1,failure,no
34,married,tertiary,no,4859,no,no,262,2,112,2,failure,no
59,married,tertiary,no,2239,no,no,377,6,90,1,success,yes
27,single,tertiary,no,11862,no,no,217,1,87,6,failure,yes
28,single,secondary,no,1925,no,no,147,1,90,1,failure,no
24,single,secondary,no,228,no,no,99,1,79,1,failure,no
34,married,secondary,no,1406,yes,no,63,2,85,1,success,yes
42,married,primary,no,5310,yes,no,273,1,90,3,success,yes
60,married,secondary,no,106,no,no,216,3,91,1,success,yes
60,divorced,secondary,no,2063,no,no,54,5,86,3,failure,no
39,married,secondary,no,18,yes,no,102,1,91,1,failure,no
52,divorced,secondary,no,363,yes,no,168,1,462,1,success,yes
31,married,tertiary,no,1251,no,no,282,1,197,5,failure,no
34,married,tertiary,no,10,no,no,90,1,91,1,failure,no
37,married,secondary,no,1314,yes,no,200,1,91,10,failure,no
50,married,secondary,no,3370,no,no,531,2,80,2,success,yes
27,single,tertiary,no,5741,no,no,72,1,88,1,failure,no
43,single,secondary,no,733,yes,no,126,1,88,4,success,yes
27,single,tertiary,no,377,no,no,171,3,91,1,failure,no
53,divorced,tertiary,no,-309,yes,no,343,2,428,2,success,yes
28,single,tertiary,no,3733,yes,no,419,5,91,7,success,no
28,married,secondary,no,61,yes,no,744,1,109,3,success,yes
59,married,secondary,no,1047,no,no,438,1,184,3,success,yes
71,married,tertiary,no,2651,no,no,73,3,200,2,failure,no
29,single,tertiary,no,265,no,no,130,2,94,1,success,yes
70,married,primary,no,2346,no,no,190,3,194,2,success,no
39,married,secondary,no,116,no,no,79,2,94,2,success,no
42,married,secondary,no,16517,no,no,497,2,279,2,failure,no
40,single,tertiary,no,0,yes,no,79,2,95,4,success,no
35,single,secondary,no,1810,yes,no,52,2,92,2,failure,no
37,married,primary,no,106,yes,no,511,1,392,13,failure,yes
37,married,tertiary,no,127,yes,no,192,1,193,1,success,yes
33,married,secondary,no,369,no,no,83,1,92,3,failure,no
36,married,tertiary,no,506,no,no,47,1,120,1,failure,no
36,married,tertiary,no,255,no,no,242,6,95,4,success,yes
43,married,secondary,no,2145,no,no,291,2,95,4,success,yes
49,married,secondary,no,3466,yes,no,161,3,410,2,success,no
43,divorced,tertiary,no,9,yes,no,89,5,401,1,failure,no
36,married,secondary,no,3064,yes,no,240,3,107,4,failure,no
35,single,tertiary,no,992,yes,no,79,1,114,3,failure,no
26,single,secondary,no,620,no,no,76,1,96,2,success,no
43,single,tertiary,no,1696,yes,no,257,1,474,3,failure,yes
39,divorced,secondary,no,385,no,no,143,1,93,1,failure,no
21,single,primary,no,1596,no,no,115,1,93,2,failure,no
36,single,secondary,no,40,yes,no,259,3,475,4,success,yes
36,single,secondary,no,539,yes,no,398,2,477,1,failure,yes
29,single,secondary,no,590,no,no,81,1,94,1,success,yes
43,divorced,secondary,no,1612,no,no,119,2,95,3,success,no
31,single,primary,no,660,yes,no,207,3,478,2,failure,no
32,married,secondary,no,31,no,no,125,2,95,1,failure,no
36,divorced,tertiary,no,289,yes,yes,67,3,280,4,failure,no
34,single,secondary,no,2583,no,no,64,1,95,2,failure,no
42,married,secondary,no,1535,yes,no,121,1,108,2,failure,no
32,married,tertiary,no,937,no,no,90,1,94,2,failure,no
34,single,tertiary,no,612,no,no,81,1,95,1,failure,no
39,married,tertiary,no,93,yes,no,65,1,95,5,failure,no
28,single,tertiary,no,207,no,no,129,1,94,4,failure,no
32,married,tertiary,no,636,yes,no,370,1,116,4,success,yes
55,divorced,secondary,no,1872,no,no,155,2,93,8,failure,yes
36,single,tertiary,no,490,no,no,207,8,98,1,failure,yes
34,married,secondary,no,0,yes,no,79,5,110,7,failure,no
34,single,tertiary,no,747,no,no,72,2,98,1,failure,no
33,single,tertiary,no,2340,no,no,65,5,97,3,failure,no
34,married,tertiary,no,980,no,no,69,2,54,4,failure,no
36,single,tertiary,no,953,yes,no,102,2,101,3,failure,no
27,single,tertiary,no,118,no,no,160,3,98,1,failure,yes
45,married,tertiary,no,4119,yes,yes,473,2,283,1,success,yes
41,married,tertiary,no,285,yes,no,90,4,147,4,failure,no
52,married,secondary,no,2087,yes,no,267,1,474,1,failure,yes
53,divorced,tertiary,no,6649,yes,no,106,1,55,1,failure,no
49,single,tertiary,no,5689,no,no,470,1,97,3,failure,yes
37,married,tertiary,no,7620,no,no,164,3,98,3,failure,no
30,married,primary,no,201,yes,no,219,1,157,12,failure,yes
39,married,tertiary,no,119,yes,no,265,2,476,4,success,yes
48,divorced,tertiary,no,17964,yes,no,120,1,98,5,success,yes
51,married,tertiary,no,2635,no,no,181,1,98,2,failure,yes
35,single,secondary,no,183,no,no,516,2,130,2,failure,no
48,married,secondary,no,568,yes,no,378,2,386,1,success,yes
38,married,tertiary,no,1198,yes,no,91,3,213,1,failure,no
44,married,secondary,no,764,yes,no,232,1,213,1,failure,no
32,married,tertiary,no,1270,no,no,420,1,15,3,success,no
46,married,tertiary,no,2552,no,no,260,1,94,8,success,yes
71,married,tertiary,no,653,no,no,471,1,189,1,success,yes
44,single,tertiary,no,2033,no,no,444,1,99,1,failure,yes
37,single,secondary,no,0,yes,yes,144,2,463,6,failure,no
36,married,tertiary,no,86,yes,no,104,1,380,3,failure,no
31,single,tertiary,no,3343,no,no,365,1,94,1,success,yes
51,married,tertiary,no,994,no,no,268,1,98,3,failure,no
27,single,tertiary,no,313,no,yes,167,1,93,3,success,no
45,married,tertiary,no,40,yes,no,81,1,213,1,failure,no
40,single,tertiary,no,7968,no,no,733,1,93,1,success,yes
55,married,primary,no,2587,no,no,328,2,94,2,success,yes
35,married,secondary,no,2789,yes,no,256,2,94,1,failure,no
57,divorced,tertiary,no,6468,yes,no,730,1,157,4,failure,yes
31,single,tertiary,no,882,no,no,293,1,93,1,success,yes
26,single,secondary,no,1231,yes,no,230,1,93,7,success,yes
32,married,tertiary,no,2667,yes,no,171,2,186,2,failure,no
48,married,primary,no,606,no,no,589,3,186,6,failure,no
36,married,tertiary,no,1354,no,no,281,3,97,2,success,yes
55,married,secondary,no,602,no,no,350,1,98,5,success,yes
62,married,secondary,no,367,no,no,221,1,189,5,failure,no
33,married,tertiary,no,1390,no,no,92,1,84,4,failure,no
24,single,tertiary,no,0,yes,no,89,1,103,2,success,no
52,married,secondary,no,0,yes,no,211,1,294,1,failure,yes
53,married,secondary,no,1182,yes,no,82,1,293,1,failure,no
36,married,secondary,no,52,yes,no,351,1,95,6,success,yes
31,single,tertiary,no,924,no,no,231,1,94,3,success,yes
45,single,tertiary,no,1411,no,no,800,2,102,3,failure,yes
57,married,primary,no,772,yes,no,201,1,292,1,failure,no
50,married,tertiary,no,6574,no,no,495,1,92,3,success,yes
31,married,tertiary,no,155,yes,no,214,1,99,1,failure,no
43,married,secondary,no,2160,no,no,261,1,98,1,success,yes
33,married,secondary,no,409,no,no,165,1,97,4,success,yes
25,single,secondary,no,1871,no,no,260,1,96,1,success,yes
32,single,tertiary,no,2915,no,no,519,1,131,2,failure,yes
28,single,secondary,no,1633,no,no,233,1,95,1,success,no
39,married,secondary,no,1587,yes,no,108,2,98,3,success,yes
58,married,tertiary,no,1227,no,no,400,2,95,1,success,yes
37,married,secondary,no,4321,no,no,421,2,95,1,success,no
79,married,secondary,no,723,no,no,276,1,79,3,failure,yes
40,married,secondary,no,732,no,no,71,1,139,4,success,no
30,single,tertiary,no,147,no,no,234,1,100,1,failure,yes
50,married,primary,no,3764,no,no,214,2,99,4,failure,yes
35,married,secondary,no,114,yes,yes,105,3,97,4,failure,no
31,single,tertiary,no,12569,no,no,344,1,295,1,failure,yes
45,married,secondary,no,129,yes,no,307,2,191,1,failure,no
34,married,tertiary,no,158,no,no,278,2,132,4,failure,yes
28,single,secondary,no,261,yes,yes,259,2,98,4,success,yes
32,married,secondary,no,889,yes,no,185,1,99,5,success,yes
23,single,primary,no,1235,no,no,122,2,91,3,failure,no
38,single,tertiary,no,0,no,no,260,3,95,3,success,yes
58,married,primary,no,4605,no,no,339,1,38,1,failure,no
36,married,tertiary,no,495,no,no,91,1,37,5,success,yes
63,married,secondary,no,2747,no,no,113,1,80,1,failure,no
46,married,secondary,no,640,yes,no,108,2,129,2,failure,yes
47,divorced,secondary,no,1013,no,no,170,1,92,3,failure,yes
48,married,tertiary,no,2351,no,no,150,1,105,3,success,yes
46,married,tertiary,no,273,yes,no,1962,1,105,3,failure,yes
57,married,primary,no,3109,no,no,107,2,105,2,success,yes
50,married,secondary,no,388,no,no,173,2,99,4,failure,yes
34,married,secondary,no,262,no,no,89,2,106,1,success,yes
31,single,tertiary,no,64,no,no,208,1,105,2,success,no
50,divorced,tertiary,no,810,no,no,91,1,103,3,success,yes
54,divorced,secondary,no,1664,no,no,106,1,105,3,success,yes
48,married,tertiary,no,2,no,no,103,1,91,2,failure,no
26,single,tertiary,no,362,no,no,925,1,104,2,success,yes
33,married,tertiary,no,1323,no,no,109,2,106,1,success,no
50,married,tertiary,no,1612,no,no,188,1,92,4,success,no
40,married,tertiary,no,1293,no,no,1702,3,105,2,success,yes
31,single,tertiary,no,3384,no,no,153,1,104,2,success,yes
29,single,tertiary,no,874,yes,no,152,1,103,1,success,yes
40,married,secondary,no,1819,no,no,169,1,103,2,failure,no
34,single,tertiary,no,417,yes,no,99,2,135,3,failure,no
25,single,tertiary,no,553,yes,no,113,4,479,1,failure,no
41,single,secondary,no,595,yes,no,22,1,107,2,success,no
25,single,tertiary,no,808,no,no,267,2,114,2,failure,yes
59,married,tertiary,no,883,no,no,1551,1,31,3,failure,no
83,married,primary,no,425,no,no,773,1,92,2,success,yes
43,divorced,tertiary,no,2367,no,no,83,1,113,3,success,yes
46,single,secondary,no,5993,no,no,159,1,112,1,failure,no
45,married,secondary,no,10252,no,no,173,1,141,2,success,yes
37,single,tertiary,no,1000,yes,no,239,1,99,2,success,yes
27,single,tertiary,no,20585,no,no,299,1,100,1,success,yes
32,divorced,tertiary,no,530,yes,no,91,1,114,2,failure,no
37,married,tertiary,no,539,no,no,168,2,45,1,failure,no
65,married,secondary,no,1176,no,no,64,1,50,2,failure,no
23,single,secondary,no,4545,no,no,242,1,114,1,failure,no
20,single,secondary,no,1191,no,no,500,2,228,1,failure,no
57,married,tertiary,no,10583,no,no,341,3,98,3,success,yes
29,single,tertiary,no,14,no,no,87,1,120,1,failure,no
50,divorced,secondary,no,0,no,no,159,1,120,2,failure,yes
36,married,tertiary,no,1145,yes,no,75,1,239,2,failure,no
40,married,secondary,no,1451,no,no,117,1,121,1,success,yes
45,married,secondary,no,4068,no,no,314,1,41,1,success,no
53,married,secondary,no,109,no,no,431,1,120,1,success,no
35,married,tertiary,no,611,no,no,305,2,121,1,success,yes
35,married,tertiary,no,2088,yes,no,86,1,50,4,failure,no
26,single,secondary,no,132,no,no,194,1,119,1,success,yes
41,divorced,tertiary,no,3426,no,no,302,1,119,5,success,no
36,married,tertiary,no,202,no,no,237,1,122,2,failure,no
48,married,tertiary,no,3842,no,no,168,1,122,2,success,no
54,single,tertiary,no,2081,no,no,395,2,108,1,failure,no
34,single,secondary,no,1363,no,no,258,1,93,1,failure,no
59,married,tertiary,no,4152,yes,no,67,6,141,13,failure,no
44,married,secondary,no,1495,yes,no,82,1,142,1,failure,no
37,single,tertiary,no,1027,yes,no,137,1,119,1,failure,yes
54,married,tertiary,no,1464,no,no,194,2,94,1,success,yes
54,married,tertiary,no,8295,no,no,849,2,119,1,success,yes
26,single,tertiary,no,170,no,no,160,2,109,1,success,no
24,single,secondary,no,4126,no,no,83,5,191,2,success,no
34,single,secondary,no,318,yes,no,88,1,169,3,failure,no
34,married,tertiary,no,0,no,no,89,1,133,1,failure,no
57,married,secondary,no,415,no,no,408,1,410,2,failure,no
26,single,secondary,no,125,no,no,63,1,63,7,failure,no
37,married,secondary,no,604,yes,no,371,1,495,1,failure,yes
33,single,tertiary,no,5437,no,no,201,1,58,3,failure,yes
37,married,secondary,no,2061,yes,yes,867,2,107,4,success,no
25,single,tertiary,no,1185,no,no,290,1,114,1,failure,yes
30,single,secondary,no,873,no,no,301,1,216,2,failure,no
31,single,tertiary,no,9629,no,no,180,2,96,2,failure,no
29,single,tertiary,no,172,yes,yes,271,2,187,16,failure,no
55,married,secondary,no,377,no,no,403,1,183,1,success,no
61,married,tertiary,no,1389,no,no,92,3,183,1,failure,no
36,married,tertiary,no,4596,yes,no,234,2,175,2,success,yes
58,married,primary,no,565,no,no,153,1,93,1,success,yes
33,single,tertiary,no,1781,no,no,611,2,183,1,success,yes
27,married,secondary,no,3415,no,no,266,3,184,1,success,yes
60,divorced,secondary,no,12039,no,no,261,1,187,1,success,yes
32,single,tertiary,no,2983,yes,no,268,1,102,1,failure,no
56,married,secondary,no,12,no,no,511,3,187,1,failure,yes
83,married,tertiary,no,6236,no,no,766,1,62,3,failure,no
56,married,primary,no,1137,no,no,99,3,102,1,success,no
55,married,secondary,no,9329,no,no,135,1,113,2,failure,no
55,divorced,secondary,no,538,yes,no,306,1,67,2,success,no
59,married,secondary,no,0,no,no,78,1,216,1,failure,no
46,divorced,secondary,no,1187,no,yes,92,1,327,1,failure,no
39,divorced,secondary,no,385,no,no,242,1,48,2,failure,yes
31,married,secondary,no,581,yes,no,845,1,152,6,failure,no
35,single,tertiary,no,2646,no,no,221,1,182,1,success,yes
61,divorced,tertiary,no,6,yes,no,210,1,182,2,success,yes
43,married,tertiary,no,1188,no,no,1573,2,139,2,failure,no
62,married,secondary,no,1495,no,no,896,1,57,2,success,yes
36,divorced,secondary,no,592,no,no,204,2,99,5,failure,yes
32,married,tertiary,no,2688,no,no,216,1,57,1,failure,yes
63,married,primary,no,1084,no,no,201,1,183,1,success,no
23,single,secondary,no,107,no,no,84,1,183,1,success,yes
46,married,tertiary,no,37378,yes,no,146,1,518,1,failure,no
38,married,tertiary,no,127,yes,no,113,1,50,2,success,no
34,single,tertiary,no,144,yes,yes,104,1,85,19,failure,no
58,married,primary,no,4198,no,no,441,5,246,5,failure,yes
30,married,secondary,no,0,no,no,86,1,140,3,failure,no
34,married,tertiary,no,35,yes,no,76,1,69,2,failure,no
47,married,secondary,no,2149,yes,no,241,1,183,2,success,no
30,single,tertiary,no,536,no,no,244,1,105,1,success,yes
19,single,primary,no,103,no,no,96,2,97,2,success,no
54,married,primary,no,1311,no,no,485,3,184,3,failure,yes
62,married,tertiary,no,1528,no,no,134,2,184,1,success,yes
43,married,primary,no,2557,yes,no,166,3,183,5,success,yes
40,single,tertiary,no,79,no,no,570,1,135,1,failure,yes
57,married,tertiary,no,1318,no,no,115,1,185,2,failure,yes
75,married,secondary,no,3771,no,no,186,1,183,1,failure,yes
77,married,tertiary,no,0,no,no,847,1,60,1,success,yes
31,married,tertiary,no,6138,no,no,154,2,119,5,failure,yes
50,married,tertiary,no,469,no,no,170,1,183,1,success,yes
72,married,secondary,no,2850,no,no,131,2,241,1,success,no
31,single,secondary,no,523,no,yes,141,1,126,4,failure,no
65,married,primary,no,493,no,no,622,1,182,1,failure,no
33,single,tertiary,no,8514,no,no,165,1,57,1,failure,no
40,married,secondary,no,2266,no,no,447,1,147,5,failure,yes
44,single,tertiary,no,643,no,no,324,1,143,3,failure,yes
45,single,secondary,no,0,yes,no,283,1,165,3,failure,no
62,married,primary,no,1515,yes,no,131,1,187,2,failure,no
76,divorced,primary,no,1411,no,no,233,2,187,3,success,yes
30,single,tertiary,no,261,no,no,233,1,137,20,failure,no
60,married,secondary,no,0,no,no,1745,3,62,3,failure,no
61,married,secondary,no,1541,no,no,59,1,104,3,failure,no
31,single,secondary,no,8304,no,no,164,1,183,1,failure,no
39,married,tertiary,no,1802,no,no,92,1,336,1,failure,no
22,single,primary,no,3472,no,no,332,1,183,3,failure,yes
39,married,tertiary,no,206,no,no,148,2,195,2,success,yes
43,married,secondary,no,69,yes,yes,304,1,337,1,failure,no
65,married,secondary,no,571,yes,no,349,1,183,2,success,yes
54,married,secondary,no,3994,no,yes,595,2,187,2,success,yes
28,single,tertiary,no,80,no,no,676,2,146,2,failure,yes
61,married,tertiary,no,267,no,no,192,3,184,1,success,yes
53,married,primary,no,2581,no,no,828,1,189,1,failure,yes
38,divorced,secondary,no,0,yes,no,576,1,183,4,success,yes
69,married,tertiary,no,473,no,no,110,1,106,2,failure,no
27,single,tertiary,no,1134,no,no,825,1,183,4,success,yes
55,divorced,secondary,no,309,no,no,467,2,184,1,success,yes
33,single,tertiary,no,6807,no,no,512,2,184,1,success,yes
33,single,tertiary,no,658,yes,no,307,1,208,1,success,yes
33,married,tertiary,no,79,yes,no,249,2,335,2,failure,yes
30,single,tertiary,no,411,no,no,127,3,149,2,failure,yes
68,single,tertiary,no,2144,no,no,277,1,184,2,success,yes
42,divorced,secondary,no,527,no,yes,181,1,185,1,success,yes
41,single,tertiary,no,431,no,no,133,1,107,2,success,yes
35,single,tertiary,no,1750,yes,no,422,1,175,4,success,no
29,married,secondary,no,123,no,yes,247,1,184,3,success,yes
27,single,secondary,no,3792,no,no,504,1,183,2,success,yes
82,married,primary,no,8603,no,no,306,3,107,1,success,yes
55,married,secondary,no,0,no,no,102,1,106,1,failure,no
76,married,tertiary,no,2991,no,no,344,1,183,1,success,yes
38,married,tertiary,no,4174,no,no,336,2,184,5,failure,yes
60,married,secondary,no,10925,no,no,270,3,185,1,success,yes
33,divorced,secondary,no,2411,yes,no,130,1,161,1,failure,yes
73,married,primary,no,796,no,no,427,1,182,2,failure,yes
39,married,secondary,no,0,yes,no,622,1,184,1,success,no
57,married,primary,no,6900,no,no,255,4,185,2,failure,yes
33,married,tertiary,no,5878,no,no,438,1,430,2,failure,yes
35,single,secondary,no,183,no,no,281,1,52,4,failure,yes
59,married,primary,no,3648,no,no,257,2,126,3,success,yes
40,married,tertiary,no,1108,no,no,61,2,76,3,failure,no
40,married,secondary,no,0,no,no,87,2,200,2,failure,no
44,divorced,tertiary,no,36,no,no,127,2,153,3,failure,no
59,married,tertiary,no,1425,no,no,151,2,77,3,failure,no
52,married,secondary,no,722,no,no,99,2,185,3,failure,no
73,married,primary,no,542,no,no,355,1,180,5,failure,yes
55,married,secondary,no,865,yes,no,96,1,111,3,failure,no
58,married,secondary,no,3027,yes,no,120,1,186,1,success,no
46,single,tertiary,no,311,yes,yes,96,1,158,1,failure,no
38,single,secondary,no,0,no,no,297,1,75,3,failure,yes
30,single,tertiary,no,398,no,no,102,1,180,3,success,yes
52,married,secondary,no,992,yes,no,424,1,515,1,failure,yes
59,married,secondary,no,0,no,no,376,1,81,3,failure,no
71,married,tertiary,no,383,no,no,327,2,183,3,success,no
38,divorced,secondary,no,70,no,no,255,3,148,1,success,yes
34,single,tertiary,no,18,yes,yes,114,1,180,1,success,no
60,married,primary,no,182,no,no,83,2,76,3,failure,no
29,married,secondary,no,1599,yes,no,95,1,112,2,failure,no
61,married,secondary,no,89,no,no,154,1,181,2,failure,no
27,single,tertiary,no,390,no,no,190,1,82,1,success,no
30,single,secondary,no,914,yes,no,524,3,272,1,failure,yes
57,married,tertiary,no,2326,no,no,207,1,194,1,success,yes
61,married,secondary,no,272,no,no,318,1,269,1,failure,no
30,single,tertiary,no,697,no,no,215,3,80,5,success,yes
66,married,tertiary,no,1948,no,no,106,2,269,2,failure,yes
53,married,tertiary,no,395,no,no,136,1,148,1,failure,yes
34,single,secondary,no,920,yes,no,250,1,342,5,failure,no
47,married,tertiary,no,3663,no,no,424,2,213,3,success,yes
62,married,primary,no,115,no,no,157,4,183,3,failure,no
30,single,secondary,no,853,no,no,279,1,148,1,failure,yes
56,married,primary,no,1947,no,no,631,2,149,3,failure,no
30,single,tertiary,no,53,no,no,155,1,184,1,success,no
60,married,tertiary,no,3401,no,no,294,1,270,1,failure,yes
46,married,primary,no,3512,no,no,175,1,197,1,failure,yes
33,married,tertiary,no,3301,yes,no,131,2,171,2,failure,no
37,married,primary,no,1506,no,no,101,3,80,3,success,no
20,single,primary,no,0,no,no,69,4,182,4,failure,no
38,married,tertiary,no,732,no,no,53,2,161,1,failure,no
70,married,secondary,no,3020,no,no,358,2,186,1,failure,no
29,single,tertiary,no,3054,no,no,204,1,186,7,success,no
54,married,secondary,no,473,no,yes,182,1,81,1,failure,yes
35,single,tertiary,no,5462,no,no,188,1,186,1,success,yes
26,married,tertiary,no,906,no,no,109,1,160,1,success,no
35,married,secondary,no,580,yes,no,180,2,171,1,failure,no
72,single,tertiary,no,1285,no,no,179,5,98,2,failure,no
55,divorced,tertiary,no,2037,no,no,209,2,273,1,failure,yes
44,married,tertiary,no,1818,yes,yes,88,2,83,2,failure,no
48,married,secondary,no,0,yes,yes,1233,1,351,2,failure,yes
36,single,tertiary,no,62,yes,no,566,1,182,7,failure,yes
55,single,tertiary,no,0,no,no,222,3,187,3,failure,no
36,married,tertiary,no,506,no,no,217,1,70,2,failure,yes
40,married,secondary,no,1508,no,no,177,2,85,3,failure,no
27,single,tertiary,no,1720,no,no,284,2,273,1,failure,yes
38,married,tertiary,no,2812,yes,no,322,1,187,1,success,no
36,married,tertiary,no,7222,yes,no,116,4,154,1,failure,no
31,married,tertiary,no,1812,no,no,138,1,84,2,failure,no
29,single,secondary,no,2,no,no,85,1,142,1,failure,no
34,married,tertiary,no,1778,no,no,358,1,162,2,failure,yes
61,married,tertiary,no,6016,no,no,199,1,275,3,success,no
31,single,tertiary,no,220,yes,no,257,2,184,2,failure,no
60,married,tertiary,no,6573,yes,no,126,2,87,2,failure,no
24,married,secondary,no,556,yes,no,368,2,80,2,success,yes
33,married,tertiary,no,1699,no,no,178,2,94,1,success,yes
33,married,secondary,no,6699,no,no,425,1,462,1,failure,no
33,married,secondary,no,1536,no,no,262,1,94,2,success,yes
32,single,tertiary,no,935,no,no,165,1,91,7,success,yes
60,married,tertiary,no,10861,no,no,98,1,91,2,failure,yes
34,married,secondary,no,2374,yes,no,161,1,209,2,failure,yes
35,single,tertiary,no,1228,no,no,696,2,88,12,failure,yes
53,married,tertiary,no,1356,yes,no,371,2,96,4,failure,no
24,single,secondary,no,125,no,no,263,1,90,1,failure,yes
32,single,tertiary,no,1527,yes,no,270,1,144,2,failure,no
38,single,tertiary,no,3141,no,no,347,4,189,2,success,yes
47,married,secondary,no,3940,yes,no,171,2,96,5,success,no
45,married,tertiary,no,160,no,no,182,2,194,1,success,yes
40,married,tertiary,no,0,no,no,147,1,96,8,success,yes
31,married,tertiary,no,2666,no,no,318,2,97,6,success,yes
44,single,secondary,no,1534,no,no,95,1,95,3,success,yes
61,married,tertiary,no,2557,yes,no,89,1,91,4,success,yes
67,married,tertiary,no,405,no,no,344,2,95,2,success,yes
33,married,tertiary,no,22867,yes,no,266,2,92,3,failure,yes
57,married,secondary,no,2155,no,yes,144,3,91,2,failure,yes
71,divorced,primary,no,1311,no,no,301,2,91,1,success,yes
52,married,secondary,no,94,no,no,293,3,190,10,failure,yes
48,divorced,secondary,no,201,no,no,594,1,91,1,success,yes
33,married,tertiary,no,1388,yes,no,280,1,89,2,failure,no
27,single,secondary,no,4590,yes,no,131,4,89,3,failure,yes
52,married,tertiary,no,1785,no,no,133,3,89,1,failure,no
35,single,tertiary,no,612,no,no,158,1,195,1,failure,no
35,single,tertiary,no,5007,yes,no,133,1,90,3,failure,no
23,single,secondary,no,598,no,no,406,1,195,1,failure,yes
26,single,tertiary,no,943,no,no,166,1,195,1,success,yes
51,married,tertiary,no,938,no,no,98,2,97,3,failure,no
33,married,secondary,no,1076,no,no,131,1,96,5,failure,yes
35,married,tertiary,no,0,yes,no,229,2,96,3,success,yes
53,married,tertiary,no,1624,no,no,166,3,97,7,success,yes
44,divorced,tertiary,no,1070,yes,no,172,1,91,5,success,yes
53,divorced,primary,no,4401,no,no,241,1,92,1,success,yes
21,single,secondary,no,123,no,no,513,1,91,1,success,yes
36,single,secondary,no,3623,no,no,71,1,378,1,success,yes
31,single,tertiary,no,533,no,no,90,3,93,6,success,yes
42,married,secondary,no,994,yes,no,227,3,93,6,success,yes
28,single,tertiary,no,805,no,no,116,5,170,2,failure,no
27,single,tertiary,no,168,no,no,123,1,196,1,success,yes
33,married,secondary,no,386,no,no,253,1,92,4,failure,yes
65,married,secondary,no,1370,no,no,177,1,92,1,failure,no
30,single,secondary,no,2424,no,no,110,1,279,1,failure,yes
51,married,tertiary,no,346,no,no,134,2,192,3,failure,yes
32,married,tertiary,no,1331,no,no,126,1,92,5,failure,yes
47,married,tertiary,no,4693,no,yes,89,1,97,3,success,yes
48,married,secondary,no,1230,yes,no,169,1,196,2,success,yes
61,married,primary,no,1720,no,no,150,1,463,5,failure,no
36,married,secondary,no,2971,no,no,247,1,97,8,failure,yes
27,single,tertiary,no,5291,no,no,192,2,92,2,failure,yes
43,single,secondary,no,3403,yes,no,707,2,97,2,success,yes
33,married,secondary,no,133,no,no,627,2,192,1,success,yes
50,married,secondary,no,3608,yes,no,176,2,197,2,success,yes
43,divorced,secondary,no,1854,no,no,131,2,197,1,success,no
76,married,primary,no,3324,no,no,122,1,92,3,success,yes
63,married,tertiary,no,5112,no,no,2184,2,95,3,failure,yes
77,married,primary,no,2590,no,no,212,3,277,12,failure,yes
71,married,primary,no,2600,no,no,186,2,98,1,success,yes
46,married,tertiary,no,2671,no,no,180,3,91,4,success,no
39,married,secondary,no,260,yes,no,226,1,94,4,success,yes
37,single,secondary,no,115,no,no,122,4,101,5,failure,no
18,single,primary,no,608,no,no,210,1,93,1,success,yes
58,divorced,secondary,no,462,no,no,495,1,93,1,success,yes
61,married,secondary,no,1471,no,no,632,1,93,2,failure,no
44,divorced,secondary,no,14,no,no,167,1,92,1,success,yes
67,married,secondary,no,1146,no,no,259,1,92,2,failure,yes
31,single,secondary,no,181,no,no,239,2,93,2,success,yes
36,single,secondary,no,376,no,no,193,1,92,1,success,yes
56,married,primary,no,9367,no,no,271,2,92,4,success,yes
74,married,primary,no,0,no,no,332,2,92,2,success,no
33,married,tertiary,no,271,yes,no,182,2,91,2,success,yes
24,single,secondary,no,382,no,no,256,2,92,3,failure,yes
33,single,tertiary,no,2465,no,no,139,2,95,1,success,no
34,married,tertiary,no,2599,no,no,95,1,200,2,success,no
33,married,secondary,no,920,no,no,130,1,95,2,failure,yes
58,married,secondary,no,169,no,no,301,1,94,3,failure,yes
37,married,tertiary,no,1276,no,no,146,1,94,2,success,yes
27,single,secondary,no,535,no,no,183,1,94,1,success,yes
37,married,tertiary,no,2987,yes,no,135,8,96,1,success,no
31,single,secondary,no,270,no,no,176,1,200,2,success,no
41,divorced,primary,no,487,no,no,163,1,200,1,failure,no
22,single,secondary,no,1925,no,no,84,1,196,1,failure,no
33,married,tertiary,no,71,no,no,136,1,287,1,failure,no
42,married,tertiary,no,10072,no,no,137,3,208,1,failure,no
26,single,secondary,no,203,no,no,104,1,196,1,failure,no
54,married,secondary,no,0,no,no,986,1,94,8,failure,no
37,single,tertiary,no,197,no,no,175,1,200,1,success,yes
33,married,tertiary,no,263,no,no,79,4,94,3,failure,no
43,married,tertiary,no,3186,no,no,380,1,88,1,failure,yes
49,divorced,secondary,no,972,no,no,104,3,175,2,failure,no
35,married,tertiary,no,3160,yes,no,445,2,95,1,failure,yes
24,married,secondary,no,272,no,no,105,2,94,2,success,yes
75,married,tertiary,no,6027,no,no,1248,2,94,2,failure,yes
52,married,tertiary,no,583,no,no,209,1,91,2,failure,yes
62,married,tertiary,no,10373,no,no,140,3,97,3,failure,no
55,divorced,tertiary,no,0,no,no,134,2,91,1,success,yes
29,single,primary,no,1374,no,no,309,3,208,4,success,yes
20,single,secondary,no,215,no,no,325,1,95,5,success,yes
42,married,primary,no,5310,yes,no,968,2,97,4,success,yes
27,single,tertiary,no,11862,no,no,285,2,97,7,success,yes
30,single,tertiary,no,265,no,no,295,1,93,3,success,no
23,single,secondary,no,922,no,no,242,1,85,8,failure,no
53,married,secondary,no,65,no,no,99,1,92,2,failure,no
28,single,secondary,no,1925,no,no,487,1,97,2,failure,yes
38,married,secondary,no,6728,no,no,232,1,96,4,success,yes
72,married,secondary,no,1129,no,no,208,1,91,1,success,yes
29,single,secondary,no,265,yes,no,414,1,184,1,failure,yes
34,married,tertiary,no,69,no,yes,296,1,205,2,failure,yes
27,single,tertiary,no,567,no,no,238,2,184,1,success,yes
52,married,secondary,no,1797,yes,no,92,2,99,1,failure,no
77,married,primary,no,680,no,no,341,4,94,3,failure,no
35,single,secondary,no,204,yes,no,110,3,189,1,success,no
58,married,secondary,no,3399,no,no,1628,2,188,8,success,yes
46,married,tertiary,no,31630,no,no,448,2,214,1,failure,no
25,single,secondary,no,304,no,no,152,1,188,2,success,no
22,single,tertiary,no,691,no,no,260,5,103,1,success,yes
33,married,tertiary,no,8023,no,no,107,1,105,3,failure,no
28,single,secondary,no,520,yes,no,113,1,168,1,failure,no
60,divorced,tertiary,no,4,yes,no,415,1,190,5,failure,yes
29,single,secondary,no,1165,no,no,244,2,184,1,success,yes
36,divorced,tertiary,no,4708,no,no,284,1,171,1,failure,yes
68,married,tertiary,no,2820,no,no,154,1,97,2,failure,yes
48,married,tertiary,no,1147,no,no,155,1,120,3,success,yes
25,single,tertiary,no,1189,no,no,110,1,183,1,success,no
28,single,secondary,no,339,no,no,350,1,182,1,success,yes
29,single,tertiary,no,19,no,no,274,1,230,1,success,yes
49,married,tertiary,no,5887,no,no,439,3,185,5,success,yes
42,married,secondary,no,2913,no,no,127,2,184,2,success,no
43,single,tertiary,no,11891,no,no,821,5,242,1,success,yes
44,single,secondary,no,733,yes,no,360,2,105,5,success,yes
58,single,secondary,no,2223,no,no,1139,2,114,1,success,no
38,married,secondary,no,5000,no,no,720,5,536,5,failure,no
31,married,secondary,no,389,yes,no,69,1,185,2,failure,no
42,single,secondary,no,684,no,no,163,1,186,1,success,no
42,married,tertiary,no,144,no,no,143,1,283,3,failure,no
32,single,secondary,no,8626,no,no,200,1,196,2,failure,no
29,single,secondary,no,314,no,no,415,2,116,4,failure,yes
38,divorced,secondary,no,1190,yes,no,347,4,186,5,success,no
29,single,tertiary,no,2489,yes,no,1002,3,283,2,success,no
42,married,tertiary,no,254,no,no,288,7,183,4,success,yes
37,married,secondary,no,0,yes,no,179,1,190,1,success,yes
27,single,tertiary,no,1623,no,no,161,1,190,1,success,no
34,married,secondary,no,294,yes,no,265,1,184,3,success,yes
79,married,secondary,no,8304,no,no,456,2,275,9,success,yes
57,divorced,primary,no,698,no,no,135,3,191,2,failure,no
41,married,secondary,no,1077,yes,yes,207,3,387,2,failure,yes
22,single,tertiary,no,1258,no,no,182,1,156,1,failure,no
58,married,tertiary,no,256,no,no,422,1,188,3,success,yes
54,divorced,tertiary,no,380,no,yes,501,1,188,2,success,no
45,married,tertiary,no,1788,no,no,364,1,191,4,failure,no
40,single,tertiary,no,3797,no,no,263,1,195,2,failure,no
30,married,secondary,no,2326,no,no,420,1,175,2,failure,yes
41,single,tertiary,no,10346,no,no,352,1,182,3,success,no
35,married,tertiary,no,3402,no,no,269,1,194,2,failure,no
36,married,tertiary,no,925,no,no,321,3,189,4,success,yes
64,married,primary,no,67,no,no,86,2,111,1,failure,no
53,married,secondary,no,1796,no,no,476,1,193,1,failure,yes
26,single,tertiary,no,12,no,no,72,4,186,6,success,no
29,single,tertiary,no,572,no,no,314,1,195,1,success,yes
43,married,secondary,no,775,no,no,325,1,124,2,failure,no
57,married,secondary,no,5313,no,no,283,2,196,1,success,yes
46,married,tertiary,no,0,yes,no,155,1,199,2,failure,no
47,married,secondary,no,0,yes,no,97,1,231,2,failure,no
56,married,secondary,no,393,no,yes,103,1,206,1,failure,no
34,married,secondary,no,1337,no,no,330,2,127,3,success,yes
52,married,secondary,no,195,yes,no,110,2,205,3,failure,no
32,married,secondary,no,35,no,no,324,3,126,3,success,yes
31,single,tertiary,no,596,no,no,184,6,196,2,failure,no
27,single,secondary,no,538,no,no,170,4,197,2,success,yes
29,married,secondary,no,399,no,no,454,6,199,1,failure,no
50,married,tertiary,no,5108,yes,no,406,1,182,2,failure,yes
57,married,secondary,no,1841,no,no,127,2,196,1,success,no
60,married,secondary,no,294,no,no,104,5,198,4,success,no
44,married,secondary,no,1025,yes,no,116,2,202,1,failure,no
50,married,secondary,no,320,no,no,294,3,315,4,success,yes
44,married,secondary,no,132,no,no,103,5,124,4,success,no
39,single,secondary,no,804,no,no,193,8,203,1,success,no
32,single,secondary,no,131,yes,no,322,1,189,1,success,yes
59,married,primary,no,2074,no,no,467,1,186,2,success,yes
68,married,secondary,no,1443,no,no,2062,2,257,1,success,yes
40,single,secondary,no,782,yes,no,94,5,202,17,failure,no
34,single,secondary,no,303,no,no,94,3,200,6,success,no
64,married,tertiary,no,661,no,no,367,2,294,2,failure,yes
49,married,secondary,no,905,no,no,385,7,131,2,failure,no
60,married,secondary,no,3735,no,no,190,1,188,9,success,yes
72,married,primary,no,4657,no,no,305,3,309,5,success,yes
30,married,primary,no,5,no,no,282,1,203,1,success,yes
48,married,secondary,no,1559,no,no,520,3,133,3,failure,no
59,married,tertiary,no,2764,no,no,237,1,206,2,failure,no
43,married,tertiary,no,4216,no,no,150,2,195,2,success,yes
49,married,secondary,no,3570,no,no,62,3,202,2,failure,no
32,single,tertiary,no,623,no,no,273,1,203,1,failure,no
47,married,secondary,no,3519,no,yes,193,1,220,1,failure,no
43,married,tertiary,no,3518,no,no,206,2,196,2,success,yes
39,single,tertiary,no,25,yes,no,315,1,210,2,success,yes
27,single,secondary,no,1347,no,no,824,1,193,11,success,yes
35,single,tertiary,no,7546,yes,no,137,1,122,3,failure,no
38,married,secondary,no,11303,no,no,473,2,216,2,failure,yes
32,single,tertiary,no,718,yes,no,155,1,197,1,success,yes
32,married,secondary,no,914,no,no,434,1,197,1,success,no
23,single,secondary,no,870,no,no,296,1,176,4,success,yes
35,married,secondary,no,978,no,no,1370,3,209,3,success,yes
27,married,secondary,no,1595,no,no,196,2,197,2,success,yes
36,married,tertiary,no,629,yes,yes,109,1,246,1,failure,no
61,married,secondary,no,544,no,no,63,3,200,9,success,yes
30,single,tertiary,no,2907,yes,no,146,2,218,1,failure,no
40,married,secondary,no,3126,yes,no,110,3,232,2,failure,no
50,divorced,tertiary,no,315,no,no,249,1,119,1,failure,no
27,single,secondary,no,302,no,no,151,1,189,1,success,no
25,single,secondary,no,139,no,yes,202,1,91,1,success,yes
57,married,secondary,no,1044,no,no,585,1,192,2,success,yes
55,married,secondary,no,1633,no,no,210,1,192,2,success,yes
29,single,secondary,no,102,no,no,111,1,210,4,failure,no
73,married,primary,no,1388,no,no,767,2,83,1,success,yes
70,married,primary,no,3230,no,no,300,2,48,1,failure,no
67,married,primary,no,1430,no,no,499,2,91,3,failure,yes
29,single,tertiary,no,14,no,no,106,1,105,2,failure,no
67,married,primary,no,585,no,no,164,1,148,1,failure,no
31,single,secondary,no,2544,no,no,229,1,279,2,success,yes
66,single,tertiary,no,0,no,no,105,1,92,2,failure,no
49,married,tertiary,no,1093,yes,yes,243,2,91,2,success,yes
21,single,secondary,no,2488,no,no,661,2,92,1,success,yes
28,single,tertiary,no,1579,no,no,163,1,91,3,failure,yes
64,married,tertiary,no,2139,no,no,230,1,91,2,failure,no
62,married,tertiary,no,4692,yes,no,113,1,90,1,failure,no
31,married,tertiary,no,330,no,no,260,1,194,2,success,yes
40,married,tertiary,no,5142,no,no,147,2,224,1,failure,no
29,single,tertiary,no,270,yes,no,110,7,252,4,failure,no
70,divorced,primary,no,482,no,no,372,1,196,2,success,yes
59,married,primary,no,4198,no,no,309,1,91,10,success,yes
51,married,secondary,no,423,yes,yes,236,1,90,1,failure,no
48,married,secondary,no,817,no,no,517,1,282,4,success,yes
36,divorced,secondary,no,592,no,no,96,7,93,7,success,no
33,single,secondary,no,133,no,no,305,2,274,1,success,yes
30,single,tertiary,no,536,no,no,362,2,91,2,success,yes
60,divorced,tertiary,no,979,yes,no,295,3,347,1,failure,yes
65,married,primary,no,2173,no,no,543,4,276,1,failure,no
35,single,tertiary,no,1830,no,no,78,4,93,2,failure,no
28,married,tertiary,no,893,no,no,204,2,94,2,success,no
57,married,tertiary,no,1318,no,no,91,2,94,3,success,no
79,married,primary,no,8556,no,no,326,2,272,2,success,yes
64,married,secondary,no,588,no,no,366,1,91,2,failure,yes
42,married,secondary,no,994,yes,no,453,1,67,9,success,yes
47,married,secondary,no,820,no,no,262,1,91,1,success,yes
37,married,tertiary,no,539,no,no,540,2,115,3,failure,no
21,single,primary,no,423,no,no,287,5,285,5,success,yes
63,married,tertiary,no,1528,no,no,309,2,95,3,success,no
66,married,secondary,no,203,no,no,353,1,195,1,success,yes
19,single,primary,no,103,no,no,177,2,95,4,failure,no
46,single,secondary,no,1693,yes,no,137,1,97,1,success,no
76,married,tertiary,no,2991,no,no,195,1,95,2,success,no
61,married,secondary,no,86,no,no,639,1,94,1,success,yes
62,married,secondary,no,243,no,no,117,1,280,1,success,no
39,married,tertiary,no,1802,no,no,129,2,97,2,failure,no
37,single,tertiary,no,2163,no,no,114,1,234,1,failure,no
74,married,tertiary,no,2575,no,no,172,2,161,1,failure,no
32,single,tertiary,no,307,no,no,96,1,201,3,success,no
50,married,tertiary,no,5969,no,no,455,1,544,2,failure,yes
61,married,tertiary,no,13546,no,no,318,2,283,3,success,no
27,married,tertiary,no,2855,no,no,240,1,301,3,failure,yes
30,single,secondary,no,323,no,no,116,1,151,3,failure,no
36,married,tertiary,no,203,no,no,255,1,88,1,success,yes
38,married,primary,no,7005,yes,no,696,1,202,2,success,yes
27,single,tertiary,no,689,no,no,98,1,307,1,failure,no
40,married,tertiary,no,1108,no,no,228,1,92,5,failure,no
77,married,secondary,no,4112,no,no,1616,1,95,2,success,yes
68,single,tertiary,no,2144,no,no,708,1,96,3,success,yes
81,married,primary,no,243,no,no,340,1,92,1,success,yes
36,married,tertiary,no,6,yes,no,100,1,435,1,failure,no
38,single,secondary,no,0,no,no,240,1,92,4,success,no
52,married,secondary,no,992,yes,no,342,1,92,2,success,yes
38,divorced,secondary,no,70,no,no,164,4,92,4,success,yes
71,married,tertiary,no,353,no,no,208,1,93,2,failure,no
70,married,secondary,no,2626,no,no,175,3,147,2,success,no
69,divorced,secondary,no,4572,no,no,185,2,92,3,success,no
39,married,secondary,no,0,no,no,366,1,436,10,failure,yes
61,married,secondary,no,89,no,no,477,2,92,3,failure,no
36,single,tertiary,no,129,no,no,918,1,93,1,success,yes
33,single,tertiary,no,373,no,yes,169,3,93,1,failure,no
52,married,secondary,no,659,no,no,390,4,93,1,success,yes
66,married,primary,no,747,no,no,203,3,93,1,failure,no
38,single,tertiary,no,6889,yes,no,194,1,286,3,failure,no
29,single,tertiary,no,187,yes,no,154,2,555,2,failure,no
80,married,primary,no,997,no,no,151,1,91,3,success,yes
31,single,tertiary,no,2017,yes,no,167,1,286,5,failure,no
33,married,tertiary,no,1699,no,no,202,1,83,3,success,yes
56,married,tertiary,no,1181,no,no,186,1,433,1,failure,yes
64,married,tertiary,no,3951,no,no,134,1,91,1,success,yes
54,married,secondary,no,0,no,no,161,1,98,2,failure,yes
52,married,tertiary,no,2557,no,no,134,5,204,2,success,yes
66,married,tertiary,no,1948,no,no,216,1,91,4,success,yes
31,single,tertiary,no,283,no,no,98,2,241,1,failure,no
82,divorced,primary,no,1381,no,no,86,3,93,1,failure,no
28,single,secondary,no,261,yes,yes,254,3,142,6,success,yes
34,married,tertiary,no,5878,no,no,159,7,98,3,success,no
36,married,tertiary,no,202,no,no,313,1,120,3,failure,yes
26,single,secondary,no,338,no,no,245,1,92,3,success,no
54,single,secondary,no,1958,no,no,179,1,206,6,failure,no
32,divorced,tertiary,no,530,yes,no,131,1,127,3,failure,no
60,married,primary,no,5,no,no,533,1,92,1,success,yes
20,single,primary,no,0,no,no,143,5,91,8,failure,no
29,married,secondary,no,1599,yes,no,200,2,96,3,failure,no
40,single,tertiary,no,257,no,no,147,1,209,1,failure,no
72,single,tertiary,no,1285,no,no,280,2,91,7,failure,no
36,single,tertiary,no,980,no,no,343,2,95,2,failure,no
65,married,tertiary,no,1973,no,no,121,1,287,3,success,no
60,married,tertiary,no,3401,no,no,121,1,95,2,success,no
37,single,tertiary,no,953,yes,no,102,1,155,5,failure,no
33,married,tertiary,no,62,yes,no,102,1,264,1,failure,no
33,single,tertiary,no,685,yes,no,105,1,96,2,failure,no
31,single,secondary,no,523,no,yes,323,1,109,5,failure,no
65,married,primary,no,493,no,no,348,1,109,2,failure,no
56,married,secondary,no,1989,no,no,336,2,281,2,failure,yes
53,single,secondary,no,2398,yes,no,108,1,92,1,success,no
33,married,secondary,no,303,yes,no,355,1,301,5,success,yes
72,married,primary,no,2600,no,no,443,2,82,3,success,yes
44,married,tertiary,no,1818,yes,yes,508,1,92,4,failure,yes
31,single,tertiary,no,302,no,no,349,1,357,3,success,yes
52,married,secondary,no,955,no,yes,153,1,48,3,success,yes
37,single,secondary,no,265,yes,yes,140,1,366,2,failure,yes
45,married,secondary,no,205,no,no,373,1,92,1,success,yes
37,married,tertiary,no,238,no,no,185,1,92,1,success,yes
68,married,tertiary,no,2812,no,no,279,2,181,1,failure,yes
36,married,tertiary,no,506,no,no,124,1,92,3,success,no
38,single,secondary,no,262,no,no,315,2,180,6,failure,yes
59,married,secondary,no,0,no,no,722,1,99,4,failure,no
74,married,primary,no,5539,no,no,253,2,181,1,success,no
55,divorced,tertiary,no,2037,no,no,305,2,94,3,success,yes
32,single,tertiary,no,0,no,no,233,3,276,2,failure,yes
62,married,secondary,no,569,no,no,94,5,184,1,success,yes
54,divorced,secondary,no,0,yes,yes,330,1,182,3,success,no
37,single,secondary,no,115,no,no,187,1,83,9,failure,no
55,married,secondary,no,602,no,no,390,2,150,6,success,yes
41,single,tertiary,no,1646,yes,no,261,1,184,6,success,yes
35,single,tertiary,no,144,yes,yes,202,4,113,20,failure,no
28,single,tertiary,no,5474,no,no,181,4,191,5,success,no
35,single,tertiary,no,415,no,no,649,1,176,1,failure,yes
21,single,secondary,no,210,no,no,123,2,174,1,failure,no
80,married,secondary,no,2354,no,no,739,1,181,2,failure,yes
61,married,tertiary,no,175,no,no,79,2,183,2,success,no
38,married,secondary,no,318,no,no,383,1,181,5,failure,yes
63,married,secondary,no,2,no,no,45,2,93,1,success,no
48,married,secondary,no,1730,yes,no,489,1,178,2,failure,yes
76,married,tertiary,no,0,no,no,92,3,169,1,failure,no
29,single,tertiary,no,1788,no,no,303,1,100,1,success,no
29,single,tertiary,no,308,no,no,162,2,184,1,failure,no
30,single,secondary,no,228,no,no,232,1,365,1,failure,no
33,single,tertiary,no,696,no,yes,193,1,176,8,failure,no
32,single,secondary,no,228,no,no,176,1,288,3,failure,no
34,single,tertiary,no,382,no,no,148,1,94,1,failure,no
76,married,secondary,no,2302,no,no,110,1,87,2,failure,no
34,married,tertiary,no,1778,no,no,99,1,93,3,success,no
36,single,tertiary,no,994,no,no,195,1,176,5,failure,yes
42,married,tertiary,no,1536,no,no,132,1,182,3,success,no
37,married,secondary,no,96,no,no,102,1,182,3,success,no
29,single,tertiary,no,19,no,no,110,2,64,2,success,yes
34,married,secondary,no,1221,yes,no,210,2,274,6,failure,no
25,single,tertiary,no,145,no,no,145,1,182,1,failure,no
32,married,tertiary,no,2976,yes,no,783,1,175,5,failure,yes
42,divorced,secondary,no,490,yes,no,203,2,188,1,failure,no
23,single,tertiary,no,897,yes,no,190,2,280,8,failure,yes
84,divorced,primary,no,2619,no,no,145,2,115,2,failure,no
67,divorced,secondary,no,704,no,no,186,2,97,1,success,yes
34,married,secondary,no,3000,yes,yes,215,3,221,1,failure,no
22,single,secondary,no,216,no,no,363,1,187,1,success,yes
24,married,secondary,no,556,yes,no,278,1,94,4,success,yes
45,married,secondary,no,1206,no,no,309,1,446,3,failure,yes
39,married,tertiary,no,1301,no,no,185,2,179,1,failure,no
79,divorced,secondary,no,631,no,no,105,2,181,1,failure,no
35,married,tertiary,no,62,no,no,469,2,185,2,failure,yes
53,married,secondary,no,1228,yes,yes,116,2,188,1,success,no
33,married,secondary,no,1536,no,no,359,1,92,3,success,yes
24,single,tertiary,no,235,no,no,98,1,92,1,success,yes
65,married,tertiary,no,2331,no,no,290,1,92,1,success,yes
25,single,secondary,no,125,no,no,215,1,92,2,success,yes
58,married,secondary,no,7554,no,no,167,1,469,1,success,no
36,single,secondary,no,27,yes,no,631,1,260,2,success,yes
27,single,tertiary,no,390,no,no,120,2,104,2,failure,yes
32,single,tertiary,no,1527,yes,no,172,1,92,3,failure,no
35,single,secondary,no,-32,no,yes,63,4,182,5,failure,yes
39,single,tertiary,no,172,yes,no,125,2,183,2,failure,yes
53,married,secondary,no,10541,no,no,164,2,92,1,success,yes
23,single,secondary,no,480,no,no,742,2,182,1,failure,yes
34,married,secondary,no,2374,yes,no,243,2,92,3,success,yes
33,single,tertiary,no,935,no,no,385,2,92,8,success,yes
52,married,secondary,no,94,no,no,153,1,92,13,success,yes
33,married,tertiary,no,22867,yes,no,165,1,92,5,success,no
42,single,tertiary,no,94,yes,no,151,1,183,6,success,no
55,divorced,secondary,no,3450,no,no,169,1,183,1,failure,yes
60,married,secondary,no,1853,no,no,234,1,183,1,success,yes
38,single,tertiary,no,3954,yes,no,201,1,182,3,failure,no
61,married,tertiary,no,2557,yes,no,158,2,92,5,success,yes
58,married,secondary,no,589,yes,no,511,3,183,6,success,yes
48,divorced,secondary,no,201,no,no,406,2,92,2,success,yes
35,married,tertiary,no,7050,no,no,278,3,187,1,success,yes
58,married,secondary,no,2155,no,yes,135,2,92,5,success,yes
39,divorced,secondary,no,902,yes,no,691,2,180,5,failure,yes
70,married,primary,no,579,no,no,82,2,181,1,failure,no
44,married,tertiary,no,1791,no,no,71,1,190,1,success,yes
54,married,secondary,no,2206,no,no,449,1,91,3,success,yes
27,single,tertiary,no,5291,no,no,293,1,91,4,success,yes
33,married,secondary,no,1211,no,no,535,1,188,1,success,yes
77,married,secondary,no,638,no,no,288,1,188,1,success,yes
57,married,primary,no,501,yes,yes,105,7,188,2,failure,no
31,single,tertiary,no,533,no,no,144,1,91,9,success,yes
76,married,primary,no,3324,no,no,309,1,90,4,success,yes
75,married,secondary,no,6053,no,no,865,2,190,1,failure,no
28,married,secondary,no,61,yes,no,253,1,174,4,success,yes
35,married,tertiary,no,0,yes,no,391,2,92,5,success,yes
59,married,secondary,no,116,no,no,268,1,183,7,success,yes
42,married,secondary,no,413,yes,no,456,2,184,2,success,yes
35,single,tertiary,no,353,no,no,352,1,183,1,success,yes
44,single,secondary,no,451,no,no,203,1,183,2,success,no
60,married,secondary,no,523,no,no,467,1,182,3,success,yes
34,married,secondary,no,1454,yes,no,231,2,297,2,failure,yes
57,married,primary,no,9367,no,no,981,1,90,6,success,yes
75,married,secondary,no,291,no,no,515,1,183,1,failure,yes
64,married,tertiary,no,846,no,no,671,1,181,3,failure,yes
36,married,tertiary,no,341,no,no,419,2,183,1,success,yes
27,single,secondary,no,255,no,no,123,1,182,4,success,no
29,single,secondary,no,113,no,no,328,2,183,4,success,yes
34,single,tertiary,no,13014,no,no,637,1,183,1,success,yes
34,single,tertiary,no,417,yes,no,155,10,149,5,failure,no
41,married,tertiary,no,27696,no,no,138,2,184,3,success,yes
36,divorced,secondary,no,2843,no,no,473,1,182,1,success,no
51,married,tertiary,no,346,no,no,122,1,92,5,success,yes
34,married,tertiary,no,8000,no,no,291,1,260,2,failure,yes
21,single,secondary,no,123,no,no,379,5,93,2,success,yes
54,married,secondary,no,10185,no,no,251,1,186,3,success,yes
35,single,tertiary,no,992,yes,no,1416,1,170,4,failure,no
29,single,tertiary,no,1026,no,no,138,2,92,2,success,yes
38,married,secondary,no,775,no,no,1835,3,182,2,success,yes
48,married,secondary,no,926,no,no,382,4,185,6,success,yes
46,married,tertiary,no,349,no,no,295,2,616,1,failure,yes
32,married,secondary,no,484,yes,no,83,6,187,3,success,yes
37,married,tertiary,no,2987,yes,no,93,1,91,9,failure,yes
37,single,tertiary,no,197,no,no,531,1,91,2,success,yes
23,single,secondary,no,431,no,no,201,3,186,2,success,yes
58,married,secondary,no,169,no,no,216,1,91,4,success,yes
45,married,tertiary,no,226,yes,no,91,4,185,6,success,yes
47,single,tertiary,no,44,no,no,374,1,185,1,success,no
30,single,secondary,no,2424,no,no,337,1,95,2,success,yes
30,single,tertiary,no,41,yes,no,68,4,186,2,success,no
23,single,secondary,no,1234,no,no,379,1,91,1,success,yes
34,married,tertiary,no,271,yes,no,308,1,94,4,success,yes
77,married,primary,no,2590,no,no,112,5,94,15,success,no
61,divorced,tertiary,no,52587,no,no,394,3,189,1,success,yes
27,single,secondary,no,535,no,no,171,1,91,2,success,yes
50,married,secondary,no,5361,no,no,276,3,195,1,failure,no
58,married,tertiary,no,473,no,no,1109,1,262,1,success,yes
52,married,secondary,no,195,yes,no,220,1,63,5,failure,yes
26,single,tertiary,no,3411,no,no,236,1,183,2,success,no
59,married,tertiary,no,2764,no,no,459,1,56,3,failure,no
64,married,secondary,no,1612,no,no,362,1,183,4,failure,no
38,divorced,secondary,no,407,yes,yes,146,1,183,1,failure,no
48,married,secondary,no,660,no,no,318,1,561,2,success,yes
35,single,tertiary,no,681,no,no,737,1,561,2,success,yes
66,married,secondary,no,2326,no,yes,232,1,181,1,success,yes
33,married,tertiary,no,2213,no,no,240,1,385,9,failure,no
52,married,secondary,no,961,no,yes,222,1,553,4,failure,yes
38,single,tertiary,no,455,yes,no,255,2,555,6,success,yes
59,married,tertiary,no,2013,no,no,222,4,94,2,success,yes
47,married,secondary,no,1568,yes,no,388,1,262,7,success,yes
48,married,tertiary,no,0,no,yes,204,4,182,1,success,yes
56,married,primary,no,16432,no,no,702,2,189,2,failure,no
60,divorced,secondary,no,1,no,no,302,1,184,1,success,yes
27,single,tertiary,no,5741,no,no,368,1,185,2,failure,no
59,divorced,secondary,no,7469,no,no,287,1,130,1,failure,no
39,single,tertiary,no,763,no,no,543,1,189,1,failure,yes
64,married,secondary,no,243,no,no,144,1,175,1,failure,no
55,divorced,secondary,no,2204,no,no,261,1,264,1,failure,yes
57,married,secondary,no,1686,no,no,219,4,311,2,failure,no
37,married,secondary,no,4321,no,no,276,3,167,3,failure,no
60,married,secondary,no,0,no,no,230,2,126,6,failure,no
80,married,primary,no,0,no,no,639,1,189,1,failure,yes
29,single,secondary,no,67,no,no,211,1,187,5,success,yes
47,married,secondary,no,368,no,no,269,1,187,5,success,yes
35,married,tertiary,no,11219,no,no,135,1,195,3,failure,no
37,married,tertiary,no,7620,no,no,367,1,176,6,failure,yes
29,single,tertiary,no,805,no,no,132,1,103,7,failure,yes
40,single,tertiary,no,0,yes,no,228,2,182,6,failure,yes
35,single,tertiary,no,747,no,no,141,2,176,3,failure,no
32,married,tertiary,no,302,yes,yes,61,1,384,2,failure,yes
43,married,tertiary,no,10072,no,no,145,1,100,4,failure,no
54,married,secondary,no,65,no,no,87,1,91,3,failure,no
20,single,secondary,no,215,no,no,175,1,92,6,success,yes
48,married,tertiary,no,5473,no,no,127,2,184,2,success,yes
60,married,secondary,no,106,no,no,137,1,187,4,success,yes
70,married,primary,no,2346,no,no,694,1,184,5,failure,yes
52,married,secondary,no,196,yes,yes,116,1,273,3,failure,no
25,single,secondary,no,469,no,no,524,1,187,2,success,no
77,married,primary,no,680,no,no,513,2,89,7,failure,no
37,married,tertiary,no,255,no,no,562,2,183,10,success,yes
71,married,tertiary,no,15265,no,no,865,1,192,2,failure,no
33,married,tertiary,no,8023,no,no,196,1,87,4,failure,no
63,married,secondary,no,973,no,no,318,1,388,1,success,yes
59,married,secondary,no,7766,yes,no,1422,1,461,1,failure,yes
22,single,secondary,no,948,no,no,169,1,191,3,success,yes
30,single,secondary,no,48,no,no,217,1,191,2,success,yes
70,married,secondary,no,4,no,no,511,5,125,4,failure,no
36,single,tertiary,no,688,no,no,293,3,268,2,failure,no
52,married,secondary,no,117,no,no,959,3,186,6,success,yes
71,divorced,secondary,no,0,no,no,771,1,171,1,success,yes
33,married,tertiary,no,71,no,no,335,3,102,2,failure,yes
56,married,secondary,no,1938,no,yes,229,1,192,4,success,yes
30,single,tertiary,no,5359,no,no,427,1,191,3,success,yes
28,single,secondary,no,1925,no,no,139,1,93,3,success,no
48,married,secondary,no,3519,no,yes,229,1,60,2,failure,no
60,married,primary,no,211,no,no,480,2,189,1,failure,no
57,divorced,secondary,no,79,yes,no,60,1,592,2,failure,no
59,married,tertiary,no,315,no,no,591,1,176,2,failure,yes
37,married,tertiary,no,1113,no,no,229,1,182,1,success,yes
28,single,secondary,no,-46,yes,no,525,1,89,11,failure,yes
31,single,tertiary,no,4129,no,no,105,1,182,1,failure,no
28,single,secondary,no,598,yes,no,177,1,288,2,failure,yes
56,married,primary,no,1947,no,no,225,2,123,5,failure,yes
37,single,tertiary,no,1027,yes,no,313,1,152,2,success,yes
40,single,tertiary,no,7968,no,no,263,2,180,2,success,yes
25,single,secondary,no,154,no,no,141,1,180,2,failure,yes
29,single,tertiary,no,2489,yes,no,355,1,86,5,failure,yes
68,married,secondary,no,1146,no,no,153,2,110,3,success,yes
38,married,secondary,no,1559,no,no,136,2,280,1,failure,yes
47,married,tertiary,no,0,yes,no,194,2,181,3,failure,no
32,married,tertiary,no,2667,yes,no,251,1,181,4,failure,yes
42,married,tertiary,no,144,no,no,148,1,87,4,failure,yes
39,married,tertiary,no,508,no,no,431,1,122,3,failure,no
26,single,tertiary,no,760,yes,no,456,2,281,5,success,yes
63,married,secondary,no,367,no,no,262,1,178,6,failure,no
73,single,secondary,no,1050,no,no,562,3,181,2,failure,yes
70,divorced,secondary,no,6850,no,no,252,3,183,1,failure,no
68,married,tertiary,no,2820,no,no,158,1,92,3,success,no
26,single,secondary,no,5296,no,no,229,1,205,1,failure,yes
33,married,tertiary,no,1390,no,no,77,1,179,5,failure,no
64,married,tertiary,no,1644,no,no,341,4,179,4,success,yes
26,single,tertiary,no,294,no,no,87,1,91,2,success,yes
27,single,secondary,no,3529,no,yes,162,1,179,2,failure,no
30,married,primary,no,201,yes,no,116,7,186,13,success,no
39,married,secondary,no,53,no,no,257,1,394,1,failure,yes
64,married,secondary,no,1220,no,no,84,1,88,1,failure,no
36,married,secondary,no,52,yes,no,498,2,179,7,success,yes
33,divorced,tertiary,no,2240,no,no,264,2,278,1,success,yes
51,married,tertiary,no,2635,no,no,209,2,188,3,success,no
31,married,tertiary,no,1570,yes,no,277,4,286,1,failure,yes
59,married,secondary,no,957,no,no,301,1,89,2,success,yes
35,married,tertiary,no,2161,no,no,139,2,181,3,success,yes
31,single,tertiary,no,147,no,no,469,1,181,2,success,yes
76,divorced,primary,no,802,no,no,241,1,181,5,success,yes
35,married,secondary,no,294,yes,no,301,1,90,4,success,yes
34,married,tertiary,no,158,no,no,212,3,181,6,success,yes
33,married,tertiary,no,0,yes,no,305,1,326,1,success,yes
36,married,secondary,no,4721,no,no,288,2,90,3,success,yes
51,married,primary,no,3764,no,no,450,3,181,6,success,yes
52,married,secondary,no,1416,no,no,436,2,182,1,success,yes
51,divorced,tertiary,no,66,yes,no,138,1,478,2,failure,no
46,divorced,tertiary,no,461,no,no,127,1,70,2,success,no
39,married,tertiary,no,494,no,no,106,2,478,3,failure,yes
58,married,tertiary,no,1016,no,no,78,2,91,1,failure,no
37,married,tertiary,no,0,no,no,129,4,107,2,failure,no
79,married,primary,no,3025,no,no,184,1,90,6,success,no
29,single,tertiary,no,1351,no,no,228,1,91,1,failure,no
75,married,primary,no,1765,no,no,282,2,181,2,success,no
64,married,primary,no,43,no,no,117,1,91,1,success,no
33,married,tertiary,no,1676,yes,no,102,2,184,2,failure,no
27,single,tertiary,no,948,yes,no,121,2,207,1,failure,no
80,married,primary,no,155,no,no,290,1,93,2,success,yes
46,married,secondary,no,640,yes,no,215,1,182,4,success,yes
72,married,secondary,no,951,no,yes,229,3,339,1,failure,yes
36,married,tertiary,no,495,no,no,213,3,182,6,success,yes
40,single,tertiary,no,1509,no,no,144,2,124,1,failure,no
41,married,tertiary,no,298,no,no,209,2,315,4,failure,no
74,married,tertiary,no,1843,no,no,192,1,185,2,success,yes
30,married,tertiary,no,1077,no,no,151,1,96,1,failure,no
35,married,secondary,no,262,no,no,427,1,181,3,success,yes
42,married,secondary,no,16517,no,no,549,5,203,4,failure,no
41,divorced,secondary,no,6046,yes,yes,300,6,182,2,success,yes
42,married,tertiary,no,1205,no,no,129,1,188,2,success,no
38,single,secondary,no,465,yes,no,180,1,302,3,success,yes
47,single,tertiary,no,3232,no,no,294,1,274,2,failure,no
53,married,secondary,no,1796,no,no,295,1,91,2,success,yes
51,married,tertiary,no,1612,no,no,384,1,182,5,failure,no
29,single,tertiary,no,874,yes,no,231,1,181,2,success,yes
64,married,primary,no,2140,no,no,881,3,155,2,failure,yes
32,single,tertiary,no,1619,no,no,184,1,321,2,success,no
28,married,secondary,no,897,no,no,395,1,285,1,success,no
31,single,tertiary,no,64,no,no,181,2,183,3,failure,no
54,divorced,secondary,no,0,no,no,362,1,290,3,success,yes
59,married,secondary,no,2126,no,no,359,1,343,1,failure,no
46,married,tertiary,no,273,yes,no,910,2,184,4,success,yes
31,single,tertiary,no,3384,no,no,247,3,187,3,success,yes
43,divorced,tertiary,no,2367,no,no,173,2,181,4,success,yes
60,married,secondary,no,3735,no,no,248,1,90,10,success,yes
37,married,secondary,no,1458,no,no,344,1,326,1,success,no
27,single,tertiary,no,6791,no,no,174,2,229,28,success,no
72,married,primary,no,4657,no,no,255,1,91,8,success,yes
42,married,secondary,no,0,yes,yes,158,1,330,12,failure,no
29,single,tertiary,no,3290,no,no,136,1,291,2,success,yes
30,single,secondary,no,1681,no,no,128,1,106,2,success,yes
43,married,secondary,no,774,no,no,101,1,421,1,success,yes
46,single,secondary,no,5993,no,no,151,1,184,2,failure,no
62,married,tertiary,no,3371,no,no,187,1,178,2,success,yes
57,married,tertiary,no,10583,no,no,272,1,178,6,success,yes
47,single,tertiary,no,334,yes,no,360,1,326,8,failure,yes
59,married,primary,no,4007,no,no,157,2,116,4,failure,no
72,married,primary,no,0,no,no,201,3,191,3,failure,no
35,married,tertiary,no,957,yes,no,263,4,667,4,failure,no
30,single,tertiary,no,916,no,no,92,2,90,2,success,yes
36,married,tertiary,no,1145,yes,no,198,2,181,3,failure,no
45,married,secondary,no,2981,yes,yes,88,3,311,3,failure,no
31,single,tertiary,no,4319,yes,no,515,2,334,5,failure,no
28,single,tertiary,no,832,no,no,433,3,342,1,failure,yes
42,married,secondary,no,2152,no,no,361,2,181,2,failure,no
40,married,secondary,no,3126,yes,no,186,2,90,5,failure,no
57,divorced,tertiary,no,3287,no,no,277,2,337,1,success,yes
31,single,tertiary,no,9629,no,no,371,1,174,4,failure,no
47,married,tertiary,no,288,no,no,193,1,181,1,success,yes
27,single,secondary,no,6036,no,no,175,1,181,1,failure,yes
27,single,tertiary,no,1393,no,no,382,1,271,1,failure,no
26,single,tertiary,no,3,yes,yes,149,1,350,1,success,yes
61,married,tertiary,no,0,yes,yes,158,1,115,2,failure,no
50,divorced,secondary,no,0,no,no,280,1,184,3,success,yes
84,married,secondary,no,81204,no,no,390,1,94,3,success,yes
33,single,secondary,no,234,no,no,176,1,370,2,failure,no
47,married,secondary,no,70,yes,no,144,4,374,2,success,yes
54,married,secondary,no,2102,yes,no,547,1,626,2,failure,yes
70,married,tertiary,no,15834,no,no,172,3,186,1,failure,no
24,single,secondary,no,4126,no,no,907,4,185,7,failure,yes
49,married,tertiary,no,3842,no,no,163,1,186,3,failure,no
50,married,tertiary,no,5108,yes,no,874,2,108,3,success,no
34,divorced,secondary,no,961,no,no,137,2,430,2,failure,no
50,married,tertiary,no,377,no,no,283,1,319,3,failure,no
32,single,secondary,no,1088,yes,no,317,1,363,2,success,yes
27,single,tertiary,no,13107,yes,no,661,1,314,2,failure,yes
33,single,tertiary,no,562,yes,yes,196,1,363,1,failure,yes
80,married,secondary,no,8304,no,no,681,1,118,11,success,no
33,single,tertiary,no,718,yes,no,122,1,98,2,success,yes
58,married,primary,no,1119,no,no,122,4,341,2,failure,no
27,single,tertiary,no,-67,yes,no,604,3,236,2,failure,yes
37,married,secondary,no,0,yes,no,208,3,349,2,failure,no
69,married,primary,no,2398,no,no,161,1,186,1,failure,no
31,single,tertiary,no,3289,no,no,235,1,314,1,failure,no
50,married,tertiary,no,0,no,yes,337,1,258,6,failure,no
73,divorced,secondary,no,7111,yes,no,284,1,182,1,success,no
33,single,tertiary,no,658,yes,no,93,1,173,2,success,no
26,single,tertiary,no,1646,no,no,524,4,206,5,success,yes
51,divorced,tertiary,no,2109,no,no,119,1,181,2,success,no
71,divorced,secondary,no,3104,no,no,271,1,187,1,failure,no
62,married,secondary,no,2917,no,no,147,1,188,1,success,no
80,married,secondary,no,499,no,no,224,2,393,4,failure,no
62,divorced,tertiary,no,6,yes,no,103,1,182,3,success,yes
49,married,secondary,no,197,yes,no,223,1,182,2,failure,yes
62,married,tertiary,no,0,no,no,113,3,182,3,failure,no
25,single,secondary,no,1857,yes,no,295,4,187,6,success,yes
32,single,tertiary,no,2016,no,no,232,1,348,1,success,yes
36,single,tertiary,no,436,no,no,567,1,595,2,failure,yes
40,married,tertiary,no,11766,yes,no,218,2,242,9,failure,yes
38,married,tertiary,no,413,no,no,240,1,179,2,failure,yes
35,single,tertiary,no,670,no,no,278,4,182,2,success,yes
23,single,secondary,no,107,no,no,256,5,181,2,success,yes
44,married,primary,no,2557,yes,no,250,1,181,8,success,yes
70,married,secondary,no,1310,no,no,318,1,181,1,failure,no
35,single,tertiary,no,2646,no,no,133,8,183,2,success,yes
35,married,tertiary,no,1178,yes,yes,220,2,183,5,failure,no
75,married,secondary,no,3771,no,no,185,1,181,2,success,yes
51,married,tertiary,no,469,no,no,200,1,181,2,success,yes
59,married,secondary,no,1,no,no,159,2,378,3,failure,yes
36,married,primary,no,1177,no,no,330,1,311,4,success,yes
62,married,primary,no,1515,yes,no,98,4,178,3,failure,no
22,single,secondary,no,129,no,no,218,2,181,1,success,yes
35,married,tertiary,no,690,no,no,131,2,185,1,failure,no
57,married,secondary,no,3738,yes,no,220,1,367,7,success,no
22,single,primary,no,3472,no,no,529,1,181,4,success,yes
73,married,secondary,no,2850,no,no,184,2,185,3,failure,no
30,single,tertiary,no,7529,no,no,175,6,183,1,success,yes
55,divorced,secondary,no,309,no,no,167,1,181,3,success,yes
38,divorced,secondary,no,0,yes,no,162,1,181,5,success,yes
39,single,secondary,no,1672,yes,no,462,1,648,1,failure,yes
74,married,tertiary,no,4912,no,no,268,2,181,3,failure,no
38,single,secondary,no,1711,no,no,379,3,202,1,success,yes
30,single,secondary,no,2046,no,no,595,3,254,1,failure,yes
52,married,secondary,no,371,yes,yes,224,2,182,1,success,yes
64,divorced,secondary,no,4833,no,no,247,2,251,1,failure,no
62,married,tertiary,no,997,no,no,554,1,304,2,success,yes
76,divorced,primary,no,2693,no,no,109,5,184,2,success,no
40,married,tertiary,no,206,no,no,499,6,185,4,success,yes
42,married,secondary,no,1216,yes,no,296,1,521,1,failure,yes
73,married,primary,no,796,no,no,888,1,182,3,success,yes
46,divorced,primary,no,429,yes,no,465,2,369,2,success,yes
35,married,secondary,no,2779,no,no,182,2,186,2,success,yes
41,single,tertiary,no,431,no,no,128,2,186,3,success,no
26,single,tertiary,no,222,no,no,192,1,334,1,failure,yes
45,single,secondary,no,0,yes,no,1472,1,192,4,failure,yes
60,married,primary,no,182,no,no,166,5,181,5,failure,no
29,single,tertiary,no,1445,no,no,328,2,143,2,success,yes
70,married,secondary,no,2815,no,no,125,2,182,1,failure,no
30,single,tertiary,no,655,no,no,212,1,202,2,success,yes
35,married,tertiary,no,0,yes,yes,135,3,363,2,failure,no
32,single,secondary,no,154,yes,no,135,1,521,2,failure,no
63,married,primary,no,115,no,no,325,1,180,7,failure,yes
68,married,primary,no,7945,no,no,252,1,181,1,failure,no
70,married,secondary,no,616,no,no,149,2,182,1,failure,no
30,single,tertiary,no,697,no,no,545,2,181,8,success,yes
66,married,primary,no,1004,no,no,154,1,182,1,success,no
64,married,secondary,no,4787,no,no,392,1,182,1,success,yes
55,married,secondary,no,962,yes,no,623,1,181,3,success,yes
41,married,tertiary,no,0,no,no,882,1,181,3,success,yes
63,married,primary,no,12067,no,no,660,1,191,1,failure,yes
49,single,secondary,no,1245,no,no,115,2,198,2,failure,no
48,married,secondary,no,2533,no,no,714,2,633,1,failure,no
37,married,secondary,no,565,no,no,449,1,398,1,success,yes
19,single,secondary,no,329,no,no,169,1,190,2,success,yes
32,married,tertiary,no,6138,no,no,211,2,196,7,success,no
61,divorced,secondary,no,4243,no,no,315,1,182,2,success,yes
37,married,secondary,no,4017,no,no,665,2,196,1,success,yes
54,married,tertiary,no,395,no,no,183,1,183,2,success,yes
45,married,secondary,no,205,no,no,552,1,90,2,success,yes
38,married,tertiary,no,238,no,no,131,1,90,2,success,no
48,married,secondary,no,1730,yes,no,361,1,89,3,success,yes
48,married,tertiary,no,0,yes,no,85,1,61,5,failure,no
60,married,primary,no,5,no,no,494,1,95,2,success,yes
45,married,secondary,no,360,no,no,113,1,182,1,success,no
50,married,secondary,no,402,no,no,165,1,180,2,failure,no
29,single,tertiary,no,19,no,no,268,1,88,4,success,yes
77,married,tertiary,no,7802,no,no,421,1,92,2,success,yes
33,married,secondary,no,1697,no,no,489,1,182,1,success,yes
36,married,tertiary,no,7222,yes,no,104,1,181,5,failure,no
35,single,tertiary,no,415,no,no,164,2,89,2,success,yes
80,married,primary,no,155,no,no,209,1,53,3,success,yes
29,single,secondary,no,3528,no,no,104,1,208,1,success,no
33,married,tertiary,no,79,yes,no,389,1,195,4,success,yes
37,married,secondary,no,565,no,no,329,1,6,2,success,no
30,married,tertiary,no,451,no,no,173,1,274,3,failure,no
41,single,tertiary,no,1646,yes,no,258,1,90,7,success,yes
74,married,secondary,no,935,no,no,226,1,99,2,failure,yes
33,single,secondary,no,228,no,no,110,1,89,4,failure,no
27,single,secondary,no,145,yes,no,121,4,89,3,failure,no
54,married,secondary,no,1182,yes,no,118,2,241,2,failure,no
53,married,secondary,no,4968,no,no,109,1,87,2,failure,no
46,married,secondary,no,640,yes,no,246,1,55,5,success,yes
67,divorced,secondary,no,704,no,no,613,1,87,3,success,yes
47,married,tertiary,no,97,yes,no,220,1,87,3,failure,no
56,divorced,tertiary,no,2037,no,no,160,1,91,5,success,no
60,married,primary,no,182,no,no,141,1,10,10,failure,no
34,married,secondary,no,1221,yes,no,182,1,90,8,failure,no
36,single,tertiary,no,994,no,no,211,1,90,6,success,yes
37,married,tertiary,no,2283,no,no,243,2,98,2,failure,yes
37,married,tertiary,no,4596,yes,no,218,2,211,4,success,no
51,married,tertiary,no,0,no,no,662,2,66,2,success,yes
83,married,secondary,no,0,no,no,201,2,268,2,failure,no
35,married,tertiary,no,62,no,no,226,2,88,4,success,yes
47,married,tertiary,no,3745,no,no,113,1,200,1,failure,no
53,married,tertiary,no,3634,no,no,211,4,88,8,success,yes
32,married,tertiary,no,2976,yes,no,269,5,94,6,success,no
46,married,tertiary,no,273,yes,no,583,6,53,6,success,yes
21,single,secondary,no,130,no,no,113,2,273,4,failure,no
20,single,secondary,no,291,no,no,172,5,371,5,failure,no
43,married,tertiary,no,10072,no,no,98,1,77,5,failure,no
66,married,secondary,no,3409,no,no,801,1,86,2,failure,no
78,divorced,secondary,no,3417,no,no,309,1,181,1,success,yes
42,married,tertiary,no,27696,no,no,176,2,89,5,success,yes
34,married,secondary,no,1076,no,no,152,1,182,6,success,yes
34,married,secondary,no,133,no,no,171,2,181,3,success,yes
66,married,secondary,no,587,no,no,457,2,392,2,success,yes
40,single,tertiary,no,1509,no,no,333,1,58,3,failure,no
54,married,tertiary,no,1624,no,no,166,3,182,10,success,yes
31,married,secondary,no,136,no,no,228,2,267,1,failure,yes
33,married,secondary,no,386,no,no,317,1,181,5,success,yes
19,single,primary,no,608,no,no,236,1,180,2,success,yes
31,single,secondary,no,1282,no,no,144,1,460,2,failure,no
24,single,secondary,no,598,no,no,762,1,182,2,success,yes
29,single,tertiary,no,3290,no,no,430,1,50,3,success,yes
28,single,secondary,no,4745,no,no,360,1,181,5,success,yes
31,single,tertiary,no,533,no,no,372,1,90,10,success,yes
50,married,tertiary,no,2611,no,no,177,1,387,2,success,no
22,single,secondary,no,123,no,no,267,2,89,7,success,no
54,divorced,primary,no,4401,no,no,414,1,183,2,success,yes
59,married,tertiary,no,138,yes,yes,106,1,280,4,failure,no
54,married,secondary,no,2206,no,no,260,1,91,4,success,yes
27,single,tertiary,no,168,no,no,271,1,182,2,success,no
77,married,primary,no,3324,no,no,289,1,91,5,success,yes
40,married,secondary,no,260,yes,no,306,1,181,5,success,yes
63,divorced,tertiary,no,0,no,no,263,1,181,2,success,yes
37,married,tertiary,no,2987,yes,no,216,1,87,10,success,yes
48,married,secondary,no,1230,yes,no,328,2,182,3,success,yes
27,single,secondary,no,535,no,no,159,1,87,3,success,yes
35,married,tertiary,no,8000,no,no,331,1,90,3,success,yes
68,married,secondary,no,1146,no,no,356,1,71,5,success,yes
37,single,tertiary,no,197,no,no,234,1,87,3,success,yes
58,married,secondary,no,169,no,no,336,3,87,5,success,yes
37,married,tertiary,no,393,yes,no,567,3,275,4,failure,yes
34,married,secondary,no,920,no,no,526,3,179,3,success,yes
50,married,secondary,no,3608,yes,no,196,8,182,4,success,yes
70,married,secondary,no,1164,no,no,338,3,185,2,failure,no
50,divorced,secondary,no,0,yes,no,109,3,92,3,failure,no
56,married,primary,no,870,no,no,220,1,179,1,success,yes
57,married,primary,no,9367,no,no,700,4,92,7,success,yes
29,single,primary,no,1374,no,no,1205,2,178,7,success,yes
75,married,tertiary,no,6027,no,no,809,1,179,4,success,yes
46,married,tertiary,no,349,no,no,466,4,88,3,success,yes
29,single,tertiary,no,865,no,no,248,3,243,1,failure,no
72,married,secondary,no,5715,no,no,1114,1,181,2,success,yes
52,married,tertiary,no,583,no,no,376,1,181,3,success,yes
38,married,tertiary,no,1276,no,no,272,2,182,3,success,yes
73,married,secondary,no,2850,no,no,157,2,28,5,failure,no
64,married,secondary,no,1612,no,no,336,1,89,5,failure,yes
38,married,secondary,no,4321,no,no,252,1,85,6,failure,no
27,single,tertiary,no,6421,no,no,315,3,110,4,failure,no
62,married,secondary,no,3114,no,no,243,2,186,1,success,yes
41,married,tertiary,no,1,yes,no,327,2,361,3,failure,yes
53,married,secondary,no,195,yes,no,472,1,90,6,success,yes
58,married,secondary,no,1230,no,no,420,1,87,1,failure,yes
46,single,secondary,no,5993,no,no,165,1,56,3,failure,no
60,married,secondary,no,0,no,no,321,4,87,8,failure,no
47,married,secondary,no,1568,yes,no,226,3,91,8,success,yes
53,married,tertiary,no,1356,yes,no,429,1,193,6,failure,no
47,married,secondary,no,368,no,no,403,1,87,6,success,yes
46,married,secondary,no,706,no,no,588,1,386,3,failure,yes
30,single,tertiary,no,499,yes,no,145,1,281,3,failure,no
51,married,tertiary,no,2635,no,no,407,3,74,5,failure,yes
70,married,secondary,no,4,no,no,122,1,85,9,failure,no
31,single,secondary,no,411,no,no,91,3,361,1,failure,no
21,single,secondary,no,215,no,no,382,1,89,7,success,yes
71,married,primary,no,3230,no,no,341,2,133,3,failure,yes
78,married,primary,no,680,no,no,838,1,89,9,failure,no
49,divorced,tertiary,no,3293,no,no,260,1,77,9,failure,no
52,single,secondary,no,726,yes,no,699,1,378,9,failure,yes
27,single,tertiary,no,2781,yes,no,168,1,389,1,failure,yes
33,single,secondary,no,152,yes,no,202,2,365,2,success,yes
28,single,secondary,no,1925,no,no,252,1,88,4,failure,yes
30,single,secondary,no,265,yes,no,681,1,181,2,success,yes
59,married,primary,no,1727,no,no,500,4,358,2,failure,yes
33,single,secondary,no,2881,no,no,289,1,328,1,success,yes
31,single,secondary,no,846,no,no,405,3,205,2,failure,yes
39,married,tertiary,no,613,no,no,211,2,391,2,success,no
33,single,tertiary,no,9317,no,no,267,1,205,3,failure,no
27,single,tertiary,no,567,no,no,523,3,182,3,success,yes
67,married,primary,no,1430,no,no,283,2,135,5,success,yes
46,married,secondary,no,38,no,no,181,3,183,1,success,yes
23,single,tertiary,no,691,no,no,1178,1,178,6,success,yes
28,single,tertiary,no,128,no,no,460,1,414,1,failure,yes
60,married,secondary,no,1047,no,no,173,3,279,4,success,yes
29,single,tertiary,no,455,no,no,214,2,36,1,success,yes
32,single,secondary,no,554,yes,no,101,2,368,5,failure,no
59,married,primary,no,4007,no,no,581,3,63,6,failure,no
54,married,secondary,no,65,no,no,309,4,93,4,failure,no
23,single,secondary,no,922,no,no,538,2,184,9,failure,yes
83,divorced,primary,no,0,no,no,664,1,77,3,success,no
33,married,tertiary,no,1388,yes,no,158,1,202,3,failure,no
41,married,tertiary,no,70,no,no,14,1,557,1,failure,no
36,married,secondary,no,1368,no,no,516,1,292,5,failure,yes
33,single,tertiary,no,272,yes,no,326,1,237,2,failure,yes
28,single,secondary,no,-46,yes,no,154,2,91,12,success,yes
65,divorced,primary,no,1840,no,no,383,2,188,5,failure,no
28,single,secondary,no,168,no,no,347,3,140,2,success,yes
70,married,primary,no,2346,no,no,421,1,97,6,success,no
51,married,tertiary,no,176,yes,yes,8,1,687,2,failure,no
28,single,tertiary,no,223,yes,no,303,1,278,3,success,yes
32,married,tertiary,no,1402,no,no,52,1,557,2,failure,no
29,married,secondary,no,3310,no,no,344,2,117,2,failure,no
49,single,tertiary,no,228,yes,no,407,1,92,1,success,yes
27,single,tertiary,no,644,no,no,657,1,182,1,success,yes
28,married,secondary,no,330,no,no,226,2,182,4,success,yes
37,divorced,tertiary,no,4708,no,no,238,1,181,2,success,yes
54,divorced,tertiary,no,496,no,no,161,1,140,3,success,no
30,single,secondary,no,1165,no,no,204,2,183,3,success,yes
39,divorced,secondary,no,70,no,no,346,2,128,8,success,no
26,single,tertiary,no,1066,no,no,112,1,50,1,success,no
62,married,tertiary,no,0,yes,yes,106,1,64,3,failure,no
22,single,secondary,no,361,no,no,140,4,367,2,failure,no
38,married,secondary,no,0,yes,no,187,1,181,2,success,yes
36,divorced,secondary,no,2823,yes,no,215,1,371,6,failure,yes
39,married,secondary,no,1970,yes,no,30,1,404,2,success,no
59,married,tertiary,no,101,no,yes,29,1,686,2,failure,no
34,married,tertiary,no,158,no,no,190,1,92,9,success,yes
36,married,secondary,no,4721,no,no,150,1,92,5,success,yes
28,single,tertiary,no,187,no,no,206,1,92,1,success,yes
80,married,secondary,no,8304,no,no,712,1,64,12,failure,yes
83,married,tertiary,no,4761,no,no,294,2,93,1,success,no
31,single,tertiary,no,147,no,no,163,2,92,3,success,yes
39,married,secondary,no,323,no,no,874,2,188,6,failure,yes
73,married,primary,no,508,no,no,154,4,97,1,success,no
36,married,tertiary,no,495,no,no,187,1,94,9,success,yes
58,married,tertiary,no,256,no,no,508,1,186,4,success,no
56,married,secondary,no,602,no,no,458,1,130,8,success,yes
71,divorced,primary,no,275,no,no,293,1,425,1,success,yes
26,single,tertiary,no,12,no,no,563,1,181,10,failure,yes
31,single,tertiary,no,938,no,no,472,1,384,3,failure,no
68,divorced,primary,no,2027,no,no,619,2,92,2,success,yes
27,single,tertiary,no,1720,no,no,910,1,224,3,success,yes
59,divorced,primary,no,1194,yes,no,132,4,389,2,failure,no
35,married,secondary,no,294,yes,no,238,6,98,5,success,no
45,single,tertiary,no,2033,no,no,243,5,285,2,success,yes
51,married,tertiary,no,0,yes,yes,177,4,99,2,success,no
27,single,tertiary,no,2786,no,no,270,2,377,3,success,no
28,single,tertiary,no,2725,no,no,292,1,504,1,failure,yes
66,married,primary,no,1230,no,no,288,6,181,3,success,yes
30,single,tertiary,no,572,no,no,339,3,183,2,success,yes
34,married,tertiary,no,3301,yes,no,485,2,227,4,failure,yes
46,married,secondary,no,1723,no,no,176,2,52,7,failure,yes
52,married,secondary,no,955,no,yes,301,2,134,4,success,yes
53,married,tertiary,no,1961,no,no,91,2,185,1,success,no
25,single,secondary,no,303,no,no,252,1,92,1,success,yes
61,married,secondary,no,2011,no,no,292,1,578,2,failure,no
57,divorced,tertiary,no,3287,no,no,867,1,84,3,success,yes
32,single,secondary,no,131,yes,no,522,1,183,2,success,yes
32,married,tertiary,no,913,yes,no,883,1,674,4,failure,no
64,divorced,primary,no,109,no,no,706,1,225,2,success,yes
33,single,tertiary,no,224,no,no,342,2,107,2,success,yes
36,single,tertiary,no,538,no,no,339,1,183,5,success,yes
25,single,secondary,no,1957,no,no,1207,4,385,1,failure,yes
43,married,secondary,no,774,no,no,482,1,91,2,success,yes
35,married,tertiary,no,1870,yes,no,134,1,386,1,failure,no
27,single,tertiary,no,6791,no,no,136,5,94,30,failure,no
31,married,tertiary,no,3338,yes,no,122,2,185,2,success,no
49,married,tertiary,no,1167,yes,yes,213,6,150,8,failure,yes
42,divorced,tertiary,no,2611,yes,no,300,1,389,3,failure,yes
27,single,secondary,no,3145,no,no,374,1,179,2,success,yes
57,married,secondary,no,1350,no,no,131,1,388,1,failure,no
45,married,tertiary,no,1818,yes,yes,427,1,142,5,success,no
72,married,primary,no,0,no,no,348,6,94,6,failure,no
47,single,tertiary,no,334,yes,no,614,3,94,9,success,yes
39,single,tertiary,no,393,no,no,325,1,94,1,success,yes
26,single,tertiary,no,222,no,no,247,1,63,2,success,yes
37,single,secondary,no,23,yes,no,197,1,182,1,failure,no
60,married,secondary,no,11,no,no,265,1,586,2,failure,yes
60,married,secondary,no,2060,no,no,135,4,95,4,failure,no
58,married,primary,no,3109,no,no,295,1,287,4,success,yes
41,married,secondary,no,3126,yes,no,222,1,91,7,failure,yes
47,married,secondary,no,0,no,yes,238,1,139,4,failure,no
23,single,secondary,no,488,no,no,205,1,91,3,success,yes
30,single,secondary,no,314,no,no,189,1,204,6,success,no
39,married,tertiary,no,2939,no,no,385,1,165,2,success,no
35,married,secondary,no,978,no,no,660,2,182,6,success,yes
33,single,tertiary,no,718,yes,no,271,1,84,3,success,yes
44,single,secondary,no,276,yes,no,13,1,411,6,failure,no
32,single,tertiary,no,64,no,no,598,4,105,5,failure,yes
48,single,secondary,no,1544,yes,no,263,1,450,2,failure,yes
41,single,secondary,no,985,yes,no,274,2,391,11,success,yes
43,single,tertiary,no,0,no,no,275,2,296,1,failure,yes
21,single,secondary,no,2488,no,no,258,6,169,3,success,yes
72,single,tertiary,no,1285,no,no,494,4,150,9,failure,no
39,married,primary,no,1,yes,no,165,1,745,2,failure,no
29,single,secondary,no,0,no,no,12,1,514,3,failure,no
42,married,secondary,no,2152,no,no,113,2,93,4,failure,no
32,single,tertiary,no,12569,no,no,561,2,295,2,success,yes
63,married,secondary,no,2896,no,no,304,1,119,2,success,yes
19,single,secondary,no,526,no,no,174,1,199,3,failure,no
29,single,tertiary,no,805,no,no,302,2,128,8,success,no
53,divorced,secondary,no,36,yes,yes,25,1,417,1,success,yes
34,single,tertiary,no,0,yes,no,48,1,422,1,success,no
35,married,secondary,no,262,no,no,96,2,109,4,success,no
67,married,tertiary,no,1948,no,no,844,2,155,5,success,no
45,married,secondary,no,2897,no,no,301,2,88,5,failure,no
39,divorced,tertiary,no,224,no,no,194,2,88,1,success,yes
32,single,secondary,no,61,no,yes,178,3,515,7,failure,no
30,single,tertiary,no,0,yes,no,140,1,424,8,success,yes
32,single,tertiary,no,623,no,no,335,3,194,2,failure,yes
50,married,tertiary,no,0,no,yes,257,1,85,7,failure,no
60,married,secondary,no,259,no,no,396,1,386,2,success,yes
37,married,secondary,no,432,yes,no,386,3,776,55,failure,yes
43,married,secondary,no,69,yes,yes,156,1,260,2,failure,no
48,single,tertiary,no,159,no,no,229,1,251,6,success,yes
52,married,secondary,no,657,no,no,398,2,460,2,failure,yes
29,single,tertiary,no,1808,no,no,273,2,433,1,success,yes
42,married,tertiary,no,298,no,no,214,4,115,6,failure,no
47,single,tertiary,no,6651,no,no,229,1,412,2,failure,yes
70,married,primary,no,2795,no,no,480,1,181,2,success,yes
28,single,tertiary,yes,1414,yes,no,294,1,521,1,failure,yes
70,divorced,secondary,no,4572,no,no,173,11,162,5,failure,no
80,married,secondary,no,668,no,no,250,1,371,1,success,yes
29,single,tertiary,no,502,no,no,968,1,87,5,failure,yes
29,single,secondary,no,1992,no,no,202,1,87,2,failure,no
59,married,secondary,no,111,no,no,312,2,381,3,failure,no
38,married,secondary,no,1767,yes,no,483,4,239,7,success,yes
43,married,tertiary,no,2501,no,no,582,2,161,4,failure,no
74,married,primary,no,5539,no,no,390,2,159,3,failure,no
27,single,tertiary,no,77,no,no,305,4,77,1,success,no
50,divorced,tertiary,no,315,no,no,101,2,185,2,failure,no
27,single,secondary,no,843,no,no,123,2,185,1,success,no
43,single,secondary,no,386,no,no,220,3,529,1,failure,yes
29,single,secondary,no,102,no,no,154,1,182,5,failure,no
57,married,secondary,no,1044,no,no,567,1,182,3,success,yes
36,married,tertiary,no,93,no,no,262,2,182,7,failure,yes
31,single,tertiary,no,2907,yes,no,248,1,194,3,failure,yes
55,married,secondary,no,1157,no,no,289,1,412,2,failure,no
47,single,secondary,no,3696,no,no,250,2,181,4,success,yes
80,married,primary,no,1468,no,no,256,2,181,3,success,no
30,single,secondary,no,459,no,no,98,2,210,22,success,no
25,single,secondary,no,1857,yes,no,195,2,91,10,success,yes
33,single,tertiary,no,1962,no,no,363,1,181,1,failure,yes
29,single,tertiary,no,1579,no,no,178,1,181,4,success,yes
79,divorced,primary,no,2787,no,no,617,1,377,1,success,yes
63,married,tertiary,no,4692,yes,no,88,1,181,2,failure,no
38,divorced,tertiary,no,6447,no,no,316,3,182,1,failure,no
31,married,tertiary,no,330,no,no,309,1,181,3,success,yes
22,single,secondary,no,71,no,no,337,1,181,2,success,yes
40,married,tertiary,no,4539,no,no,256,3,439,1,failure,yes
31,married,tertiary,no,2166,no,no,577,6,182,2,success,yes
26,single,secondary,no,2007,no,no,272,3,182,2,success,yes
70,divorced,primary,no,482,no,no,413,1,181,3,success,yes
86,married,primary,no,1255,no,no,247,1,180,3,success,yes
30,single,secondary,no,180,no,no,203,1,183,2,failure,no
35,married,secondary,no,724,yes,no,287,2,415,1,failure,yes
66,married,secondary,no,154,no,no,268,5,181,2,failure,yes
36,single,tertiary,no,1830,no,no,185,5,181,6,failure,no
30,single,tertiary,no,232,no,no,219,1,91,1,success,yes
60,divorced,tertiary,no,979,yes,no,346,1,181,4,success,yes
46,married,secondary,no,5021,no,no,957,1,182,1,success,yes
31,single,secondary,no,2544,no,no,252,1,184,3,success,yes
66,married,primary,no,2173,no,no,178,1,181,5,failure,no
64,married,primary,no,768,no,no,250,2,182,1,success,no
63,married,secondary,no,180,no,no,390,2,182,5,success,yes
42,married,secondary,no,1289,no,no,250,4,415,2,failure,yes
57,married,primary,no,3498,no,no,210,2,456,2,success,no
61,married,secondary,no,938,no,no,392,2,183,3,success,yes
60,single,secondary,no,739,no,no,261,1,182,1,success,no
35,married,secondary,no,2918,no,yes,815,2,407,3,success,yes
38,single,secondary,no,4803,no,no,129,2,182,2,success,no
58,married,tertiary,no,1318,no,no,184,1,179,5,failure,no
43,married,tertiary,no,0,no,no,745,1,281,1,failure,yes
64,married,secondary,no,588,no,no,574,1,179,3,success,yes
22,single,primary,no,423,no,no,316,1,179,10,success,yes
52,married,tertiary,no,2506,no,no,377,1,228,3,failure,no
37,married,tertiary,no,0,no,no,268,2,182,3,success,yes
48,married,secondary,no,817,no,no,806,3,183,5,success,yes
36,divorced,tertiary,no,649,no,no,237,2,91,1,failure,no
42,divorced,tertiary,no,5037,no,no,100,6,84,14,success,no
51,married,secondary,no,423,yes,yes,84,5,183,2,failure,no
34,married,secondary,no,806,no,no,253,3,458,1,success,yes
58,divorced,primary,no,1299,no,no,128,2,234,2,failure,no
36,divorced,tertiary,no,1057,no,no,230,2,164,2,failure,yes
73,married,primary,no,1388,no,no,146,3,190,3,success,no
46,married,secondary,no,6879,no,no,296,1,281,2,failure,no
57,married,secondary,no,3738,yes,no,178,2,92,8,failure,yes
29,single,secondary,no,1277,no,no,165,2,481,1,success,yes
41,married,primary,no,178,yes,no,5,1,791,1,failure,no
29,single,tertiary,no,2344,yes,no,288,1,133,2,failure,no
27,single,secondary,no,125,no,no,104,1,288,8,failure,no
24,single,secondary,no,1234,no,no,314,1,156,2,success,yes
24,single,secondary,no,1295,no,no,355,2,92,1,success,yes
34,single,tertiary,no,1974,no,no,355,1,342,3,success,yes
27,married,tertiary,no,2855,no,no,138,2,178,4,success,yes
39,married,primary,no,558,yes,no,23,1,531,3,failure,no
34,single,secondary,no,1313,no,no,427,2,94,4,failure,no
42,single,secondary,no,631,no,no,171,2,413,3,failure,no
36,married,tertiary,no,203,no,no,608,3,179,2,success,yes
49,married,secondary,no,197,yes,no,125,1,101,3,success,no
33,single,tertiary,no,307,no,no,113,6,179,4,failure,no
30,single,tertiary,no,3026,no,no,251,1,535,1,failure,yes
41,single,tertiary,no,431,no,no,196,1,88,5,failure,yes
28,single,secondary,no,2015,no,no,110,2,182,2,failure,no
82,married,primary,no,243,no,no,275,1,180,2,success,yes
26,single,secondary,no,3090,no,no,379,1,339,1,failure,no
56,married,secondary,no,393,no,yes,183,1,221,2,failure,yes
45,single,secondary,no,0,yes,no,768,2,91,5,success,no
37,married,secondary,no,1707,yes,no,546,2,784,3,failure,yes
37,married,tertiary,no,387,no,no,128,2,419,1,failure,no
28,single,tertiary,no,313,no,yes,461,2,326,4,failure,no
32,single,secondary,no,457,no,no,109,3,455,2,failure,no
40,married,secondary,no,0,yes,yes,105,2,172,1,failure,no
61,married,tertiary,no,10861,no,no,336,2,259,3,success,yes
69,married,secondary,no,0,no,no,666,1,90,4,success,yes
33,single,tertiary,no,373,no,yes,267,1,180,4,failure,yes
49,divorced,secondary,no,1180,no,no,139,2,181,4,success,no
31,single,secondary,no,255,no,no,167,2,181,1,success,no
45,married,secondary,no,2776,yes,no,287,2,181,1,success,yes
61,married,secondary,no,1058,no,no,218,2,91,3,success,yes
41,single,primary,no,2579,no,no,235,1,287,1,failure,no
40,married,secondary,no,0,no,no,496,2,182,11,success,yes
55,married,tertiary,no,1320,no,no,340,1,91,2,success,yes
39,married,primary,no,7005,yes,no,429,2,184,3,success,yes
82,divorced,primary,no,1381,no,no,844,5,181,4,failure,yes
31,single,tertiary,no,725,yes,no,211,1,92,2,failure,no
27,single,tertiary,no,311,no,no,462,1,148,4,success,yes
32,married,secondary,no,389,yes,no,129,3,233,3,failure,no
53,married,primary,no,306,no,no,388,3,181,1,success,yes
53,married,tertiary,no,2557,no,no,95,4,182,7,success,no
57,married,tertiary,no,1181,no,no,169,2,182,2,success,yes
31,single,tertiary,no,1761,yes,no,332,3,440,3,failure,yes
35,single,tertiary,no,154,no,no,200,4,181,2,failure,yes
77,married,secondary,no,4112,no,no,426,1,184,3,success,yes
32,married,tertiary,no,6138,no,no,519,2,90,9,failure,yes
69,single,tertiary,no,2144,no,no,417,1,184,4,success,yes
69,married,tertiary,no,482,no,no,478,1,267,1,failure,yes
30,single,tertiary,no,8,no,yes,76,2,150,1,failure,no
28,single,secondary,no,261,yes,yes,269,7,182,9,success,no
34,married,tertiary,no,0,no,no,292,1,183,2,success,yes
71,married,secondary,no,3020,no,no,304,1,270,3,failure,yes
45,single,tertiary,no,4831,no,no,852,3,182,11,success,yes
64,married,primary,no,12067,no,no,367,2,92,2,success,yes
35,single,secondary,no,1227,no,no,1005,5,134,10,success,yes
36,single,tertiary,no,980,no,no,156,3,179,4,failure,no
35,married,tertiary,no,980,no,no,428,2,336,6,failure,no
46,married,tertiary,no,8564,no,no,397,2,342,1,failure,no
34,married,secondary,no,369,no,no,868,3,342,4,failure,yes
32,single,tertiary,no,388,no,no,100,8,95,3,success,no
53,single,secondary,no,2398,yes,no,317,1,180,2,failure,yes
63,married,tertiary,no,2785,no,no,341,2,392,3,success,yes
32,single,secondary,no,8304,no,no,486,1,286,2,failure,no
37,single,tertiary,no,62,yes,no,428,2,272,8,success,yes
30,single,secondary,no,3096,no,no,226,3,188,1,failure,no
29,single,secondary,no,1377,yes,no,248,1,446,2,success,yes
34,married,tertiary,no,0,yes,yes,108,2,180,7,failure,no
62,married,secondary,no,569,no,no,187,2,180,6,success,yes
34,married,secondary,no,0,yes,no,261,1,470,2,failure,yes
56,married,secondary,no,1989,no,no,279,4,181,4,success,yes
48,single,primary,no,46,no,no,113,2,180,1,failure,yes
33,married,secondary,no,1026,no,no,326,2,340,3,failure,no
68,married,tertiary,no,2812,no,no,392,4,181,3,success,yes
60,married,secondary,no,0,no,no,676,2,181,5,failure,yes
34,married,tertiary,no,69,no,yes,263,3,251,3,success,yes
62,married,secondary,no,569,no,no,288,1,1,8,success,yes
29,married,tertiary,no,198,yes,no,453,1,1,1,failure,no
68,married,tertiary,no,2812,no,no,651,1,1,7,success,yes
38,married,tertiary,no,1199,no,no,178,1,1,1,success,yes
63,married,secondary,no,3904,no,no,250,2,187,2,success,yes
30,single,tertiary,no,1788,no,no,288,1,181,2,failure,yes
45,married,secondary,no,205,no,no,180,1,92,3,success,yes
59,married,secondary,no,1625,no,no,198,1,180,2,success,yes
38,married,tertiary,no,238,no,no,139,1,92,3,failure,yes
33,married,secondary,no,1026,no,no,87,1,1,5,failure,no
49,married,secondary,no,1730,yes,no,605,2,92,4,success,yes
80,married,secondary,no,2354,no,no,199,2,181,3,success,no
30,single,tertiary,no,19,no,no,139,1,92,5,success,yes
35,single,tertiary,no,415,no,no,462,1,92,4,success,yes
60,married,secondary,no,0,no,no,153,1,1,7,success,no
30,single,secondary,no,3528,no,no,250,1,92,2,failure,yes
33,married,secondary,no,180,no,no,561,1,435,3,failure,yes
48,single,primary,no,46,no,no,118,1,1,3,success,yes
38,married,secondary,no,4017,no,no,470,1,96,3,success,yes
34,married,tertiary,no,69,no,yes,120,3,1,6,success,yes
42,married,tertiary,no,372,yes,no,153,3,1,2,success,yes
34,married,secondary,no,0,yes,no,231,2,2,3,success,yes
34,married,tertiary,no,1778,no,no,329,2,181,4,failure,no
34,married,tertiary,no,79,yes,no,203,1,92,5,success,yes
29,single,tertiary,no,437,no,no,504,1,92,1,success,yes
38,married,secondary,no,318,no,no,274,1,182,6,success,yes
41,single,tertiary,no,1646,yes,no,172,3,92,8,success,yes
38,single,secondary,no,115,no,no,250,3,182,10,failure,no
45,single,secondary,no,0,no,no,374,2,472,1,success,yes
56,divorced,tertiary,no,2037,no,no,318,1,91,6,failure,yes
32,single,tertiary,no,1077,no,no,200,1,717,4,failure,no
33,single,secondary,no,2979,no,no,326,2,437,1,failure,yes
34,divorced,secondary,no,661,yes,no,245,2,183,10,failure,yes
34,single,tertiary,no,417,yes,no,270,1,174,15,failure,yes
37,married,tertiary,no,2283,no,no,303,2,92,4,success,yes
33,married,secondary,no,1536,no,no,258,2,178,4,success,yes
61,married,primary,no,5,no,no,562,2,94,3,success,yes
27,single,tertiary,no,401,no,no,218,3,93,2,success,yes
22,single,secondary,no,216,no,no,178,1,179,2,success,yes
37,married,secondary,no,565,no,no,174,1,93,3,failure,yes
82,divorced,primary,no,0,no,no,381,3,295,1,failure,no
42,married,tertiary,no,1536,no,no,140,1,182,4,failure,no
35,single,secondary,no,-32,no,yes,366,2,178,9,success,yes
37,married,tertiary,no,4596,yes,no,323,1,91,6,failure,no
37,married,secondary,no,80,yes,yes,6,1,461,5,failure,no
71,married,secondary,no,2064,no,no,370,2,291,1,failure,no
79,divorced,secondary,no,631,no,no,440,5,182,3,failure,no
52,married,tertiary,no,0,no,no,145,3,94,4,success,no
60,married,primary,no,182,no,no,182,2,95,11,failure,no
28,single,tertiary,no,6791,no,no,361,1,46,35,failure,no
60,married,secondary,no,824,yes,no,265,1,181,8,success,yes
33,married,tertiary,no,1514,no,no,447,1,728,2,failure,yes
53,married,secondary,no,94,no,no,493,1,181,14,success,yes
32,married,secondary,no,473,no,yes,1064,1,95,3,success,yes
30,single,tertiary,no,2325,no,no,263,1,127,7,failure,yes
56,divorced,secondary,no,3450,no,no,507,1,181,2,success,yes
38,single,secondary,no,2543,no,no,223,1,414,4,failure,yes
77,married,primary,no,2223,no,no,365,2,187,1,success,no
34,single,secondary,no,2085,no,no,356,3,182,2,success,yes
29,single,secondary,no,464,no,no,317,2,518,1,failure,yes
61,married,secondary,no,1853,no,no,520,1,181,2,success,yes
62,married,secondary,no,272,no,no,146,1,286,2,failure,yes
55,married,secondary,no,10185,no,no,248,1,180,4,success,no
65,married,tertiary,no,2331,no,no,425,1,183,2,success,yes
60,married,secondary,no,116,no,no,329,2,181,8,success,yes
30,single,secondary,no,1779,no,no,233,1,433,1,success,yes
51,married,tertiary,no,346,no,no,237,1,180,6,success,yes
36,single,tertiary,no,353,no,no,361,2,181,2,success,yes
42,married,tertiary,no,27696,no,no,370,1,91,7,success,yes
58,married,secondary,no,2155,no,yes,248,2,182,7,success,yes
35,married,secondary,no,2374,yes,no,765,2,183,5,success,yes
35,single,secondary,no,920,yes,no,159,2,286,6,failure,no
35,married,tertiary,no,7050,no,no,222,3,182,4,success,yes
43,married,secondary,no,413,yes,no,235,2,182,4,success,yes
34,single,secondary,no,1313,no,no,176,1,21,6,failure,no
77,married,primary,no,2590,no,no,345,1,178,20,failure,yes
34,married,secondary,no,320,yes,no,352,1,828,2,failure,yes
35,married,secondary,no,1454,yes,no,323,1,182,4,success,yes
39,married,secondary,no,1382,yes,no,357,1,182,2,success,yes
75,married,secondary,no,291,no,no,350,1,182,2,success,yes
29,single,tertiary,no,266,no,no,176,1,185,1,failure,no
35,married,tertiary,no,2427,no,no,175,3,31,10,success,yes
48,married,secondary,no,926,no,no,504,2,178,10,success,yes
26,single,secondary,no,632,no,no,312,3,181,1,success,yes
55,married,secondary,no,2206,no,no,265,1,91,5,success,yes
44,divorced,secondary,no,314,yes,no,18,1,651,1,success,no
44,married,tertiary,no,1791,no,no,201,1,182,2,success,yes
49,married,primary,no,1830,yes,no,261,1,179,1,success,yes
50,divorced,secondary,no,0,yes,no,120,2,91,6,failure,no
58,married,secondary,no,169,no,no,880,1,92,8,success,yes
45,married,tertiary,no,226,yes,no,177,6,179,10,success,yes
30,single,secondary,no,0,no,no,173,4,562,1,failure,no
37,married,tertiary,no,341,no,no,287,3,182,3,success,yes
28,single,secondary,no,1408,no,no,166,1,78,2,failure,no
61,married,secondary,no,523,no,no,211,3,183,4,success,yes
39,married,secondary,no,47,yes,no,143,2,371,6,failure,no
29,single,secondary,no,113,no,no,159,2,185,6,success,no
33,married,secondary,no,484,yes,no,205,3,182,9,success,yes
27,single,secondary,no,535,no,no,265,3,95,4,success,yes
37,single,tertiary,no,688,no,no,95,3,174,5,failure,no
61,married,tertiary,no,5267,no,no,212,7,188,3,success,no
24,single,secondary,no,431,no,no,418,11,185,5,success,yes
61,married,secondary,no,681,yes,no,173,6,492,2,failure,no
35,married,secondary,no,2374,yes,no,5,1,14,7,success,no
36,married,tertiary,no,5367,no,no,324,1,455,2,failure,no
55,married,primary,no,1212,no,no,241,1,92,1,failure,no
36,single,tertiary,no,364,no,yes,185,1,123,1,failure,yes
61,married,primary,no,211,no,no,443,2,186,3,failure,yes
36,single,tertiary,no,671,yes,no,161,1,457,2,failure,no
60,married,tertiary,no,315,no,no,840,1,183,3,success,yes
32,married,secondary,no,200,no,no,729,1,29,3,failure,yes
34,married,tertiary,no,1388,yes,no,222,1,93,4,failure,no
31,single,secondary,no,-205,no,no,481,1,579,1,failure,yes
28,single,secondary,no,-46,yes,no,199,1,92,14,success,yes
55,married,secondary,no,8304,no,no,193,1,92,1,success,yes
65,divorced,primary,no,1840,no,no,191,2,92,7,failure,no
37,married,tertiary,no,1113,no,no,265,2,183,2,success,yes
29,married,secondary,no,3310,no,no,367,1,91,4,failure,no
33,single,tertiary,no,272,yes,no,293,2,92,3,success,yes
75,married,primary,no,1413,no,no,532,2,188,2,success,yes
59,married,tertiary,no,4606,no,no,194,2,189,2,failure,no
22,single,secondary,no,361,no,no,232,1,86,6,failure,no
32,single,secondary,no,5836,no,no,281,2,493,2,failure,no
27,single,tertiary,no,1075,no,no,529,2,184,1,success,yes
63,married,secondary,no,367,no,no,173,1,182,7,failure,no
31,single,tertiary,no,1675,no,no,114,2,363,1,failure,no
35,married,secondary,no,294,yes,no,97,6,79,11,failure,no
37,single,tertiary,no,635,no,no,238,1,464,2,failure,no
41,single,tertiary,no,7968,no,no,404,1,184,4,success,yes
25,single,secondary,no,154,no,no,382,1,183,3,success,yes
27,single,tertiary,no,5169,yes,no,431,1,466,3,success,yes
32,married,tertiary,no,6138,no,no,251,3,36,11,success,no
49,single,tertiary,no,228,yes,no,252,2,93,2,success,yes
39,single,secondary,no,91,no,no,213,1,185,1,success,yes
57,married,primary,no,1947,no,no,126,1,185,7,success,no
70,divorced,secondary,no,6850,no,no,228,1,182,4,failure,no
60,married,secondary,no,12980,no,no,177,2,182,1,success,no
43,married,secondary,no,4945,yes,no,219,3,185,2,success,yes
27,single,tertiary,no,560,no,no,543,9,465,2,failure,no
38,single,tertiary,no,1027,yes,no,387,2,188,3,success,no
48,married,tertiary,no,0,yes,no,194,2,125,6,failure,yes
32,married,secondary,no,390,no,no,440,1,280,1,failure,yes
65,married,secondary,no,952,no,no,255,1,96,1,success,yes
34,married,tertiary,no,1636,yes,yes,136,1,521,2,failure,no
37,married,secondary,no,52,yes,no,908,1,185,9,success,yes
52,married,tertiary,no,2635,no,no,313,1,108,8,success,no
38,married,tertiary,no,1649,no,yes,218,2,432,3,success,no
26,single,tertiary,no,760,yes,no,164,2,186,7,success,no
53,married,secondary,no,0,no,no,353,1,655,5,failure,no
27,single,tertiary,no,592,no,no,667,1,221,3,failure,no
65,married,secondary,no,1220,no,no,127,1,186,2,failure,no
37,married,tertiary,no,6771,no,no,337,1,186,1,success,yes
31,married,tertiary,no,3192,yes,no,179,1,186,2,failure,no
51,single,tertiary,no,151,yes,no,638,1,427,3,success,yes
38,married,secondary,no,0,yes,no,210,1,92,3,success,yes
31,married,tertiary,no,1570,yes,no,213,4,184,5,success,no
46,married,secondary,no,0,yes,no,149,2,187,1,failure,no
34,divorced,tertiary,no,2240,no,no,220,2,184,3,success,yes
52,married,tertiary,no,994,no,no,127,1,370,4,failure,no
60,married,secondary,no,957,no,no,246,1,184,3,success,yes
23,single,tertiary,no,508,no,no,210,1,92,1,failure,no
36,married,tertiary,no,2161,no,no,708,2,183,5,success,yes
80,married,secondary,no,8304,no,no,606,3,91,13,success,yes
39,married,tertiary,no,494,no,no,216,1,183,5,success,yes
62,married,secondary,no,2801,yes,yes,261,1,183,1,success,yes
84,married,tertiary,no,4761,no,no,1405,1,92,3,failure,yes
37,married,secondary,no,1978,no,no,404,1,182,1,success,yes
31,married,tertiary,no,877,no,no,209,1,92,8,success,yes
33,single,secondary,no,2066,no,yes,305,1,749,2,failure,yes
33,single,secondary,no,555,yes,no,204,1,365,1,success,yes
64,married,primary,no,48,no,no,167,3,92,1,success,yes
48,married,primary,no,235,no,no,386,2,191,3,success,yes
28,married,secondary,no,1595,no,no,1,1,254,4,success,no
28,married,secondary,no,1595,no,no,268,1,254,4,success,yes
28,single,tertiary,no,5741,no,no,1042,5,200,3,failure,yes
65,divorced,secondary,no,588,no,no,110,4,186,1,success,no
28,single,tertiary,no,187,no,no,255,1,93,2,success,yes
39,single,secondary,no,300,no,no,315,6,394,1,failure,no
52,married,secondary,no,1416,no,no,218,3,187,3,success,yes
47,married,secondary,no,1740,yes,no,502,1,490,1,failure,no
25,single,secondary,no,486,no,no,273,3,199,4,failure,yes
31,single,tertiary,no,147,no,no,81,3,96,5,success,no
62,married,secondary,no,4608,no,no,706,1,186,1,success,no
72,married,primary,no,2321,no,no,221,2,64,12,failure,yes
62,married,tertiary,no,2557,yes,no,211,1,216,7,success,yes
41,married,secondary,no,3138,no,no,409,1,398,1,failure,yes
28,single,tertiary,no,1720,no,no,230,1,91,4,success,yes
68,divorced,primary,no,2027,no,no,404,2,91,4,success,yes
75,married,primary,no,1765,no,no,808,1,187,4,failure,yes
74,married,tertiary,no,1843,no,no,251,2,184,3,success,yes
35,married,secondary,no,262,no,no,331,1,75,6,failure,yes
88,married,secondary,no,433,no,no,161,1,274,1,failure,no
49,married,tertiary,no,1093,yes,yes,316,1,246,4,success,yes
38,married,tertiary,no,1477,no,no,385,3,769,2,failure,yes
72,married,tertiary,no,3561,no,no,511,3,184,7,success,yes
31,single,tertiary,no,3340,no,no,213,2,469,3,success,yes
74,divorced,primary,no,2308,no,no,251,2,535,2,success,no
49,married,tertiary,no,1071,no,no,225,1,91,1,success,yes
29,married,tertiary,no,247,no,no,143,2,587,3,failure,yes
75,divorced,primary,no,852,no,no,228,1,185,1,failure,no
60,married,secondary,no,975,no,no,303,1,792,1,failure,yes
23,single,tertiary,no,780,no,no,393,1,183,3,success,yes
31,single,tertiary,no,4951,no,no,285,3,81,3,failure,yes
34,married,tertiary,no,3301,yes,no,164,5,92,6,success,yes
37,divorced,tertiary,no,488,yes,no,328,1,854,2,failure,yes
46,divorced,tertiary,no,624,no,no,336,2,183,2,success,yes
28,married,secondary,no,242,yes,no,47,1,779,12,failure,no
33,married,secondary,no,889,yes,no,13,1,373,6,success,no
35,single,tertiary,no,151,no,no,11,1,850,2,failure,no
35,single,tertiary,no,1120,no,no,4,1,771,2,success,no
44,divorced,tertiary,no,2367,no,no,263,1,184,6,success,yes
23,single,secondary,no,283,yes,no,175,1,184,2,success,yes
41,married,secondary,no,1819,no,no,397,1,371,3,failure,yes
45,single,secondary,no,375,no,yes,10,1,594,6,failure,no
70,married,primary,no,3782,no,no,704,2,190,1,failure,no
36,single,tertiary,no,5958,yes,no,155,1,184,1,success,yes
60,married,secondary,no,3735,no,no,183,1,184,11,success,yes
55,married,secondary,no,2693,no,no,182,1,184,7,success,yes
55,divorced,tertiary,no,7010,no,no,155,1,195,2,failure,no
43,married,secondary,no,0,yes,yes,183,2,184,13,failure,yes
31,married,secondary,no,243,yes,no,305,2,842,1,failure,yes
55,married,secondary,no,0,no,no,180,2,238,3,success,no
55,divorced,tertiary,no,26306,yes,no,84,1,589,4,failure,no
33,single,tertiary,no,224,no,no,409,2,92,4,success,yes
46,married,tertiary,no,7485,no,no,145,1,779,2,failure,no
29,single,secondary,no,1055,no,no,427,1,603,1,failure,yes
28,single,tertiary,no,313,no,yes,124,1,59,6,failure,no
59,married,tertiary,no,5397,no,no,244,1,92,3,success,yes
30,single,secondary,no,1532,no,no,447,1,489,6,failure,no
34,married,tertiary,no,937,no,no,405,1,391,3,failure,no
30,single,tertiary,no,655,no,no,272,4,184,1,success,yes
36,married,tertiary,no,980,no,no,349,2,53,8,failure,no
40,single,tertiary,no,3840,yes,no,232,2,409,2,success,yes
32,single,secondary,no,2093,no,no,224,2,444,1,failure,yes
38,married,tertiary,no,0,no,no,246,12,197,6,failure,no
49,married,tertiary,no,1167,yes,yes,249,1,91,14,success,yes
55,divorced,secondary,no,0,no,no,262,6,193,4,success,yes
34,married,tertiary,no,812,no,no,156,2,279,1,failure,no
31,married,tertiary,no,3338,yes,no,162,2,95,4,failure,no
38,married,secondary,no,2678,no,no,282,2,187,1,success,yes
48,single,tertiary,no,334,yes,no,600,2,92,12,success,yes
32,single,tertiary,no,414,no,no,21,1,680,5,failure,no
48,divorced,tertiary,no,-130,yes,no,110,2,61,9,failure,no
61,married,secondary,no,11,no,no,232,1,92,3,success,yes
28,single,tertiary,no,390,no,no,845,1,232,4,success,yes
42,married,secondary,no,2152,no,no,161,1,92,6,failure,no
35,married,secondary,no,137,no,yes,5,1,808,12,failure,no
31,single,secondary,no,3511,no,no,311,1,96,1,success,yes
39,married,tertiary,no,2939,no,no,608,1,99,3,failure,yes
47,single,tertiary,no,3232,no,no,541,1,204,3,failure,no
28,single,tertiary,no,616,yes,no,116,1,503,2,success,no
55,divorced,secondary,no,0,yes,yes,122,1,245,4,failure,no
36,single,tertiary,no,5007,yes,no,135,3,331,4,failure,no
73,married,secondary,no,2850,no,no,512,1,144,7,failure,no
32,single,tertiary,no,3289,no,no,375,2,179,2,failure,no
36,single,secondary,no,966,no,no,135,2,91,13,failure,no
58,divorced,secondary,no,3337,yes,no,369,2,690,3,failure,yes
48,married,secondary,no,368,no,no,363,2,140,7,success,yes
36,single,tertiary,no,335,no,no,5,1,772,4,failure,no
70,divorced,secondary,no,4572,no,no,115,2,95,16,failure,no
51,divorced,tertiary,no,315,no,no,291,1,91,4,failure,no
48,married,secondary,no,0,no,yes,195,1,104,5,failure,no
36,single,secondary,no,12264,no,no,285,1,182,2,success,yes
67,married,secondary,no,203,no,no,405,1,266,2,success,yes
39,married,tertiary,no,839,no,yes,365,2,774,11,failure,no
30,single,tertiary,no,502,no,no,463,3,95,6,success,yes
62,married,secondary,no,2917,no,no,123,2,182,2,failure,no
58,married,secondary,no,3927,no,no,124,3,363,1,failure,no
24,single,secondary,no,1809,no,no,165,1,95,2,success,yes
32,married,secondary,no,1229,no,no,485,1,182,1,success,no
46,married,secondary,no,171,yes,yes,251,1,430,1,failure,no
33,single,tertiary,no,816,yes,no,383,2,503,2,failure,yes
42,married,tertiary,no,298,no,no,137,3,95,10,failure,no
59,divorced,primary,no,606,no,no,54,1,526,2,failure,no
31,married,tertiary,no,4328,no,no,203,4,165,14,success,yes
25,single,secondary,no,1857,yes,no,187,1,91,12,success,yes
43,single,secondary,no,386,no,no,242,1,92,4,success,no
75,divorced,secondary,no,1092,no,no,250,1,431,2,failure,no
33,single,tertiary,no,658,yes,no,146,2,183,3,failure,no
33,single,tertiary,no,131,yes,no,209,3,427,2,failure,yes
63,married,tertiary,no,0,no,no,130,2,182,6,failure,no
36,single,tertiary,no,2646,no,no,169,1,182,10,success,yes
62,divorced,tertiary,no,6,yes,no,216,1,183,4,success,yes
29,single,tertiary,no,1579,no,no,190,1,92,5,success,yes
26,single,secondary,no,2007,no,no,194,1,92,5,success,yes
38,married,tertiary,no,413,no,no,252,2,183,3,success,yes
29,married,tertiary,no,167,yes,yes,357,2,237,2,failure,no
86,married,primary,no,1255,no,no,192,2,92,4,success,no
59,married,secondary,no,1,no,no,585,1,182,5,success,yes
51,married,tertiary,no,469,no,no,491,1,182,3,success,yes
36,single,tertiary,no,1830,no,no,183,1,91,11,failure,no
53,married,secondary,no,459,no,no,317,6,192,1,success,no
27,single,secondary,no,643,no,no,301,1,93,1,success,yes
57,married,secondary,no,16873,no,no,219,3,372,1,failure,no
41,divorced,tertiary,no,3355,no,no,181,2,500,1,failure,no
47,married,secondary,no,1387,yes,no,158,1,826,1,failure,no
61,married,secondary,no,938,no,no,212,2,92,5,success,no
45,married,secondary,no,2897,no,no,531,4,105,7,failure,no
60,divorced,secondary,no,514,no,no,187,2,213,10,success,yes
29,single,tertiary,no,270,yes,no,94,5,274,11,failure,no
42,married,secondary,no,1289,no,no,1176,3,92,6,success,yes
33,single,tertiary,no,718,yes,no,104,1,111,4,success,no
47,married,secondary,no,3676,no,no,567,1,95,3,success,yes
28,married,tertiary,no,1918,no,no,333,1,616,1,failure,no
45,single,tertiary,no,2048,yes,no,310,1,804,1,failure,yes
43,married,tertiary,no,0,no,no,464,1,94,2,success,yes
22,single,tertiary,no,104,no,yes,509,1,185,3,success,yes
35,married,secondary,no,724,yes,no,102,3,96,3,success,no
69,divorced,secondary,no,4189,no,no,138,4,96,2,success,no
25,single,secondary,no,3843,no,no,159,2,95,2,failure,no
66,married,secondary,no,3409,no,no,133,3,160,3,failure,no
49,married,secondary,no,1946,no,no,192,1,95,1,success,yes
44,single,tertiary,no,1090,no,no,178,4,93,6,success,yes
64,divorced,secondary,no,4833,no,no,621,1,181,3,failure,yes
75,married,tertiary,no,4912,no,no,238,2,183,5,failure,no
52,married,secondary,no,423,yes,yes,139,2,96,7,failure,no
30,single,tertiary,no,2344,yes,no,316,2,92,3,failure,no
29,single,secondary,no,1925,no,no,150,3,149,5,success,yes
52,married,secondary,no,335,no,no,411,1,182,1,failure,yes
26,single,secondary,no,108,no,no,235,1,175,3,success,no
52,married,secondary,no,371,yes,yes,453,1,183,3,success,yes
54,divorced,tertiary,no,5475,no,no,1032,1,91,4,success,yes
37,married,tertiary,no,203,no,no,759,1,90,5,success,yes
46,married,secondary,no,9299,no,no,201,5,94,3,success,no
77,married,secondary,no,820,no,no,330,2,181,4,success,yes
27,single,secondary,no,1164,no,no,256,2,104,2,failure,no
34,single,secondary,no,1279,yes,no,339,3,91,10,success,yes
59,married,secondary,no,496,no,no,738,3,183,1,success,yes
29,single,tertiary,no,455,no,no,542,4,148,3,success,yes
38,married,tertiary,no,536,yes,no,234,1,92,1,success,yes
33,single,tertiary,no,146,no,no,380,1,91,3,success,yes
61,married,tertiary,no,10861,no,no,225,1,91,5,success,yes
30,single,tertiary,no,985,yes,no,304,1,94,2,success,yes
74,married,secondary,no,935,no,no,400,1,173,3,success,yes
31,single,secondary,no,410,no,no,182,1,185,1,success,yes
33,married,secondary,no,51,yes,yes,253,1,284,3,success,yes
73,married,primary,no,1388,no,no,254,1,97,6,failure,no
36,married,secondary,no,2779,no,no,324,1,182,4,success,no
32,married,secondary,no,660,no,no,226,2,490,1,failure,yes
24,single,secondary,no,1234,no,no,280,2,97,3,success,no
26,single,tertiary,no,222,no,no,318,1,120,3,success,yes
54,divorced,tertiary,no,122,no,no,322,1,547,1,failure,no
47,married,secondary,no,1210,no,no,604,1,91,4,failure,yes
56,divorced,secondary,no,1693,no,no,238,4,442,4,failure,yes
49,married,secondary,no,308,no,no,260,2,91,5,failure,no
54,married,tertiary,no,876,no,no,269,3,541,3,success,yes
23,single,tertiary,no,993,no,no,409,1,91,4,success,no
61,married,secondary,no,1058,no,no,277,1,92,5,success,no
24,single,secondary,no,822,no,no,184,1,91,2,failure,yes
70,married,secondary,no,0,no,no,258,1,92,5,success,yes
53,married,tertiary,no,730,yes,no,18,1,368,2,failure,no
30,single,secondary,no,500,yes,no,176,1,543,3,failure,no
63,married,secondary,no,3904,no,no,360,1,96,4,success,yes
34,married,tertiary,no,79,yes,no,120,2,95,6,success,no
28,single,secondary,no,970,no,no,137,1,96,1,failure,no
49,divorced,tertiary,no,780,no,no,148,1,871,2,failure,no
38,married,tertiary,no,88,no,no,282,2,186,4,success,yes
47,single,tertiary,no,311,yes,yes,255,3,378,2,failure,no
61,married,primary,no,182,no,no,335,1,92,13,failure,no
63,married,primary,no,3738,no,no,301,1,456,4,failure,no
44,married,tertiary,no,121,no,no,248,1,91,1,success,yes
52,married,tertiary,no,0,no,no,467,3,92,7,failure,yes
60,married,secondary,no,4428,no,no,125,1,96,6,failure,no
35,married,secondary,no,0,yes,no,524,1,96,5,success,yes
29,single,secondary,no,464,no,no,208,2,91,3,success,yes
71,married,secondary,no,2064,no,no,379,2,92,3,failure,no
41,single,tertiary,no,79,no,no,394,1,390,2,success,yes
62,married,tertiary,no,2557,yes,no,404,1,57,8,success,yes
31,married,tertiary,no,2994,yes,no,182,1,229,2,failure,no
33,single,secondary,no,690,no,no,223,3,555,16,failure,no
30,single,tertiary,no,2325,no,no,134,1,92,8,success,no
36,single,tertiary,no,980,no,no,118,4,104,7,failure,no
62,married,secondary,no,272,no,no,289,1,92,3,success,yes
38,single,secondary,no,2543,no,no,357,3,93,5,success,yes
36,divorced,secondary,no,1224,yes,no,482,1,374,1,success,yes
34,married,secondary,no,320,yes,no,413,1,92,3,success,yes
34,married,secondary,no,1026,no,no,319,1,100,6,failure,no
66,married,secondary,no,3409,no,no,414,2,27,6,failure,no
46,married,secondary,no,6879,no,no,74,2,118,3,failure,no
34,married,secondary,no,133,no,no,401,2,187,5,success,yes
70,married,primary,no,324,no,no,78,1,96,7,success,no
63,married,secondary,no,1495,no,no,138,1,22,5,success,no
60,married,tertiary,no,4256,yes,no,200,1,92,4,success,yes
29,single,secondary,no,703,yes,no,236,1,550,2,success,yes
25,single,secondary,no,199,no,no,173,1,92,5,failure,no
32,married,secondary,no,136,no,no,206,1,188,3,success,yes
75,divorced,tertiary,no,3810,yes,no,262,1,183,1,failure,yes
28,single,tertiary,no,159,no,no,449,2,33,4,success,yes
59,married,tertiary,no,138,yes,yes,162,2,187,5,failure,no
68,married,secondary,no,1146,no,no,212,1,187,6,success,yes
53,married,tertiary,no,583,no,no,226,1,184,4,success,yes
73,married,secondary,no,2850,no,no,300,1,40,8,failure,yes
72,married,secondary,no,5715,no,no,1127,5,184,3,success,yes
