list,yr_built,yr_renovated,price,bedrooms,bathrooms,sqft_living,sqft_lot,floors,waterfront,view,condition,grade
20150218,1987,0,510000.0,3,2.0,1680,8080,1.0,0,0,3,8
20140512,2001,0,1225000.0,4,4.5,5420,101930,1.0,0,0,3,11
20140627,1995,0,257500.0,3,2.25,1715,6819,2.0,0,0,3,7
20150312,2003,0,323000.0,3,2.5,1890,6560,2.0,0,0,3,7
20141007,1977,0,400000.0,3,1.75,1370,9680,1.0,0,0,4,7
20150124,1979,0,650000.0,4,3.0,2950,5000,2.0,0,3,3,9
20140731,1994,0,395000.0,3,2.0,1890,14040,2.0,0,0,3,7
20140703,1995,0,285000.0,5,2.5,2270,6300,2.0,0,0,3,8
20140516,1985,0,252700.0,2,1.5,1070,9643,1.0,0,0,3,7
20141120,1985,0,329000.0,3,2.25,2450,6500,2.0,0,0,4,8
20150302,2005,0,719000.0,4,2.5,2570,7173,2.0,0,0,3,8
20141110,2003,0,580500.0,3,2.5,2320,3980,2.0,0,0,3,8
20141201,2005,0,280000.0,2,1.5,1190,1265,3.0,0,0,3,7
20141203,1981,0,322500.0,4,2.75,2060,6659,1.0,0,0,3,7
20140620,1996,0,605000.0,4,2.5,2620,7553,2.0,0,0,3,8
20140715,2000,0,625000.0,4,2.5,2570,5520,2.0,0,0,3,9
20140811,1984,0,775000.0,4,2.25,4220,24186,1.0,0,0,3,8
20140707,2014,0,861990.0,5,2.75,3595,5639,2.0,0,0,3,9
20140718,2003,0,488000.0,3,2.5,3160,13603,2.0,0,0,3,8
20140716,1981,0,785000.0,4,2.5,2290,13416,2.0,0,0,4,9
20150205,1981,0,585000.0,2,1.75,1980,8550,1.0,0,0,3,7
20140512,1995,0,885000.0,4,2.5,2830,5000,2.0,0,0,3,9
20140819,2008,0,292500.0,4,2.5,2250,4495,2.0,0,0,3,7
20150407,2003,0,301000.0,3,2.5,2420,4750,2.0,0,0,3,8
20150223,1991,0,430000.0,4,3.0,1850,9976,2.0,0,0,3,8
20141021,1973,0,505000.0,3,1.75,2519,8690,2.0,0,0,5,8
20141207,2014,0,549000.0,3,1.75,1540,1044,3.0,0,0,3,8
20140603,1979,0,425000.0,3,2.25,1660,6000,1.0,0,0,3,7
20140909,1989,0,975000.0,4,2.5,2720,11049,2.0,0,0,3,10
20141009,2005,0,287000.0,4,2.5,2240,4648,2.0,0,0,3,7
20140912,1973,0,1040000.0,5,3.25,4770,50094,1.0,0,0,4,11
20150105,1972,0,325000.0,3,2.0,1260,5612,1.0,0,0,4,7
20140710,2005,0,360000.0,4,2.5,2380,5000,2.0,0,0,3,8
20141105,1986,0,832500.0,4,4.0,3430,35102,2.0,0,0,4,10
20150323,2002,0,720000.0,4,2.5,3450,39683,2.0,0,0,3,10
20141202,2003,0,390000.0,3,2.5,2350,5100,2.0,0,0,3,8
20141222,1992,0,360000.0,4,2.5,1900,5889,2.0,0,0,3,7
20140618,2006,0,461000.0,3,3.25,2770,6278,2.0,0,0,3,9
20140519,1979,0,215000.0,2,2.25,1610,2040,2.0,0,0,4,7
20140904,2006,0,335000.0,2,1.75,1030,1066,2.0,0,0,3,7
20140522,1988,0,243500.0,4,2.5,1980,7403,2.0,0,0,3,7
20150311,2001,0,1099880.0,5,2.75,3520,6353,2.0,0,0,4,10
20140912,1975,0,199000.0,4,1.5,1160,6400,1.0,0,0,4,7
20140711,1980,0,314000.0,3,1.75,1810,41800,1.0,0,0,5,7
20140516,1992,0,437500.0,3,2.5,2320,36847,2.0,0,2,3,9
20141212,1983,0,699950.0,3,2.25,2190,107593,2.0,0,0,4,8
20150402,1978,0,375000.0,3,2.5,2340,10005,1.0,0,0,4,8
20140723,1985,0,188500.0,2,1.75,1240,2493,1.0,0,0,4,8
20150305,1991,0,680000.0,4,2.5,3140,28037,2.0,0,0,4,10
20140725,1984,0,597750.0,4,2.5,2310,9624,2.0,0,0,3,8
20140916,1980,0,272500.0,3,1.75,1540,12600,1.0,0,0,4,7
20141124,1971,0,329950.0,3,1.75,2080,5969,1.0,0,2,3,7
20141028,2001,0,480000.0,4,2.5,3230,16171,2.0,0,3,3,9
20140626,2010,0,518500.0,3,3.5,1590,1102,3.0,0,0,3,8
20141119,1987,0,391500.0,3,2.0,1450,9132,1.0,0,0,3,7
20140618,1990,0,770000.0,3,2.25,2910,10204,2.0,0,0,3,9
20140717,1978,0,260000.0,4,2.25,2160,8811,1.0,0,0,3,8
20150406,2004,0,430000.0,4,2.5,2070,4310,2.0,0,0,3,7
20150105,1986,0,212000.0,3,1.75,1060,7875,1.0,0,0,4,7
20150428,1986,0,660500.0,4,2.25,2010,9603,1.0,0,0,3,8
20140612,1989,0,784000.0,3,3.5,3950,111078,1.5,0,0,3,9
20140512,2014,0,453246.0,3,2.5,2010,2287,2.0,0,0,3,8
20150126,2005,0,675000.0,4,3.5,2140,2278,3.0,0,0,3,9
20140707,1981,0,382500.0,2,1.0,1190,4440,1.0,0,0,3,6
20140507,2014,0,519950.0,3,2.25,1170,1249,3.0,0,0,3,8
20141203,1994,0,921500.0,4,2.5,3670,315374,2.0,0,0,4,9
20140806,2007,0,430000.0,2,2.5,2420,60984,2.0,0,0,3,7
20140820,1990,0,532170.0,3,2.0,1360,3090,2.0,0,0,3,8
20150401,2006,0,2250000.0,4,3.25,5180,19850,2.0,0,3,3,12
20141120,1996,0,650000.0,5,3.5,3960,25245,2.0,0,0,3,9
20150304,2000,0,900000.0,3,2.5,3400,16603,2.0,0,0,3,10
20140620,1979,0,441000.0,3,2.75,1910,7280,1.0,0,0,3,7
20140812,1975,0,420000.0,3,2.0,2020,38332,1.0,0,0,4,7
20141208,1976,0,370000.0,3,1.75,1580,7000,1.0,0,0,3,7
20150324,1999,0,807100.0,4,2.5,2680,4499,2.0,0,0,3,9
20140605,1979,0,653000.0,3,2.5,2680,9750,1.0,0,0,4,8
20150102,1978,0,272000.0,3,1.75,2160,7140,1.0,0,0,4,7
20150116,1984,0,917500.0,4,2.5,3880,35003,2.0,0,0,3,10
20140929,1980,0,673000.0,4,2.25,2590,8190,2.0,0,0,4,8
20150210,2008,0,425000.0,3,2.5,1120,1100,2.0,0,0,3,8
20140709,1986,0,399950.0,5,2.75,1970,5400,1.0,0,0,3,7
20141117,1975,0,269950.0,3,1.5,1950,7560,1.0,0,2,4,7
20140725,1988,0,260000.0,3,2.5,1670,5797,2.0,0,0,3,7
20140723,1996,0,163500.0,2,1.5,1050,3419,2.0,0,0,3,7
20140905,1993,0,835000.0,4,2.75,3130,13412,2.0,0,0,3,9
20141121,1986,0,1095000.0,5,3.0,4090,12850,1.0,0,2,4,10
20140505,1987,0,560000.0,3,2.5,1900,8744,2.0,0,0,3,8
20141205,1975,0,585188.0,3,2.25,2230,10026,1.0,0,0,3,8
20140818,1977,0,305000.0,3,1.75,1650,9480,1.0,0,0,3,7
20140515,2003,0,256883.0,3,2.5,1690,5025,2.0,0,0,3,8
20140723,2007,0,465000.0,3,2.5,2150,4084,2.0,0,0,3,8
20150113,1997,0,440000.0,3,2.5,1910,66211,2.0,0,0,3,7
20141112,1994,0,297000.0,3,2.5,1940,14952,2.0,0,0,3,8
20140804,1976,0,226500.0,3,1.5,1300,7370,1.0,0,0,4,7
20140919,2010,0,677900.0,3,2.5,2440,4587,2.0,0,0,3,8
20150422,1993,0,320000.0,4,2.25,1550,7579,2.0,0,0,3,8
20140717,2014,0,625504.0,3,2.25,1270,1566,2.0,0,0,3,8
20140515,1983,0,592500.0,4,2.5,2240,12032,1.0,0,0,3,9
20150114,2005,0,465000.0,3,2.5,2714,17936,2.0,0,0,3,9
20140527,1978,0,477000.0,4,2.75,1720,6270,2.0,0,0,3,8
20140703,2000,0,445838.0,3,2.5,2250,5692,2.0,0,0,3,8
20140822,1999,0,686000.0,4,2.5,2760,6440,2.0,0,0,3,10
20140904,1987,0,527000.0,4,2.25,2330,19436,2.0,0,0,3,8
20140903,1994,0,328000.0,3,2.25,2020,8379,2.0,0,0,3,7
20150309,2005,0,479950.0,2,2.0,1510,6516,1.0,0,0,3,8
20140529,1978,0,264950.0,4,2.25,1720,9753,1.0,0,0,4,7
20150303,2004,0,516500.0,3,2.5,1480,4729,2.0,0,0,3,7
20141121,1978,0,315000.0,6,2.75,2940,7350,1.0,0,0,3,8
20140610,1983,0,1025000.0,5,4.0,3760,28040,2.0,0,0,3,10
20150409,1976,0,416000.0,3,2.0,2220,94300,1.0,0,0,5,7
20140701,1993,0,800000.0,3,3.5,3830,221284,2.0,0,0,3,10
20150212,1990,0,363000.0,3,2.5,2740,11872,2.0,0,0,3,9
20140929,2000,0,2400000.0,4,2.5,3650,8354,1.0,1,4,3,9
20150314,1976,0,250000.0,4,2.0,2010,7312,1.0,0,0,4,7
20140923,1978,0,260000.0,3,2.0,1810,7209,1.0,0,0,4,7
20140513,2001,0,455000.0,4,2.5,3360,7685,2.0,0,0,3,9
20150401,1991,0,415000.0,3,2.25,1510,36224,2.0,0,0,3,8
20140929,1987,0,245000.0,3,2.5,1730,7442,2.0,0,0,3,7
20150211,1974,0,315000.0,3,1.75,1580,11455,1.0,0,0,4,7
20141124,1979,0,255000.0,3,1.0,1230,10170,1.0,0,0,3,7
20140829,2006,0,693000.0,4,2.5,2460,4425,2.0,0,0,3,8
20141216,1979,0,525000.0,3,2.25,2100,40510,2.0,0,0,3,10
20140519,1988,0,290000.0,4,2.5,1700,7280,2.0,0,0,4,7
20150409,1979,0,272500.0,3,2.5,2070,9900,1.0,0,0,3,8
20150504,1982,2008,2900000.0,4,3.25,5050,20100,1.5,0,2,3,11
20141007,1989,0,1365000.0,4,4.75,5310,57346,2.0,0,0,4,11
20150320,2006,0,365000.0,3,2.5,2653,4510,2.0,0,0,3,8
20141113,2014,0,770000.0,4,2.75,3820,26300,2.0,0,0,3,9
20150505,1997,0,455000.0,4,2.5,2210,49375,1.0,0,0,3,8
20140630,2005,0,780000.0,4,2.5,3500,7048,2.0,0,0,3,9
20150410,1988,0,330000.0,3,3.0,2420,13959,1.0,0,0,4,8
20140905,1992,0,370000.0,4,2.5,2720,8666,2.0,0,0,3,9
20141017,1979,0,467000.0,5,2.25,2500,13500,1.0,0,0,3,7
20150209,1980,0,405000.0,3,1.75,1670,6720,1.0,0,0,3,7
20140702,1985,0,675000.0,5,2.25,2900,10300,1.0,0,0,3,8
20150224,1975,0,630000.0,4,1.75,2950,9025,1.0,0,2,4,8
20141022,1992,0,360000.0,4,2.5,2160,9528,2.0,0,0,3,9
20141002,1986,0,580000.0,4,3.0,3280,11060,2.0,0,0,3,8
20140710,1994,0,879000.0,4,2.5,3360,22111,2.0,0,0,3,10
20140822,1993,0,265000.0,3,2.0,1320,8959,1.0,0,0,3,7
20150304,1990,0,446500.0,3,2.5,2650,7286,2.0,0,0,3,8
20140624,2002,0,3075000.0,4,5.0,4550,18641,1.0,1,4,3,10
20140811,1998,0,335000.0,3,2.5,2440,7632,2.0,0,0,3,8
20150401,2006,0,208633.0,3,2.5,2040,3810,2.0,0,0,3,8
20140612,1984,0,610750.0,4,2.25,2180,7297,2.0,0,0,3,8
20140618,1997,0,1384000.0,4,3.25,4290,12103,1.0,0,3,3,11
20141209,1997,0,1400000.0,4,3.25,4290,12103,1.0,0,3,3,11
20141105,1979,0,305000.0,4,2.25,1950,7700,1.0,0,0,3,8
20150511,1988,0,390000.0,3,2.5,1930,64904,1.0,0,0,4,8
20140513,2013,0,819900.0,5,2.75,3150,7119,2.0,0,0,3,9
20141023,1984,0,520000.0,3,2.25,2030,16200,2.0,0,0,3,8
20140721,2003,0,230000.0,3,2.0,1450,11204,1.0,0,0,3,7
20141027,1987,0,274975.0,3,2.5,3030,45004,2.0,0,0,3,9
20140725,1977,0,790000.0,3,2.25,2370,10289,1.0,0,0,4,9
20140729,1991,0,295000.0,3,2.0,1810,10530,1.0,0,2,3,8
20141007,2003,0,260000.0,4,2.5,1960,5238,2.0,0,0,3,7
20140602,2004,0,559900.0,3,2.75,2930,5569,1.0,0,0,3,9
20141106,2010,0,684000.0,4,3.5,3040,8414,2.0,0,0,3,9
20141017,1991,0,309600.0,4,1.75,1275,20000,1.0,0,0,4,6
20140718,2002,0,552250.0,4,2.5,2580,5823,2.0,0,0,3,8
20141021,1987,0,206600.0,3,2.0,1390,13464,1.0,0,0,4,7
20150416,1973,0,387000.0,4,1.75,2500,7690,1.0,0,0,3,7
20140806,2005,0,300000.0,4,2.5,1910,4862,2.0,0,0,3,7
20140805,2000,0,679900.0,3,2.5,2440,5750,2.0,0,2,3,9
20140605,1992,0,463000.0,3,2.5,1640,29970,2.0,0,0,3,7
20140828,1978,0,380000.0,5,2.5,2760,11340,2.0,0,0,4,9
20141210,1994,0,329500.0,4,2.5,1820,7912,2.0,0,0,3,7
20140819,2013,0,604950.0,3,2.5,2110,5608,1.0,0,0,3,8
20150130,1994,0,465000.0,3,2.0,1840,40438,2.0,0,0,3,7
20150326,2002,0,673000.0,4,2.5,2990,10400,2.0,0,0,3,9
20141001,1991,0,810000.0,4,2.5,3520,15420,2.0,0,0,3,10
20150423,1989,0,785000.0,4,2.75,2440,69415,1.0,0,0,4,8
20141120,1986,0,338000.0,4,3.0,2090,7500,1.0,0,0,3,7
20141204,1993,0,280000.0,3,2.25,1430,7222,2.0,0,0,3,7
20141223,2004,0,380000.0,5,3.0,3450,9914,2.0,0,0,3,9
20140811,1994,0,297000.0,3,2.25,1450,7562,2.0,0,0,3,7
20140520,2004,0,730000.0,4,2.5,3230,7331,2.0,0,0,3,10
20141027,1997,0,275000.0,3,3.0,1590,7750,1.0,0,0,3,7
20140805,1986,0,950000.0,3,3.0,4040,14338,2.0,0,0,3,10
20150313,2001,0,389000.0,4,2.25,2130,5337,2.0,0,0,3,7
20140728,1998,0,1350000.0,5,3.5,4800,14984,2.0,0,2,3,11
20140625,1983,0,365500.0,3,2.0,1410,9600,1.0,0,0,4,7
20140515,1979,0,252350.0,3,2.0,1650,7352,1.0,0,0,3,7
20140905,1993,0,403950.0,4,2.5,2120,13780,2.0,0,0,3,8
20140917,1979,0,490000.0,3,2.75,1980,3128,2.0,0,0,4,9
20140618,2005,0,330000.0,3,2.5,1600,26977,2.0,0,0,3,8
20140728,1983,0,1118000.0,4,2.5,3840,16619,2.0,0,1,4,10
20150306,2008,0,557000.0,3,3.5,1710,2096,2.0,0,0,3,8
20140825,1974,0,360000.0,4,1.75,3730,16980,1.0,0,0,4,7
20150224,1994,0,437000.0,3,2.5,1750,22357,2.0,0,0,3,8
20140618,1994,0,322500.0,4,2.5,1820,6753,2.0,0,0,3,7
20140912,2001,0,650000.0,3,3.25,1510,2000,2.0,0,0,3,9
20140806,2001,0,450000.0,3,2.0,1290,1213,3.0,0,0,3,8
20150417,1998,0,278500.0,3,2.0,1570,5250,1.0,0,0,3,7
20150427,1995,0,364950.0,4,2.5,1930,6957,2.0,0,0,3,8
20140911,1986,0,840000.0,4,3.5,2840,40139,1.0,0,4,4,10
20150318,1991,0,268000.0,3,2.5,1550,8134,2.0,0,0,3,7
20140716,2006,0,517534.0,2,1.0,833,143947,1.0,0,0,3,5
20141104,1978,0,632925.0,3,2.5,2990,32239,2.0,0,0,4,8
20140723,1995,0,577500.0,3,2.5,2000,7251,2.0,0,0,3,9
20141223,2012,0,355000.0,3,2.25,1860,5028,2.0,0,0,3,8
20140710,1999,0,1550000.0,5,4.25,6070,171626,2.0,0,0,3,12
20141219,1988,0,538000.0,3,2.5,2250,11632,2.0,0,0,3,8
20150107,1985,0,380000.0,3,2.5,2280,10255,2.0,0,0,4,8
20150403,1996,0,245000.0,3,2.5,1530,8500,1.0,0,0,5,7
20150225,1976,0,1300000.0,3,2.0,2350,15021,1.0,0,0,4,8
20140506,1971,0,397000.0,4,2.0,1440,7680,1.0,0,0,3,7
20150512,2005,0,365000.0,3,2.5,2200,4052,2.0,0,0,3,8
20141028,1990,0,328500.0,4,3.0,2290,8250,2.0,0,0,3,9
20140908,1987,0,988000.0,4,3.0,4040,19700,2.0,0,0,3,11
20140903,2005,0,237000.0,3,2.5,1490,2138,2.0,0,0,3,7
20140919,2003,0,525000.0,4,2.5,2450,5280,2.0,0,0,3,8
20140916,1976,2014,749000.0,4,2.5,1710,9627,1.0,0,0,3,9
20140821,1983,0,722500.0,5,2.5,4870,11800,2.0,0,0,3,10
20150312,1991,0,843000.0,3,2.5,3130,8750,2.0,0,0,3,10
20140708,2000,0,438000.0,2,2.0,1270,1372,3.0,0,0,3,8
20140916,1977,0,578000.0,3,1.75,2120,10875,1.0,0,2,3,8
20140722,1974,0,196000.0,3,2.25,2070,11576,2.0,0,0,3,7
20150422,1980,0,350000.0,3,1.5,1250,219978,1.0,0,0,4,6
20141110,2005,0,1030000.0,3,2.5,3545,9816,1.0,0,0,3,10
20150319,1972,0,505000.0,3,2.0,1260,5460,1.0,0,0,3,7
20141009,1975,0,475000.0,5,2.5,2340,7200,1.0,0,0,3,7
20141105,1977,0,520000.0,3,2.25,2590,9263,1.0,0,0,5,8
20150502,1977,1999,1450000.0,3,4.5,3970,24920,2.0,0,2,3,10
20150222,1976,0,232000.0,3,1.0,1400,10403,1.0,0,0,4,6
20150421,1983,0,691100.0,3,2.75,2360,16117,1.0,0,0,4,8
20140520,2001,0,551000.0,3,2.5,2830,5802,2.0,0,0,3,9
20150108,1994,0,496500.0,3,2.5,2260,3640,2.0,0,0,3,8
20141126,1980,0,705000.0,3,3.0,1970,20978,2.0,1,3,4,9
20150128,1986,0,255000.0,3,1.75,1240,8659,1.0,0,0,5,7
20140626,2007,0,1050000.0,4,3.5,3450,7832,2.0,0,0,3,10
20150305,1989,0,348000.0,3,2.25,2570,8491,2.0,0,0,4,8
20141104,1985,0,230000.0,3,2.0,1510,3413,2.0,0,0,3,7
20141209,1988,0,359500.0,4,2.25,2390,11250,2.0,0,0,3,9
20141015,1997,0,325000.0,4,2.5,1850,7324,2.0,0,0,3,8
20150106,1993,0,342500.0,3,2.5,1810,5192,2.0,0,0,3,8
20150213,2000,0,868700.0,3,4.25,3840,6161,2.0,0,0,3,10
20141014,2000,0,1150000.0,4,3.25,4190,10259,2.0,0,0,3,11
20140811,2011,0,859900.0,4,2.75,3390,6298,2.0,0,0,3,9
20140808,2003,0,520000.0,4,2.25,1890,3006,2.0,0,0,3,7
20140711,2005,0,460000.0,3,2.5,1610,2527,2.0,0,2,3,9
20140718,1975,0,590000.0,4,2.75,2910,10650,1.0,0,2,3,8
20140603,1990,0,328500.0,3,2.5,1950,8130,2.0,0,0,4,9
20150325,1973,0,849950.0,3,3.0,2990,9773,2.0,0,0,4,8
20150410,1993,0,1385000.0,4,3.25,4860,181319,2.5,0,0,3,9
20150428,1978,0,295000.0,4,2.5,2160,7725,1.0,0,0,4,8
20140711,1998,0,1067000.0,6,3.5,4860,11793,2.0,0,0,3,11
20141216,2002,0,699900.0,4,2.75,2810,7302,2.0,0,0,3,9
20150210,1977,0,1280000.0,5,2.5,3400,9500,2.0,0,1,4,8
20150205,1987,0,370000.0,3,2.0,1680,5036,1.0,0,1,4,7
20140614,1972,0,397500.0,3,2.0,1510,6710,1.0,0,0,3,7
20140512,2004,0,490000.0,2,2.5,1230,1391,2.0,0,0,3,8
20141106,2000,0,437500.0,3,2.5,2120,4500,2.0,0,0,3,7
20150510,2003,0,650000.0,4,2.5,3180,5438,2.0,0,0,3,9
20141015,1999,0,1197350.0,4,2.5,2770,7800,2.0,0,0,3,10
20140521,1993,0,240000.0,2,1.75,1330,7200,1.0,0,0,3,7
20140612,2006,0,1485000.0,4,3.75,4030,10800,2.0,0,0,3,10
20150505,1981,0,585000.0,4,1.75,2430,7559,1.0,0,0,4,8
20150305,2005,0,480000.0,4,2.5,2600,7787,2.0,0,0,3,8
20140721,1990,0,1095000.0,5,3.5,4410,57063,2.0,0,0,4,9
20150507,2001,0,750000.0,3,2.5,2400,7745,2.0,0,0,3,9
20140805,2005,0,890000.0,4,3.25,3180,194278,2.0,0,0,3,10
20150326,2005,0,515000.0,5,3.0,2530,5105,1.0,0,0,3,8
20140620,2003,0,650000.0,4,2.5,3040,6587,2.0,0,0,3,7
20140618,2001,0,1600000.0,6,5.0,6050,230652,2.0,0,3,3,11
20141008,1984,0,662000.0,3,1.75,2500,36947,1.0,0,0,3,9
20150429,1978,0,270500.0,3,2.5,1780,7848,1.0,0,0,3,7
20150505,1978,0,200000.0,2,1.5,1360,1898,2.0,0,0,3,7
20150224,1987,0,970000.0,4,3.25,4740,76230,2.0,0,0,3,10
20150218,1971,0,204000.0,3,1.0,1040,7405,1.0,0,0,4,6
20150218,1985,0,358000.0,3,2.25,1610,6655,2.0,0,0,4,7
20150501,1979,0,452000.0,4,1.75,1570,8268,1.0,0,0,3,7
20150410,1994,0,249000.0,3,2.0,1360,6082,1.0,0,0,3,7
20150310,1999,0,346900.0,4,2.5,1970,5106,2.0,0,0,3,8
20150218,1976,0,2125000.0,3,2.5,5403,24069,2.0,1,4,4,12
20141030,2003,0,280000.0,4,2.5,1560,4350,2.0,0,0,3,7
20141013,1973,0,318888.0,4,1.75,2320,12000,1.0,0,0,4,8
20141121,1983,0,375000.0,3,2.25,2120,18500,2.0,0,0,4,8
20150422,1988,0,910000.0,4,2.5,3350,29242,2.0,0,0,3,11
20140523,1991,0,782000.0,4,2.5,2380,9614,2.0,0,0,4,10
20150319,2008,0,259950.0,2,2.0,1070,649,2.0,0,0,3,9
20140923,1979,0,315000.0,4,2.75,2300,18360,1.0,0,0,4,7
20140722,1999,0,725000.0,4,2.5,2990,29170,2.0,0,3,3,9
20150427,1973,0,750000.0,6,1.75,2750,9563,2.0,0,0,4,8
20141027,1998,0,331500.0,4,2.5,2050,10271,2.0,0,0,3,7
20141028,1978,0,460000.0,4,3.0,2230,108900,1.0,0,0,3,7
20140707,1982,0,404950.0,4,2.25,2340,217014,1.0,0,0,4,8
20141217,2014,0,880000.0,3,2.5,2870,5163,2.0,0,0,3,9
20140613,1997,0,863000.0,4,2.5,4120,22370,2.0,0,0,3,10
20140728,2008,0,435000.0,3,2.5,1840,5680,2.0,0,0,3,7
20140718,2003,0,338900.0,4,2.5,1830,5612,2.0,0,0,3,7
20150123,2004,0,720000.0,4,4.0,3200,7708,2.0,0,0,3,10
20150102,1981,0,263500.0,3,1.75,1330,9917,1.0,0,0,3,7
20141209,2009,0,266000.0,3,2.5,1805,3402,2.0,0,0,3,7
20141211,2009,0,930000.0,4,4.0,6050,84942,2.5,0,2,3,9
20150127,2004,0,530000.0,4,2.5,2320,5493,2.0,0,0,3,8
20140516,2005,0,619000.0,3,2.5,2720,6439,2.0,0,0,3,9
20141022,1975,0,439000.0,4,2.25,2060,10070,2.0,0,0,3,7
20141117,1981,0,268500.0,4,1.75,1420,7500,1.0,0,0,4,7
20140715,1985,0,330000.0,3,1.75,1510,15744,1.0,0,0,3,7
20140708,1978,0,900000.0,3,2.5,3180,12600,2.0,0,0,4,11
20140930,1985,0,370000.0,3,2.25,2110,13300,2.0,0,0,4,8
20140904,1981,0,505000.0,3,1.5,1830,217800,1.0,0,0,3,7
20150324,2006,0,290000.0,3,2.5,1610,2937,2.0,0,0,3,8
20140902,2006,0,296000.0,4,2.5,1780,3600,2.0,0,0,3,7
20150213,1996,0,360000.0,4,2.5,1840,9611,2.0,0,0,3,7
20140604,1997,0,240500.0,3,1.75,1460,10584,1.0,0,0,3,7
20140722,2007,0,372500.0,2,2.5,1400,2958,2.0,0,0,3,8
20141002,2004,0,595000.0,3,2.5,3370,14402,2.0,0,2,3,9
20141017,1997,0,515000.0,4,3.0,3590,8249,2.0,0,0,3,9
20141009,2004,0,507000.0,2,1.75,1670,6460,1.0,0,0,3,8
20150204,1984,0,399950.0,4,2.0,2420,31465,1.0,0,0,3,9
20140820,1994,0,185000.0,3,1.75,1430,10816,2.0,0,0,3,7
20140825,1980,0,460000.0,3,1.75,1440,7070,1.0,0,0,3,7
20150224,1985,0,435500.0,3,2.25,1450,4789,2.0,0,0,3,7
20140505,2000,0,531000.0,2,3.0,1270,1175,2.0,0,0,3,8
20141126,1990,0,223000.0,3,2.0,1670,6824,1.0,0,0,3,7
20150417,1996,0,590000.0,4,3.5,3100,15842,2.0,0,0,3,8
20141209,1997,0,340000.0,2,2.5,1100,1760,3.0,0,0,3,7
20140925,1990,0,533600.0,3,2.5,1930,5080,2.0,0,0,4,8
20140610,2005,0,695000.0,3,2.75,2540,4694,2.0,0,0,3,9
20140617,1988,0,242000.0,3,1.75,1280,7524,1.5,0,0,4,7
20150506,1981,0,525000.0,3,2.25,1490,9414,2.0,0,0,3,7
20140922,1988,0,485000.0,3,2.5,1880,5502,2.0,0,0,3,8
20150113,1971,0,175000.0,3,1.0,1250,9775,1.0,0,0,3,7
20140619,1983,0,210000.0,3,2.0,1440,7210,1.0,0,0,3,8
20150415,1989,0,260000.0,3,2.5,1920,7415,2.0,0,0,3,7
20140623,1976,0,577000.0,3,2.5,2060,5750,1.0,0,0,3,7
20140808,2014,0,559950.0,3,2.5,1660,1458,3.0,0,0,3,9
20140522,1983,0,480000.0,4,2.25,3250,34293,2.0,0,0,4,9
20140523,1982,0,218000.0,3,1.0,960,9633,1.0,0,0,5,6
20140624,1977,0,415000.0,3,1.75,1070,8000,1.0,0,0,3,7
20140701,1993,0,314500.0,3,2.0,2050,13303,1.0,0,0,3,8
20140728,1982,0,305000.0,4,2.5,2250,9091,1.0,0,0,3,7
20150320,1978,0,595000.0,5,2.75,3740,6750,1.0,0,0,4,8
20150512,2015,0,729500.0,3,2.5,1660,1091,3.0,0,1,3,9
20140930,2003,0,430000.0,3,2.5,2360,6699,2.0,0,0,3,7
20150409,1987,0,240000.0,3,1.75,1760,6500,1.0,0,0,3,7
20141124,1976,0,521000.0,4,1.75,2020,36400,1.0,0,0,4,8
20140723,1999,0,337000.0,3,2.5,1470,3976,2.0,0,0,3,7
20150422,1991,0,1000000.0,3,2.5,3180,10492,2.0,0,2,3,10
20150102,2001,0,748000.0,4,3.5,2770,3330,2.0,0,0,3,8
20150324,1986,0,269900.0,3,1.75,1140,22267,1.0,0,0,3,7
20140527,2004,0,312000.0,3,1.5,1255,1374,3.0,0,0,3,7
20141124,1976,0,323000.0,3,1.0,1290,12231,1.0,0,0,3,7
20141124,1986,0,331000.0,3,1.75,1300,9079,1.0,0,0,3,7
20140514,2007,0,306000.0,3,1.5,1220,1086,3.0,0,0,3,8
20140930,2002,0,655000.0,4,2.5,2630,4000,3.0,0,0,3,8
20150316,1978,0,664000.0,4,2.75,2510,11880,1.0,0,0,5,8
20140718,1975,0,497000.0,3,2.25,1870,9315,1.0,0,0,3,7
20140731,2001,0,1145000.0,4,3.5,4370,18361,2.0,0,0,3,11
20140815,1981,0,222000.0,3,2.0,1440,7187,1.0,0,0,4,7
20140528,1984,0,799000.0,4,3.0,2580,209523,2.0,0,0,3,8
20140609,2006,0,609900.0,4,2.5,3190,7399,2.0,0,0,3,10
20141016,1995,0,413000.0,4,3.5,2380,5809,2.0,0,0,4,7
20150105,2014,0,802541.0,5,2.75,2990,6768,2.0,0,0,3,9
20140519,1990,0,320000.0,3,2.5,2680,7757,2.0,0,0,3,8
20150311,2006,0,507000.0,4,2.5,2730,7649,2.0,0,0,3,7
20140721,1983,0,359900.0,4,2.25,2470,7698,2.0,0,0,3,8
20140712,1992,0,690000.0,4,2.5,2900,23488,2.0,0,0,3,9
20140625,1985,0,245000.0,3,2.0,1410,5760,1.0,0,0,3,7
20141229,1979,0,700000.0,5,2.5,2830,25958,1.0,0,1,5,8
20140922,1977,0,268000.0,4,1.75,1680,9966,1.0,0,0,3,7
20140610,1979,0,225000.0,3,1.75,1760,26055,1.0,0,0,3,7
20141009,1976,0,980000.0,4,2.25,2240,11034,2.0,0,0,3,8
20150413,1984,0,440000.0,3,1.75,1530,7245,1.0,0,0,4,7
20140701,1989,0,530000.0,3,2.5,3660,39478,2.0,0,2,4,9
20140625,1993,0,390000.0,4,2.5,2340,8548,2.0,0,0,3,8
20140908,1981,0,243000.0,3,1.75,1450,12125,1.0,0,0,4,7
20140722,1990,0,639000.0,4,2.5,2210,9875,2.0,0,0,3,9
20150414,1994,0,267000.0,3,2.0,1300,9644,1.0,0,0,3,7
20140808,2002,0,289950.0,3,2.5,1670,6186,2.0,0,0,3,7
20140808,1988,0,1578000.0,4,3.25,4670,51836,2.0,0,0,4,12
20150420,2007,0,636000.0,3,2.5,2140,2770,2.0,0,0,3,8
20140918,2004,0,350000.0,5,3.0,2520,5500,1.0,0,0,3,8
20140604,1978,0,320000.0,3,1.5,1650,9380,1.0,0,0,5,7
20140613,1978,0,210000.0,2,1.75,1440,5680,1.0,0,0,4,8
20141106,1983,0,328000.0,3,1.75,1470,7650,1.0,0,0,3,7
20140509,1989,0,985000.0,4,2.25,4230,37769,2.0,0,0,3,11
20140612,1976,0,501000.0,3,1.75,1970,7972,1.0,0,3,5,8
20140917,1992,0,315000.0,3,2.25,1540,17424,2.0,0,0,3,7
20140508,2012,0,403000.0,3,2.75,2090,8354,2.0,0,0,3,8
20150113,2012,0,347500.0,4,2.5,2156,3562,2.0,0,0,3,9
20141006,1986,0,365000.0,4,2.25,2070,8893,2.0,0,0,4,8
20140820,1977,0,605000.0,3,1.75,1920,7400,1.0,0,0,4,8
20141119,1974,0,233000.0,3,2.0,1400,9177,1.0,0,0,3,7
20140728,1997,0,360000.0,4,2.5,2210,17715,2.0,0,0,3,8
20141107,1995,0,740000.0,3,2.0,2100,72745,1.0,0,0,4,9
20150123,2000,0,560000.0,4,2.5,2940,6000,2.0,0,0,3,8
20140605,2003,0,449950.0,3,2.5,2170,4912,2.0,0,0,3,7
20140828,2010,0,699800.0,2,2.5,2380,6600,1.0,0,0,3,8
20140902,1979,0,316500.0,3,1.75,1600,14250,1.0,0,0,3,7
20140715,1981,0,942500.0,5,3.5,3750,9612,1.0,0,2,4,9
20150121,1991,0,1310000.0,2,2.25,3950,3938,2.0,0,4,3,10
20140529,1996,0,565000.0,4,2.5,2440,22594,2.0,0,0,3,8
20140911,2008,0,400000.0,3,2.25,1190,1149,2.0,0,0,3,8
20150324,1997,0,330000.0,3,2.0,1400,218252,1.0,0,0,3,7
20150227,2005,0,374950.0,4,2.75,2730,4683,2.0,0,0,3,7
20141217,1983,0,405300.0,3,2.75,2390,7939,1.0,0,0,5,7
20141104,1984,0,560000.0,3,2.25,2060,31400,2.0,0,0,3,8
20140716,1984,0,260000.0,3,1.75,1100,10968,1.0,0,0,5,7
20140624,1995,0,405000.0,3,2.5,3170,12750,2.0,0,0,3,10
20140619,1987,0,429900.0,4,2.5,2640,8625,2.0,0,0,3,8
20140615,2002,0,269950.0,3,2.5,1890,4838,2.0,0,0,3,8
20140515,1998,0,370000.0,4,2.5,2710,5880,2.0,0,0,3,9
20141118,2009,0,320000.0,3,1.5,1240,1221,2.0,0,0,3,8
20141120,1984,0,460000.0,4,2.0,2090,40419,1.0,0,0,4,7
20140516,1990,0,408200.0,3,2.5,1800,5761,2.0,0,0,4,7
20140611,1980,0,522000.0,3,1.75,1730,8400,1.0,0,0,4,7
20140623,1982,0,675000.0,4,2.5,2810,11120,2.0,0,0,3,9
20140709,1999,0,1355000.0,4,3.5,3550,11000,1.0,0,2,3,11
20141006,1993,0,737500.0,4,2.5,3200,36276,2.0,0,0,3,9
20141020,1999,0,470000.0,3,2.5,2100,4700,2.0,0,0,3,8
20150224,1993,0,1100000.0,4,3.5,4270,40097,1.0,0,0,4,12
20150115,1987,0,422120.0,3,2.5,1630,4534,2.0,0,0,3,8
20150107,2007,0,625000.0,5,2.5,2990,15085,2.0,0,0,3,9
20150414,1989,0,500000.0,3,2.25,1690,4964,2.0,0,0,3,8
20141118,1989,0,308000.0,4,2.25,1960,12243,2.0,0,0,3,8
20140605,1977,0,565000.0,3,2.75,2390,9966,1.0,0,0,5,8
20140908,2004,0,581000.0,3,2.5,2600,4438,2.0,0,0,3,7
20140806,1999,0,361000.0,3,2.0,1950,8698,1.0,0,0,3,8
20141016,2008,0,419000.0,2,2.25,1180,1253,2.0,0,0,3,8
20150512,2004,0,347000.0,3,2.5,1680,4308,2.0,0,0,3,7
20141022,1989,0,625000.0,4,2.25,2220,36085,2.0,0,0,3,9
20150325,1999,0,2400000.0,4,4.25,4890,15188,2.0,0,2,3,11
20141223,2014,0,379000.0,3,3.25,2660,17852,2.5,0,0,3,8
20141222,1988,0,310000.0,3,1.5,1150,3323,2.0,0,0,3,7
20140814,2005,0,682000.0,5,2.75,2760,5000,2.0,0,0,3,9
20140721,1992,0,246500.0,3,2.0,1430,8919,1.0,0,0,3,7
20140806,2004,0,310950.0,4,2.5,2030,4997,2.0,0,0,3,8
20150319,1983,0,659000.0,4,2.25,2610,24931,2.0,0,0,3,8
20140626,1987,0,350000.0,3,2.25,1780,16290,2.0,0,0,4,8
20140606,1975,0,270000.0,4,2.25,1900,8600,1.0,0,0,4,8
20150317,1977,0,324500.0,3,1.75,1920,11340,1.0,0,0,4,7
20140718,2004,0,430000.0,2,1.75,1350,4003,1.0,0,0,3,8
20150513,2004,0,419950.0,2,1.75,1350,4003,1.0,0,0,3,8
20150107,2002,0,332000.0,4,2.5,2470,7780,2.0,0,0,3,8
20141118,1987,0,320000.0,3,1.0,1340,5175,1.0,0,0,3,7
20150114,1977,0,330000.0,3,2.25,2300,35287,2.0,0,0,3,8
20141209,2008,0,456500.0,4,3.5,2000,2309,3.0,0,0,3,8
20140509,1972,0,352000.0,3,2.25,1640,11050,1.0,0,0,4,8
20140722,1987,0,628000.0,3,1.75,4000,11894,1.0,0,0,3,9
20150304,1977,0,512000.0,3,1.75,1610,12555,1.0,0,0,3,7
20140521,1994,0,535800.0,4,2.5,1900,5790,2.0,0,0,3,8
20140731,2006,0,438000.0,3,2.5,1520,1304,2.0,0,0,3,8
20140627,1998,0,327000.0,5,2.75,2400,8050,2.0,0,0,3,8
20140812,2005,0,370500.0,4,2.5,1790,6120,2.0,0,0,3,7
20141022,1993,0,265000.0,3,2.5,1720,6271,2.0,0,0,3,7
20150310,1979,0,450000.0,4,2.75,2980,13260,1.0,0,0,4,8
20140627,1988,0,425000.0,3,1.0,1520,213444,1.5,0,3,5,8
20141113,1977,0,166600.0,3,1.75,1150,8690,1.0,0,0,4,7
20140811,1976,0,539900.0,3,1.75,1650,10150,1.0,0,0,3,8
20150303,2010,0,910000.0,3,3.5,2480,3200,2.0,0,0,3,10
20141104,1990,0,280000.0,4,2.5,2050,7416,2.0,0,0,3,8
20150313,1989,0,275000.0,3,2.25,1420,8549,2.0,0,0,4,7
20150427,2001,0,467000.0,3,2.5,3460,6590,2.0,0,0,3,7
20140731,1996,0,457500.0,3,2.5,1500,4445,2.0,0,0,3,8
20150423,1977,0,289999.0,5,2.5,2180,8240,1.0,0,0,4,8
20150305,1975,0,795000.0,3,2.0,2920,13650,1.0,0,2,5,8
20150211,1984,0,785000.0,4,2.5,3300,10514,2.0,0,0,3,10
20140530,1983,0,860000.0,3,2.25,3060,12095,2.0,0,0,3,10
20140612,1990,0,1095000.0,0,0.0,3064,4764,3.5,0,2,3,7
20141125,1978,0,390000.0,3,2.0,1910,11576,1.0,0,0,3,7
20140715,2005,0,466000.0,2,1.5,1140,1058,3.0,0,0,3,7
20140825,1976,0,374000.0,3,1.5,1330,10640,1.0,0,0,3,7
20140716,1994,0,480000.0,3,2.5,1940,10035,2.0,0,0,4,8
20140610,1995,0,740000.0,3,2.5,3000,25341,2.0,0,0,3,9
20140530,2002,0,395000.0,4,2.5,2910,5000,2.0,0,0,3,8
20140811,2003,0,209000.0,3,2.0,1230,1340,2.0,0,0,3,7
20140508,1971,0,980000.0,5,2.5,3160,11470,1.0,0,0,4,9
20140805,1993,0,660000.0,3,2.5,2680,28243,2.0,0,0,3,9
20150311,1977,0,730000.0,4,2.25,2190,9009,2.0,0,0,4,8
20150414,1988,0,291500.0,3,1.75,1260,9600,1.0,0,0,4,7
20140620,1997,0,905000.0,4,3.5,2970,14486,2.0,0,0,3,9
20140811,1993,0,800000.0,4,2.5,2570,50308,1.5,0,0,3,10
20140509,2013,0,839900.0,4,3.5,3810,13592,1.0,0,1,3,9
20140714,2007,0,200000.0,1,1.5,1010,1157,2.0,0,0,3,8
20150218,1979,0,300000.0,3,2.0,1480,6698,1.0,0,0,4,7
20150326,1995,0,314950.0,3,2.25,1654,8479,2.0,0,0,3,7
20141010,1975,0,615000.0,4,2.25,2500,10062,1.0,0,0,3,8
20140910,1985,0,205000.0,3,2.0,1410,8384,1.0,0,0,3,7
20140522,1994,0,324000.0,3,2.5,1750,7208,2.0,0,0,3,8
20141023,2007,0,570000.0,3,3.25,1570,1777,2.0,0,0,3,8
20141210,1999,0,324000.0,3,2.5,1920,5322,2.0,0,0,3,8
20150120,1990,0,342000.0,3,1.75,1660,16275,2.0,0,0,3,7
20140623,1972,0,800000.0,3,2.25,2380,11824,1.0,0,0,4,9
20140520,1983,0,288400.0,4,2.5,1860,6687,1.0,0,0,4,7
20150514,2009,0,359000.0,2,2.75,1370,1140,2.0,0,0,3,8
20140808,1988,0,390000.0,4,3.0,2570,262018,1.0,0,0,3,7
20140902,2005,0,300000.0,3,2.5,1320,2614,2.0,0,0,3,7
20150305,1981,0,545000.0,5,2.5,2520,7863,1.0,0,0,3,7
20150408,1972,0,288349.0,3,1.0,1250,18616,1.0,0,0,4,6
20150205,1985,0,299900.0,3,2.25,1560,35026,1.0,0,0,3,7
20150205,2004,0,378000.0,4,2.5,2790,4650,2.0,0,0,3,8
20141007,1994,0,253000.0,3,2.5,2020,6564,1.0,0,0,3,7
20150120,1979,0,350000.0,3,2.25,1580,47916,1.0,0,0,3,7
20140811,2005,0,971000.0,5,3.5,4390,10140,2.0,0,0,3,9
20150209,1977,0,260000.0,4,1.75,1810,7480,1.0,0,0,3,7
20150408,1990,0,1321500.0,3,3.0,2230,12968,2.0,0,0,3,9
20150306,1977,0,369950.0,3,1.0,2430,10720,1.0,0,0,3,7
20141015,1994,0,1029900.0,3,2.5,3680,13384,2.0,0,0,3,10
20140521,2000,0,720000.0,3,2.5,2020,1159,3.0,0,3,3,8
20150421,1996,0,851000.0,4,2.5,3130,13202,2.0,0,0,3,10
20150413,1982,0,385000.0,3,2.0,1010,7380,1.0,0,0,3,7
20140528,1993,0,630000.0,4,2.5,2740,43101,2.0,0,0,3,9
20140515,1986,0,582800.0,4,2.75,2550,7636,1.0,0,0,3,8
20140623,1983,0,440000.0,3,1.75,1560,7207,1.0,0,0,3,7
20140825,1974,0,752500.0,4,2.25,2360,8616,2.0,0,0,4,8
20140724,1999,0,524250.0,3,2.5,1710,3469,2.0,0,0,3,8
20140509,1996,0,765000.0,4,2.75,2790,10819,2.0,0,0,3,10
20140806,2001,0,648000.0,4,2.5,2620,5450,2.0,0,0,3,9
20150324,1975,0,237500.0,3,1.75,1050,7854,1.0,0,0,4,7
20150311,1977,0,280000.0,3,2.25,1900,7800,1.0,0,0,4,8
20150310,2010,0,420000.0,2,2.75,1760,4139,2.0,0,0,3,8
20140529,2003,0,535000.0,3,2.5,1360,1016,3.0,0,0,3,7
20141001,1992,0,283000.0,4,2.75,2130,8560,1.0,0,0,3,7
20150225,1987,0,484950.0,3,2.25,1670,5004,2.0,0,0,3,8
20150505,1988,0,253000.0,3,2.0,1490,7651,1.0,0,0,3,7
20140821,1991,0,291000.0,4,2.5,1860,6325,2.0,0,0,4,7
20150415,1981,0,189950.0,2,1.0,1030,4188,1.0,0,0,3,8
20140924,1988,0,289000.0,3,2.0,1850,9550,1.0,0,0,3,8
20140508,1977,0,258000.0,4,1.75,1730,8320,1.0,0,0,3,7
20140614,2005,0,530000.0,3,2.5,1930,7214,2.0,0,0,3,8
20141218,2012,0,245000.0,3,2.25,1422,3677,2.0,0,0,3,7
20141119,2001,0,515000.0,3,2.5,2430,4203,2.0,0,0,3,8
20140617,1987,0,325000.0,4,2.5,2610,7091,2.0,0,0,3,9
20150402,1996,0,540000.0,3,2.25,2000,217800,2.0,0,0,3,8
20141212,1981,0,475000.0,3,1.75,2020,8970,1.0,0,0,4,7
20140725,1980,0,164808.0,3,1.0,1250,5411,1.0,0,0,3,7
20150126,1977,0,520000.0,4,2.25,1870,7700,2.0,0,0,3,7
20140618,1977,0,475000.0,3,1.75,1700,8432,1.0,0,0,3,8
20150331,2000,0,321500.0,4,2.5,1930,6228,2.0,0,0,3,8
20140729,1993,0,840000.0,4,2.75,3130,21810,2.0,0,0,4,10
20150414,1992,0,287000.0,3,2.25,1370,6000,2.0,0,0,4,7
20140610,1992,0,315000.0,4,2.5,1930,9643,2.0,0,0,4,7
20140515,1990,0,245000.0,3,1.75,1490,6930,1.0,0,0,4,7
20150417,2008,0,2450000.0,4,4.25,4250,6552,2.0,0,3,4,10
20150429,2003,0,554000.0,2,2.0,1920,6045,1.0,0,0,3,8
20140820,1981,0,768000.0,3,2.5,3220,54160,2.0,0,2,4,9
20150413,1995,0,415000.0,3,1.75,1480,2200,2.0,0,0,3,7
20150220,2003,0,380000.0,4,2.5,2000,6921,2.0,0,0,3,8
20150226,1999,0,566000.0,3,2.5,1560,5259,2.0,0,0,3,8
20140502,1976,0,550000.0,4,2.5,1940,10500,1.0,0,0,4,7
20140715,1977,0,470000.0,3,2.25,1780,8784,1.0,0,0,3,7
20150313,1981,0,590000.0,3,1.75,1560,242629,1.0,0,0,3,7
20150318,1977,0,465000.0,4,2.25,2210,8862,1.0,0,0,4,8
20140825,1972,2000,515000.0,3,2.25,1920,11500,1.0,0,0,3,8
20141022,1994,0,850000.0,4,3.25,3450,6500,2.0,0,0,3,8
20140522,1983,0,1050000.0,4,3.25,3440,35021,2.0,0,0,3,10
20140609,1992,0,648000.0,4,2.5,2380,13435,2.0,0,0,3,10
20150202,2008,0,935000.0,4,4.5,5670,84267,2.0,0,2,3,11
20150426,1974,0,425000.0,3,1.75,1560,9452,1.0,0,0,4,8
20140716,2014,0,1035480.0,5,3.25,4475,6642,2.0,0,0,3,9
20140903,1988,0,318000.0,3,2.25,1410,8909,2.0,0,2,3,7
20140716,1990,0,515000.0,3,2.5,2360,11254,1.0,0,2,3,9
20140617,1994,0,837700.0,5,2.75,3010,12611,2.0,0,0,3,10
20150210,2003,0,448000.0,3,2.25,1530,3056,2.0,0,0,3,7
20141118,1976,0,430000.0,3,1.75,1810,7300,1.0,0,0,4,7
20150114,2002,0,435000.0,3,2.5,1560,3987,2.0,0,0,3,7
20141219,1973,0,241000.0,3,1.0,1010,9611,1.0,0,0,4,6
20150406,2001,0,285000.0,2,1.5,990,1380,3.0,0,0,3,7
20141110,2004,0,1570000.0,5,4.5,6070,14731,2.0,0,0,3,11
20140602,2011,0,285000.0,2,2.5,1380,1073,2.0,0,0,3,7
20150425,1987,0,817500.0,4,2.5,2910,35679,2.0,0,0,4,9
20140703,1995,0,1127000.0,4,2.5,3160,8281,2.0,0,0,4,9
20141230,2002,0,609850.0,2,2.75,1910,1369,3.0,0,0,3,9
20150306,2006,0,367000.0,4,2.5,2960,6219,2.0,0,0,3,9
20140825,1988,0,285167.0,3,2.25,2200,8375,2.0,0,0,3,8
20150324,1992,0,350900.0,4,2.5,2540,12843,2.0,0,0,3,9
20140620,1988,0,660000.0,4,3.25,3030,9273,2.0,0,0,5,8
20150206,1997,0,262000.0,4,2.5,1560,7800,2.0,0,0,3,7
20150324,2005,0,624000.0,5,3.75,3570,14648,2.0,0,0,3,9
20150311,2002,0,552500.0,4,3.5,3710,10400,2.0,0,0,3,8
20140509,1983,0,224500.0,4,1.0,1430,8355,1.5,0,0,4,7
20140711,2004,0,975000.0,5,4.5,4300,12250,2.0,0,0,3,10
20140625,2006,0,1200000.0,4,1.75,3990,13470,2.0,0,0,3,11
20140730,1994,0,1278000.0,4,4.0,4390,17832,1.0,0,0,4,11
20150206,1985,0,303000.0,3,2.5,1560,4100,2.0,0,0,3,7
20150105,1977,0,420000.0,7,3.0,2940,8624,1.0,0,0,3,8
20150204,1987,0,225000.0,3,1.0,1020,8437,1.0,0,0,5,6
20140916,2004,0,219000.0,2,2.0,1310,2550,2.0,0,0,3,6
20141231,1989,0,605000.0,3,2.5,2570,9487,2.0,0,3,3,9
20140627,1994,0,687500.0,4,2.75,3190,10970,2.0,0,0,3,10
20141029,1994,0,510000.0,3,2.5,1860,3658,2.0,0,0,3,8
20140507,2003,0,510000.0,4,2.5,2430,5203,2.0,0,0,3,8
20150311,1977,0,425000.0,4,2.5,1930,14196,1.0,0,0,4,7
20150309,1994,0,298900.0,3,2.5,1830,6162,2.0,0,0,3,8
20150406,1987,0,699000.0,4,2.5,3230,40319,2.0,0,0,4,10
20140729,2003,0,305000.0,4,2.5,2230,5000,2.0,0,0,3,8
20141002,2003,0,315000.0,3,2.5,1570,2865,2.0,0,0,3,7
20140812,1977,0,267500.0,5,3.5,2390,6600,2.0,0,0,5,7
20140813,1987,0,435000.0,6,3.5,2400,8620,2.0,0,0,3,8
20141020,1999,0,5110800.0,5,5.25,8010,45517,2.0,1,4,3,12
20140729,1971,0,194000.0,3,1.0,1070,6440,1.0,0,0,4,7
20140507,2001,0,1150000.0,4,4.0,4460,103382,2.0,0,0,3,11
20140903,2008,0,605000.0,3,2.5,2010,3667,2.0,0,0,3,9
20150309,2004,0,359000.0,3,2.5,1450,3850,2.0,0,0,3,7
20140821,2002,0,505000.0,3,2.0,1500,2500,2.0,0,0,3,8
20140709,1990,0,565000.0,3,2.5,2500,7394,2.0,0,0,3,9
20150430,1990,0,328000.0,4,3.25,3380,7500,2.0,0,3,3,7
20140626,2006,0,826000.0,4,2.5,3060,7140,2.0,0,0,3,9
20140904,1977,0,535000.0,3,1.0,1330,40259,1.0,0,0,4,7
20140806,1991,0,925000.0,4,2.5,3300,101930,2.0,0,0,4,10
20140605,2001,0,875000.0,3,3.5,3250,6000,2.0,0,0,3,10
20140523,1976,0,902000.0,4,2.25,2530,9200,1.0,0,0,5,9
20140710,1980,0,545000.0,2,2.0,2930,14057,1.0,0,2,4,8
20150324,2002,0,334950.0,3,2.5,1620,2930,2.0,0,0,3,8
20141126,1990,0,357000.0,5,2.75,1540,4000,1.0,0,0,3,7
20140605,1980,0,630000.0,4,3.75,4610,40202,1.0,0,0,4,10
20140509,2003,0,254000.0,3,2.5,1850,4597,2.0,0,0,3,8
20141203,1973,0,525000.0,4,2.25,1580,7307,1.0,0,0,3,8
20140520,2008,0,479000.0,3,2.5,1260,889,3.0,0,0,3,8
20141212,2004,0,460000.0,4,2.5,4190,7504,2.0,0,0,3,7
20150406,2003,0,245000.0,3,2.5,1600,4271,2.0,0,0,3,7
20141125,1978,0,500000.0,4,2.0,2760,27631,2.0,0,0,4,8
20141113,1989,0,455000.0,3,2.5,2090,8653,2.0,0,0,3,8
20150408,1999,0,485500.0,4,2.5,2320,3974,2.0,0,0,3,7
20140717,1978,0,100000.0,2,1.0,770,17334,1.0,0,0,3,7
20140905,1982,0,307000.0,3,1.75,1410,16105,1.0,0,0,3,7
20141010,1994,0,475000.0,4,3.5,3660,14401,2.0,0,0,3,10
20150219,1972,0,330000.0,4,2.5,2180,7210,1.0,0,0,3,7
20140623,1998,0,320000.0,3,2.5,2280,7417,2.0,0,0,3,8
20140606,2013,0,735000.0,4,2.5,2820,6180,2.0,0,0,3,9
20150312,1972,0,365000.0,4,2.5,1570,9600,1.0,0,0,3,7
20141112,2002,0,457000.0,4,3.0,2800,7845,2.0,0,0,3,8
20141009,1989,0,349000.0,3,2.25,1640,7261,2.0,0,0,3,7
20141024,1979,0,360000.0,3,2.75,2030,6840,1.0,0,0,3,7
20150414,1998,0,350000.0,4,2.5,2530,10155,2.0,0,0,3,8
20141205,1984,0,270000.0,3,1.75,1800,7763,1.0,0,0,3,6
20150504,1974,0,645000.0,4,2.75,2340,6350,1.0,0,0,4,7
20141030,1999,0,685100.0,4,2.5,2790,5423,2.0,0,0,3,9
20140624,2005,0,880000.0,4,2.5,3030,3841,3.0,0,0,3,9
20150419,2008,0,410500.0,4,2.5,1980,5000,2.0,0,0,3,8
20141023,1996,0,780000.0,4,2.5,3690,13609,2.0,0,2,3,10
20140910,2001,0,1225000.0,5,4.5,3732,4426,2.5,0,0,3,10
20141113,2005,0,449000.0,2,1.75,1510,6852,1.0,0,0,3,8
20140516,1977,0,317000.0,3,2.0,1760,11410,1.0,0,0,5,7
20140808,1976,0,495000.0,5,2.75,2630,10165,1.0,0,0,4,8
20140808,1978,0,258000.0,3,1.75,2270,9000,1.0,0,0,4,8
20141117,1999,0,265000.0,3,2.75,1120,881,3.0,0,0,3,8
20150424,1978,0,321000.0,5,2.75,3030,7000,1.0,0,0,4,7
20141114,2000,0,295700.0,4,2.5,1720,5805,2.0,0,0,3,8
20140506,1985,0,609000.0,4,2.5,2150,37981,2.0,0,0,3,9
20140818,1986,0,530000.0,3,2.25,2010,11817,2.0,0,0,4,8
20141124,1986,0,390000.0,3,2.5,2500,21780,1.0,0,0,3,8
20141110,2004,0,467000.0,3,2.5,1690,6642,2.0,0,0,3,7
20140813,1980,0,484000.0,6,2.5,3300,13501,1.0,0,0,3,8
20141113,2003,0,340000.0,3,2.5,1240,1115,3.0,0,0,3,8
20141223,1994,0,302495.0,3,2.5,2200,7201,2.0,0,0,3,8
20140910,1993,0,441500.0,3,2.5,2420,9592,2.0,0,0,3,8
20140625,2004,0,2300000.0,4,3.25,4250,8570,2.0,0,0,3,9
20141217,1996,0,590000.0,3,2.5,2400,99752,1.0,0,0,3,9
20141103,2009,0,363000.0,2,2.0,920,1201,2.0,0,0,3,8
20140707,1977,0,747500.0,4,2.25,2350,18600,2.0,0,0,4,9
20140723,2003,0,750000.0,2,2.5,2630,7957,2.0,0,0,3,8
20140505,1982,2011,831000.0,4,3.0,2170,4000,2.0,0,0,4,9
20150424,2004,0,403000.0,3,2.5,1700,4125,2.0,0,0,3,7
20140808,2005,0,445000.0,3,2.5,2470,4565,2.0,0,0,3,7
20150209,2003,0,2260000.0,3,3.5,3110,14872,1.0,0,0,3,10
20140616,1977,0,371025.0,3,2.0,1530,8925,1.0,0,0,3,7
20140909,1972,0,270000.0,3,1.0,1240,14110,1.0,0,0,4,7
20150113,1981,0,320000.0,3,2.25,1580,6561,1.0,0,0,3,8
20141014,2006,0,325000.0,4,2.5,2963,5797,2.0,0,0,3,9
20140904,1984,0,350000.0,3,2.25,2470,10290,2.0,0,0,3,8
20140509,1984,0,255000.0,2,1.0,960,28717,1.0,0,0,4,6
20140703,2005,0,835000.0,4,4.25,4930,25714,2.0,0,0,3,12
20150501,2004,0,748000.0,3,2.5,2600,10183,1.0,0,0,3,8
20150324,1988,0,284000.0,3,1.75,1530,9600,1.0,0,0,3,7
20150218,1988,0,285000.0,4,3.0,1900,7194,2.0,0,0,4,7
20140916,2003,0,428000.0,2,2.0,1350,4225,1.0,0,0,3,8
20140926,1977,0,316000.0,3,1.0,1010,7838,1.0,0,0,4,6
20150505,2000,0,375000.0,3,2.5,2050,7205,2.0,0,0,3,8
20140523,1991,0,556000.0,5,2.5,3840,16905,2.0,0,0,3,11
20141030,1978,0,537250.0,4,2.5,2590,9530,1.0,0,0,4,8
20150409,2006,0,530000.0,4,2.5,2950,4836,2.0,0,0,3,7
20150413,1991,0,5300000.0,6,6.0,7390,24829,2.0,1,4,4,12
20150324,1996,0,595000.0,3,2.75,2150,31238,2.0,0,0,3,9
20150320,1980,0,234975.0,3,1.75,1650,8073,1.0,0,0,3,7
20140819,2005,0,600000.0,3,1.75,1620,1325,2.5,0,0,3,9
20150202,1986,0,455000.0,3,1.5,1380,6657,2.0,0,0,3,7
20140909,2000,0,620000.0,4,2.5,1840,220308,2.0,0,0,3,8
20140513,2009,0,625000.0,3,3.5,1810,1846,2.0,0,0,4,8
20150424,1977,0,788500.0,4,2.25,2510,133729,2.0,0,0,4,8
20140725,1974,0,567000.0,5,2.25,2100,6936,1.0,0,0,3,8
20150113,1987,0,515000.0,2,2.25,2690,15000,1.0,0,2,3,8
20150413,1999,0,567500.0,3,2.5,2080,4556,2.0,0,0,3,8
20141104,2006,0,825000.0,4,2.5,3370,5000,2.0,0,0,3,9
20150309,1987,0,435000.0,4,2.25,2730,7506,2.0,0,0,4,8
20140603,1993,0,960000.0,5,2.75,3040,10257,2.0,0,0,3,10
20140728,2008,0,464950.0,3,1.5,1200,890,2.0,0,0,3,8
20150116,2005,0,735000.0,4,3.5,3100,5600,2.0,0,0,3,9
20141008,1979,0,360000.0,3,2.0,1970,79714,1.0,0,0,3,7
20140624,1998,0,585000.0,3,2.5,2270,100545,2.0,0,0,3,8
20140814,1977,0,461000.0,3,2.25,1850,7923,1.0,0,0,4,7
20150227,1988,0,643000.0,4,2.5,2270,8391,2.0,0,0,3,8
20140929,1990,0,690000.0,4,2.5,2820,8307,2.0,0,0,3,9
20150413,1984,0,700000.0,3,2.25,2330,11424,2.0,0,0,4,8
20140714,1992,0,933399.0,3,2.5,3940,10360,2.0,0,0,3,9
20140524,1979,0,372000.0,4,1.75,1960,9300,1.0,0,0,5,7
20140905,2010,0,303700.0,3,2.5,1981,5700,2.0,0,0,3,8
20140724,1989,0,672000.0,4,2.5,2440,10049,2.0,0,0,4,9
20141223,1984,0,330000.0,4,2.25,2380,122038,2.0,0,0,4,8
20140708,2006,0,1131000.0,3,2.25,2790,13791,1.0,0,3,3,8
20140625,1987,0,505000.0,3,2.5,1860,8060,2.0,0,0,4,8
20140506,1975,0,234000.0,3,1.75,1490,8366,1.0,0,0,4,7
20140929,2005,0,503000.0,4,2.5,2470,5044,2.0,0,0,3,9
20140806,1979,0,606000.0,4,2.25,2390,8858,1.0,0,0,4,8
20140805,1984,0,719000.0,3,2.5,2120,9307,2.0,0,0,4,9
20140528,2007,0,267000.0,3,2.5,2495,4400,2.0,0,0,3,8
20140513,1993,0,651000.0,4,2.5,2740,7140,2.0,0,0,3,8
20141007,1999,0,519900.0,4,2.5,2403,6172,2.0,0,0,3,9
20140723,1984,0,545000.0,4,2.75,3410,35040,2.0,0,0,3,9
20140714,2003,0,1062500.0,4,4.0,5320,20041,2.0,0,0,3,11
20150331,2006,0,408000.0,2,2.0,1200,3900,1.0,0,0,3,8
20141204,2000,0,292000.0,4,2.5,2060,5950,2.0,0,0,3,8
20140507,1994,0,253000.0,3,1.75,1250,10122,1.0,0,0,3,7
20140604,1986,0,658588.0,3,2.25,2560,41346,2.0,0,0,3,10
20141009,1978,0,439000.0,4,2.25,2240,8300,2.0,0,0,3,8
20140806,1999,0,300000.0,3,2.5,1260,3855,2.0,0,0,3,8
20140812,1978,0,283500.0,4,2.25,2100,8050,2.0,0,0,3,8
20150319,1974,0,685000.0,3,1.75,2210,8955,1.0,0,1,3,8
20150421,1983,0,750000.0,3,2.5,2360,12987,2.0,0,0,3,8
20140917,2009,0,706000.0,4,2.5,2740,7571,2.0,0,0,3,9
20150219,1990,0,241000.0,3,2.0,1650,6000,1.0,0,0,3,7
20150415,1999,0,1700000.0,4,3.75,3190,17186,2.0,1,4,3,10
20140505,1996,0,780000.0,4,2.5,2730,10281,2.0,0,2,3,9
20141204,1993,0,350000.0,2,1.5,1320,73600,1.0,0,0,3,7
20150217,1999,0,470000.0,3,2.5,2620,4874,2.0,0,0,3,7
20150128,1985,0,914600.0,4,3.0,3180,80837,2.0,0,0,3,11
20140923,2005,0,354000.0,4,2.5,2900,4762,2.0,0,0,3,8
20140513,1976,0,480000.0,5,4.75,3830,35000,1.0,0,0,3,8
20140601,1974,0,459000.0,3,1.75,1620,7330,1.0,0,0,4,7
20140822,1974,0,491500.0,3,2.25,2230,13100,1.0,0,0,4,8
20140625,1989,0,1229000.0,4,3.5,3770,37034,2.0,0,0,3,10
20150318,2004,0,566000.0,3,2.5,2090,6294,2.0,0,0,3,9
20150413,2009,0,5350000.0,5,5.0,8000,23985,2.0,0,4,3,12
20150410,1986,0,352500.0,3,1.75,1860,7881,1.0,0,0,3,7
20140717,1978,0,500000.0,3,2.25,1760,11946,2.0,0,0,3,8
20150326,1995,0,382000.0,3,2.25,1800,4500,2.0,0,0,3,7
20141022,1989,0,755000.0,3,2.25,3020,13031,2.0,0,0,3,9
20140513,2007,0,757000.0,3,3.25,3190,5283,2.0,0,0,3,9
20150107,2007,0,765000.0,3,3.25,3190,5283,2.0,0,0,3,9
20140530,1980,0,260000.0,3,1.75,1050,5850,1.0,0,0,3,7
20150324,1978,0,280000.0,4,2.25,2100,8075,2.0,0,0,3,8
20150318,1986,0,400000.0,3,2.25,1500,2692,2.0,0,0,3,7
20150414,2003,0,652100.0,3,2.5,2380,5017,2.0,0,0,3,9
20140623,1980,0,235000.0,6,3.0,2180,7956,2.0,0,0,3,7
20140624,1997,0,640000.0,4,2.5,2341,9594,2.0,0,0,3,9
20140728,2002,0,455800.0,3,2.5,1690,4584,2.0,0,0,3,7
20141218,1993,0,504750.0,3,2.5,2490,21937,2.0,0,0,3,8
20140711,1992,0,483000.0,3,3.0,2440,15540,2.0,0,0,3,9
20140924,1994,0,229950.0,5,2.75,2000,5885,1.0,0,0,3,7
20140723,2001,0,884744.0,4,3.5,4210,9414,2.0,0,0,3,9
20150401,1977,0,514000.0,3,1.5,1610,9964,1.0,0,0,3,7
20150506,1977,0,532000.0,3,2.25,1910,35015,1.0,0,0,4,8
20140911,2004,0,423000.0,4,2.5,2660,5539,2.0,0,0,3,8
20141110,1988,0,521000.0,3,1.75,1730,18250,1.0,0,0,3,8
20150205,1979,0,577000.0,4,2.25,2360,7490,2.0,0,0,3,8
20141031,2004,0,495000.0,4,2.5,2460,4862,2.0,0,0,3,8
20141001,1987,0,340000.0,3,2.5,2690,8577,2.0,0,0,3,9
20140923,2014,0,499950.0,3,3.5,1820,1991,2.0,0,0,3,8
20150316,2014,0,1218000.0,4,3.0,3470,4750,2.0,0,2,3,9
20150227,1977,0,720000.0,4,2.75,3370,7634,1.0,0,2,5,8
20140613,1978,0,206135.0,3,1.0,1340,11070,1.0,0,0,4,7
20140925,1979,0,355000.0,4,2.5,2770,7000,1.0,0,0,4,7
20140623,1990,0,442000.0,4,2.5,2520,7253,2.0,0,0,3,9
20140626,2001,0,399000.0,4,3.0,3060,5000,2.0,0,0,3,8
20141106,1999,0,360000.0,4,2.5,2390,7115,2.0,0,0,3,9
20150213,1978,0,390000.0,3,1.75,1320,7725,1.0,0,0,3,8
20150318,1977,0,413000.0,5,2.5,2900,8711,1.0,0,0,3,8
20141013,1998,0,432900.0,3,2.5,2210,9226,2.0,0,0,3,8
20140528,1986,0,621138.0,3,2.25,2180,7741,2.0,0,0,3,9
20140604,2003,0,270000.0,3,2.25,2080,4252,1.5,0,0,3,7
20150109,1980,0,610000.0,4,2.25,2090,35040,1.0,0,0,3,8
20141015,1997,0,337000.0,3,2.0,1690,9087,1.0,0,0,3,8
20140829,1972,0,405000.0,4,2.5,2030,9095,1.0,0,0,4,7
20140911,1984,0,775000.0,4,2.5,2540,28563,1.0,0,0,3,10
20140825,1983,0,425000.0,3,2.25,1570,7475,1.0,0,0,4,7
20150506,2003,0,810000.0,4,2.5,3260,5608,2.0,0,0,3,9
20140827,1990,0,1250000.0,4,3.75,3830,41263,2.0,0,0,4,11
20150327,2013,0,409900.0,3,2.5,1690,1200,2.0,0,0,3,8
20140630,1974,0,935000.0,2,2.5,1780,2067,2.0,0,0,5,9
20150428,2008,0,900000.0,6,3.75,4210,6105,2.0,0,0,3,9
20150402,1998,2007,932800.0,5,3.25,2980,7095,2.5,0,0,3,9
20150420,1977,0,391000.0,3,2.0,1490,9000,1.0,0,0,4,8
20141230,2000,0,420000.0,4,2.5,2110,9825,2.0,0,0,3,8
20141124,2002,0,1300000.0,6,3.5,6563,32670,2.0,0,0,3,10
20140507,1980,0,503000.0,3,2.75,1540,6760,1.0,0,0,5,7
20141208,2001,0,355000.0,4,3.0,2590,7213,2.0,0,0,3,8
20141018,1972,0,245000.0,3,2.0,1450,9333,2.0,0,0,4,7
20140703,1992,0,265900.0,3,2.0,1180,7793,1.0,0,0,4,7
20141125,1975,0,299000.0,4,2.5,1820,7575,1.0,0,0,3,7
20140908,1972,0,343000.0,3,1.0,1120,7250,1.0,0,0,4,7
20141027,1994,0,307500.0,3,2.25,1646,7364,2.0,0,0,3,7
20150105,2004,0,937500.0,5,3.75,4210,14599,2.0,0,3,3,10
20140509,1976,0,610000.0,3,3.0,2480,45302,1.0,0,0,4,8
20150512,1979,0,602500.0,2,2.5,3090,47044,1.0,0,0,4,10
20141118,2002,0,607010.0,4,2.5,2180,4000,2.0,0,0,3,8
20140919,1983,0,828500.0,4,2.5,3720,35000,2.0,0,0,3,10
20150401,1987,0,294000.0,3,1.75,1530,9362,1.0,0,0,3,7
20140612,2005,0,789500.0,4,2.5,3010,6100,2.0,0,0,3,9
20150212,2008,0,797000.0,3,3.5,3500,9473,2.0,0,0,3,10
20140818,2006,0,539950.0,5,3.0,3100,5250,2.0,0,0,3,7
20150425,1999,0,303000.0,3,2.5,1850,4957,2.0,0,0,3,8
20150310,1988,0,722080.0,3,3.25,3680,7650,2.0,0,0,3,9
20150413,1979,0,420000.0,4,2.25,2270,12000,1.0,0,0,4,7
20141112,1990,0,1150000.0,4,3.25,4740,49091,2.0,0,0,3,11
20141014,1972,0,443500.0,3,2.0,1920,7598,1.0,0,0,4,8
20150327,2004,0,655000.0,3,2.5,2320,4721,2.0,0,0,3,8
20141024,1988,0,372500.0,3,1.75,1550,12956,1.0,0,0,3,7
20140604,1989,0,327500.0,3,1.0,1070,7140,1.0,0,0,3,7
20150113,1985,0,451101.0,2,1.5,1510,1962,2.0,0,0,4,8
20140701,2004,0,650000.0,4,2.5,3350,46748,2.0,0,0,3,10
20140806,1993,0,895000.0,3,2.5,2500,7746,2.0,0,0,4,10
20141113,1987,0,703770.0,4,2.25,2550,12918,2.0,0,0,3,9
20150506,1972,0,780000.0,5,2.5,3480,74052,1.0,0,0,4,8
20140716,1986,0,336000.0,3,2.25,2820,11625,2.0,0,0,3,8
20141021,1981,0,229900.0,3,1.75,1100,7224,1.0,0,0,3,7
20140620,1978,0,378000.0,4,2.5,1890,12236,1.0,0,0,3,7
20140905,1991,0,454000.0,3,2.5,2530,43733,2.0,0,0,3,8
20140508,2005,0,537500.0,4,2.5,2550,4630,2.0,0,0,3,7
20141124,1998,0,290000.0,3,2.0,1760,6600,1.0,0,0,3,7
20141202,2006,0,370000.0,3,2.75,1250,1655,2.0,0,0,3,7
20140729,1994,0,208000.0,3,1.75,1070,7200,1.0,0,0,3,7
20141003,1984,0,610000.0,4,3.25,5450,37058,1.5,0,0,5,9
20150401,1999,0,550000.0,4,2.5,1670,5116,2.0,0,0,3,8
20141028,2001,0,750000.0,3,2.75,3010,206910,2.0,0,2,3,10
20140701,2008,0,1198000.0,4,3.5,3400,3850,2.5,0,0,3,10
20150107,1973,0,180500.0,3,1.5,1540,9800,1.0,0,0,3,7
20140728,1984,0,540000.0,4,2.0,1990,29078,2.0,0,0,3,9
20140624,1984,0,520000.0,3,1.75,2300,35722,1.0,0,0,3,9
20150220,1985,0,440000.0,2,1.75,1330,4903,1.0,0,0,3,7
20141029,1998,0,810000.0,5,3.5,3550,9600,2.0,0,0,3,9
20140901,1985,0,450000.0,3,2.25,1780,9969,1.0,0,0,3,8
20141104,2004,0,238000.0,3,2.5,1650,2807,2.0,0,0,3,7
20141205,1974,0,299000.0,3,1.0,1510,142803,1.0,0,0,3,7
20140604,1978,0,340000.0,3,1.75,2190,12626,2.0,0,0,4,8
20141210,1979,0,415000.0,1,2.0,3000,204732,2.5,0,2,3,8
20150105,2006,0,330000.0,4,2.5,3504,6000,2.0,0,0,3,7
20140922,1989,0,335000.0,4,2.5,2240,9701,2.0,0,0,3,9
20140930,2003,0,342000.0,3,3.0,1260,1251,2.0,0,0,3,7
20141204,1997,0,490000.0,8,5.0,2800,2580,2.0,0,0,3,8
20150330,1996,0,960000.0,3,2.5,1730,4102,3.0,1,4,3,8
20140709,1985,0,720500.0,4,2.5,3350,35298,2.0,0,0,4,9
20140711,1979,0,339000.0,3,2.25,2090,10120,1.0,0,0,4,7
20140630,1991,0,285000.0,4,2.25,1830,8734,2.0,0,0,4,7
20150401,1978,0,510000.0,3,2.25,2370,38639,1.0,0,0,3,8
20140610,2001,0,1230000.0,4,2.5,3040,7000,2.0,0,0,3,9
20140513,1977,0,460000.0,3,2.25,2350,10450,1.0,0,0,3,8
20140622,1987,0,874150.0,4,3.5,3530,14406,2.0,0,1,3,10
20140731,1987,0,470000.0,3,2.25,2220,9800,2.0,0,0,3,8
20140711,2007,0,467000.0,2,2.5,1140,1181,3.0,0,0,3,8
20140616,2002,0,576000.0,4,2.5,2440,28405,2.0,0,0,3,8
20140530,1992,0,196440.0,3,2.0,1560,7352,1.0,0,0,3,6
20141231,1993,0,825000.0,4,2.5,3210,18901,2.0,0,0,3,10
20150408,1981,0,281000.0,2,1.0,930,2600,1.0,0,0,3,7
20140812,2000,0,326000.0,3,2.5,1782,1577,3.0,0,0,3,7
20150410,1980,0,340000.0,3,1.75,1740,46580,1.0,0,0,4,7
20141208,1985,0,440000.0,5,1.75,3690,36036,1.0,0,0,3,9
20140522,1998,0,749000.0,4,2.5,2930,18199,2.0,0,0,3,9
20141031,1988,0,270000.0,3,2.25,1520,7930,1.0,0,0,3,7
20141208,1992,0,617000.0,3,1.75,3020,360241,2.0,0,0,3,8
20140904,1978,0,469000.0,3,2.25,1820,8446,2.0,0,0,3,8
20141212,2001,0,429000.0,4,2.5,2650,9301,2.0,0,0,3,9
20141208,2003,0,550000.0,4,2.5,2850,6809,2.0,0,0,3,9
20140617,1977,0,187500.0,3,1.5,1180,7000,1.0,0,0,4,7
20150204,1977,0,300000.0,3,1.75,1280,12776,1.0,0,0,4,7
20140516,2005,0,799000.0,4,3.25,3120,5000,2.0,0,0,3,9
20150203,2003,0,338000.0,3,2.5,2470,4948,2.0,0,0,3,8
20141118,1987,0,360400.0,3,2.5,1630,11592,2.0,0,0,3,8
20141008,1972,0,368000.0,4,2.0,2500,36900,1.0,0,0,3,7
20150312,1990,0,435000.0,3,2.0,2660,16677,1.0,0,0,3,9
20141120,2014,0,1679000.0,5,4.25,4830,11466,2.0,0,0,3,10
20141001,1984,0,1928000.0,4,3.25,4280,20296,2.0,0,0,4,11
20140528,1974,0,544500.0,4,2.5,2230,10414,1.0,0,0,5,7
20140605,2008,0,445000.0,4,2.5,2340,3784,2.0,0,0,3,8
20140725,1989,0,379500.0,3,2.25,2070,14196,2.0,0,0,3,7
20140611,1979,0,600000.0,5,2.75,2910,53898,1.0,0,0,5,7
20141107,2000,0,785000.0,3,2.5,2930,33981,2.0,0,2,3,9
20150210,1990,0,372000.0,4,2.75,2610,8967,2.0,0,0,4,8
20150225,2004,0,445000.0,5,3.0,3880,7180,2.0,0,0,3,7
20141014,1986,0,508000.0,4,2.25,3320,53392,2.0,0,0,4,8
20150316,1978,0,541100.0,4,2.25,2510,9800,2.0,0,0,3,9
20150105,2003,0,729000.0,4,2.5,2660,5608,2.0,0,0,3,9
20150203,2002,0,368000.0,2,2.0,930,1662,1.0,0,0,3,7
20140918,1991,0,1038000.0,3,2.5,4570,10615,2.0,0,0,3,12
20150323,1998,0,850000.0,5,2.75,3430,15119,2.0,0,0,3,10
20141204,2003,0,550000.0,4,3.5,3540,4750,2.0,0,0,3,10
20150217,1984,0,600000.0,3,2.25,2240,9314,2.0,0,0,3,9
20140520,2014,0,599950.0,3,2.5,2660,4975,2.0,0,0,3,8
20140625,2015,0,597326.0,4,4.0,3570,8250,2.0,0,0,3,10
20150429,1997,0,805000.0,4,2.5,3450,33460,2.0,0,0,3,9
20140926,2002,0,299000.0,4,2.5,1950,3000,2.0,0,0,3,7
20141014,1999,0,400000.0,4,2.5,2350,3904,2.5,0,0,3,7
20150220,1990,0,305000.0,4,2.5,2430,9103,2.0,0,0,3,8
20150428,1979,0,300000.0,3,1.0,1010,10168,1.0,0,0,3,6
20140908,1981,0,327500.0,3,2.25,1770,8755,1.0,0,0,3,8
20140805,2003,0,269000.0,3,2.0,1210,7136,1.0,0,0,3,7
20140614,1985,0,883000.0,4,2.5,2960,41656,2.0,0,0,3,10
20140815,1994,0,190000.0,2,1.0,840,12252,1.0,0,0,3,6
20140509,1976,0,920000.0,4,3.0,3750,11025,2.0,0,0,3,10
20141222,1978,0,285000.0,4,2.25,2150,8250,1.0,0,0,4,7
20150326,1975,0,279000.0,4,2.25,2090,8941,2.0,0,0,3,7
20140726,1977,0,686000.0,4,2.25,2130,10650,2.0,0,0,4,8
20140523,1975,0,225000.0,2,1.0,1300,11867,1.5,0,0,4,6
20140627,1972,0,215500.0,2,1.75,1220,15600,1.0,0,0,3,6
20141105,1996,0,503000.0,4,2.5,2940,156988,2.0,0,2,3,9
20150122,1997,0,780000.0,3,2.5,2610,7567,2.0,0,0,3,9
20140729,1983,0,580000.0,4,2.75,2330,6703,1.5,0,0,3,7
20141111,1994,0,465000.0,4,2.5,2200,3141,2.0,0,0,3,7
20150223,1987,0,615000.0,3,2.5,2250,10171,2.0,0,0,3,9
20150423,2001,0,1135000.0,4,3.25,4130,11444,2.0,0,0,3,11
20140808,2005,0,330000.0,5,2.5,2600,3839,2.0,0,0,3,7
20141107,1988,0,574000.0,3,2.0,2060,7000,1.0,0,0,4,9
20141103,2007,0,930000.0,4,4.25,5710,24663,2.0,0,0,3,11
20140714,1975,2007,850000.0,4,3.0,2720,183823,2.0,0,0,3,8
20141212,1974,0,415000.0,3,1.5,1490,7275,1.0,0,0,3,7
20140708,1980,0,439000.0,4,2.25,2570,9503,2.0,0,0,3,8
20150426,1989,0,589000.0,3,2.5,2660,206480,1.0,0,0,3,8
20150407,2003,0,477000.0,3,2.25,1260,3000,2.0,0,0,3,7
20150413,1978,0,700000.0,4,2.25,2690,15000,2.0,0,0,3,9
20140624,1978,0,367500.0,3,1.0,1660,11783,1.0,0,0,4,7
20150505,2001,0,453250.0,4,2.5,2260,6300,2.0,0,0,3,7
20140820,1981,0,360000.0,3,2.25,2200,8000,2.0,0,0,3,8
20140521,1980,0,189650.0,2,1.75,1100,7600,1.0,0,0,3,6
20140820,1980,0,260000.0,3,1.75,1340,8000,1.0,0,0,3,7
20140820,1976,0,249000.0,3,1.5,1580,7200,1.0,0,0,4,7
20150325,1995,0,905000.0,4,2.5,3330,9557,2.0,0,0,3,10
20140624,1978,0,762500.0,4,2.75,2610,8760,1.0,0,0,4,8
20150413,2008,0,580000.0,3,2.5,1740,1280,3.0,0,2,3,8
20140818,1990,0,380000.0,3,2.0,1840,8580,1.0,0,0,3,8
20150203,1999,0,1569500.0,5,4.5,5620,5800,3.0,0,3,3,11
20140616,1987,0,353500.0,4,2.25,1760,9602,2.0,0,0,3,7
20150211,1972,0,386500.0,3,1.75,1520,7350,1.0,0,0,4,7
20150423,1983,0,439500.0,3,2.5,1600,6510,1.0,0,0,3,7
20140813,2002,0,315000.0,5,2.5,3220,5751,2.0,0,0,3,8
20140519,2003,0,339000.0,4,2.5,1830,8601,2.0,0,0,3,7
20140924,1971,0,655000.0,4,2.25,2200,9163,1.0,0,0,4,8
20140828,2008,0,740000.0,2,2.5,2170,8678,1.0,0,0,3,8
20150416,1984,0,765000.0,4,2.25,2620,17366,1.0,0,3,3,9
20141202,1988,0,475000.0,3,2.5,1460,4961,1.0,0,0,4,8
20140721,2002,0,668000.0,5,3.5,3990,42436,2.0,0,0,3,9
20140911,1998,0,618000.0,3,2.5,2340,3630,2.0,0,0,3,9
20141202,1994,0,425000.0,3,2.5,1630,10762,1.0,0,0,3,7
20140717,2010,0,820000.0,5,2.75,2830,6137,2.0,0,0,3,9
20150113,1980,0,832000.0,4,2.25,3190,52953,2.0,0,0,4,10
20141203,1984,2014,835000.0,3,1.75,1490,3840,2.0,0,0,3,8
20150410,1999,0,350000.0,3,2.5,1630,3425,2.0,0,0,3,8
20140722,2003,0,349000.0,4,2.5,2280,4096,2.0,0,0,3,7
20140613,2014,0,1125000.0,6,3.75,3010,4360,2.0,0,0,3,9
20150309,2004,0,320000.0,3,2.5,1590,3480,2.0,0,0,3,7
20141013,2007,0,785500.0,4,4.0,3280,8448,2.0,0,0,3,10
20150217,2004,0,410500.0,4,2.5,3362,8601,2.0,0,0,3,8
20140701,1978,0,580000.0,3,2.5,2200,11000,2.0,0,2,3,9
20150421,2005,0,345000.0,2,1.5,830,920,2.0,0,0,3,7
20141021,1998,0,449500.0,4,3.0,2580,7299,2.0,0,0,3,8
20141111,1988,0,915000.0,4,2.5,3510,28052,2.0,0,0,3,10
20150127,1989,0,1575000.0,4,3.75,3810,9916,2.0,0,0,3,11
20140722,1981,0,470000.0,4,2.5,1850,11250,1.5,0,0,3,7
20140523,2002,0,439950.0,4,2.5,2380,12067,2.0,0,0,3,7
20140603,1980,0,325000.0,3,1.75,2250,26337,1.0,0,0,3,8
20141211,1987,0,685000.0,4,2.5,2770,10051,2.0,0,0,3,10
20150211,2009,0,411753.0,3,2.5,1710,3795,2.0,0,0,3,7
20141017,1972,0,500000.0,3,1.75,1530,8829,1.0,0,0,5,8
20140514,1984,0,740000.0,5,5.0,5774,31675,1.0,0,2,3,11
20150217,1978,0,315000.0,3,1.75,1890,10661,1.0,0,0,5,7
20141223,1981,0,432000.0,3,1.75,2410,51763,1.0,0,0,4,8
20150203,1995,0,467000.0,3,2.5,1530,3984,2.0,0,0,3,8
20150408,1979,0,316500.0,3,1.75,1460,6360,1.0,0,2,3,7
20150403,1977,0,190000.0,4,2.0,1580,6250,1.0,0,0,3,7
20150417,1976,0,378000.0,4,1.75,1990,23200,1.0,0,0,4,7
20150211,2013,0,598800.0,6,4.0,4470,17877,3.0,0,3,3,9
20140902,1990,0,333800.0,5,3.0,1980,3868,1.0,0,0,3,7
20140529,1990,0,690000.0,4,2.5,2920,9904,2.0,0,0,4,9
20140811,2004,0,840000.0,3,2.5,3050,33920,1.0,0,0,3,8
20140714,1986,0,608250.0,4,2.75,3030,21780,2.0,0,0,3,8
20140609,2005,0,550000.0,3,2.5,2260,4165,2.0,0,0,3,7
20150414,1980,0,998000.0,3,2.25,3370,11757,2.0,0,2,4,9
20140829,1978,0,275000.0,3,1.75,1490,8000,1.0,0,0,3,8
20150424,1977,0,284200.0,3,2.5,1570,9292,1.0,0,0,3,7
20140905,1988,0,930800.0,5,2.5,4150,96574,2.0,0,0,3,10
20140828,1979,0,215000.0,4,1.5,1430,8775,1.0,0,0,3,7
20140609,1978,0,347000.0,3,1.75,1240,8050,1.0,0,0,4,7
20150330,1979,0,232500.0,3,2.0,1370,9760,1.0,0,0,4,7
20140812,1987,0,590000.0,4,2.5,2340,8971,2.0,0,0,3,9
20150205,1983,0,345000.0,4,2.5,2280,8190,1.0,0,3,3,7
20150227,1986,0,429800.0,3,2.0,1970,7000,1.0,0,0,3,8
20141215,1997,0,250000.0,3,2.5,1700,6000,2.0,0,0,3,8
20140529,1985,0,412000.0,3,1.75,1950,52256,1.0,0,0,4,8
20141112,1994,0,252000.0,3,2.0,1340,5670,2.0,0,0,3,6
20141013,2001,0,471750.0,5,3.5,3790,8200,1.0,0,1,3,8
20141208,1995,0,490000.0,4,2.25,2020,85813,2.0,0,0,3,7
20150326,1984,0,780000.0,4,2.25,2260,16188,1.0,0,0,3,10
20140529,2006,0,695000.0,3,2.5,2390,4555,2.0,0,0,3,9
20140521,1998,0,815000.0,4,2.75,3488,9614,2.0,0,0,3,10
20141113,1983,0,210000.0,3,1.75,1260,6223,1.0,0,0,3,7
20140721,1991,0,562500.0,4,2.5,2440,7322,2.0,0,0,3,9
20140509,1988,0,402500.0,4,2.5,2600,11951,2.0,0,0,3,10
20140909,1972,0,310000.0,3,1.0,1990,7173,1.0,0,0,3,7
20140905,1994,0,500000.0,4,2.5,2840,18001,2.0,0,0,3,9
20141124,1998,0,335000.0,4,2.5,2330,7050,2.0,0,0,3,8
20150317,1981,0,962000.0,4,2.25,3320,20100,1.0,0,0,4,8
20150414,2001,0,399950.0,4,2.5,3110,5868,2.0,0,0,3,8
20140718,1983,0,465000.0,4,2.25,2340,13383,1.0,0,0,3,8
20150323,1978,0,722500.0,4,2.5,2460,9296,2.0,0,0,3,9
20150127,1990,0,280000.0,3,2.5,1650,6000,2.0,0,0,3,7
20141022,1991,0,830000.0,3,2.5,2760,11287,2.0,0,3,3,10
20140905,1990,0,485000.0,3,2.5,3110,9015,2.0,0,0,3,9
20140617,1989,0,272000.0,3,2.0,1380,7476,1.0,0,0,3,7
20141217,2008,0,305000.0,2,1.0,1290,3140,2.0,0,0,3,7
20140908,2004,0,352000.0,4,2.5,2470,5015,2.0,0,0,3,8
20141118,2001,0,580000.0,3,3.25,1490,857,3.0,0,0,3,8
20140714,1977,0,630000.0,4,2.5,2510,35020,1.0,0,0,4,8
20141205,1995,0,340000.0,4,2.5,2380,7850,2.0,0,0,3,8
20140728,1991,0,1480000.0,3,3.5,4070,26000,2.0,0,0,3,11
20150325,1975,0,475000.0,3,1.0,1250,150117,1.0,0,0,3,7
20141118,2014,0,719950.0,3,2.25,2190,2416,3.0,0,0,3,8
20150421,1974,0,380000.0,4,1.75,1740,9150,1.0,0,0,3,7
20150309,1984,0,325000.0,3,2.25,1480,97138,1.5,0,0,3,7
20140819,1989,0,475000.0,4,2.5,2120,57050,2.0,0,0,3,9
20150323,1985,0,505000.0,3,2.5,2100,17882,2.0,0,0,4,8
20140627,1979,0,464900.0,4,2.25,2020,8424,1.0,0,0,4,7
20150504,2009,0,369950.0,2,2.75,1370,1140,2.0,0,0,3,8
20140728,2001,0,250000.0,3,2.5,1530,2890,2.0,0,0,3,7
20150429,2001,0,320000.0,3,2.5,1530,2890,2.0,0,0,3,7
20140903,1974,0,340000.0,4,2.25,2530,24700,2.0,0,0,3,7
20150427,2004,0,575000.0,2,2.0,1680,6194,1.0,0,0,3,8
20141104,1979,0,235000.0,4,2.75,1770,10184,1.0,0,0,3,8
20140723,1998,0,272000.0,3,2.5,1790,6371,2.0,0,0,3,8
20141014,2002,0,297000.0,3,2.5,1690,4988,2.0,0,0,3,7
20150415,2003,0,349000.0,4,2.5,2190,7294,2.0,0,0,3,8
20140811,1995,0,429000.0,3,3.25,2210,3600,2.0,0,0,3,8
20140730,1998,0,272500.0,3,2.0,1540,6250,1.0,0,0,3,7
20140623,1988,2000,550000.0,3,2.5,1900,3255,2.0,0,0,3,8
20140620,1986,0,632500.0,4,2.5,2090,10306,2.0,0,0,3,10
20140801,2004,0,437000.0,3,2.25,1130,1221,2.0,0,0,3,8
20150417,1998,0,884250.0,4,2.5,3840,12151,2.0,0,0,3,10
20141215,1989,0,715000.0,3,2.5,2410,46609,2.0,0,0,3,9
20150210,1999,0,822500.0,3,2.5,3090,7708,2.0,0,0,3,10
20141208,1975,0,800000.0,4,2.5,2390,10000,1.0,0,0,3,9
20141114,1980,0,3850000.0,4,4.25,5770,21300,2.0,1,4,4,11
20141001,1995,0,295000.0,3,2.5,1460,7936,2.0,0,0,3,7
20140630,2006,0,419000.0,2,1.75,1510,4980,1.0,0,0,3,8
20140910,1993,0,1195000.0,5,3.25,5180,19606,1.0,0,0,3,11
20141222,1995,0,750000.0,4,2.75,3430,13907,2.0,0,0,3,11
20150121,2004,0,383000.0,4,2.5,2640,8055,2.0,0,0,3,9
20141007,1980,0,491000.0,3,2.0,2005,7000,1.0,0,0,3,7
20150202,1979,0,279000.0,3,2.5,1500,7350,1.0,0,0,2,7
20140723,2004,0,310000.0,3,2.5,1990,3600,2.0,0,0,3,7
20140610,1984,0,310000.0,3,1.75,1420,7650,1.0,0,0,4,7
20141117,2004,0,272000.0,4,2.5,1870,5692,2.0,0,0,3,7
20141118,1980,0,307000.0,3,2.0,1790,7259,1.0,0,0,3,7
20140709,2000,0,989000.0,5,4.5,4030,13474,2.0,0,0,3,11
20140618,1983,0,264950.0,4,1.75,1770,9011,1.0,0,0,5,7
20140725,1979,0,491500.0,4,2.75,2100,7236,1.0,0,0,3,8
20140514,1984,0,345000.0,3,2.25,2120,15003,2.0,0,0,3,7
20150211,1977,0,723000.0,4,2.0,2790,8793,1.0,0,0,4,8
20150126,1990,0,594000.0,3,2.25,2080,70567,2.0,0,0,3,8
20141201,1987,0,405000.0,2,1.5,1370,4102,2.0,0,0,4,7
20140801,1997,0,725500.0,4,2.5,2790,74495,2.0,0,0,3,9
20141015,1996,0,180500.0,3,2.5,1800,8518,2.0,0,0,3,7
20150428,1996,0,325000.0,3,2.5,1800,8518,2.0,0,0,3,7
20140709,1974,0,463000.0,4,2.5,1980,6660,2.0,0,0,4,7
20140516,1979,0,239900.0,4,2.25,1860,7000,1.0,0,0,3,8
20140905,1977,0,251700.0,3,2.25,1810,11800,1.0,0,0,3,7
20140708,2004,0,765000.0,4,4.0,3010,7221,2.0,0,0,3,10
20140916,1995,0,353000.0,3,2.75,2170,8396,2.0,0,0,3,7
20141210,2007,0,670950.0,3,2.5,1790,2375,3.0,0,0,3,8
20140527,1983,0,585000.0,3,1.75,1850,7735,1.0,0,0,4,8
20141211,1974,2006,525000.0,2,1.5,1480,43645,1.0,0,0,3,8
20140801,1973,0,605000.0,3,1.75,1850,8823,1.0,0,0,4,8
20141119,2007,0,1010000.0,4,3.5,3350,3752,2.0,0,0,3,9
20150203,1985,0,535000.0,4,2.25,2810,12607,2.0,0,0,3,10
20150424,1988,0,550000.0,3,2.5,2250,7752,2.0,0,0,4,8
20140911,1972,0,665000.0,3,1.75,1800,8000,1.0,0,0,3,8
20140708,1979,0,332000.0,3,2.25,2120,14915,1.0,0,0,3,9
20140611,1989,0,280000.0,3,2.5,1860,6607,2.0,0,0,3,7
20140915,2006,0,570000.0,3,3.5,1460,1021,2.0,0,0,3,8
20150507,2002,0,345000.0,5,2.75,1940,4182,1.0,0,0,3,7
20140904,1971,0,765000.0,4,2.5,3300,10764,1.0,0,0,4,9
20150430,1998,0,346300.0,4,2.5,2590,11018,2.0,0,0,3,8
20140612,2002,0,342500.0,3,2.0,2080,11375,1.0,0,0,3,8
20150424,2000,0,501000.0,4,2.25,2680,5439,2.0,0,0,3,7
20140625,1990,0,270000.0,3,2.5,1670,8364,1.0,0,0,4,7
20150316,1972,0,1085000.0,3,2.5,3630,11019,1.0,0,0,4,9
20140628,1983,0,234000.0,3,1.0,1040,8128,1.0,0,0,3,6
20150302,1975,1991,1650000.0,3,2.75,2690,8890,2.0,1,4,4,10
20150327,1982,0,499000.0,4,3.0,2030,12675,2.0,0,0,3,7
20150326,1993,0,333000.0,4,2.5,2400,7270,2.0,0,0,3,8
20141029,1979,0,568000.0,3,2.5,2320,57063,1.0,0,0,4,9
20141103,1972,0,605000.0,5,2.25,3220,9603,2.0,0,0,3,8
20141002,2005,0,750000.0,4,2.75,3190,9023,2.0,0,0,3,9
20141014,1994,0,760000.0,3,2.75,3530,69834,2.0,0,0,3,10
20140804,1979,0,265000.0,3,1.75,2050,10519,1.0,0,0,3,7
20140619,2004,0,360000.0,4,2.5,2850,4650,2.0,0,0,3,8
20150206,1976,0,311750.0,4,2.25,2270,12000,1.0,0,0,4,7
20140725,1989,0,347000.0,4,2.5,2770,9751,2.0,0,0,3,8
20140904,1998,0,1680000.0,4,3.75,4490,34982,2.0,0,0,3,12
20140903,2005,0,585000.0,4,2.5,3110,6479,2.0,0,0,3,9
20140912,1992,0,340000.0,4,2.5,2360,7475,2.0,0,0,3,8
20150415,1994,0,612000.0,3,2.5,2180,5496,2.0,0,0,3,8
20140628,1980,0,230000.0,2,1.75,1910,3376,2.0,0,0,3,8
20140509,1989,0,604000.0,4,2.5,2260,7753,2.0,0,0,3,9
20150309,1989,0,258500.0,3,2.0,1460,7930,1.0,0,0,3,7
20150318,2002,0,760000.0,4,2.5,3220,4031,2.0,0,0,3,9
20150409,1988,0,1027500.0,4,3.0,3540,10202,2.0,0,0,3,8
20150421,1995,0,564500.0,4,2.75,3100,14568,2.0,0,0,3,8
20150128,2005,0,398000.0,4,2.5,2820,5510,2.0,0,0,3,9
20140625,1984,0,235000.0,4,2.0,1570,9415,2.0,0,0,4,7
20140627,1979,0,453000.0,4,2.75,2300,37533,1.0,0,3,5,8
20140507,1993,0,275000.0,3,2.5,1600,7000,2.0,0,0,4,8
20140915,1996,0,665000.0,3,2.5,2630,10047,2.0,0,0,3,9
20140806,1977,0,670000.0,4,2.75,3020,13530,1.0,0,0,4,8
20141204,2001,0,265000.0,4,2.5,2040,4443,2.0,0,0,3,8
20150413,1987,0,426000.0,2,2.5,1550,2657,2.0,0,0,4,8
20140701,2001,0,875000.0,5,3.5,3840,8279,2.0,0,0,3,9
20141112,1973,0,220000.0,3,1.0,1660,21514,1.0,0,0,4,7
20140811,1996,0,1760000.0,4,5.0,6055,21630,1.0,0,3,4,12
20140602,2006,0,525000.0,4,2.5,2910,7631,2.0,0,2,3,9
20140514,1986,0,510000.0,3,1.75,2170,26460,1.0,0,0,3,8
20140916,2007,0,509950.0,3,2.5,1970,9153,2.0,0,0,3,8
20141027,1987,0,600000.0,4,2.25,2090,45738,2.0,0,0,3,8
20150423,2006,0,990000.0,4,3.75,3450,4940,2.0,0,0,3,10
20140818,2007,0,468000.0,2,2.5,1480,2167,2.0,0,0,3,8
20140609,1972,0,1339000.0,4,2.5,4250,19387,2.0,0,2,4,9
20141112,1977,0,245000.0,4,2.0,1870,8750,1.0,0,2,3,7
20140527,1983,0,265000.0,3,2.5,1440,7741,1.0,0,0,4,7
20150317,1990,0,372400.0,3,2.5,2720,11937,2.0,0,0,3,9
20141009,2003,0,455000.0,5,3.5,3080,7759,2.0,0,0,3,8
20150330,1988,0,270000.0,4,2.5,1750,6397,2.0,0,0,3,7
20141021,1990,0,213550.0,3,2.5,1580,8541,2.0,0,0,3,7
20150112,2004,0,2750000.0,5,4.0,6300,16065,2.0,0,1,3,12
20141215,1974,0,403500.0,4,2.75,2400,3844,1.0,0,0,5,7
20140512,1986,0,560000.0,3,2.0,2560,216777,1.0,0,0,3,8
20150429,2007,0,418000.0,2,1.5,1480,1349,2.0,0,0,3,7
20140825,2002,0,660000.0,3,3.0,2260,1825,2.0,0,0,3,8
20140623,1999,0,775000.0,4,2.5,2300,6158,2.0,0,0,3,9
20150123,1972,0,429500.0,3,2.75,1650,7272,1.0,0,0,4,7
20140520,1978,0,250000.0,4,2.0,1960,7560,1.0,0,0,5,7
20140514,1974,0,530000.0,4,2.75,2450,15002,1.0,0,0,5,9
20140822,1976,0,354950.0,3,1.75,1780,9689,1.0,0,0,3,7
20140718,1977,0,522250.0,4,2.5,2340,41600,1.0,0,0,3,8
20140604,1983,0,275000.0,3,2.5,1720,8755,1.0,0,0,3,8
20140703,2001,0,342000.0,4,2.5,2300,6448,2.0,0,0,3,8
20140827,1972,0,900000.0,5,3.0,4350,37169,2.0,0,0,3,10
20150330,1981,0,252000.0,3,1.75,1430,7700,1.0,0,0,4,7
20150219,1971,0,357000.0,3,1.75,2400,14012,1.0,0,0,3,9
20140612,2005,0,860000.0,4,3.25,3960,7012,2.0,0,0,3,10
20150507,2003,0,1185000.0,4,2.75,2850,3000,2.5,0,0,3,9
20150402,2001,0,1400000.0,4,2.5,2770,8879,2.0,0,0,3,9
20140909,1987,0,898000.0,5,2.25,2700,9000,2.0,0,0,5,9
20141204,1977,0,429000.0,4,1.75,2160,7700,2.0,0,0,2,8
20141216,1998,0,471000.0,3,2.5,2010,4059,2.0,0,0,3,8
20141015,2005,0,739500.0,3,3.25,4460,51177,2.0,0,0,3,9
20150218,1974,0,446500.0,4,2.5,3060,7920,1.0,0,0,3,8
20140721,1991,0,315000.0,4,2.75,2200,8580,1.0,0,0,3,8
20150424,1979,0,264900.0,4,2.5,2040,7000,1.0,0,0,3,7
20140922,1978,0,510000.0,3,2.0,1600,4510,1.0,0,0,3,7
20140814,2002,0,328000.0,4,2.5,1990,3980,2.0,0,0,3,7
20150504,2002,0,358000.0,4,2.5,1830,7308,2.0,0,0,3,7
20150421,2005,0,325000.0,3,2.5,2540,4260,2.0,0,0,3,7
20140714,1990,0,1365000.0,2,3.25,2700,3444,3.0,1,3,3,9
20140505,2003,0,705380.0,3,2.5,2490,4343,2.0,0,0,3,9
20140820,1979,0,459000.0,5,2.5,2650,12987,1.0,0,0,4,7
20140528,2001,0,815000.0,4,2.25,2000,3800,2.0,0,0,3,8
20140611,2007,0,495000.0,6,5.0,3440,4500,2.0,0,0,3,8
20141110,1987,0,520000.0,3,2.5,2280,58712,2.5,0,3,3,9
20141217,2001,0,430000.0,2,1.5,1320,1194,3.0,0,0,3,7
20140515,1989,0,255000.0,4,2.5,2070,7800,2.0,0,0,3,8
20140728,2001,0,775000.0,4,2.5,3090,7112,2.0,0,0,3,9
20141107,2003,0,1187500.0,4,3.5,4340,217800,2.0,0,0,3,11
20141028,1977,0,618000.0,3,2.75,3200,12682,2.0,0,1,3,9
20141205,1994,0,232000.0,3,2.0,1280,13356,1.0,0,0,3,7
20140508,2002,0,262000.0,4,2.5,2020,6236,2.0,0,0,3,7
20150325,1971,0,234000.0,3,1.0,1040,8122,1.0,0,0,5,7
20150402,2002,0,500000.0,4,2.75,2260,7209,1.0,0,3,3,7
20141103,1993,0,674750.0,4,2.5,2590,9753,2.0,0,0,3,10
20140925,1980,0,482000.0,3,1.75,2600,105587,1.0,0,0,4,7
20141106,1980,0,575000.0,4,2.5,2520,35636,2.0,0,0,3,8
20150127,1977,0,469000.0,3,2.25,2070,9957,1.0,0,0,3,8
20140820,1974,0,550000.0,4,3.0,2760,13113,1.0,0,0,4,8
20150420,1979,0,172040.0,3,2.25,1710,7134,1.0,0,0,4,7
20141224,1993,0,363000.0,3,2.0,1750,7000,1.0,0,0,3,8
20150430,2012,0,282000.0,3,2.25,1552,3600,2.0,0,0,3,7
20140924,2003,0,650000.0,5,3.5,5110,10018,2.0,0,0,3,10
20140603,1990,0,365000.0,3,2.5,1720,99916,2.0,0,0,4,7
20141024,2002,0,269950.0,4,2.5,1960,7230,2.0,0,0,3,8
20140718,1977,0,260000.0,2,1.0,1270,19602,1.0,0,0,3,6
20141024,1977,0,193000.0,3,1.5,1180,7000,1.0,0,0,4,7
20140725,2005,0,340000.0,4,2.25,2230,6791,2.0,0,0,3,8
20140512,1978,0,900000.0,4,3.25,4700,38412,2.0,0,0,3,10
20141021,1991,0,371000.0,3,2.5,2150,8361,2.0,0,0,3,8
20140827,1985,0,592000.0,3,2.5,2400,81892,2.0,0,0,3,8
20140815,1991,0,300000.0,3,2.5,1830,12750,2.0,0,0,3,7
20140827,2003,0,449950.0,4,3.0,2800,6977,2.0,0,0,3,8
20141022,1989,0,299500.0,3,2.5,2090,7163,2.0,0,0,3,8
20141110,1978,0,280000.0,4,2.25,1990,7350,1.0,0,0,4,8
20140516,1977,0,446000.0,4,2.25,2270,7800,1.0,0,0,3,7
20141027,2000,0,322500.0,4,2.5,1940,7107,2.0,0,0,3,7
20141008,2001,0,655000.0,4,2.5,2570,4412,2.0,0,0,3,9
20140728,2006,0,968933.0,4,3.5,4120,7304,2.0,0,0,3,11
20141114,1980,2013,1015000.0,3,3.5,2880,11340,1.0,0,0,3,8
20141203,1973,0,435000.0,4,2.25,1990,8548,2.0,0,0,3,8
20140618,1986,0,242000.0,3,2.0,1260,8092,1.0,0,0,3,7
20140801,1996,0,810000.0,4,2.75,3010,10450,2.0,0,0,3,9
20140624,1976,0,625000.0,3,2.5,2410,64073,1.0,0,0,4,8
20141023,1973,0,165000.0,3,1.5,1280,7742,1.0,0,0,3,7
20150327,1974,0,280000.0,3,1.75,1590,7280,1.0,0,0,3,7
20140602,1988,0,580000.0,4,2.5,2220,7064,2.0,0,0,3,8
20140620,2006,0,754800.0,2,2.5,2770,7781,2.0,0,0,3,8
20150210,1995,0,525000.0,4,2.5,2303,16801,2.0,0,0,3,8
20140711,2006,0,808900.0,5,2.5,2900,5901,2.0,0,0,3,9
20140919,1997,0,335000.0,3,2.5,1700,6698,2.0,0,0,3,7
20141226,1985,0,473000.0,3,2.75,1050,7200,1.0,0,0,3,7
20150325,1977,0,350000.0,4,2.75,2990,11210,1.0,0,1,4,8
20141202,2001,0,233000.0,2,2.25,850,1656,2.0,0,0,3,8
20150331,1971,0,490000.0,3,1.75,1540,9000,1.0,0,0,3,8
20140701,1994,0,445000.0,4,2.5,2280,42077,2.0,0,0,3,8
20150402,1987,0,360000.0,2,2.0,1770,7607,1.0,0,0,4,8
20140806,2006,0,349950.0,2,3.25,1570,2031,2.0,0,0,3,8
20150220,2005,0,520000.0,4,2.5,3060,7161,2.0,0,0,3,8
20141229,2004,0,485000.0,5,2.5,3270,6129,2.0,0,0,3,9
20141210,2001,0,3278000.0,2,1.75,6840,10000,2.5,1,4,3,11
20140604,1979,0,1126000.0,5,3.5,3880,13885,2.0,0,3,4,9
20140618,1999,0,913000.0,4,2.5,3640,10576,2.0,0,0,3,11
20140625,1997,0,409900.0,2,2.5,1590,1845,2.0,0,0,3,9
20140612,2001,0,306000.0,4,2.5,2490,8124,2.0,0,0,3,7
20141007,2003,0,381000.0,3,2.5,1470,3999,2.0,0,0,3,7
20140625,2006,0,739900.0,5,2.5,2980,5377,2.0,0,0,3,9
20141121,1985,0,674250.0,4,2.5,2780,35000,1.0,0,0,4,9
20141230,2000,0,1700000.0,5,5.0,4930,14649,2.0,0,3,3,11
20141229,1989,0,262000.0,3,1.75,1320,6530,1.0,0,0,4,7
20150423,1984,0,353000.0,3,2.0,1210,14499,1.0,0,0,3,7
20150114,1995,0,500000.0,4,2.5,1940,7607,2.0,0,0,3,8
20150408,2004,0,332000.0,4,2.5,1980,6566,2.0,0,0,3,8
20140821,1974,0,824000.0,4,2.5,2320,14240,1.0,0,0,4,9
20140627,2002,0,700000.0,3,2.5,1660,1545,2.0,0,2,3,9
20150302,1978,0,858000.0,4,2.25,3070,13720,2.0,0,0,3,9
20141211,2009,0,275000.0,3,2.25,1260,1488,3.0,0,0,3,7
20141031,1995,0,543000.0,4,2.5,2060,8451,2.0,0,0,3,8
20140703,1989,0,1012000.0,4,2.5,2980,16263,2.0,0,0,3,9
20140502,1976,0,335000.0,2,2.0,1350,2560,1.0,0,0,3,8
20140723,1988,0,425000.0,3,2.0,1540,8011,1.0,0,0,3,7
20150210,2001,0,353000.0,3,2.5,2510,9240,2.0,0,0,4,8
20150504,1991,0,540000.0,3,2.5,1670,5146,2.0,0,0,3,8
20140612,2006,0,640000.0,5,3.5,3690,11928,2.0,0,0,3,9
20141107,1979,0,195000.0,3,1.75,1510,8400,1.0,0,0,2,7
20150226,1979,0,322000.0,3,1.75,1510,8400,1.0,0,0,2,7
20150401,1978,0,660000.0,4,1.75,1870,10450,1.0,0,0,3,8
20140916,1991,0,280000.0,6,3.0,2400,9373,2.0,0,0,3,7
20150422,1991,0,300000.0,6,3.0,2400,9373,2.0,0,0,3,7
20150417,1982,0,560000.0,4,1.75,2150,8555,1.0,0,2,4,7
20150417,2006,0,475000.0,3,2.5,2370,3239,2.0,0,0,3,8
20140508,2003,0,753888.0,4,2.5,2660,5500,2.0,0,2,3,9
20150410,2003,0,650000.0,3,2.5,2190,3600,2.0,0,0,3,9
20150313,1977,0,526000.0,3,1.75,1780,37801,1.0,0,0,3,7
20150407,1981,0,390000.0,3,1.75,1220,216332,1.0,0,0,3,7
20140605,1990,0,685000.0,3,2.75,3150,219978,2.0,0,0,4,9
20140625,2001,0,608000.0,4,2.5,2690,4736,2.0,0,0,3,7
20140622,1990,0,545000.0,4,2.5,2090,6023,2.0,0,0,3,8
20140610,2003,0,269000.0,3,2.5,1560,4200,2.0,0,0,3,7
20141212,2008,0,356500.0,4,2.5,2570,11473,2.0,0,0,3,8
20140801,1974,0,549000.0,5,2.5,1710,9720,2.0,0,0,4,8
20150415,1989,0,535000.0,3,2.75,2300,12197,2.0,0,0,3,8
20140505,1973,0,627000.0,4,2.25,1990,7712,1.0,0,0,3,8
20140822,1976,0,565000.0,3,2.0,2730,15677,2.5,0,3,3,9
20140923,2006,0,509000.0,2,2.0,1560,4675,1.0,0,0,3,8
20140505,1998,0,865000.0,4,3.0,3690,9892,2.0,0,0,3,10
20140619,1998,0,661000.0,4,2.5,2496,8058,2.0,0,0,3,9
20140916,1977,0,419950.0,3,2.25,2280,8500,1.0,0,0,4,7
20150416,2006,0,490000.0,4,3.5,3200,6420,2.0,0,0,3,9
20140813,1995,0,350000.0,3,2.0,1320,1298,3.0,0,0,3,7
20150511,2008,0,552500.0,3,2.5,2450,3582,2.0,0,0,3,9
20150311,1990,0,390000.0,3,2.5,2480,53250,2.0,0,0,3,9
20150303,2003,0,465000.0,3,2.5,1440,4473,2.0,0,0,3,7
20141218,2011,0,299900.0,4,2.5,1580,3632,2.0,0,0,3,7
20140718,2006,0,715000.0,3,3.25,3230,5000,2.0,0,0,3,9
20141210,2007,0,276000.0,3,2.5,2495,4400,2.0,0,0,3,8
20150105,1993,0,313000.0,4,2.5,2460,10320,2.0,0,0,3,8
20150409,1984,0,715000.0,3,2.5,3050,6000,1.0,0,3,3,8
20141212,1991,0,265000.0,3,2.25,1630,10969,2.0,0,0,3,7
20150324,2004,0,646000.0,3,2.75,2460,6413,2.0,0,0,3,9
20140731,1973,0,649000.0,3,2.5,3410,13809,1.0,0,3,4,10
20141126,1998,0,612000.0,3,3.0,2330,10327,1.0,0,0,3,9
20141205,2003,0,330000.0,4,2.5,2980,5674,2.0,0,0,3,8
20141112,1978,0,493000.0,3,2.25,1790,11393,1.0,0,0,3,8
20140627,1972,0,1620000.0,4,3.0,3900,9750,1.0,0,4,5,10
20150211,1972,0,1650000.0,4,3.0,3900,9750,1.0,0,4,5,10
20140513,1972,0,267345.0,4,2.25,2510,8165,1.0,0,0,4,7
20140516,1987,0,275000.0,3,2.5,1480,15639,2.0,0,0,3,8
20140620,1985,0,455000.0,3,2.25,1470,4653,2.0,0,0,4,7
20141103,2004,0,690000.0,3,2.5,2820,5001,2.0,0,0,3,9
20140826,1971,0,212000.0,4,1.75,1250,12705,1.0,0,0,4,7
20140813,1985,0,231500.0,4,2.25,2080,7526,1.0,0,0,4,7
20150430,1991,0,1237500.0,4,3.25,5180,49936,2.0,0,0,4,10
20140708,1990,0,378500.0,3,2.5,2860,43821,2.0,0,0,4,9
20140502,1989,0,482000.0,4,2.5,2710,35868,2.0,0,0,3,9
20141202,1989,0,965000.0,4,2.5,4070,57587,2.0,0,0,3,10
20141027,1972,0,387000.0,3,1.5,1340,6500,1.0,0,0,3,7
20150330,1977,0,347500.0,4,2.75,2290,7000,2.0,0,0,3,8
20140527,1973,0,375000.0,3,1.75,1440,8775,1.0,0,0,3,7
20141210,1993,0,620000.0,4,2.5,2580,7465,2.0,0,0,3,8
20141028,1999,0,337500.0,5,2.5,2070,4698,2.0,0,0,3,7
20140521,1987,0,1065000.0,2,1.75,1890,9466,2.0,0,0,3,8
20140821,1992,0,352500.0,3,2.0,1920,33630,1.0,0,0,3,8
20140617,1986,0,259000.0,3,2.0,1870,5909,1.0,0,0,3,7
20150415,1971,0,320000.0,2,1.0,900,7620,1.0,0,0,3,7
20140811,1989,0,733000.0,3,2.5,2160,9888,2.0,0,0,4,9
20140709,1990,0,561000.0,4,2.5,2570,5250,2.0,0,0,3,8
20140814,1985,0,540000.0,4,2.5,1850,7850,2.0,0,0,3,8
20140624,1992,0,379000.0,3,2.5,1740,30886,2.0,0,0,3,8
20150310,1989,0,399950.0,3,2.5,2000,30605,2.0,0,0,4,8
20150507,2002,0,355000.0,5,2.5,3220,5806,2.0,0,0,3,8
20140630,1989,0,1165000.0,3,3.0,3790,5001,2.0,0,0,3,10
20141003,1996,0,1599950.0,5,4.5,5130,43123,2.0,0,0,3,11
20140506,1987,0,606000.0,4,2.5,2110,13850,2.0,0,0,3,9
20150212,1993,0,677100.0,3,2.0,2110,9199,1.0,0,0,3,10
20150221,1984,0,465000.0,3,2.0,1430,7125,1.0,0,0,4,7
20140815,2004,0,4500000.0,5,5.5,6640,40014,2.0,1,4,3,12
20150504,1978,0,500000.0,3,2.0,3040,41072,1.0,0,0,4,8
20150312,1973,0,530000.0,3,2.25,1680,7262,1.0,0,0,5,7
20140923,1979,0,257500.0,3,1.75,1530,14087,1.0,0,0,3,7
20140706,1975,0,395000.0,3,1.75,1480,7700,1.0,0,0,3,8
20150511,1974,0,739000.0,3,2.25,2220,10530,1.0,0,0,4,8
20140929,1984,0,1272000.0,4,2.75,3200,13729,2.0,0,0,3,11
20150420,1983,0,925000.0,4,4.25,3770,13058,2.0,0,0,4,8
20140821,1977,0,895000.0,4,3.0,3500,13444,2.0,0,0,3,10
20141020,1977,0,610000.0,5,2.25,2520,11700,2.0,0,0,3,9
20140708,1987,0,645000.0,4,2.5,2850,37522,2.0,0,0,3,9
20150410,2007,0,259000.0,3,2.5,2153,4400,2.0,0,0,3,8
20140818,1990,0,980000.0,4,2.5,3780,10962,2.0,0,0,3,10
20140805,1977,0,1000000.0,6,2.75,3600,9675,1.0,0,2,4,9
20150107,1975,0,350000.0,5,2.75,2980,13482,1.0,0,0,4,8
20141223,1988,0,523000.0,4,2.5,2660,65340,2.0,0,0,3,8
20141203,1989,0,225000.0,3,2.5,1740,10050,2.0,0,0,3,7
20150309,1980,0,418200.0,3,2.25,2240,9542,1.0,0,1,3,7
20140603,1998,0,471000.0,4,2.5,3030,9687,2.0,0,0,3,8
20150409,2008,0,558000.0,3,2.5,1680,934,3.0,0,0,3,8
20150305,2000,0,1380000.0,6,4.5,5740,10312,2.0,0,2,3,11
20150318,1989,0,689000.0,4,2.5,2240,7350,2.0,0,0,3,9
20140715,1979,0,271900.0,3,1.75,1890,11875,1.0,0,0,3,7
20141210,1991,0,278000.0,4,2.5,1850,6037,2.0,0,0,3,7
20141105,1979,0,462000.0,3,2.75,1890,2614,2.0,0,0,4,9
20150413,1977,0,347500.0,3,1.0,1830,12036,1.0,0,0,3,7
20141209,2000,0,725786.0,4,2.5,3070,5762,2.0,0,0,3,10
20141106,2002,0,343000.0,3,3.25,1210,1173,2.0,0,0,3,8
20141029,2015,0,385195.0,1,1.0,710,6000,1.5,0,0,3,6
20140829,1981,0,415000.0,4,2.25,2240,12650,1.0,0,0,4,8
20140610,2002,0,369990.0,4,2.5,1960,7133,2.0,0,0,3,7
20140929,1999,0,349950.0,4,2.5,1820,3134,2.0,0,0,3,7
20150420,1972,0,542500.0,4,2.25,1750,10160,1.0,0,0,3,8
20141111,2011,0,830000.0,5,3.5,3700,5400,2.0,0,0,3,9
20141223,1976,0,705000.0,4,2.5,2910,20946,2.0,0,0,4,8
20140916,1976,0,675000.0,4,2.75,2240,8937,1.0,0,0,4,8
20150129,1975,0,485000.0,3,2.75,2650,12350,1.0,0,0,4,7
20140710,1976,0,610000.0,4,2.75,2600,36583,1.0,0,0,5,8
20150424,2005,0,305000.0,3,2.5,1714,3240,2.0,0,0,3,8
20140612,1984,0,405000.0,3,1.0,1330,15678,1.0,0,0,3,7
20140730,2001,0,1110000.0,5,3.5,7350,12231,2.0,0,4,3,11
20150424,1981,0,365000.0,3,1.75,1380,9134,1.0,0,0,5,7
20150408,1987,0,1000750.0,3,2.75,3070,10739,2.0,0,0,3,10
20150324,1993,0,354450.0,4,2.75,2140,9920,2.0,0,0,3,8
20141204,1971,0,320000.0,3,1.0,1330,9540,1.0,0,0,4,7
20140724,2008,0,410000.0,3,2.5,1740,4948,2.0,0,0,3,7
20141106,1993,0,390000.0,3,3.0,1490,2944,2.0,0,0,3,7
20150219,2004,0,298500.0,4,2.5,1890,5954,2.0,0,0,3,7
20140905,1989,0,749999.0,5,2.25,3060,13630,2.0,0,0,3,10
20150114,1978,0,570000.0,3,2.75,2730,11936,2.0,0,2,3,8
20150220,1971,0,278500.0,4,1.0,1540,8400,1.0,0,0,3,7
20141115,1975,0,700000.0,4,1.75,2340,9100,1.0,0,0,3,8
20140728,1995,0,535000.0,4,2.75,2710,45963,2.0,0,0,3,9
20140806,1973,0,374150.0,3,1.75,1390,9585,1.0,0,0,4,7
20150317,2006,0,397000.0,4,2.5,2201,9542,2.0,0,0,3,8
20140918,1988,0,613000.0,3,2.25,1960,10385,1.0,0,0,3,8
20140910,2003,0,340000.0,5,2.75,2440,6858,2.0,0,0,3,8
20150108,2005,0,388000.0,4,2.5,2560,5800,2.0,0,0,3,9
20150403,1987,0,405000.0,4,2.5,2620,9359,2.0,0,0,3,9
20140714,2000,0,726000.0,5,3.0,2970,10335,2.0,0,0,3,9
20140514,1986,0,266000.0,3,2.5,1780,7214,1.0,0,0,4,7
20150228,1996,0,352000.0,4,2.5,1252,25002,1.0,0,0,3,8
20150206,2014,0,856000.0,3,2.5,2160,3920,2.0,0,0,3,9
20140724,2006,0,346950.0,3,2.5,2040,4348,2.0,0,0,4,8
20140617,2014,0,866059.0,5,3.5,3130,4797,2.0,0,0,3,9
20150129,2004,0,410000.0,3,2.5,2350,4456,2.0,0,0,3,7
20140708,1982,0,370000.0,3,1.75,1570,16817,2.0,0,0,3,7
20141010,1999,0,400000.0,2,2.0,1520,5010,1.0,0,0,3,7
20150407,1998,0,860000.0,4,3.5,3950,9600,2.0,0,0,3,10
20150414,1977,0,420000.0,4,2.25,2030,12000,2.0,0,0,3,7
20150428,1996,0,549950.0,3,2.5,2160,6288,2.0,0,0,3,8
20140805,2003,0,960000.0,5,3.5,4510,16305,2.0,0,0,3,10
20150218,1980,0,509250.0,3,2.5,2100,7600,1.0,0,0,4,7
20141118,1987,0,416000.0,3,2.5,1800,5372,2.0,0,0,3,8
20150429,1973,0,212000.0,3,1.5,1010,10000,1.0,0,0,4,7
20141029,1985,0,325900.0,3,2.5,2040,9765,2.0,0,0,3,8
20140801,1996,0,560000.0,3,3.5,2270,4088,2.0,0,0,3,8
20140924,1987,0,275000.0,3,2.5,1730,5799,2.0,0,0,4,7
20150309,1994,0,665000.0,4,2.5,2480,15411,2.0,0,2,3,8
20140909,1979,0,359950.0,3,1.75,1570,6975,1.0,0,0,3,7
20150123,2005,0,340000.0,4,2.75,3527,7200,2.0,0,0,3,7
20150429,2004,0,638500.0,4,2.5,1980,6568,2.0,0,0,3,8
20141226,1973,0,524000.0,4,1.0,1980,7015,1.0,0,0,3,7
20141108,2013,0,1610000.0,5,3.75,3530,13260,2.0,0,0,3,10
20140825,1979,0,828000.0,4,2.5,2120,10841,1.0,0,0,4,8
20141017,1984,0,223000.0,3,1.75,1360,10573,1.0,0,0,4,7
20150102,1981,0,1289000.0,4,3.5,3100,2261,2.0,0,2,3,9
20141204,1994,0,310000.0,4,2.5,1930,7014,2.0,0,0,3,8
20140701,1987,0,274900.0,4,2.5,1970,6600,2.0,0,0,3,7
20140609,1980,0,525000.0,3,3.0,2470,36445,2.0,0,0,4,8
20140521,1981,0,195000.0,3,1.75,1380,7350,1.0,0,0,3,7
20150305,1980,0,385000.0,4,3.0,2740,10925,1.0,0,0,3,8
20140926,2002,0,522000.0,4,2.5,2835,6598,2.0,0,0,3,8
20140603,1999,0,503000.0,3,2.5,2190,4882,2.0,0,0,3,9
20150212,1979,0,175000.0,5,1.75,1680,8400,1.0,0,0,4,7
20150320,2014,0,963990.0,4,3.5,3915,6364,2.0,0,0,3,9
20141205,2001,0,450000.0,2,3.0,1790,1709,2.0,0,0,3,7
20140911,1984,0,248000.0,3,2.5,2120,6840,1.0,0,0,3,7
20150313,2002,0,459950.0,3,2.5,2340,4273,2.0,0,0,3,7
20150410,1994,0,425000.0,3,2.0,1180,1800,2.0,0,2,3,8
20140903,1979,0,460000.0,3,2.25,2080,50965,1.0,0,0,3,8
20141111,1995,0,256000.0,3,2.5,1480,7200,2.0,0,0,5,7
20150120,1984,0,864000.0,3,2.75,3060,13554,2.0,0,0,3,10
20140821,1977,0,865000.0,5,3.0,2900,6730,1.0,0,0,5,8
20140731,1973,0,450000.0,4,1.75,1980,7350,1.0,0,0,3,7
20150325,1978,0,675500.0,4,2.75,2060,21344,1.0,0,0,2,8
20141111,2005,0,1324050.0,3,3.25,3440,4080,2.0,0,0,3,9
20141201,1984,0,490000.0,3,1.75,1600,16510,1.0,0,0,3,8
20141120,1981,0,375000.0,3,1.75,1430,10574,2.0,0,0,3,7
20150320,1980,0,478000.0,3,1.0,1440,7107,1.0,0,0,4,7
20150128,1977,0,282000.0,3,1.0,1670,5200,1.0,0,0,5,7
20141031,1976,2007,1400000.0,4,4.5,3080,10550,2.0,0,3,3,8
20150210,1972,0,593500.0,5,3.25,4300,50405,2.0,0,0,3,8
20141020,2004,0,724950.0,4,3.5,3010,174240,2.0,0,0,3,9
20140609,1975,0,341000.0,4,1.75,1920,7665,1.0,0,0,4,8
20141120,1992,0,534000.0,5,2.0,2280,3600,2.0,0,0,3,7
20140721,2003,0,635000.0,6,2.5,3880,5700,2.0,0,0,3,7
20140923,2000,0,582000.0,4,3.0,1670,1189,3.0,0,0,3,8
20140729,2004,0,799000.0,4,2.5,3400,6742,2.0,0,0,3,9
20140908,1999,0,423700.0,3,2.5,2070,3986,2.0,0,0,3,8
20150127,1995,0,1835000.0,4,3.5,4870,39190,2.0,0,0,3,12
20140813,1988,0,322000.0,3,2.0,1760,43575,1.0,0,0,3,7
20141105,2002,0,929000.0,4,3.25,4030,57499,2.0,0,0,3,9
20140708,1979,0,875000.0,4,3.5,3110,108464,2.0,0,2,4,8
20140908,1974,0,425000.0,3,2.25,1630,10500,1.0,0,0,3,7
20140601,1978,0,660000.0,4,1.75,2780,9900,2.0,0,0,4,10
20150407,1992,0,499000.0,4,2.75,2250,14149,2.0,0,0,3,9
20150303,1974,0,521000.0,3,1.75,1720,37363,1.0,0,0,4,8
20150408,1998,0,293000.0,4,2.25,2360,6260,2.0,0,0,3,7
20140712,2011,0,335000.0,3,2.25,1530,4580,2.0,0,0,3,7
20150225,2005,0,195000.0,2,2.0,1180,2553,2.0,0,0,3,6
20150202,1989,0,334000.0,3,2.25,1840,9781,2.0,0,0,3,7
20150217,1982,0,149900.0,2,1.75,1090,1950,1.0,0,0,4,8
20140708,1991,0,1049000.0,4,3.75,4740,126759,2.0,0,0,4,10
20140508,1977,0,402000.0,3,2.5,1960,8000,1.0,0,0,4,7
20141203,1981,0,520000.0,3,2.25,2510,43995,2.0,0,0,3,8
20141204,1980,0,205000.0,3,1.75,1420,6980,1.0,0,0,5,7
20140902,2004,0,635000.0,3,2.25,2680,175982,1.0,0,0,3,9
20140605,1999,0,798000.0,3,3.5,3590,6402,2.0,0,0,3,10
20140602,1972,0,1250000.0,5,3.25,3160,13238,2.0,0,0,5,8
20141007,2003,0,579950.0,3,3.5,1420,1217,2.0,0,0,3,8
20150211,1980,0,476000.0,3,2.25,1570,7187,1.0,0,0,4,8
20140902,1991,0,738000.0,5,3.5,2790,16952,2.0,0,2,3,10
20140815,2003,0,772000.0,4,2.5,2990,9643,2.0,0,0,3,9
20150505,1999,0,570000.0,3,2.5,1910,4941,2.0,0,0,3,8
20141101,2004,0,353000.0,3,2.5,1250,864,3.0,0,0,3,8
20140801,2002,0,699000.0,5,2.5,3340,24755,2.0,0,0,3,10
20150430,1989,0,167000.0,1,1.0,780,10235,1.5,0,0,3,6
20150311,2004,0,1010000.0,4,3.5,3500,4080,2.0,0,2,3,9
20150122,2002,0,380000.0,4,2.5,2100,5857,2.0,0,0,3,8
20150310,1996,0,685530.0,4,2.5,3130,60467,2.0,0,0,3,9
20140717,2003,0,335000.0,3,3.0,1430,1249,3.0,0,0,3,8
20140603,1980,0,550000.0,4,2.5,2170,9600,1.0,0,0,3,7
20140525,1984,0,325000.0,4,3.5,2630,3435,1.5,0,3,3,7
20140725,1997,0,635000.0,4,2.5,2490,40608,2.0,0,0,3,9
20140708,1980,0,580000.0,4,2.5,2130,35752,1.0,0,0,3,8
20141014,1978,0,313000.0,4,1.75,1630,3000,1.0,0,0,3,7
20140904,2004,0,438000.0,4,2.5,1970,8545,2.0,0,0,3,8
20150316,1987,0,1195000.0,3,2.25,3070,9645,2.0,0,0,3,10
20140922,1984,0,900000.0,4,2.5,3620,42580,2.0,0,0,3,10
20150504,1975,0,378000.0,3,1.5,1050,57499,1.0,0,0,3,7
20140912,1978,0,196000.0,3,1.0,880,19600,1.0,0,0,4,7
20141008,1985,0,855000.0,3,2.25,3440,10628,2.0,0,2,3,10
20140829,1978,0,483000.0,3,1.75,2110,10454,1.0,0,0,4,8
20140702,1993,0,435000.0,3,2.5,1900,7984,2.0,0,0,3,8
20140930,2007,0,219500.0,1,1.0,820,1060,1.0,0,0,3,8
20140829,1996,0,2950000.0,4,3.5,4860,23885,2.0,0,0,3,12
20140916,2008,0,427000.0,3,2.5,2050,3218,3.0,0,0,3,7
20140625,1990,0,299950.0,3,2.5,1870,7942,2.0,0,0,3,7
20140625,1995,0,740000.0,4,2.5,3000,10392,2.0,0,0,3,9
20141104,1988,0,392000.0,4,2.5,2300,41167,2.0,0,0,3,7
20141203,1989,0,590000.0,3,2.5,3360,218235,1.0,0,0,3,8
20150410,1989,0,425000.0,4,2.5,1920,9000,2.0,0,0,2,7
20140807,1983,0,313500.0,3,2.25,1440,3488,2.0,0,0,4,7
20150212,2004,0,570000.0,3,2.0,1400,1657,2.0,0,0,3,8
20140520,1982,0,639000.0,4,2.5,2150,12028,2.0,0,0,4,8
20150506,1980,0,307450.0,4,2.75,2690,8874,1.0,0,0,3,8
20150512,2003,0,228800.0,4,2.5,1470,1612,2.0,0,0,3,7
20140513,2006,0,530000.0,2,2.0,1680,4950,1.0,0,0,3,8
20140619,2004,0,945000.0,2,2.5,2540,7089,2.0,0,0,3,9
20150417,1985,0,219950.0,3,1.5,1070,6601,1.0,0,0,3,6
20150331,1982,0,540000.0,3,1.75,2110,7129,1.0,0,0,3,8
20150401,1979,0,502000.0,3,2.75,2010,11200,1.0,0,0,3,8
20150224,2003,0,279000.0,2,2.75,1770,10534,1.0,0,0,3,8
20140702,1983,0,453000.0,3,2.0,1660,15050,1.0,0,0,3,7
20140523,1992,0,550000.0,3,2.5,2510,5400,2.0,0,0,3,9
20141007,1978,0,505000.0,4,3.0,2280,7400,1.0,0,0,3,7
20140619,1994,0,770000.0,3,2.5,2650,40705,2.0,0,0,3,9
20140509,1984,0,565000.0,4,2.25,2470,7447,2.0,0,0,3,8
20140820,1971,0,316000.0,3,0.75,1270,10092,1.0,0,0,5,7
20141219,1999,0,1799000.0,4,3.5,3930,39098,2.0,0,0,3,12
20150218,2004,0,2298000.0,4,4.25,4070,13860,2.0,0,3,3,10
20140814,1989,0,763776.0,4,2.5,2750,16139,2.0,0,0,3,9
20150211,1996,0,362000.0,1,1.0,890,211576,1.5,0,0,3,7
20140911,1989,0,445000.0,4,2.5,2170,5257,2.0,0,0,3,7
20150313,2000,0,525000.0,3,2.5,2200,4544,2.0,0,0,3,8
20150106,1979,0,272000.0,4,1.75,2520,10890,1.0,0,0,3,7
20140724,1988,0,716000.0,3,2.5,2270,7866,1.0,0,0,4,10
20140522,1987,0,770000.0,4,2.5,2350,8001,2.0,0,0,4,8
20150108,1984,0,387000.0,3,2.25,1760,45133,2.0,0,0,3,7
20140620,1974,0,790000.0,4,1.75,2050,10920,1.0,0,3,3,8
20150213,2008,0,400000.0,2,2.5,1410,1281,2.0,0,0,3,8
20150513,2008,0,325000.0,2,2.5,1170,1638,2.0,0,0,3,8
20140929,2002,0,365000.0,4,2.5,2540,6688,2.0,0,0,3,9
20150323,1984,0,985000.0,5,3.5,3890,13261,2.0,0,1,3,9
20140710,1974,0,200000.0,4,2.0,2090,6630,1.0,0,0,3,7
20140519,1993,0,280000.0,3,2.5,1270,9675,2.0,0,0,3,8
20150106,2002,0,325000.0,4,2.5,2260,5702,2.0,0,0,3,8
20140820,1995,0,495000.0,3,2.5,1780,47480,2.0,0,0,3,7
20140702,1983,0,2288000.0,4,2.5,4080,18362,2.0,0,2,4,11
20150428,1979,0,329500.0,3,2.5,2120,22482,1.0,0,0,5,7
20140805,1989,0,348000.0,3,2.5,2060,7458,2.0,0,0,3,9
20141002,1995,0,247500.0,3,2.0,1530,8749,1.0,0,0,3,7
20140820,2006,0,1500000.0,4,5.5,6550,217374,1.0,0,0,3,11
20141022,1987,0,400000.0,3,1.75,1470,6682,1.0,0,0,3,7
20140917,2011,0,870000.0,4,3.0,2940,7108,2.0,0,1,3,9
20150306,1989,0,196000.0,3,1.5,1000,18568,1.0,0,0,3,6
20140923,2005,0,775000.0,4,2.5,3310,5101,2.0,0,0,3,9
20140801,2001,0,483500.0,3,2.5,1670,4308,2.0,0,0,3,8
20150402,1990,0,387000.0,3,1.5,1620,21929,2.0,0,0,3,7
20150205,2006,0,380000.0,0,0.0,1470,979,3.0,0,2,3,8
20141117,2005,0,1320000.0,4,5.25,6110,10369,2.0,0,0,3,11
20141020,2013,0,527000.0,4,2.5,2900,6736,2.0,0,0,3,8
20140707,1981,0,775000.0,4,3.25,4100,241322,2.0,0,0,3,9
20150421,2006,0,275000.0,2,1.5,1160,1103,2.0,0,0,3,7
20150205,1997,0,390000.0,3,2.5,1910,4755,2.0,0,0,3,8
20150323,1973,0,178500.0,3,1.75,1120,10450,1.0,0,0,3,7
20140604,1985,0,485000.0,3,2.5,2340,59058,1.0,0,0,3,8
20150327,1982,0,215000.0,3,1.5,1410,8415,1.0,0,0,4,7
20140820,2004,0,580000.0,3,2.5,1590,1937,2.5,0,0,3,8
20140905,2005,0,389000.0,3,2.5,1720,4515,2.0,0,0,3,7
20140521,1997,0,288400.0,3,2.25,1870,3230,2.0,0,0,3,7
20140911,1989,0,1899000.0,2,2.75,3690,32044,2.0,1,4,3,12
20150220,1971,0,415000.0,3,1.0,1360,73616,1.0,0,0,3,7
20140916,1979,0,452250.0,4,2.25,2550,10000,1.0,0,0,4,7
20150406,1985,0,316000.0,3,2.5,2550,8170,2.0,0,0,3,8
20141217,1986,0,490000.0,3,2.5,1890,10190,2.0,0,0,3,8
20140505,1978,0,410000.0,3,2.25,1800,36704,1.0,0,0,4,8
20141028,1999,0,520000.0,3,2.5,2160,4297,2.0,0,0,3,9
20141205,2006,0,325000.0,3,2.5,2550,4240,2.0,0,0,3,7
20140620,1995,0,850000.0,3,2.25,2870,8170,2.0,0,0,3,10
20140806,1990,0,285000.0,3,2.5,1940,9874,2.0,0,0,3,7
20140717,1996,0,440000.0,3,2.0,1550,2401,2.0,0,0,3,7
20140811,2001,0,515000.0,3,2.5,3430,48993,2.0,0,0,3,9
20150129,2000,0,805000.0,5,2.5,3320,7266,2.0,0,0,3,9
20140815,2002,0,375000.0,2,1.5,1160,1648,2.0,0,0,3,7
20141204,1977,0,528000.0,5,2.25,2940,38009,1.0,0,0,3,8
20150407,2006,0,537000.0,4,4.25,4883,26040,2.0,0,3,3,10
20150414,1978,2006,375000.0,3,1.75,1370,19550,1.0,0,0,3,7
20141121,2005,0,637250.0,4,2.5,2120,3220,2.0,0,0,3,9
20150331,2004,0,700000.0,4,2.5,2770,89298,2.0,0,0,3,8
20140917,2005,0,632500.0,5,3.25,3500,7254,2.0,0,0,3,8
20140724,2005,0,269000.0,3,2.5,1440,3800,2.0,0,0,3,7
20141125,1978,0,405000.0,4,2.75,2360,7716,1.0,0,0,3,7
20140724,1986,0,845000.0,3,3.5,3460,15745,2.0,0,0,3,10
20150218,2003,0,270000.0,4,2.5,2350,5835,2.0,0,0,3,8
20140717,1982,0,299000.0,3,2.25,1920,7840,2.0,0,0,4,8
20140604,1992,0,1901000.0,3,2.5,2660,13367,2.0,0,2,3,10
20141010,1978,0,965000.0,4,3.25,5010,49222,2.0,0,0,5,9
20141216,1999,0,475000.0,4,2.25,2680,4673,2.0,0,0,3,7
20141020,2008,0,374950.0,2,2.25,1240,1172,2.0,0,0,3,8
20141216,1979,0,739000.0,5,4.0,4660,9900,2.0,0,2,4,9
20141217,1975,0,271000.0,4,1.75,1710,7200,1.0,0,0,5,7
20140613,1986,0,230000.0,2,1.0,930,7550,1.0,0,0,3,6
20150427,1984,0,210000.0,3,2.25,1430,9150,1.0,0,0,3,7
20150224,1988,0,350000.0,3,2.75,1650,5700,2.0,0,0,4,7
20140909,1994,0,325000.0,3,2.5,1870,9825,1.0,0,0,4,7
20141006,1987,0,190000.0,3,2.0,1320,7625,1.0,0,0,3,7
20150205,1977,0,240000.0,3,1.75,1630,9450,1.0,0,0,4,7
20150504,1995,0,530000.0,4,2.5,2940,35996,2.0,0,0,3,9
20150415,2007,0,1900000.0,3,3.75,3150,8550,2.0,0,0,3,10
20141126,1985,0,580000.0,3,2.5,2180,40278,2.0,0,0,3,9
20140822,1998,0,935000.0,3,3.25,3710,38509,2.0,0,0,3,10
20141007,1974,0,732000.0,4,1.75,2360,11300,1.0,0,0,4,9
20141202,1990,0,800000.0,4,2.5,4600,67369,2.0,0,0,3,10
20140903,1979,0,600000.0,3,2.25,2100,8276,2.0,0,1,4,8
20150317,1982,0,627800.0,4,1.75,2010,12044,1.0,0,0,3,9
20141009,1986,0,153503.0,2,2.5,1240,3649,2.0,0,0,3,7
20150120,1975,0,456500.0,3,2.25,2090,9163,1.0,0,0,3,7
20140801,2002,0,1306000.0,5,2.5,2770,8100,2.0,0,0,3,9
20141207,1997,0,843500.0,3,2.5,3560,11448,2.0,0,0,3,11
20140620,2000,0,725000.0,4,3.25,3940,27591,2.0,0,3,3,9
20141015,2000,0,315000.0,1,1.0,580,7200,1.0,0,0,3,6
20140924,1978,0,180000.0,3,1.75,1330,16000,1.0,0,0,3,7
20140819,1990,0,295000.0,4,2.5,1850,6663,2.0,0,0,3,7
20150129,1990,0,875000.0,4,2.5,3600,21794,2.0,0,0,4,11
20140725,1989,0,282000.0,4,2.75,2390,7330,2.0,0,0,3,7
20140606,1990,0,545000.0,4,2.5,2040,6034,2.0,0,0,3,7
20140513,1981,0,289000.0,3,1.0,1090,7315,1.0,0,0,5,6
20141113,2003,0,430000.0,3,2.5,2030,7770,2.0,0,0,3,8
20140718,1980,0,208000.0,3,2.0,1250,7995,1.0,0,0,4,7
20140708,1978,0,245000.0,4,2.25,2600,6390,1.0,0,0,3,8
20140801,2006,0,400000.0,3,2.5,2120,3742,2.0,0,0,3,7
20150217,1977,0,428000.0,3,2.5,2230,32660,1.0,0,0,4,8
20140506,1980,0,325000.0,4,2.5,1890,6156,1.0,0,0,3,7
20150319,1977,0,410000.0,3,1.75,1880,8424,1.0,0,0,4,7
20141120,1985,0,445000.0,3,2.25,1850,4050,2.0,0,0,4,7
20140502,1985,0,452500.0,3,2.5,2430,88426,1.0,0,0,4,7
20140924,1984,0,549900.0,5,3.0,3800,42316,1.5,0,0,4,9
20140716,1974,0,318500.0,4,2.0,1780,7350,1.0,0,0,5,7
20140611,2007,0,487028.0,2,1.5,1295,1093,2.0,0,0,3,9
20141010,1977,0,368500.0,2,1.75,2510,19141,2.0,0,0,3,9
20141201,1993,0,299000.0,3,2.5,2450,7062,2.0,0,0,3,8
20140514,1998,0,265000.0,3,2.0,1570,5706,1.0,0,0,3,7
20141111,1998,0,437500.0,4,2.5,2680,7513,2.0,0,0,3,8
20150311,1988,0,626000.0,3,2.0,2150,7200,1.0,0,0,3,8
20141028,2009,0,247300.0,2,2.0,1140,1118,2.0,0,0,3,7
20140623,1997,0,2075000.0,4,3.5,4230,20377,2.0,0,0,3,11
20140827,1990,0,641250.0,3,2.5,2220,2550,3.0,0,2,3,10
20150331,1984,0,675000.0,4,2.5,2370,9679,2.0,0,0,3,8
20140613,2002,0,845000.0,4,2.75,4070,115434,2.0,0,0,3,9
20140923,1987,0,395000.0,3,2.5,1610,3755,2.0,0,0,3,7
20150427,1993,0,304000.0,3,2.5,1710,6773,2.0,0,0,3,8
20141114,1992,0,454000.0,3,2.0,1700,10000,2.0,0,0,3,8
20150316,2003,0,418000.0,4,2.5,2750,8471,2.0,0,0,3,7
20140923,1978,0,242500.0,3,2.25,1770,10000,1.0,0,0,3,7
20150407,2003,0,425000.0,4,2.5,2460,5440,2.0,0,0,3,9
20141230,1995,0,189000.0,3,2.0,1460,11481,1.0,0,0,2,7
20140609,2000,0,700000.0,4,3.0,3150,7778,2.0,0,0,3,9
20150403,2007,0,705000.0,2,2.5,2305,5580,1.0,0,0,3,8
20140522,1977,0,356000.0,2,1.75,1060,16470,1.0,0,0,3,7
20140522,1984,0,625000.0,3,1.75,2060,12558,1.0,0,0,4,7
20140728,2004,0,970000.0,4,4.5,3890,5906,2.0,0,3,3,11
20140606,1977,0,415000.0,3,1.75,1910,12596,1.0,0,0,3,7
20140505,1979,0,485000.0,4,3.0,2340,7048,1.0,0,0,4,8
20141107,1997,0,799950.0,3,3.0,2900,11769,2.0,0,0,3,10
20150429,1991,0,783350.0,4,2.5,3290,35001,2.0,0,0,3,10
20140618,1991,0,975000.0,4,2.5,4270,43386,1.0,0,0,3,10
20141103,2008,0,637000.0,4,2.75,2850,7510,2.0,0,0,3,8
20150219,1991,0,895000.0,3,2.0,2160,105415,1.0,0,0,3,10
20140508,1997,0,553650.0,2,2.5,1360,1349,2.0,0,0,3,8
20150203,2007,0,369900.0,2,2.5,1770,1853,3.0,0,0,3,8
20140528,1979,0,225000.0,3,2.0,2030,24829,1.0,0,0,4,7
20140716,1977,0,542126.0,4,2.5,2360,43088,2.0,0,0,3,8
20140919,1985,0,309950.0,3,1.5,1200,15606,1.0,0,0,3,7
20140826,1991,0,756000.0,4,2.5,2730,10753,2.0,0,0,3,9
20140521,1979,0,442000.0,4,2.25,2080,12007,1.0,0,0,4,8
20140702,1975,0,260000.0,4,2.0,1620,7992,2.0,0,0,4,7
20150312,1997,0,445000.0,3,2.0,1540,67953,1.0,0,0,3,7
20141105,1986,0,732350.0,4,2.5,2270,7665,2.0,0,0,3,9
20140605,2005,0,297500.0,4,2.5,1910,5000,2.0,0,0,3,7
20150505,2003,0,414000.0,4,2.5,2120,6497,2.0,0,0,3,7
20140821,1988,0,370000.0,3,2.25,1650,4859,2.0,0,0,3,7
20141017,1998,0,216000.0,3,2.0,1260,4125,1.0,0,0,3,6
20141020,1977,0,1280600.0,4,2.5,3560,15450,1.0,0,1,5,8
20150217,1988,0,355000.0,2,1.5,1140,2500,1.0,0,1,3,7
20140911,1988,0,699000.0,4,2.5,2550,7312,2.0,0,0,3,9
20140902,2014,0,412000.0,3,2.5,1553,1991,3.0,0,0,3,8
20140625,2007,0,762000.0,4,3.5,4000,15253,2.0,0,0,3,9
20150420,1976,0,419600.0,3,1.75,1680,8460,1.0,0,0,3,7
20150422,2011,0,1234570.0,2,2.5,2470,609,3.0,0,0,3,11
20140707,1985,0,445000.0,2,2.0,1240,2500,2.0,0,0,3,7
20150106,1974,1989,665000.0,3,2.0,1740,41275,1.0,0,0,3,8
20150317,2002,0,1290000.0,5,3.5,4090,290980,1.0,0,0,3,11
20141208,1979,0,508500.0,4,2.75,2520,12500,2.0,0,0,3,8
20141021,1979,0,460000.0,4,2.75,2200,9676,1.0,0,0,3,8
20150217,1977,0,749700.0,3,1.75,2280,77972,1.0,0,0,3,8
20140805,1999,0,288000.0,0,1.5,1430,1650,3.0,0,0,3,7
20140513,2006,0,373000.0,5,2.5,3001,5710,2.0,0,0,3,8
20140602,2008,0,275000.0,3,2.0,1380,4500,1.0,0,0,3,7
20141021,2004,0,1165000.0,5,3.75,4220,15959,2.0,0,0,3,11
20140926,1978,0,598500.0,3,2.25,2520,12000,1.0,0,0,3,10
20150203,1979,0,415000.0,3,2.25,2180,11100,1.0,0,0,5,8
20150422,2001,0,595000.0,3,2.5,1910,3075,2.0,0,0,3,8
20150507,1973,0,568000.0,3,1.75,1760,235224,1.0,0,0,3,7
20150425,1995,0,1078000.0,4,2.75,3160,42733,2.0,0,0,3,9
20150116,1977,0,790000.0,4,3.0,3120,157875,2.0,0,0,4,8
20141125,1982,0,150000.0,2,1.0,720,212137,1.0,0,0,3,5
20141030,1999,0,790000.0,3,3.0,2840,206910,2.0,0,0,3,10
20140521,1988,0,619420.0,4,2.75,2450,14803,2.0,0,0,4,9
20140519,1980,0,256500.0,2,1.0,1120,9912,1.0,0,0,4,6
20150123,2005,0,695000.0,4,2.5,3010,11393,2.0,0,0,3,8
20150410,2004,0,454200.0,4,2.5,2630,5379,2.0,0,0,3,8
20140605,1983,0,749950.0,4,2.75,3110,35235,2.0,0,0,4,9
20141019,1999,0,338500.0,3,1.75,2130,5489,1.0,0,0,3,8
20140722,1992,0,1250000.0,4,3.75,4520,9240,1.5,0,2,3,10
20140711,1993,0,299950.0,3,2.5,1600,9830,2.0,0,0,4,8
20140826,1973,0,434000.0,4,3.0,2010,8171,2.0,0,0,3,8
20140701,1978,0,328950.0,4,1.75,2550,8976,1.0,0,0,5,7
20150429,1978,0,570000.0,4,2.0,2000,46902,2.0,0,0,3,8
20140916,2014,0,802000.0,3,2.25,2170,5001,2.0,0,0,3,8
20150218,2005,0,277500.0,2,1.5,1190,1236,3.0,0,0,3,7
20140512,1975,0,1575000.0,5,2.75,3650,20150,1.0,0,0,4,10
20150416,1979,0,865000.0,5,3.0,2830,8854,1.0,0,0,4,8
20140507,1974,0,310000.0,3,1.75,1840,10723,1.0,0,0,4,7
20140910,2003,0,470000.0,5,3.75,3860,6901,2.0,0,0,3,7
20150423,2002,0,430000.0,3,1.5,1810,349351,1.5,0,0,3,7
20150501,1999,0,310000.0,2,2.0,1030,2271,3.0,0,0,3,7
20140610,1971,0,175000.0,6,1.5,1930,8400,1.0,0,0,3,7
20150107,1971,0,326000.0,6,1.5,1930,8400,1.0,0,0,3,7
20140819,2003,0,335000.0,4,2.5,2210,7214,2.0,0,0,3,8
20141001,2002,0,1015000.0,4,2.5,2700,4590,2.0,0,0,3,8
20140826,1992,0,805000.0,4,2.5,3160,35225,2.0,0,1,3,9
20150105,1979,0,652427.0,4,2.25,2770,13129,2.0,0,0,4,8
20141106,1999,0,355000.0,4,2.5,2570,6466,2.0,0,0,3,9
20140708,1984,0,557500.0,3,2.25,1820,9670,2.0,0,0,3,8
20150316,1971,0,385000.0,3,1.0,1070,4000,1.0,0,0,4,7
20140718,1990,0,529000.0,3,2.25,1940,217800,2.0,0,0,3,9
20140820,2008,0,417000.0,3,2.5,1300,877,2.0,0,0,3,7
20140813,1983,0,299000.0,3,1.75,2100,15480,1.0,0,0,3,7
20141121,1992,0,277950.0,3,2.5,2100,6021,2.0,0,0,3,7
20141219,1996,0,770000.0,3,2.75,2070,54557,2.0,0,0,3,8
20141008,1989,0,760000.0,4,2.5,2960,28005,2.0,0,0,3,10
20150126,2004,0,230000.0,2,2.0,1300,3608,1.0,0,0,3,7
20141002,1994,0,525000.0,4,2.5,2520,7731,2.0,0,0,3,9
20140926,1978,0,680000.0,4,2.5,3030,13068,2.0,0,0,3,9
20140708,1993,0,330000.0,3,2.25,2220,4060,1.0,0,0,3,7
20140812,1987,0,221000.0,3,2.25,1430,5999,2.0,0,0,3,7
20150320,1985,0,432250.0,3,2.25,1440,6232,2.0,0,0,3,7
20150123,1977,0,478000.0,3,2.25,1570,9500,1.0,0,0,4,7
20140605,2006,0,495000.0,5,3.0,2440,4750,1.0,0,0,3,9
20140626,1997,0,550000.0,4,2.5,2150,27540,2.0,0,0,3,8
20140919,1994,0,350000.0,3,2.5,2440,18674,2.0,0,0,4,8
20140516,1986,0,248000.0,4,3.5,1850,6519,2.0,0,0,3,7
20140814,2014,0,889000.0,4,3.5,3210,5000,3.0,0,0,3,9
20150102,1977,0,625000.0,3,2.25,1920,8412,1.0,0,2,3,8
20150213,2007,0,502500.0,5,2.5,2430,6168,2.0,0,0,3,8
20150407,1976,0,484000.0,3,1.75,1950,17400,1.0,0,0,3,7
20140821,1987,0,610000.0,3,2.5,2060,8893,2.0,0,0,3,8
20140717,1986,0,322500.0,4,2.25,2140,9377,2.0,0,0,4,8
20150324,1993,0,464000.0,4,2.5,3140,12591,2.0,0,0,3,9
20150203,2003,0,280000.0,2,1.5,800,1196,2.0,0,0,3,8
20140912,1994,0,850000.0,3,2.5,3300,11570,2.0,0,0,3,9
20140513,1994,0,525000.0,5,3.0,2450,4591,2.0,0,0,3,7
20140807,1979,0,410000.0,3,1.75,1440,7112,1.0,0,0,3,7
20141231,1989,0,406500.0,3,2.75,1840,68479,1.0,0,2,3,8
20150414,1989,0,803000.0,4,2.5,2790,7673,2.0,0,0,3,9
20150218,1979,0,593700.0,3,2.5,2000,22000,2.0,0,0,3,8
20150401,1979,0,335000.0,6,2.0,2020,7071,1.0,0,0,3,7
20150423,1975,0,938000.0,4,2.5,2410,9886,1.0,0,0,5,8
20150407,1993,0,370000.0,4,2.75,2310,14745,1.0,0,0,3,7
20150402,2003,0,335000.0,5,2.5,2400,4548,2.0,0,0,3,7
20150318,1992,0,245000.0,3,2.5,1770,6187,2.0,0,0,3,7
20140729,1990,0,308550.0,3,2.0,1600,13200,1.0,0,0,3,7
20140903,1993,0,715000.0,4,2.5,2970,29163,2.0,0,0,3,9
20140821,2003,0,634000.0,3,2.5,2490,4904,2.0,0,0,3,9
20140717,1990,0,350000.0,3,1.75,1250,13775,1.0,0,2,3,7
20140815,1989,0,1288000.0,4,3.5,3700,13175,2.0,0,0,4,11
20140929,2004,0,681000.0,4,2.5,3860,5130,2.0,0,0,3,8
20140629,2007,0,397000.0,3,3.5,1360,1275,2.0,0,0,3,8
20140926,1996,0,775000.0,4,2.5,3890,34513,2.0,0,0,3,10
20140909,1985,0,158000.0,3,2.5,1520,7200,2.0,0,0,4,7
20140723,2005,0,590000.0,3,2.0,2420,208652,1.5,0,0,3,8
20140902,2004,0,772500.0,5,2.75,3890,9130,2.0,0,0,3,9
20140722,1990,0,620000.0,3,2.25,2190,45738,1.0,0,0,3,8
20140617,1985,0,475000.0,3,2.25,2280,5750,1.0,0,1,4,7
20141204,1973,0,527500.0,4,2.25,2270,8480,1.0,0,0,5,8
20150506,2003,0,275000.0,3,1.75,1890,5000,1.0,0,0,3,7
20140912,2012,0,535000.0,3,3.0,2640,5978,2.0,0,0,3,9
20140613,1976,0,350000.0,3,1.75,1820,9545,1.0,0,0,3,7
20140702,1991,0,223000.0,3,2.0,1110,7231,1.0,0,0,4,7
20140902,1976,0,610000.0,4,2.75,2090,8400,1.0,0,0,4,8
20150324,2005,0,367500.0,3,3.25,1400,1343,2.0,0,0,3,7
20140623,2008,0,286000.0,3,2.75,1100,750,2.0,0,0,3,7
20150423,2002,0,1350000.0,4,4.75,5230,89298,2.5,0,0,3,11
20140519,1979,0,525000.0,4,1.75,2420,7672,1.0,0,0,3,8
20150202,1975,0,361000.0,3,1.5,1200,7236,1.0,0,0,3,7
20140923,2002,0,530000.0,3,1.5,1950,1963,3.0,0,0,3,8
20140623,2009,0,579000.0,3,2.5,1640,1269,3.0,0,0,3,8
20140709,2004,0,570000.0,6,3.75,4000,6015,2.0,0,2,3,10
20150331,2005,0,1060000.0,5,4.5,4140,7924,2.0,0,0,3,10
20140909,1971,0,375000.0,4,2.75,3140,24800,1.0,0,0,4,8
20150209,2014,0,866500.0,4,3.5,3080,4945,2.0,0,0,3,9
20150413,1986,0,705000.0,3,2.5,2500,10359,2.0,0,0,3,10
20141029,1994,0,470000.0,4,2.5,2520,9684,2.0,0,0,3,8
20150330,2003,0,800000.0,4,2.5,3100,7807,2.0,0,0,3,9
20150504,1996,0,898888.0,3,2.5,2080,3729,2.0,0,0,3,9
20140806,1981,0,211000.0,3,1.0,1410,47916,1.0,0,0,3,7
20140828,2004,0,222000.0,2,2.0,1360,3300,2.0,0,0,3,6
20140529,1992,0,672000.0,3,2.5,2620,21587,2.0,0,0,3,7
20141020,1974,0,778000.0,3,2.25,2260,33080,1.0,0,0,5,9
20150121,1976,0,312500.0,3,1.75,1490,9493,1.0,0,0,4,8
20140714,1975,0,650000.0,4,2.5,2530,6500,1.5,0,0,3,8
20140826,1972,0,320000.0,3,2.0,1820,17600,1.0,0,0,5,7
20150508,1990,0,455000.0,4,2.5,1770,13168,2.0,0,0,3,7
20140513,2013,0,2450000.0,5,4.0,4430,9000,2.0,0,0,3,10
20141203,2001,0,500000.0,3,3.25,1490,902,3.0,0,0,3,8
20140611,1978,0,325000.0,3,1.75,1790,27427,1.0,0,0,3,7
20140912,2004,0,416000.0,3,2.5,1710,1296,3.0,0,0,3,8
20150212,2001,0,1905000.0,4,3.5,4210,18564,2.0,0,0,3,11
20141029,1988,0,524500.0,3,1.5,3430,264844,1.0,0,2,3,7
20140826,1993,0,598600.0,4,2.75,3470,212639,2.0,0,0,3,7
20141209,1978,0,367777.0,5,3.0,2140,5937,1.0,0,0,3,7
20150513,1977,0,415000.0,3,2.25,1640,5880,1.0,0,0,3,7
20150507,1990,0,449900.0,3,2.5,2780,8225,2.0,0,1,3,9
20150410,2003,0,899000.0,4,2.5,3540,9349,2.0,0,0,3,10
20150130,2001,0,472500.0,4,2.5,2960,223462,2.0,0,0,3,10
20150305,2000,0,1650000.0,5,4.0,3310,8400,2.0,0,0,3,10
20150305,1977,0,605000.0,3,2.5,2460,138085,2.0,0,0,4,9
20150203,2005,0,759000.0,5,2.75,3490,8230,2.0,0,0,3,10
20150306,1984,0,286950.0,4,2.5,2080,9846,1.0,0,0,3,7
20140610,2000,0,440000.0,3,1.5,1290,1286,3.0,0,0,3,7
20150506,1991,0,702000.0,3,2.5,2190,8528,1.0,0,0,3,8
20141202,1973,0,949000.0,4,2.75,2980,42253,1.0,0,0,4,9
20150203,1978,0,680000.0,4,2.5,2700,37431,1.0,0,0,4,8
20141208,1977,0,851500.0,3,2.0,3200,18184,1.0,0,0,5,8
20140826,2008,0,637000.0,4,3.5,3080,118918,2.0,0,0,3,9
20141231,2003,0,795000.0,3,3.25,2260,3727,2.0,0,0,3,8
20140818,1976,0,304999.0,4,2.25,2270,9600,1.0,0,0,3,7
20141113,1983,0,245000.0,2,1.5,1450,6258,1.0,0,0,4,8
20141205,1999,0,430000.0,5,3.0,2500,5750,1.0,0,0,3,8
20150417,2007,0,880000.0,5,2.75,3020,9187,2.0,0,0,3,9
20141208,2004,0,750000.0,4,2.5,3290,7538,2.0,0,0,3,9
20141219,2008,0,2890000.0,4,4.0,5780,7173,2.0,0,0,3,11
20140604,1993,0,532000.0,3,2.5,1820,4910,2.0,0,0,3,8
20140805,1978,0,525000.0,4,2.75,2500,10330,1.0,0,0,4,8
20140905,1991,0,1575000.0,5,3.75,4220,9240,2.0,0,2,5,11
20150409,2004,0,549950.0,4,2.5,3780,6800,2.0,0,0,3,8
20141021,1993,0,736000.0,3,2.5,1980,2975,3.0,0,2,3,8
20150430,1980,0,214946.0,3,1.75,1290,8688,1.0,0,0,4,7
20141030,2003,0,856000.0,5,3.25,3620,5500,2.0,0,2,3,9
20140504,2004,0,775000.0,2,2.5,2680,7392,1.0,0,0,3,9
20150206,1977,0,414250.0,4,1.75,1640,13566,1.0,0,0,4,7
20141014,1979,0,319990.0,3,2.25,1840,7326,1.0,0,0,5,7
20150203,2008,0,348000.0,2,2.5,1270,1242,3.0,0,0,3,7
20141015,2007,0,216650.0,3,3.5,1540,1427,2.0,0,0,3,7
20150413,1978,0,615000.0,4,2.75,2750,15450,1.0,0,0,3,8
20141024,1978,0,675000.0,4,2.5,3130,12463,1.0,0,0,4,8
20150401,1983,0,510000.0,3,2.0,1430,9250,1.0,0,0,4,8
20140507,1995,0,630000.0,3,2.5,2680,327135,2.0,0,0,3,8
20140801,2003,0,359950.0,4,2.5,3010,5701,2.0,0,0,3,8
20141003,1986,0,265000.0,3,1.5,1530,7500,1.5,0,0,3,7
20150325,1998,0,367000.0,3,2.5,2260,93218,1.0,0,2,4,6
20150121,2002,0,535000.0,4,2.5,2880,23994,2.0,0,3,3,9
20150309,1981,0,347500.0,3,1.75,1620,7500,1.0,0,0,3,7
20140505,2005,0,620000.0,3,1.75,1480,2185,2.5,0,0,3,9
20150422,1996,0,645000.0,4,2.5,2250,10696,2.0,0,0,3,8
20140619,1990,0,280000.0,3,2.0,1790,42399,1.0,0,0,4,7
20150422,2001,0,490000.0,4,3.0,2640,5267,2.0,0,0,3,7
20140918,2003,0,2950000.0,5,4.75,6240,47480,1.0,0,3,3,11
20140923,1993,0,325000.0,4,2.5,1930,8458,2.0,0,0,3,7
20141209,2014,0,589950.0,3,2.75,1670,1350,3.0,0,0,3,9
20140911,1977,0,730000.0,3,2.25,2040,130680,2.0,0,0,3,9
20150119,2004,0,425000.0,4,2.5,3052,12145,2.0,0,0,3,8
20140912,1977,0,680000.0,3,2.5,2620,14248,2.0,0,0,4,8
20150218,1980,0,341500.0,5,2.25,3120,10400,2.0,0,0,3,8
20140708,1975,0,695500.0,5,2.75,2510,9180,1.0,0,1,4,8
20141002,1977,0,308000.0,3,1.75,1680,8629,1.0,0,0,3,8
20150218,1977,0,422500.0,3,2.0,1960,6450,1.0,0,0,4,7
20140821,2003,0,450000.0,3,2.5,1639,2710,2.0,0,0,3,8
20140625,1973,0,418800.0,4,2.25,2100,9984,1.0,0,0,4,7
20141030,1990,0,270000.0,4,2.5,2490,11650,1.0,0,0,3,7
20140930,1981,0,975000.0,4,2.5,2720,10455,2.0,0,2,3,10
20140725,1973,0,455000.0,3,2.25,2180,6850,1.0,0,0,3,7
20141009,1991,0,1415000.0,4,3.25,3600,38016,2.0,0,2,3,11
20150421,1978,0,420000.0,4,2.25,2270,9100,2.0,0,0,3,7
20141208,2003,0,408500.0,4,2.5,2720,7043,2.0,0,0,3,9
20140805,1977,0,425000.0,3,2.25,1670,9500,1.0,0,0,3,7
20140811,1983,0,575000.0,2,1.75,2770,19700,2.0,0,0,3,8
20150404,2003,0,1208000.0,4,2.75,4250,10925,2.0,0,0,3,10
20140801,2005,0,431500.0,2,2.0,1370,4866,1.0,0,0,3,8
20141210,1987,0,775000.0,3,2.5,3820,35016,2.0,0,0,4,9
20140716,1997,0,635000.0,3,2.5,1530,2978,1.0,0,0,3,7
20150407,1999,0,1300000.0,3,2.75,4120,16365,1.0,0,2,3,12
20140801,1976,0,405000.0,3,2.25,1590,7267,1.0,0,0,4,7
20140723,1978,2006,1379900.0,3,3.25,3786,38038,1.0,1,4,3,9
20140722,1999,0,215000.0,4,2.25,1500,5393,2.0,0,0,3,7
20140804,1978,0,450000.0,3,2.25,1610,8296,2.0,0,0,3,8
20140520,1987,0,675000.0,3,2.25,1990,10260,2.0,0,0,4,8
20140624,1999,0,535000.0,3,2.5,2070,4132,2.0,0,0,3,8
20150325,1990,0,355000.0,3,1.75,1460,7203,1.0,0,0,3,7
20140905,1992,0,998000.0,4,3.25,3770,982998,2.0,0,0,3,10
20150226,1990,0,317000.0,3,2.5,2100,7587,2.0,0,0,3,9
20150504,1971,0,700000.0,4,3.5,5360,25800,1.0,0,0,3,9
20140902,2001,0,700000.0,4,3.5,3150,6175,2.0,0,0,3,9
20140908,1990,0,1020000.0,5,3.5,4180,17841,2.0,0,2,3,10
20141209,1972,0,1145000.0,4,2.25,2840,20242,1.0,0,0,3,8
20140627,1985,0,460000.0,4,2.5,2110,35091,1.0,0,0,4,8
20150414,1994,0,600000.0,4,2.5,2420,7744,2.0,0,0,3,9
20140604,1978,0,364950.0,4,2.5,2310,8030,2.0,0,0,3,7
20140721,2001,0,576000.0,4,2.5,2590,5756,2.0,0,0,3,8
20140505,2006,0,405000.0,2,3.0,1410,1240,2.0,0,0,3,8
20140716,1989,0,335000.0,3,2.75,2850,8039,1.0,0,0,4,8
20140827,1974,0,375000.0,4,2.25,2330,11400,1.0,0,0,4,8
20140721,1977,0,450000.0,3,2.25,2080,111513,1.5,0,0,3,8
20141121,2011,0,279000.0,3,2.5,1450,4106,2.0,0,0,3,7
20150220,1998,0,350000.0,3,2.5,2730,7372,2.0,0,0,3,9
20140527,2004,0,735000.0,5,2.75,3390,5211,2.0,0,0,3,9
20150507,1982,0,415000.0,3,1.75,1770,10513,1.0,0,0,4,7
20150506,1996,0,580000.0,3,2.5,1980,1873,2.0,0,0,3,7
20141008,2004,0,790000.0,4,2.5,3500,7519,2.0,0,0,3,9
20150305,1999,0,499900.0,3,2.5,2100,5112,2.0,0,0,3,8
20140622,1989,0,810000.0,4,2.5,2810,10613,2.0,0,0,3,9
20141226,1993,0,241250.0,3,1.75,1350,7588,1.0,0,0,3,7
20140718,1983,0,420000.0,3,1.75,1060,38644,1.0,0,0,3,7
20140726,1975,0,210000.0,2,1.75,1000,3554,1.0,0,0,4,8
20150427,1991,0,645000.0,3,3.25,3870,11000,2.0,0,2,3,9
20140723,1990,0,282500.0,3,2.25,1670,7150,2.0,0,0,4,7
20140508,2006,0,559950.0,2,2.0,1870,4950,1.0,0,0,3,8
20140509,2001,0,2400000.0,3,2.25,3000,11665,1.5,1,4,3,11
20141006,1988,0,760750.0,3,2.5,3190,49137,2.0,0,0,3,9
20140924,1973,0,359950.0,5,2.25,2450,9432,2.0,0,0,3,8
20150424,2000,0,960000.0,4,3.5,4610,11676,2.0,0,0,3,10
20150108,1999,0,1010000.0,3,2.5,2860,5805,2.0,0,0,3,9
20140513,2003,0,777000.0,3,3.25,3610,59677,2.0,0,0,3,10
20150418,2007,0,550000.0,3,3.5,1450,1091,2.0,0,0,3,8
20140926,2007,0,365000.0,3,2.5,1780,1754,3.0,0,0,3,8
20150304,1995,0,385000.0,3,2.0,1320,1297,3.0,0,0,3,7
20150331,1987,0,619000.0,3,2.5,2040,7503,2.0,0,0,3,8
20150325,1983,0,494000.0,4,2.25,1790,42000,1.0,0,0,3,7
20141107,2005,0,267000.0,3,2.0,1390,6005,2.0,0,0,3,8
20140813,1976,0,310000.0,4,1.75,1880,12150,1.0,0,0,3,7
20150508,1992,0,245000.0,3,1.75,1670,11452,1.0,0,2,3,8
20140919,2001,0,650000.0,4,2.75,2640,6240,2.0,0,0,3,9
20150106,1972,0,299950.0,3,1.0,1030,9916,1.0,0,0,4,7
20150213,1983,0,725000.0,3,2.5,2090,9847,2.0,0,2,3,9
20140604,1977,0,212500.0,3,1.0,920,14400,1.0,0,0,4,7
20140910,1983,1998,526000.0,4,2.25,2970,54450,2.0,0,0,3,8
20141223,1993,0,383000.0,3,2.5,1720,10031,2.0,0,0,3,8
20150421,1988,0,244000.0,3,1.75,1460,4692,1.0,0,0,3,7
20140520,2001,0,405000.0,5,2.5,2430,4781,2.0,0,0,3,9
20141116,1978,0,324888.0,4,1.75,2160,28750,2.0,0,0,4,8
20150221,2006,0,761000.0,3,3.5,2050,2020,2.0,0,0,3,8
20150427,1972,0,435000.0,4,2.0,1650,4745,1.0,0,0,3,7
20140822,1991,0,252000.0,3,2.25,1570,8410,1.0,0,0,3,7
20140919,2004,0,450000.0,3,2.5,2180,4226,2.0,0,0,3,8
20141231,2004,0,905000.0,3,2.5,3520,237402,2.5,0,0,3,9
20140716,1998,0,382450.0,3,2.5,2220,20531,2.0,0,0,3,8
20140617,1998,2006,499500.0,3,2.5,2970,21907,2.0,0,0,3,9
20140531,1984,0,660000.0,3,2.25,2675,40910,2.0,0,0,3,8
20150417,1987,0,265000.0,3,2.0,1340,6783,1.0,0,0,4,7
20141202,1987,0,280000.0,3,2.5,1800,8697,2.0,0,0,3,8
20141029,1974,0,1055000.0,3,3.25,2990,189852,2.0,0,0,4,10
20141209,2005,0,634800.0,4,3.0,3280,4904,2.0,0,0,3,7
20140620,1981,0,359950.0,3,2.25,1940,11612,1.0,0,0,4,8
20141215,1979,0,417000.0,3,1.75,1590,11454,1.0,0,0,4,8
20140722,2007,0,389000.0,2,2.0,1340,4122,1.0,0,0,3,8
20140815,1997,0,1038000.0,4,2.5,3770,10893,2.0,0,2,3,11
20150318,2008,0,685000.0,4,2.5,2820,10125,2.0,0,0,3,8
20150326,2012,0,350000.0,4,2.5,2560,5428,2.0,0,0,3,8
20150306,2006,0,365070.0,4,2.5,2506,6232,2.0,0,0,3,7
20140827,1977,0,340000.0,3,1.75,1540,10400,1.0,0,0,3,6
20150407,1979,0,405000.0,4,1.75,1690,8392,1.0,0,0,3,7
20141106,1993,0,635000.0,4,2.5,2410,7069,2.0,0,0,3,9
20140819,1981,0,277500.0,3,2.0,1260,22100,2.0,0,0,4,7
20150420,1978,0,346500.0,5,2.5,2020,8250,1.0,0,0,4,8
20140916,1996,0,360000.0,4,2.25,1930,6508,2.0,0,0,3,8
20141106,1994,0,245000.0,3,2.5,1820,6785,1.0,0,0,3,7
20140919,1995,0,625000.0,3,3.5,1560,1490,2.0,0,0,3,8
20150418,1977,0,525000.0,3,1.75,1600,9579,1.0,0,0,3,8
20140729,1998,0,740000.0,4,3.5,3760,57063,2.0,0,0,3,9
20150116,2002,0,700000.0,3,2.5,3110,11727,2.0,0,2,3,9
20150312,2007,0,399950.0,3,2.5,1610,1320,2.0,0,0,3,7
20150225,2007,0,545000.0,4,3.5,1880,1341,3.0,0,0,3,8
20141113,2003,0,545000.0,3,2.5,1990,5149,2.0,0,0,3,8
20140523,1992,0,526000.0,3,1.75,1680,3420,1.0,0,0,3,7
20141112,2003,0,701000.0,4,3.0,2910,8540,2.0,0,0,3,9
20141014,2008,0,4000000.0,4,5.5,7080,16573,2.0,0,0,3,12
20150116,2000,0,435000.0,4,2.5,2650,9065,2.0,0,0,3,7
20150422,2015,0,631000.0,3,2.25,1670,1396,2.0,0,0,3,9
20140518,1986,0,415000.0,3,2.5,2480,8342,2.0,0,0,3,8
20140820,1987,0,245000.0,3,2.0,1390,8250,1.0,0,0,3,7
20150325,1985,0,720000.0,3,2.5,2880,10126,2.0,0,0,4,10
20140919,1972,0,489000.0,3,2.0,1510,3000,1.0,0,0,4,7
20150421,2007,0,420250.0,3,2.0,1510,3657,1.0,0,0,3,8
20150506,1990,0,320000.0,4,2.5,1920,7277,2.0,0,0,4,8
20141118,1999,0,359950.0,3,2.5,1980,7800,2.0,0,0,3,8
20150507,1984,0,273000.0,3,2.25,1930,8192,1.0,0,0,3,7
20140609,2006,0,552000.0,2,2.5,1380,951,3.0,0,0,3,9
20141125,1991,0,790000.0,3,1.75,2050,4080,2.0,0,0,3,8
20140729,1977,0,341000.0,3,2.25,1750,8900,2.0,0,0,4,8
20141001,2012,0,335000.0,4,2.5,2154,6050,2.0,0,0,3,8
20150121,2004,0,393500.0,3,1.75,1230,1441,2.0,0,0,3,8
20140729,1994,0,2880500.0,4,2.5,5760,32033,2.0,0,4,4,12
20140922,1999,0,360000.0,3,1.5,1340,1110,2.0,0,0,3,7
20140707,1979,0,527000.0,6,3.5,3000,8401,1.0,0,0,3,8
20150316,1997,0,606000.0,3,2.5,2200,6005,2.0,0,0,3,9
20150501,1997,0,654000.0,3,2.5,3240,60840,2.0,0,0,3,7
20141109,2003,0,373000.0,3,2.5,2990,6771,1.0,0,0,3,7
20140521,1990,0,512500.0,3,2.5,1900,7604,2.0,0,0,3,8
20150428,2003,0,360000.0,4,2.5,2640,7388,2.0,0,0,3,7
20140926,1997,0,369000.0,3,2.0,1340,1480,3.0,0,0,3,8
20141230,2003,0,825000.0,4,2.5,3220,5262,2.0,0,0,3,9
20141201,1978,0,255000.0,3,2.0,930,11475,1.0,0,0,3,7
20140924,1996,0,480680.0,3,2.5,1730,4924,2.0,0,0,3,8
20141230,1974,0,305000.0,4,2.0,1800,13551,1.0,0,0,4,7
20150507,1998,0,285000.0,3,1.75,1600,7500,1.0,0,0,3,7
20140708,1984,0,1570000.0,4,2.25,2890,18226,3.0,1,4,3,10
20140811,1991,0,379260.0,3,2.5,1730,7202,1.0,0,0,3,7
20140709,2000,0,356000.0,3,2.5,1590,3411,2.0,0,0,3,7
20150512,1985,0,550000.0,3,2.5,2720,62310,1.0,0,0,3,8
20150105,1999,0,755000.0,2,2.5,1360,2070,2.0,0,0,3,8
20141118,1994,0,509500.0,2,2.5,1590,1485,2.0,0,0,3,8
20140827,2001,0,268000.0,3,2.75,1880,1793,2.0,0,0,3,7
20150416,1978,0,562000.0,3,2.0,3250,50529,2.0,0,0,4,8
20140722,1975,0,780000.0,4,2.5,2270,13449,1.0,0,0,4,9
20140915,2005,0,729000.0,3,3.25,2250,60548,1.0,0,0,3,9
20140618,2008,0,384400.0,3,3.25,1689,1388,3.0,0,0,3,8
20141029,1990,0,865000.0,4,2.5,2710,4069,3.0,0,0,4,10
20141016,1980,0,865000.0,4,3.25,3400,99170,1.0,0,0,4,8
20141013,2004,0,755000.0,4,2.5,3110,6930,2.0,0,0,3,9
20150424,2009,0,750000.0,4,2.5,2680,4548,2.0,0,0,3,8
20140926,2005,0,722000.0,4,2.75,3190,5408,2.0,0,0,3,9
20140625,1996,0,725000.0,3,2.5,2610,7510,2.0,0,0,3,9
20150501,1982,0,845000.0,4,3.25,2880,35315,1.0,0,0,3,11
20150115,1991,0,271900.0,3,2.0,1450,8771,2.0,0,0,4,7
20140605,1977,0,1300000.0,6,4.5,3902,3880,3.0,0,4,4,9
20141222,1977,0,261500.0,4,2.5,2460,7800,1.0,0,0,3,8
20140516,2003,0,619500.0,3,2.5,2170,5000,2.0,0,0,3,9
20140610,1986,0,435000.0,5,2.25,1970,15247,1.0,0,0,3,7
20141216,1977,0,235000.0,3,1.75,1370,14030,1.0,0,0,4,8
20140723,1975,0,562000.0,3,3.0,3290,80471,2.0,0,2,4,8
20150427,1994,0,585000.0,3,2.0,3190,207346,2.0,0,0,3,9
20140530,1977,2005,2400000.0,4,3.25,4140,20734,1.0,0,1,3,10
20150224,1986,0,199500.0,3,1.75,1690,8901,1.0,0,0,3,7
20140731,2009,0,912000.0,4,3.75,1980,4095,2.0,0,0,3,9
20140710,1990,0,260000.0,3,2.5,1490,8102,2.0,0,0,4,7
20141030,1986,0,220000.0,3,1.75,1230,7200,1.0,0,0,3,7
20150430,1977,0,235000.0,3,2.0,1900,7980,1.0,0,0,4,7
20141021,1978,0,370000.0,3,1.75,1530,10300,1.0,0,0,4,7
20141003,1981,0,450000.0,3,1.75,2290,44866,1.0,0,0,3,8
20150315,2005,0,730000.0,4,2.5,3470,14271,2.0,0,0,3,9
20140925,1983,0,465000.0,4,2.5,3050,32450,1.0,0,0,4,8
20150209,1976,0,215000.0,3,1.0,1610,7140,1.0,0,0,3,7
20150312,1984,0,300000.0,3,2.75,1910,15508,1.0,0,0,3,8
20140515,1973,0,430000.0,3,2.0,1510,7066,1.0,0,2,3,7
20140731,1985,0,183000.0,3,1.5,1280,4366,2.0,0,0,4,6
20140612,2007,0,585000.0,3,2.5,1910,1501,2.5,0,0,3,8
20140528,1999,0,537000.0,3,2.5,1550,12920,2.0,0,0,5,7
20150427,1978,0,248000.0,5,1.75,2190,16788,1.0,0,2,3,8
20150209,1987,0,340000.0,3,1.75,1340,196020,1.0,0,0,4,7
20150422,1975,0,899100.0,5,2.5,2410,15300,1.0,0,0,4,8
20141027,1975,0,315000.0,3,1.75,1460,7884,1.0,0,0,3,8
20140623,2014,0,649950.0,3,2.5,1500,1375,2.0,0,0,3,9
20140617,2008,0,386000.0,2,2.5,1620,3196,2.0,0,0,3,8
20150408,1982,0,535000.0,2,1.75,2330,7280,1.0,0,0,3,7
20150325,2003,0,600000.0,3,3.0,1520,1800,3.0,0,0,3,7
20141118,2001,0,339000.0,4,2.5,2840,8746,2.0,0,0,3,8
20140821,2007,0,688000.0,4,4.0,4000,9309,2.0,0,0,3,9
20141216,1978,0,432500.0,3,2.5,2390,6435,1.0,0,0,3,8
20140814,1972,0,485000.0,5,1.75,2460,14100,1.0,0,0,3,7
20140820,1978,0,560000.0,4,2.75,2930,22000,1.0,0,3,4,9
20141021,1990,0,410000.0,4,2.25,2200,8292,2.0,0,0,3,7
20140515,1980,0,455000.0,3,2.5,1870,7344,1.0,0,0,3,8
20141229,1975,0,459500.0,4,2.5,2060,8968,1.0,0,0,4,7
20150220,2002,0,289500.0,3,2.25,2120,3400,2.0,0,0,3,7
20141021,2007,0,395000.0,3,3.5,1450,1263,2.0,0,0,3,8
20140804,1985,0,330000.0,3,1.75,1460,9261,1.0,0,0,3,7
20140806,1976,0,290000.0,2,1.0,1120,217800,1.0,0,0,3,6
20150309,2003,0,622000.0,3,2.25,1550,1919,3.0,0,0,3,8
20141126,1982,0,2125000.0,4,2.75,3190,19513,2.0,0,4,4,10
20140916,1972,0,242000.0,3,1.0,970,9600,1.0,0,0,3,7
20150414,1977,0,752000.0,6,3.75,3810,6663,2.0,0,0,4,8
20141031,1985,0,230000.0,3,1.75,1340,8250,1.0,0,0,3,7
20150318,2012,0,715000.0,3,2.25,1990,4977,3.0,0,0,3,9
20141029,2014,0,659950.0,3,2.5,1610,1246,2.0,0,1,3,9
20140623,2012,0,458500.0,3,2.0,1890,1599,2.0,0,0,3,9
20150305,2008,0,259950.0,2,2.0,1070,649,2.0,0,0,3,9
20140918,1989,0,366000.0,3,1.75,1680,6108,1.0,0,0,3,8
20150428,2014,0,978000.0,4,2.75,2890,7821,2.0,0,0,3,9
20150426,2003,0,800000.0,2,2.5,2395,6143,1.0,0,0,3,8
20140827,1972,0,435000.0,2,1.0,1120,88327,1.5,0,0,4,6
20150310,2007,0,1135000.0,4,3.25,2960,4296,2.0,0,0,3,9
20141010,2008,0,318000.0,3,2.25,1250,1017,3.0,0,0,3,8
20150316,1977,0,453000.0,3,2.5,1750,3900,2.0,0,0,3,8
20140926,1985,0,490000.0,4,2.5,3000,8645,2.0,0,0,3,8
20150511,1988,0,350000.0,3,2.5,1640,10424,2.0,0,0,3,7
20150407,2004,0,1050000.0,3,3.0,3250,5093,2.0,0,3,3,10
20140801,2006,0,717550.0,3,3.5,2840,4468,3.0,0,0,3,10
20140807,1977,0,450000.0,3,2.25,1960,6500,2.0,0,0,4,8
20140617,1976,0,550000.0,3,1.75,2240,78225,2.0,0,0,5,8
20140519,2005,0,480000.0,4,3.5,3370,435600,2.0,0,3,3,9
20150204,1987,0,580000.0,3,2.25,1640,8625,1.0,0,0,3,8
20140523,1999,0,527550.0,1,0.75,820,59677,1.0,0,0,3,5
20141124,2005,0,399000.0,4,2.5,2800,4687,2.0,0,0,3,9
20150311,1989,0,353000.0,4,2.75,2200,268329,1.0,0,0,3,7
20150317,2001,0,475000.0,3,3.0,2010,2554,2.0,0,0,3,7
20141120,1988,0,1150000.0,4,3.25,4400,262666,2.0,0,0,3,11
20140718,1974,0,1088890.0,4,2.75,3460,11350,1.0,0,4,4,9
20141118,2006,0,515000.0,4,2.5,2890,7306,2.0,0,0,3,7
20150423,1984,0,450000.0,2,1.5,1450,2550,1.0,0,0,3,7
20141106,1971,0,2050000.0,4,3.0,4280,18834,1.0,0,4,5,11
20140508,1994,0,270000.0,4,2.5,1810,6509,2.0,0,0,3,7
20150414,2000,0,1705000.0,3,3.0,2490,27702,2.0,1,4,3,10
20140804,2001,0,5570000.0,5,5.75,9200,35069,2.0,0,0,3,13
20141114,1992,0,864500.0,4,2.5,3520,35991,2.0,0,0,4,10
20140515,1991,0,335000.0,3,2.25,2150,30476,2.0,0,0,3,7
20150504,1997,0,911000.0,4,3.25,3526,15958,2.0,0,0,3,10
20141208,1999,0,864000.0,4,2.5,3190,49658,2.0,0,0,3,10
20140801,2003,0,275000.0,3,2.5,3020,5868,2.0,0,0,3,7
20140811,1980,0,325000.0,2,1.0,1100,17817,1.0,0,0,3,7
20150420,1997,0,1670000.0,5,3.5,4320,40816,2.0,0,0,4,11
20140814,2000,0,1100000.0,3,3.0,3700,16857,1.0,0,0,3,10
20140716,1987,0,320000.0,4,2.75,2610,9077,1.0,0,0,4,8
20140709,2001,0,610000.0,3,2.5,2630,5827,2.0,0,0,3,8
20150423,1999,0,675000.0,4,3.5,3090,100835,2.0,0,0,3,9
20141110,1983,0,1250000.0,3,2.5,3670,18505,1.0,0,4,3,10
20141201,1994,0,225000.0,4,2.5,1700,6031,2.0,0,0,3,8
20140730,2004,0,790000.0,2,3.0,2560,982278,1.0,0,0,3,8
20150414,1993,0,685000.0,4,2.5,2770,6000,2.0,0,0,3,8
20140620,2001,0,812000.0,3,3.25,3240,8338,2.0,0,0,3,9
20141202,2007,0,705000.0,2,2.5,2300,6400,1.0,0,0,3,8
20150429,2005,0,360000.0,4,3.0,2483,6870,2.0,0,0,3,8
20150112,2006,0,344000.0,1,1.5,760,779,3.0,0,0,3,8
20141003,1980,2001,620000.0,3,1.75,2410,35236,1.0,0,0,3,8
20140731,2000,0,477590.0,3,3.25,2260,7701,2.0,0,0,3,8
20140724,2006,0,500000.0,3,2.25,1360,1236,2.0,0,0,3,8
20140630,1982,0,370000.0,3,1.0,1320,7341,1.0,0,0,3,7
20140624,1986,0,725000.0,4,2.5,2650,18295,2.0,0,0,3,8
20140712,2004,0,369000.0,3,2.5,1320,1683,2.0,0,0,3,8
20140814,2008,0,500000.0,3,2.5,3040,5326,2.0,0,0,3,9
20150306,1994,0,284000.0,4,3.0,2040,7145,1.0,0,0,3,8
20150412,1991,0,720000.0,3,2.5,2820,14250,2.0,0,0,3,11
20140523,1983,0,1050000.0,3,4.0,4380,42769,2.0,0,0,5,11
20141111,2005,0,670000.0,3,3.0,2980,3730,2.0,0,0,3,9
20140626,1987,0,910000.0,4,3.5,4040,50479,2.0,0,0,3,11
20150313,2004,0,702000.0,4,2.5,3280,5876,2.0,0,0,3,7
20140826,2001,0,728000.0,4,3.5,3490,87497,2.0,0,0,3,9
20150305,1993,0,308000.0,4,2.5,2020,7277,2.0,0,0,3,8
20140524,2004,0,2000000.0,5,4.0,4580,4443,3.0,1,4,3,10
20140725,1986,0,340000.0,3,2.5,2270,7917,2.0,0,0,3,8
20140909,1981,0,950000.0,4,3.0,2980,44431,2.0,0,0,2,10
20140829,2003,0,673200.0,5,3.0,4180,8561,2.0,0,0,3,7
20150206,1974,0,393000.0,4,1.75,1790,11801,1.0,0,0,4,8
20140730,1979,0,150000.0,3,1.0,1320,24684,1.0,0,0,3,7
20150220,1980,0,327000.0,4,2.25,1620,106722,1.0,0,0,3,8
20150318,1998,0,444900.0,4,2.5,3120,7448,2.0,0,0,3,9
20140722,1998,0,305000.0,4,2.5,2100,14773,2.0,0,0,3,8
20140818,2004,0,469000.0,3,3.25,1370,1194,3.0,0,0,3,8
20150404,1978,0,330000.0,3,2.5,2410,17424,1.0,0,0,3,7
20141117,1982,0,295500.0,4,2.5,2830,7350,1.0,0,0,3,8
20140725,1977,0,518000.0,4,2.25,2640,34870,1.0,0,0,3,8
20150504,1978,0,303000.0,2,1.0,1020,9200,1.0,0,0,3,7
20140708,1998,0,300000.0,4,2.5,2200,8065,2.0,0,0,3,7
20141119,2008,0,312000.0,3,2.5,2280,6386,2.0,0,0,3,8
20140910,2007,0,425000.0,4,2.5,2440,5088,2.0,0,0,3,7
20140815,1978,0,275000.0,4,2.5,2180,11132,1.0,0,0,4,8
20140903,2005,0,407000.0,3,2.25,1430,1448,3.0,0,0,3,8
20150414,1984,0,274000.0,3,1.75,1590,7620,1.0,0,0,4,7
20140813,2003,0,390000.0,3,2.0,2360,5737,2.0,0,0,3,8
20150423,1987,0,1442500.0,3,2.25,2630,9705,2.5,0,2,4,8
20141120,1996,0,297000.0,2,1.75,1280,37373,1.0,0,0,4,7
20150401,1988,0,650000.0,4,2.25,2330,7220,2.0,0,1,3,8
20140616,1999,0,554000.0,3,3.5,3380,108900,2.0,0,0,3,9
20140929,1991,0,550000.0,3,2.0,3650,843309,2.0,0,0,4,7
20141202,1976,0,466000.0,4,2.25,2170,8050,1.0,0,0,3,7
20150507,2006,0,280000.0,3,3.0,1390,1080,2.0,0,0,3,7
20140512,1990,0,540000.0,4,2.25,2540,228254,1.0,0,0,3,8
20141007,1987,0,290000.0,3,1.75,2060,7251,1.0,0,0,3,7
20150504,1985,0,345000.0,4,2.5,2420,11481,1.0,0,0,3,8
20141028,2004,0,599000.0,4,2.5,2480,5000,2.0,0,0,3,7
20140510,1979,0,549900.0,5,2.75,3060,7015,1.0,0,0,5,8
20150502,2006,0,760000.0,4,2.5,3520,8095,2.0,0,0,3,9
20140623,1997,0,362300.0,3,2.5,2430,15264,2.0,0,0,3,8
20150427,1973,0,421000.0,3,2.5,1930,4505,1.0,0,3,4,7
20141208,1978,1993,238000.0,4,1.75,1650,6900,1.0,0,0,3,7
20140602,1991,0,789000.0,3,3.0,3740,39640,2.0,0,2,3,10
20150408,2008,0,302500.0,3,2.5,1690,4476,2.0,0,0,3,7
20140620,1975,0,456000.0,3,1.5,1440,28516,1.0,0,0,4,7
20140925,1987,0,369950.0,3,2.5,1360,3718,2.0,0,0,3,7
20140516,1982,0,363750.0,3,1.75,1726,197326,2.0,0,0,4,7
20140811,1989,0,585000.0,3,1.75,2220,216493,1.0,0,2,3,8
20141008,1986,0,268000.0,3,2.5,1850,6676,2.0,0,0,3,7
20150225,1993,0,539000.0,4,2.5,2340,19850,2.0,0,0,3,9
20140702,1984,0,851000.0,5,3.25,3760,9792,2.0,0,0,3,9
20150408,1997,0,900000.0,3,2.5,1920,7200,2.0,0,2,3,10
20140616,2005,0,534500.0,3,2.5,1700,3150,2.0,0,0,3,8
20141118,1971,0,643500.0,6,5.25,3600,3960,2.0,0,0,3,7
20141029,2004,0,435000.0,4,2.5,2190,6578,2.0,0,0,3,7
20141113,2009,0,305000.0,4,2.0,2470,1831,2.0,0,0,3,7
20140619,2001,0,799000.0,4,2.5,2590,7910,2.0,0,0,3,9
20141113,1999,0,700000.0,4,2.5,2580,15031,2.0,0,0,3,9
20140520,2005,0,467000.0,3,2.25,1270,1213,2.0,0,0,3,8
20140820,2003,0,760000.0,4,2.5,4660,7157,2.0,0,0,3,9
20150207,2008,0,293000.0,4,2.5,2019,4435,2.0,0,3,3,8
20140821,1989,0,245000.0,3,2.0,1490,7929,1.0,0,0,3,7
20141117,1975,0,880000.0,4,2.75,2560,7961,1.0,0,2,4,8
20140625,1995,0,285000.0,3,2.0,1460,6377,1.0,0,0,3,7
20140812,2004,0,325000.0,4,2.5,1960,3543,2.0,0,0,3,7
20141017,1978,0,405000.0,3,1.75,1900,10454,1.0,0,0,3,7
20141016,1995,0,370000.0,3,2.5,2490,18525,2.0,0,3,3,8
20141021,1987,0,1130000.0,4,3.5,4300,8406,2.0,0,1,3,11
20140822,2003,0,399950.0,4,2.5,3200,7545,2.0,0,0,3,7
20140715,1989,0,1160000.0,4,2.5,4240,43995,2.0,0,0,3,10
20140519,2008,0,1405000.0,4,3.5,3410,10769,2.0,0,0,3,10
20150220,1984,0,369900.0,4,2.5,2820,33750,2.0,0,0,4,9
20140627,1997,0,641000.0,4,2.5,2770,63118,2.0,0,0,3,9
20140703,2005,0,1015000.0,3,3.25,3620,4000,2.0,0,0,3,10
20140922,1974,0,865000.0,4,2.5,2260,13600,1.0,0,0,4,8
20140715,2005,0,316750.0,3,2.5,1256,1154,3.0,0,0,3,7
20140820,1989,0,652500.0,4,2.25,2220,130244,2.0,0,0,3,8
20150210,1992,0,898000.0,4,2.5,3700,63991,2.0,0,0,3,10
20150506,1978,0,652500.0,4,1.75,3130,18253,2.0,0,0,3,7
20140725,1992,0,560000.0,4,3.0,2170,5764,2.0,0,0,3,8
20150410,1978,0,397500.0,3,2.5,1860,44093,1.0,0,0,3,7
20141031,1988,0,415900.0,3,2.5,1670,22703,1.0,0,0,3,7
20140702,1973,0,605000.0,3,2.25,2080,12134,1.0,0,0,4,8
20150414,1975,0,435000.0,4,2.25,1910,8400,2.0,0,0,3,7
20141010,1992,0,409000.0,4,3.25,3140,10752,2.0,0,0,3,7
20150106,1975,0,405000.0,3,1.0,1250,7280,1.0,0,0,3,7
20140611,2004,0,560200.0,3,2.5,1990,3984,2.0,0,0,3,8
20140623,1975,0,324000.0,4,1.75,2110,7208,1.0,0,0,3,8
20140519,1999,0,390000.0,4,2.5,2490,8290,2.0,0,0,3,9
20140903,1998,0,441500.0,3,2.5,2360,4670,2.0,0,0,3,7
20150309,1992,0,375000.0,3,2.5,1770,5146,2.0,0,0,3,7
20140602,1999,0,668500.0,4,2.5,2710,5500,2.0,0,0,3,9
20150325,2014,0,1345000.0,4,3.25,3440,4920,2.0,0,4,3,10
20140527,1978,0,949880.0,4,2.25,2290,10687,2.0,0,0,3,9
20140506,1988,0,736000.0,4,2.5,2290,12047,2.0,0,0,4,9
20150313,1988,0,610000.0,4,2.25,2240,45738,2.0,0,0,3,7
20141210,2001,0,828200.0,4,2.75,3400,7081,2.0,0,0,3,9
20141202,1995,0,465000.0,3,2.5,1450,5175,1.0,0,0,3,8
20150311,2005,0,556000.0,4,2.5,2240,5402,2.0,0,0,3,8
20140608,1994,0,540000.0,4,2.5,1780,4169,2.0,0,0,3,8
20140729,2004,0,423000.0,4,2.5,2320,4254,2.0,0,0,3,8
20150205,2003,0,599900.0,3,1.5,2605,12030,1.0,0,0,3,8
20140618,1976,0,646000.0,5,2.75,2870,4461,1.0,0,0,3,7
20140605,2001,0,1075000.0,5,4.75,5180,17811,2.0,0,2,3,11
20150108,1990,0,1195000.0,4,4.0,4050,9517,2.0,0,0,3,11
20141006,1978,0,1125000.0,6,4.25,3100,9378,3.0,0,2,3,11
20150225,2002,0,299800.0,4,2.5,2410,4708,2.0,0,0,3,8
20140715,2001,0,575000.0,4,2.5,2550,56628,2.0,0,0,3,9
20141205,2008,0,328000.0,2,2.25,1550,2079,2.0,0,0,3,8
20150420,2003,0,412000.0,4,3.0,2430,7242,2.0,0,0,3,8
20150325,1994,0,300000.0,4,2.5,2890,17349,2.0,0,0,3,8
20141113,1985,0,415000.0,3,2.5,1280,5040,2.0,0,0,4,7
20141021,2004,0,499000.0,4,2.5,2680,10590,2.0,0,0,3,8
20140804,1972,0,424000.0,3,1.75,1430,6818,1.0,0,0,5,7
20140604,1986,0,760000.0,4,2.5,2730,36183,2.0,0,0,3,9
20140819,1990,0,650000.0,4,3.5,3270,15704,2.0,0,0,3,9
20140721,1978,0,538000.0,4,2.5,3260,10032,1.0,0,0,3,8
20140616,1988,0,530000.0,4,2.5,2050,6360,2.0,0,0,3,8
20140624,1985,0,925000.0,4,3.0,3580,35261,1.5,0,0,3,10
20141209,1983,0,565000.0,4,2.75,1960,48787,1.5,0,0,4,9
20141103,2003,0,425000.0,3,2.25,1260,3000,2.0,0,0,3,7
20140623,1985,0,233500.0,3,2.25,1650,2958,2.0,0,0,3,7
20150323,1986,0,287000.0,3,2.5,1710,10341,2.0,0,2,3,7
20141103,1979,0,666000.0,3,2.25,2780,31510,2.0,0,0,3,8
20140909,1987,0,393000.0,3,2.25,2140,10256,2.0,0,0,3,8
20140924,1998,0,353000.0,4,2.75,1920,4627,1.0,0,0,3,8
20141215,2001,0,680000.0,3,2.5,2060,2551,2.0,0,0,3,8
20150422,1983,0,280000.0,3,1.0,1160,10881,1.0,0,0,2,7
20150121,1977,0,219000.0,3,1.5,1740,5200,1.0,0,0,4,7
20140808,1988,0,528000.0,4,2.75,2050,7171,1.0,0,0,3,8
20140514,2014,0,372977.0,3,2.5,1690,1618,2.0,0,0,3,8
20140505,1990,0,800866.0,5,2.5,3180,13806,2.0,0,0,4,10
20150413,1980,0,950000.0,7,3.5,3470,16264,2.0,0,0,4,9
20140826,1989,0,735000.0,3,3.25,2960,39370,2.0,0,0,3,10
20150227,1986,0,205500.0,3,2.0,1330,8748,1.0,0,0,3,7
20140616,2014,0,357186.0,2,1.75,1210,1040,2.0,0,0,3,8
20150128,1998,0,275000.0,4,2.5,2120,6754,2.0,0,0,3,7
20140602,1990,2009,350000.0,3,2.5,2680,7836,2.0,0,0,3,8
20140812,1987,0,390000.0,4,2.75,1790,47250,1.0,0,0,3,7
20150413,1979,0,660000.0,5,2.25,3740,14913,1.5,0,0,4,9
20140612,2000,0,717000.0,3,2.5,2480,5137,2.0,0,0,3,9
20150218,1975,0,470000.0,4,2.5,2320,12042,1.0,0,0,4,7
20150505,1997,0,429000.0,3,2.5,2530,8820,2.0,0,0,3,8
20140903,2007,0,497000.0,3,3.0,2060,1850,2.0,0,0,3,8
20140911,1979,0,371000.0,4,1.0,1960,94525,1.5,0,0,3,6
20150414,1988,0,259000.0,3,2.0,1390,7120,1.0,0,0,3,7
20150414,2002,0,310000.0,3,2.5,1670,4220,2.0,0,0,3,7
20141121,1973,0,274000.0,4,2.25,2090,7400,1.0,0,0,3,9
20141120,1987,0,410000.0,3,2.0,1410,8088,1.0,0,0,3,7
20150505,1994,0,353000.0,3,2.0,1678,13862,1.0,0,0,3,7
20150304,1977,0,224975.0,3,1.0,960,12745,1.0,0,0,4,6
20150218,1976,0,437500.0,3,2.25,1790,7700,1.0,0,0,4,7
20140521,1999,0,567000.0,3,2.5,2540,6093,2.0,0,0,3,9
20150421,1975,0,675000.0,4,1.75,1900,8800,1.0,0,0,3,8
20140507,1973,0,310000.0,3,1.75,2070,37904,1.0,0,0,4,7
20141202,1972,0,475000.0,4,2.5,2240,7245,1.0,0,0,4,7
20150508,2006,0,410000.0,4,2.5,3320,5034,2.0,0,0,4,7
20150427,2003,0,349000.0,4,2.5,1830,4694,2.0,0,0,3,7
20140520,1986,0,480000.0,4,2.75,2050,3960,1.0,0,0,4,7
20140926,1993,0,689000.0,4,2.75,3220,16145,2.0,0,0,3,10
20140523,1989,0,404000.0,4,3.0,4060,35621,1.0,0,0,3,9
20141124,1979,0,215000.0,3,1.0,1260,7897,1.0,0,0,3,7
20140818,1990,0,339900.0,3,2.5,2420,7423,2.0,0,0,3,8
20140519,1982,0,285000.0,1,1.5,810,3211,2.0,0,0,4,7
20140721,1989,0,233000.0,3,2.0,1350,7686,1.0,0,0,3,7
20150402,1972,0,248000.0,3,1.75,1840,19501,1.0,0,0,4,8
20150422,1975,0,454000.0,5,2.25,2550,9200,1.0,0,0,4,8
20140915,1980,0,359000.0,3,2.5,2430,7857,2.0,0,0,5,8
20140806,1998,0,719000.0,3,3.0,1833,1706,3.0,0,0,3,9
20150203,1994,0,440000.0,3,2.5,2160,3738,2.0,0,0,3,8
20140521,1998,0,525000.0,3,2.75,2100,10362,2.0,0,0,3,9
20150331,1986,0,428000.0,2,2.5,1414,1960,2.0,0,0,3,8
20141118,2014,0,988830.0,5,3.25,4115,7910,2.0,0,0,3,9
20140908,1992,0,285000.0,3,1.75,1160,7006,1.0,0,0,4,7
20140915,2006,0,330000.0,5,2.5,3597,4972,2.0,0,0,3,7
20141107,1978,0,320000.0,4,2.5,2190,7125,2.0,0,0,5,8
20140814,1974,0,596000.0,4,2.25,2270,10000,1.0,0,0,5,8
20141111,1979,0,220000.0,4,2.25,1950,7280,2.0,0,0,4,8
20140925,1993,0,325000.0,3,2.5,1880,6818,2.0,0,0,3,8
20150326,2001,0,679950.0,4,2.5,2850,5664,2.0,0,0,3,9
20140919,1997,0,715000.0,4,3.5,3260,110579,2.0,0,0,3,10
20150304,1992,0,950000.0,5,2.5,3450,35880,2.0,0,0,3,11
20140610,1983,0,475000.0,2,1.75,1490,224334,1.0,0,2,3,8
20140721,1978,0,215000.0,4,2.0,1540,7575,1.0,0,0,4,7
20140709,2008,0,498800.0,2,1.75,1350,4614,1.0,0,0,3,8
20140715,2003,0,825000.0,5,2.5,2890,5110,2.0,0,2,3,9
20150224,1989,0,265000.0,3,1.75,1680,9769,1.0,0,0,3,8
20141223,1985,0,285000.0,4,2.25,1960,10400,1.0,0,0,4,8
20141231,1979,0,240000.0,3,1.75,1590,7931,1.0,0,0,3,7
20140627,1978,0,330000.0,4,1.75,2440,7350,1.0,0,0,3,8
20140602,1978,0,250000.0,4,2.0,1850,7560,1.0,0,0,4,7
20140710,1993,0,350000.0,4,2.5,2800,9538,2.0,0,0,3,8
20140925,1986,0,930000.0,3,2.5,3780,35273,1.5,0,0,3,10
20141030,1980,0,275000.0,3,2.0,1910,8050,1.0,0,0,4,7
20140820,1980,0,952000.0,2,1.75,3490,88909,1.0,0,3,3,10
20140504,1988,0,365000.0,3,2.5,2200,7350,1.0,0,0,5,8
20150423,1983,0,721000.0,3,2.25,2040,18360,2.0,0,0,4,8
20150421,1999,0,487275.0,4,2.5,2400,3986,2.0,0,0,3,8
20150429,1995,0,310000.0,3,2.5,1670,5791,2.0,0,0,3,7
20141112,1971,0,550000.0,3,1.75,1840,9401,1.0,0,0,3,8
20140714,2006,0,599000.0,5,2.5,2950,72309,2.0,0,0,3,8
20141201,1996,0,240000.0,4,2.5,1980,7264,2.0,0,0,3,7
20150204,1982,0,395000.0,3,1.5,1280,15028,1.0,0,0,3,7
20140915,2004,0,475000.0,4,2.5,3150,5757,2.0,0,0,3,9
20140804,1996,0,815000.0,5,3.5,3500,10794,2.0,0,0,3,10
20141017,1986,0,419500.0,3,2.5,1360,3188,2.0,0,0,3,7
20140903,1980,0,298700.0,3,2.25,2110,7350,1.0,0,0,3,8
20140819,1988,0,925000.0,5,3.5,4050,13495,1.0,0,2,4,9
20150415,1999,0,465000.0,2,1.5,1120,1201,3.0,0,0,3,8
20141001,1999,0,620000.0,4,4.0,2850,2970,2.0,0,0,3,8
20150220,2007,0,690000.0,4,3.5,2710,2147,2.0,0,0,3,10
20141017,1990,0,820000.0,3,2.5,2980,18935,1.5,0,0,3,11
20140807,2005,0,369000.0,4,2.75,2420,6495,2.0,0,0,3,8
20141015,2014,0,1050000.0,4,3.25,3830,8331,2.0,0,0,3,9
20140917,1993,0,653000.0,3,3.0,3040,5067,3.0,0,2,3,10
20150422,1980,0,220650.0,2,1.75,1460,10500,1.0,0,0,3,7
20140616,2007,0,300000.0,5,3.0,1940,6355,1.0,0,0,3,8
20140912,2001,0,970000.0,4,3.5,3780,20023,2.0,0,2,3,10
20141124,2004,0,360000.0,4,2.5,1950,5451,2.0,0,0,3,7
20150330,2000,0,672500.0,3,2.5,2450,5760,2.0,0,0,3,9
20140514,1981,2013,1400000.0,3,2.5,2550,7200,2.0,0,2,3,10
20140718,1986,0,590000.0,4,2.5,2290,11072,2.0,0,0,3,9
20140529,1978,0,266500.0,4,1.75,1880,7632,1.0,0,0,4,7
20141216,2014,0,635000.0,4,2.5,2930,8679,2.0,0,0,3,8
20141013,2001,0,559000.0,3,2.5,3110,217800,2.0,0,0,3,9
20141218,1989,0,895000.0,4,2.5,3480,38985,2.0,0,0,3,10
20150219,1988,0,329999.0,3,2.75,3360,41250,1.0,0,0,4,7
20140716,1973,0,572000.0,5,2.25,2340,9225,2.0,0,0,3,8
20150407,2002,0,386500.0,4,2.5,3110,5048,2.0,0,0,3,8
20140603,1976,0,474900.0,3,2.25,1800,43647,1.0,0,0,4,8
20140605,2004,0,214100.0,2,2.5,1150,2064,2.0,0,0,3,7
20140514,2012,0,317000.0,3,2.5,1840,5011,2.0,0,0,3,8
20150305,1979,0,1000000.0,4,3.5,3180,12528,2.0,0,1,4,9
20150505,2005,0,525000.0,4,2.5,3070,7200,2.0,0,0,3,8
20141001,1983,0,436000.0,3,2.25,1800,6680,2.0,0,0,3,8
20140718,1983,0,450000.0,3,1.75,1540,9154,1.0,0,0,3,8
20140502,1980,0,588500.0,3,1.75,2330,14892,1.0,0,0,3,8
20140714,2000,0,482000.0,4,2.5,2846,85377,1.5,0,0,3,8
20141213,2005,0,1575000.0,4,3.5,5830,131116,2.0,0,0,3,11
20140821,2008,0,568000.0,3,2.5,1740,1279,3.0,0,0,3,8
20150107,2003,0,528000.0,3,2.5,2810,4932,2.0,0,0,3,8
20140730,1994,0,385000.0,4,3.0,2090,5102,1.0,0,0,3,7
20140902,1979,0,825000.0,4,3.25,4110,14219,2.0,0,2,4,10
20141126,2002,0,815000.0,5,3.25,3230,5000,2.0,0,1,3,9
20141013,1995,0,625000.0,4,2.5,2601,34335,2.0,0,0,3,9
20140807,1978,0,450000.0,4,2.5,2500,36254,1.0,0,0,4,8
20150506,1999,0,570000.0,4,2.5,2640,11816,2.0,0,0,3,8
20141023,1976,0,790000.0,5,3.25,3030,20446,2.0,0,2,3,9
20140610,1980,0,490000.0,3,2.0,2220,10275,2.0,0,0,3,9
20140610,1978,0,335000.0,3,1.75,2430,9133,1.0,0,0,4,7
20140516,1981,0,385000.0,3,1.75,1180,10541,1.0,0,0,4,7
20140718,1976,0,395000.0,3,1.75,1620,8085,1.0,0,0,3,7
20150304,2007,0,637000.0,4,2.75,2900,5803,2.0,0,0,3,9
20140624,1984,0,400000.0,3,2.0,1230,11413,1.0,0,0,3,7
20140626,1977,0,1025000.0,4,3.5,3320,19850,1.0,0,2,4,10
20150319,1978,0,699000.0,5,2.75,2970,36817,2.0,0,0,4,8
20140522,1990,0,430000.0,4,3.0,3220,8936,2.0,0,0,3,9
20150505,1978,0,439950.0,3,2.25,2170,15000,2.0,0,0,4,8
20150206,1971,0,219950.0,3,1.0,1300,9620,1.0,0,0,3,7
20150213,2005,0,798750.0,2,2.25,2160,2578,3.0,0,0,3,8
20141216,1985,0,425000.0,3,1.75,1680,14630,1.5,0,0,3,8
20140716,2004,0,540000.0,4,2.5,2290,4450,2.0,0,0,3,9
20141210,2005,0,1060000.0,4,5.25,4140,14757,2.0,0,2,3,11
20150325,2013,0,1165000.0,4,3.75,3920,4500,3.0,0,0,3,8
20150417,1977,0,525000.0,3,1.75,1720,7200,1.0,0,0,3,7
20140822,1998,0,324950.0,4,2.5,2641,8615,2.0,0,0,3,7
20140822,1981,0,600000.0,3,2.5,4930,77536,2.0,0,0,3,9
20140811,2001,0,464000.0,3,2.5,2460,5400,1.0,0,0,4,8
20140707,1981,0,266000.0,4,2.25,1995,7102,2.0,0,0,4,8
20140804,1998,0,775000.0,3,2.5,3010,74390,2.0,0,0,3,10
20140919,2003,0,550000.0,4,2.75,3080,6731,2.0,0,3,3,9
20150114,1990,0,235000.0,3,2.25,1670,7606,2.0,0,0,3,7
20140620,1987,0,280000.0,3,2.0,1470,8089,1.0,0,0,3,7
20141030,1976,0,459000.0,3,1.75,1730,7807,1.0,0,0,3,7
20150116,2007,0,440000.0,3,2.5,1040,1032,3.0,0,0,3,7
20140620,1985,0,340000.0,3,1.75,1880,11249,1.0,0,0,3,7
20140618,1997,0,764000.0,4,2.5,2790,7938,2.0,0,0,3,9
20140729,2001,0,337000.0,4,2.0,1590,8779,1.0,0,0,3,8
20140530,1977,0,1385000.0,6,2.75,5700,20000,1.0,0,4,4,10
20140715,1978,0,350000.0,3,3.0,3200,35782,1.0,0,0,3,8
20150129,1993,0,269950.0,3,2.25,1510,6000,1.0,0,0,4,7
20150225,1978,0,735000.0,3,1.75,1880,108900,1.0,0,0,3,7
20140911,1974,0,475000.0,4,2.25,2110,7560,2.0,0,0,4,8
20150310,1989,0,339000.0,3,2.0,2350,8459,1.5,0,0,3,9
20150311,1997,0,600000.0,4,3.5,3270,15160,1.0,0,2,3,8
20140822,2004,0,1525000.0,4,3.5,5990,111078,2.0,0,0,3,11
20140507,1985,0,460000.0,3,2.0,1760,9055,2.0,0,0,4,7
20140703,2000,0,1100000.0,4,3.75,5070,60123,2.0,0,0,3,11
20140930,2008,0,430000.0,2,2.25,1040,1516,2.0,0,0,3,8
20140805,2014,0,479990.0,3,2.5,2010,2386,2.0,0,0,3,8
20150414,2005,0,643000.0,4,2.5,2518,4663,2.0,0,0,3,8
20140930,1988,0,607000.0,3,2.75,2810,12813,2.0,0,0,3,8
20140523,1984,0,625000.0,3,2.5,2600,10092,1.0,0,0,3,9
20150309,1999,0,859000.0,3,2.5,2920,434728,2.0,0,3,4,8
20141103,1986,0,435000.0,4,2.5,2130,10375,2.0,0,0,4,8
20141119,1980,0,250000.0,3,2.0,1430,7280,1.0,0,0,3,7
20150311,2009,0,656000.0,2,2.5,2270,1763,3.0,0,0,3,7
20141009,1992,0,300000.0,4,2.5,1910,8058,2.0,0,0,3,8
20140807,2007,0,311000.0,4,2.5,2690,6124,2.0,0,0,3,7
20140721,1975,0,360000.0,3,1.75,1330,7482,1.0,0,0,4,7
20140809,2008,0,469950.0,3,3.25,1760,1778,3.0,0,0,3,8
20140813,1991,0,350000.0,3,2.0,1680,81893,1.0,0,0,3,7
20141210,1980,0,355000.0,3,2.25,1960,7000,1.0,0,0,3,8
20150324,1988,0,823000.0,3,2.5,2560,9825,2.0,0,0,4,9
20140812,1999,0,961500.0,3,2.5,3910,14000,2.0,0,0,3,10
20140623,1978,0,479000.0,3,2.25,2110,11319,2.0,0,0,4,8
20140701,1996,0,1150000.0,4,2.5,3340,10422,2.0,0,0,3,10
20140911,1988,0,555000.0,4,1.75,1760,94525,1.5,0,0,3,7
20140731,1987,0,490000.0,3,2.5,2010,9725,2.0,0,0,4,8
20140801,1980,0,400000.0,4,3.5,3350,9681,1.0,0,1,3,7
20140709,1999,0,692500.0,4,2.75,3710,7984,2.0,0,0,3,9
20140626,2002,0,310000.0,4,2.5,2430,5499,2.0,0,0,3,8
20141216,1977,0,499900.0,3,1.75,2430,8820,1.0,0,2,3,8
20140827,1983,0,492000.0,3,2.25,2100,7335,2.0,0,0,3,8
20150506,1987,0,460000.0,2,2.5,1880,40575,1.0,0,0,3,9
20150318,1989,0,470000.0,4,2.75,2310,7350,1.0,0,0,3,8
20141021,2003,0,542000.0,2,2.0,1930,4500,1.0,0,0,3,8
20140619,2005,0,1309500.0,4,4.5,4750,13912,2.0,0,2,3,10
20150311,2005,0,310000.0,2,1.0,1050,2699,1.0,0,0,3,7
20141126,1990,0,730000.0,4,2.75,3660,150282,2.0,0,0,3,10
20141210,1981,0,245000.0,3,1.75,1720,9342,1.0,0,0,4,7
20150203,2001,0,299000.0,4,2.5,2400,6078,2.0,0,0,3,8
20141118,1991,0,510000.0,3,2.5,2540,40106,2.0,0,0,3,10
20140523,1999,0,950000.0,5,3.25,3400,7452,2.0,0,0,3,10
20150220,1978,0,300000.0,4,1.75,2200,7600,2.0,0,0,3,8
20140618,2002,0,507000.0,5,3.25,3850,16249,2.0,0,2,3,9
20150219,2001,0,770000.0,4,3.25,4270,6384,2.0,0,0,3,9
20150220,1975,0,255000.0,3,1.75,1340,7210,1.0,0,0,4,7
20150505,1978,0,220000.0,1,1.5,1100,3451,1.5,0,0,4,8
20150223,2005,0,690700.0,5,2.75,2870,5349,2.0,0,0,3,9
20140715,1980,0,250000.0,4,2.75,1910,7700,1.0,0,0,4,7
20140510,2003,0,320000.0,3,2.5,2130,6969,2.0,0,0,3,7
20140514,1989,0,565000.0,4,2.5,2240,14667,2.0,0,0,4,9
20150218,2003,0,529888.0,4,2.5,3140,8455,2.0,0,0,3,8
20141106,2000,0,432000.0,3,2.5,1920,9812,2.0,0,0,3,8
20150127,2014,0,994900.0,4,3.5,3695,6556,2.0,0,0,3,9
20150403,2000,0,489000.0,4,2.5,3910,8442,2.0,0,0,3,9
20150420,2010,0,800000.0,4,2.75,3010,7427,2.0,0,0,3,8
20140516,1972,0,370000.0,4,1.5,1370,9957,1.0,0,0,3,7
20141212,1979,0,436000.0,4,2.75,2080,9600,1.0,0,0,3,8
20140528,2006,0,395000.0,3,2.5,2250,3757,2.0,0,0,3,7
20150417,2003,0,370000.0,5,3.0,2220,5185,2.0,0,3,3,7
20141023,1987,0,515000.0,3,2.5,1440,4394,1.0,0,0,5,8
20150425,1999,0,420000.0,3,2.5,2480,6180,2.0,0,0,3,9
20150225,1985,0,822000.0,3,2.0,2410,13300,2.0,0,0,3,9
20150330,1988,0,485000.0,3,2.25,1570,6810,1.0,0,0,3,8
20150401,1978,0,300000.0,6,2.5,2590,11250,1.0,0,0,4,8
20150416,2007,0,878000.0,4,2.5,3810,7728,2.0,0,0,3,9
20150403,2001,0,590000.0,3,2.5,2290,4203,2.0,0,0,3,9
20150417,2003,0,395000.0,4,2.5,2810,10951,2.0,0,0,3,8
20150410,1990,0,308000.0,3,2.5,2320,7140,2.0,0,0,3,8
20140710,1983,0,290256.0,3,2.25,1720,7885,2.0,0,0,3,8
20140807,1979,0,195000.0,3,1.75,1580,7875,1.0,0,0,3,7
20140701,1994,0,478000.0,3,2.25,1640,3896,2.0,0,0,3,8
20150417,2005,0,639000.0,3,2.25,1400,2421,2.0,0,0,3,9
20141013,1984,0,623000.0,4,2.75,2300,12633,2.0,0,0,3,9
20150325,1978,0,526000.0,3,2.25,2000,18099,1.0,0,0,4,8
20140512,2000,0,750000.0,4,2.5,2980,4930,2.0,0,0,3,9
20140710,1989,0,355000.0,3,2.5,2110,4038,2.0,0,0,4,8
20150401,1980,0,650000.0,3,1.75,1970,54450,1.0,0,0,3,8
20140626,1996,0,669950.0,4,2.5,2670,11877,2.0,0,0,3,9
20150311,1983,0,850000.0,3,2.25,3000,18450,1.0,0,0,3,10
20140827,2002,0,572000.0,3,2.75,2200,3885,2.0,0,0,3,8
20140801,1984,0,492450.0,3,1.75,1540,13002,1.0,0,0,2,8
20150511,1981,0,389000.0,3,2.0,2080,12972,1.0,0,0,4,7
20150507,2000,0,1050000.0,4,3.25,4020,11588,2.0,0,0,3,11
20150422,1994,0,655000.0,6,5.0,2850,6600,2.0,0,0,3,7
20141208,1989,0,368000.0,4,2.5,2720,7350,2.0,0,0,3,9
20150228,2001,0,997000.0,4,3.5,3430,13609,2.0,0,0,3,11
20141222,1977,0,335000.0,3,2.75,1990,19991,1.0,0,0,3,7
20140521,1984,0,250000.0,3,2.0,1170,7258,1.0,0,0,3,7
20150312,1985,0,278500.0,3,1.75,1390,8980,1.0,0,0,4,8
20150128,1973,0,260000.0,4,1.5,1540,7300,2.0,0,0,3,7
20141121,2004,0,600000.0,4,2.5,2990,5122,2.0,0,0,3,8
20150428,1998,0,350000.0,4,2.25,1770,7778,2.0,0,0,3,7
20141215,2005,0,852500.0,5,3.75,3830,8131,2.0,0,0,3,10
20140721,2008,0,485000.0,3,2.5,2870,5490,2.0,0,0,3,9
20150112,1998,0,835000.0,2,3.25,3570,392475,1.0,0,0,3,9
20141125,1998,0,635000.0,3,2.5,3610,26359,1.0,0,0,3,8
20140910,1988,0,375000.0,3,1.5,1630,16170,1.0,0,0,3,7
20150430,1982,0,600000.0,4,2.25,2260,43847,2.0,0,0,3,8
20140825,1993,0,397450.0,4,2.5,2650,9451,2.0,0,0,4,8
20141120,2014,0,890000.0,4,2.5,3370,7200,2.0,0,0,3,8
20140822,1982,0,424240.0,3,2.0,2080,12094,2.0,0,0,4,8
20141124,1982,0,589950.0,3,2.0,2080,12094,2.0,0,0,4,8
20150312,1989,0,349000.0,3,2.5,2550,7709,2.0,0,0,3,9
20140626,1993,0,690000.0,5,3.5,2720,7598,2.0,0,0,3,8
20150126,1976,0,440000.0,4,2.25,2080,15750,1.0,0,0,3,8
20140904,2014,0,439990.0,4,2.5,1540,1994,2.0,0,0,3,8
20150311,2006,0,815000.0,4,2.5,3880,7208,2.0,0,0,3,10
20150421,1995,0,535000.0,4,2.25,1860,3766,2.0,0,0,3,8
20141126,1975,0,215000.0,3,1.75,1280,10016,1.0,0,0,4,7
20140530,1990,0,349900.0,3,2.5,2200,7278,2.0,0,0,3,8
20141014,1997,0,515100.0,3,2.5,2074,4900,2.0,0,0,3,8
20140624,1994,0,620000.0,4,2.5,2450,55387,2.0,0,0,3,9
20150122,1980,0,657500.0,4,2.25,2520,10370,2.0,0,0,3,9
20140522,1976,0,307000.0,3,1.5,2320,7500,1.0,0,0,3,7
20150513,1994,0,288000.0,3,2.5,1370,9253,1.0,0,0,3,7
20140930,1971,0,350000.0,3,1.0,1300,10236,1.0,0,0,4,6
20150323,1985,0,865000.0,3,2.25,2670,150270,2.0,0,0,3,9
20150123,1979,0,410000.0,3,1.75,1440,8560,1.0,0,0,4,7
20140919,1979,0,241500.0,4,2.5,2500,9654,1.0,0,0,3,8
20140623,1975,0,322200.0,4,2.25,2010,19000,2.0,0,0,4,8
20140512,2004,0,1315000.0,4,3.5,3460,3997,2.0,0,0,3,10
20140529,1988,0,405000.0,3,2.0,1240,14404,1.0,0,0,3,7
20150402,1992,0,350000.0,4,2.5,2140,7095,2.0,0,0,3,8
20141211,1992,0,368500.0,5,2.75,2530,7601,1.0,0,0,3,7
20140603,2001,0,1070000.0,4,3.75,4130,12320,2.0,0,0,3,11
20140826,1983,0,430000.0,4,1.75,1710,7724,1.0,0,0,3,8
20141213,1988,0,1122500.0,4,3.25,4750,62365,2.0,0,0,3,11
20140828,1988,0,915000.0,4,2.5,3400,35062,2.0,0,0,4,11
20140523,1994,0,535000.0,3,2.5,2210,7620,2.0,0,0,3,8
20141104,1979,0,390000.0,3,1.5,1650,8676,1.0,0,0,4,8
20141028,1995,0,349000.0,4,2.5,1800,7620,2.0,0,0,3,8
20141215,2001,0,682000.0,4,2.75,2820,8009,2.0,0,0,3,9
20140722,2011,0,319950.0,4,2.5,2038,7643,2.0,0,0,3,8
20150327,1978,0,210000.0,3,2.25,1720,9435,1.0,0,0,4,7
20150128,1998,0,774000.0,4,2.75,2830,10240,2.0,0,0,4,9
20150417,1989,0,595000.0,4,2.5,2360,43017,2.0,0,0,3,9
20140514,2004,0,723000.0,4,2.5,2700,4004,2.0,0,0,3,9
20150428,1979,0,270000.0,3,1.75,1800,9314,2.0,0,0,3,8
20141007,2006,0,559000.0,2,2.0,1930,5520,1.0,0,0,3,8
20150202,1976,0,474000.0,4,2.25,1960,14834,1.0,0,0,4,8
20141114,1992,0,303500.0,4,2.5,1920,7345,2.0,0,0,3,8
20141006,1981,0,589000.0,3,2.0,2360,118483,1.0,0,0,3,8
20150306,1974,0,585000.0,3,1.75,1790,87213,1.0,0,0,4,7
20141002,1976,0,482975.0,3,2.25,2130,8801,1.0,0,0,3,8
20141119,2003,0,365500.0,4,2.5,2030,4499,2.0,0,0,3,8
20140711,1972,0,570000.0,4,2.0,1790,7800,1.0,0,0,5,8
20150202,1990,0,335000.0,3,2.5,2260,8040,2.0,0,0,3,8
20140519,2014,0,386591.0,3,2.5,1690,1613,2.0,0,0,3,8
20150409,1998,0,620000.0,4,2.5,2690,32780,2.0,0,0,3,9
20140827,1994,0,364250.0,3,2.5,2280,213879,2.0,0,0,3,8
20140527,1979,0,399000.0,4,2.5,2870,9292,2.0,0,0,3,8
20140514,1992,0,766950.0,3,2.5,3030,30007,1.5,0,0,4,10
20140918,2004,0,710000.0,4,2.75,2940,4232,2.0,0,0,3,9
20141023,2001,0,300000.0,3,2.5,1800,3253,2.0,0,0,3,7
20140710,1993,0,263000.0,3,1.75,1580,9187,1.0,0,0,3,8
20141010,1996,0,445000.0,3,2.5,1730,4408,2.0,0,0,3,8
20141229,1987,0,307000.0,4,2.75,2520,6964,1.0,0,0,4,7
20140731,2003,0,775000.0,4,3.5,3080,5250,2.0,0,0,3,9
20140903,1983,0,518000.0,4,2.5,2160,9750,2.0,0,0,3,8
20141209,2005,0,1600000.0,4,3.5,4060,9486,2.0,0,0,3,10
20141023,1979,0,315000.0,1,2.25,1940,2550,2.0,0,0,4,7
20140731,1991,0,572650.0,4,2.5,2250,11349,2.0,0,0,3,8
20150325,1995,0,231000.0,3,2.5,1370,7247,2.0,0,0,3,7
20141010,2005,0,419000.0,4,2.5,3010,9155,2.0,0,0,3,9
20140915,2004,0,695000.0,5,3.0,3290,14134,1.0,0,0,3,7
20150320,1998,0,319900.0,3,2.5,2040,7580,2.0,0,2,3,8
20150112,1978,0,329000.0,3,2.75,1920,7700,1.0,0,0,4,8
20140827,1988,0,475226.0,3,2.5,2120,4512,2.0,0,0,3,8
20150325,2003,0,638000.0,3,2.5,2170,5000,2.0,0,0,3,9
20150325,1984,0,440000.0,2,1.5,1330,15873,1.0,0,0,3,7
20150429,1989,0,600000.0,3,2.75,3580,14217,2.0,0,3,4,10
20140930,2004,0,575000.0,3,2.5,2120,4780,2.0,0,0,3,7
20141106,1987,0,345000.0,3,2.5,1990,20466,1.5,0,0,4,8
20140516,1988,0,425000.0,3,2.5,2670,13218,1.0,0,0,4,10
20150505,1972,0,411000.0,2,2.25,1910,108900,1.0,0,0,4,7
20140721,1976,0,299800.0,4,1.5,1530,9000,1.0,0,0,4,6
20140520,1987,0,760000.0,4,1.75,2450,13300,1.0,0,2,4,9
20150428,1999,0,359950.0,4,2.5,1820,3899,2.0,0,0,3,7
20150203,1983,0,375000.0,4,2.5,2090,8325,1.0,0,0,4,7
20140508,1973,0,295000.0,2,1.75,2200,89298,1.0,0,0,3,7
20150319,1986,0,250000.0,4,3.0,2250,7882,2.0,0,0,3,8
20141023,2000,0,497000.0,3,2.25,1450,1387,3.0,0,0,3,8
20140813,1987,0,520000.0,4,2.5,2280,8798,2.0,0,0,4,8
20140717,1999,0,365000.0,4,3.5,2720,6781,2.0,0,0,3,8
20141208,1976,0,459900.0,3,2.25,2250,8000,1.0,0,0,3,8
20140819,1985,0,439950.0,4,2.25,2780,15075,2.0,0,0,3,7
20140702,1983,0,535000.0,3,1.75,2330,12141,1.0,0,0,3,7
20150124,2007,0,530000.0,4,4.5,4060,10800,2.0,0,0,3,10
20150311,2006,0,798000.0,5,2.75,3220,5934,2.0,0,0,3,9
20141107,1993,0,785000.0,4,2.5,3270,9578,2.0,0,0,3,9
20150318,1971,0,433000.0,3,1.75,2160,8565,1.0,0,0,3,8
20141017,1983,0,215000.0,3,1.5,1280,5065,2.0,0,0,4,6
20141104,1972,0,665000.0,5,2.75,2330,8000,1.0,0,0,4,7
20140623,1998,0,835000.0,4,2.5,3030,29163,2.0,0,0,3,10
20140814,1980,0,525000.0,6,3.0,2880,7560,2.0,0,0,3,7
20140815,1988,0,844000.0,4,3.25,3090,67518,2.0,0,0,3,10
20150127,1985,0,680000.0,4,2.75,2720,54048,2.0,0,0,3,8
20140617,1989,0,605500.0,3,2.5,2830,6536,2.0,0,0,3,9
20140826,2005,0,762500.0,4,2.5,3150,5979,2.0,0,0,3,9
20150305,2014,0,1740000.0,5,3.25,3930,5500,2.0,0,0,3,9
20150330,1974,0,1250000.0,5,3.25,3930,12719,2.0,0,2,4,10
20141210,1999,0,693000.0,4,2.5,3160,13063,2.0,0,0,3,10
20150501,1998,0,325000.0,3,2.5,1580,4698,2.0,0,0,3,7
20150401,1994,0,270000.0,4,1.75,1560,4290,2.0,0,0,3,7
20150501,1976,0,2850000.0,4,4.0,5040,17208,1.0,0,0,5,10
20141010,2004,0,1780000.0,4,3.25,4890,13402,2.0,0,0,3,13
20150406,1977,0,483000.0,3,2.25,2100,43560,1.0,0,0,4,8
20141008,1977,0,785000.0,4,3.0,3370,100681,1.0,0,0,5,8
20150326,2006,0,660000.0,3,2.5,2330,3995,2.0,0,0,3,9
20140618,1980,0,264000.0,4,1.75,1820,8118,1.0,0,0,4,7
20140624,1994,0,1215000.0,4,3.75,3820,53574,1.0,0,0,3,10
20140815,1991,0,475000.0,3,2.5,2770,98881,2.0,0,0,3,9
20141121,1990,0,845800.0,4,3.5,3020,12750,2.0,0,0,3,10
20150109,1992,0,560000.0,4,2.75,1950,6192,2.0,0,0,3,8
20150504,1977,0,323000.0,4,2.75,2230,50094,1.0,0,2,4,7
20150220,1977,0,257500.0,4,2.0,2060,6400,1.0,0,0,3,7
20140512,2004,0,372500.0,5,3.0,2480,10090,1.0,0,0,3,7
20141212,1980,0,836000.0,4,2.5,2450,12987,1.0,0,0,4,9
20150409,1999,0,365000.0,5,2.5,2260,7040,2.0,0,0,3,8
20150427,1984,0,864000.0,4,2.5,3720,105850,2.0,0,0,4,10
20150218,1990,0,550000.0,4,2.5,3350,6605,2.0,0,0,3,8
20140622,1977,0,439500.0,3,2.5,2050,40003,1.0,0,0,4,8
20140908,1987,0,268000.0,3,1.75,1250,5546,1.0,0,0,4,7
20141118,1994,0,751305.0,4,2.5,2660,8469,2.0,0,0,3,10
20150423,1988,0,200000.0,4,2.75,2210,13235,2.0,0,0,3,8
20150220,1973,0,325000.0,3,1.5,2120,41325,1.0,0,0,4,7
20150324,1988,0,736000.0,3,2.25,2470,11603,2.0,0,2,3,8
20140710,1998,0,426500.0,4,2.5,2700,6515,2.0,0,0,3,9
20150225,1979,0,482000.0,4,2.25,2240,8322,2.0,0,0,3,8
20140806,1976,0,532500.0,4,2.5,2490,8750,2.0,0,0,3,8
20141008,1995,0,540000.0,4,2.5,2329,9436,2.0,0,0,3,9
20140711,1984,0,578000.0,3,2.25,1790,9580,2.0,0,0,3,8
20140910,1976,0,485000.0,3,2.5,2540,51836,1.0,0,0,4,8
20140819,1978,0,575000.0,2,1.5,1750,19709,1.5,0,0,4,8
20140617,2000,0,421000.0,3,2.5,2890,21780,2.0,0,0,3,8
20150318,1986,0,515000.0,4,2.25,2200,6967,2.0,0,0,3,8
20150224,1974,0,815000.0,5,2.25,3410,35536,2.0,0,0,3,10
20150330,1994,0,289000.0,3,2.5,1490,8628,2.0,0,0,3,7
20141212,1979,0,458000.0,4,3.0,3280,62726,1.5,0,0,3,7
20140818,1978,0,230000.0,3,1.75,1450,8378,1.0,0,0,4,8
20140731,1978,0,288000.0,3,1.75,1660,10440,1.0,0,0,3,7
20140604,1980,0,119500.0,3,1.0,1170,11000,1.0,0,0,2,6
20141120,1979,0,805000.0,4,3.0,3350,23781,1.0,0,0,4,9
20140611,2004,0,435000.0,3,2.5,1420,2581,3.0,0,0,3,7
20140922,1978,0,260000.0,3,1.75,2170,10018,1.0,0,0,4,7
20150320,1990,0,602000.0,4,2.5,2000,7376,2.0,0,0,3,8
20141110,2006,0,250000.0,2,1.5,1160,1086,2.0,0,0,3,7
20150508,2010,0,448500.0,3,2.5,2080,3920,2.0,0,0,3,8
20140905,2000,0,428400.0,4,2.5,2650,6000,2.0,0,0,3,9
20140729,1998,0,346290.0,4,2.75,2690,9240,2.0,0,0,3,8
20150203,1999,0,587000.0,4,2.75,2210,8430,2.0,0,0,3,9
20140820,2003,0,355000.0,4,2.5,2390,6775,2.0,0,0,3,7
20140730,2003,0,340000.0,4,2.5,2160,5455,2.0,0,0,3,7
20140729,1978,0,600000.0,4,2.75,2810,17674,1.0,0,0,4,8
20150202,1974,0,540400.0,4,1.75,1680,6758,1.0,0,0,3,8
20141001,1995,0,569000.0,3,2.5,2150,8060,2.0,0,0,3,8
20140710,2004,0,735000.0,3,2.5,2820,8159,2.0,0,0,3,9
20141216,1987,0,434000.0,3,2.25,1750,9353,1.0,0,0,3,7
20150422,1986,0,280500.0,4,2.75,2660,7754,1.5,0,0,3,8
20150205,2007,0,539950.0,2,2.0,1670,3507,1.0,0,0,3,9
20150205,1991,0,1150000.0,4,3.75,4160,35000,2.0,0,0,3,11
20141111,1992,0,250000.0,3,2.5,1790,6191,2.0,0,0,3,8
20140508,1989,0,266000.0,3,2.5,1940,8547,1.0,0,0,3,7
20140722,1996,0,258000.0,3,2.0,1390,7200,1.0,0,0,3,7
20140806,2003,0,530000.0,3,2.25,1264,1536,2.0,0,0,3,8
20140708,1998,0,362000.0,5,3.0,1810,3000,2.0,0,0,3,7
20150406,2004,0,500000.0,4,3.0,2450,4668,2.0,0,0,3,8
20140506,1998,0,272000.0,3,2.5,1650,13816,2.0,0,0,3,7
20140917,1985,0,365000.0,2,2.0,1440,15000,1.0,0,0,3,7
20140612,1985,0,235000.0,3,1.75,1840,9697,1.0,0,0,4,7
20140730,1998,0,463000.0,3,2.5,2010,4195,2.0,0,0,3,8
20140617,1991,0,536000.0,4,2.25,1990,5948,2.0,0,0,3,8
20141021,2003,0,375000.0,4,2.5,2990,6145,2.0,0,0,3,8
20140908,1999,0,630000.0,4,2.5,2540,4727,2.0,0,0,3,9
20150204,1979,0,350000.0,4,2.75,2500,11659,1.0,0,2,3,9
20141003,2001,0,1691000.0,4,3.5,4020,13515,2.0,0,0,3,11
20140806,1975,0,269000.0,4,2.5,1594,7665,1.0,0,0,5,7
20150224,1997,0,265000.0,3,2.0,1690,9516,1.0,0,0,3,7
20140804,2001,0,835000.0,4,3.25,3270,6027,2.0,0,0,3,10
20140701,2006,0,850000.0,4,3.25,4350,112750,1.0,0,0,3,9
20141201,1982,0,575000.0,4,2.75,1610,11201,1.0,0,0,5,7
20150409,1980,0,510000.0,3,2.0,1420,11325,1.0,0,0,3,7
20140721,2003,0,439900.0,5,3.5,3390,7950,2.0,0,2,3,7
20141215,1976,0,435000.0,3,1.75,2030,13700,1.0,0,0,3,8
20140616,1984,0,385000.0,4,1.75,1690,4080,1.0,0,0,4,7
20140620,1976,0,477000.0,3,1.75,1780,8085,1.0,0,0,3,7
20140828,2005,0,885000.0,4,2.5,4090,11225,2.0,0,0,3,10
20150504,1995,0,210000.0,3,2.75,1320,15236,1.0,0,0,3,7
20150313,1985,0,406000.0,3,1.75,1390,7904,1.0,0,0,3,7
20140610,1978,0,350000.0,2,0.75,1392,43710,1.5,0,0,4,7
20140710,1999,0,720000.0,4,2.5,3340,8930,2.0,0,2,3,10
20140522,1981,0,604700.0,4,2.75,2750,14982,1.0,0,3,3,9
20141209,1982,0,558000.0,3,2.25,2220,15757,1.0,0,0,3,8
20140612,2005,0,480000.0,3,2.5,1250,1103,3.0,0,2,3,8
20141203,1978,0,560000.0,5,2.5,2410,8960,1.0,0,0,5,7
20150428,2013,0,359950.0,5,2.75,2844,3990,2.0,0,0,3,8
20140910,1979,0,535000.0,4,2.5,2200,110642,1.0,0,0,5,7
20150410,2012,0,980000.0,5,4.0,3460,5400,2.0,0,0,3,10
20140530,1994,0,489000.0,3,2.5,2260,19821,2.0,0,0,3,9
20150415,1987,0,672500.0,4,2.5,2650,11108,2.0,0,0,3,10
20141017,1985,0,352500.0,3,1.0,1000,4171,1.0,0,0,3,7
20140521,1973,0,895000.0,5,3.0,2876,13927,1.0,0,2,4,9
20140926,1976,0,668500.0,4,2.25,2290,9546,1.0,0,0,4,8
20140821,2005,0,487000.0,2,2.5,1470,2533,2.0,0,0,3,8
20141202,1992,0,538000.0,3,3.5,2620,10137,2.0,0,0,3,8
20140924,1995,0,315000.0,4,2.0,2020,7767,1.0,0,0,3,8
20150128,1978,0,1600000.0,3,2.5,2850,19593,1.5,1,4,3,10
20150427,1999,0,1200000.0,4,2.5,4280,12796,2.0,0,0,3,11
20150312,1979,0,355425.0,4,2.5,3238,9112,1.0,0,2,4,8
20150113,2000,0,500000.0,3,3.25,1520,1500,3.0,0,0,3,7
20141121,1979,0,299500.0,4,2.25,1600,15312,1.0,0,0,4,7
20140624,1989,0,349950.0,4,2.5,2090,5289,2.0,0,0,3,8
20141028,2010,0,1419000.0,5,3.25,4020,4500,2.0,0,0,3,9
20141216,1988,0,998000.0,4,2.25,2910,10189,2.0,0,0,3,9
20141009,1981,0,575000.0,3,1.75,1720,5956,2.0,0,0,3,8
20141120,2003,0,1470000.0,4,2.5,3030,10189,1.0,0,0,3,9
20141023,1987,0,286000.0,3,2.5,1680,5000,2.0,0,0,3,8
20140715,2004,0,510000.0,4,2.75,3180,13348,2.0,0,0,3,8
20150127,1991,0,265000.0,3,2.25,2540,7216,2.0,0,0,3,8
20150406,1990,0,241400.0,3,2.0,1420,9828,1.0,0,0,4,7
20141216,1984,0,345000.0,3,2.25,1920,9672,2.0,0,0,4,8
20150504,1984,0,625000.0,3,2.25,1920,9672,2.0,0,0,4,8
20140709,2002,0,660000.0,4,2.5,2510,4543,2.0,0,0,3,8
20150317,2003,0,559000.0,2,2.0,1660,4500,1.0,0,0,3,8
20140707,2004,0,866000.0,4,3.25,3990,9786,2.0,0,0,3,9
20141020,1987,2007,530000.0,3,2.25,1880,100623,1.5,0,0,3,8
20140724,1987,0,798000.0,4,3.25,3500,10260,2.0,0,0,3,10
20140813,1986,0,380000.0,2,2.0,1370,5756,1.0,0,0,3,8
20140819,2001,0,350000.0,4,2.5,2810,10433,2.0,0,0,3,8
20140514,1990,0,325000.0,3,2.5,2220,6049,2.0,0,0,4,8
20150402,1989,0,336000.0,3,2.5,2110,4549,2.0,0,0,4,8
20141024,1974,0,286900.0,3,2.25,1720,17235,1.0,0,0,4,7
20140930,1976,0,472000.0,5,2.25,1780,7245,1.0,0,0,4,8
20140630,1985,0,263000.0,3,1.75,1410,8100,2.0,0,0,3,7
20141008,1992,0,765000.0,3,2.5,2700,8444,2.0,0,0,3,10
20141223,1981,0,405000.0,3,2.0,1660,8174,1.0,0,0,3,7
20150427,2002,0,1098000.0,4,3.5,4570,16219,2.0,0,0,3,11
20140911,1979,0,555000.0,3,3.0,3760,188760,1.0,0,0,4,10
20150427,2006,0,305000.0,3,2.5,1610,3516,2.0,0,0,3,8
20140901,1992,0,289950.0,3,2.25,1740,9370,1.0,0,0,3,7
20140813,1999,0,487500.0,5,3.5,3530,218472,2.0,0,0,3,7
20140604,1994,0,837500.0,4,2.5,2700,9320,2.0,0,0,4,8
20140625,1989,0,583000.0,3,2.5,1790,8144,2.0,0,0,3,8
20140904,2000,0,499000.0,3,2.5,1610,1728,3.0,0,0,3,8
20140716,2001,0,550000.0,3,2.5,2290,6328,2.0,0,0,3,8
20140924,1980,0,400000.0,4,2.5,2170,204296,1.0,0,0,4,7
20150219,2008,0,990400.0,3,2.5,2100,4097,2.0,0,0,3,9
20140821,1974,0,600000.0,3,2.5,2320,52272,1.5,0,0,3,8
20140710,1991,0,265000.0,3,2.5,1530,6000,2.0,0,0,4,7
20140708,1997,0,1087500.0,2,2.0,2360,11340,1.5,0,0,3,9
20140630,1992,0,397500.0,4,2.5,2570,7859,2.0,0,0,3,8
20150513,1978,0,267000.0,3,2.25,2510,9900,1.0,0,0,3,8
20150210,2001,0,339000.0,4,2.5,2900,6918,2.0,0,0,3,8
20150415,1981,0,1850000.0,4,2.5,3830,11972,1.0,1,4,3,11
20141006,2007,0,1150000.0,5,3.5,4350,6218,2.0,0,2,3,10
20140520,2012,0,387000.0,2,2.25,1230,1280,2.0,0,0,3,8
20140619,1987,0,720000.0,4,2.5,2440,34290,2.0,0,0,3,9
20140711,1996,0,1500000.0,4,3.5,4410,12426,2.0,0,2,3,12
20140521,1988,0,368250.0,3,2.5,2150,7484,2.0,0,0,3,8
20141113,1988,0,580000.0,3,2.5,2150,7484,2.0,0,0,3,8
20150127,2004,0,215000.0,4,2.5,2130,4496,2.0,0,0,3,7
20140909,1989,0,648000.0,4,2.5,2740,9959,2.0,0,0,3,9
20140903,2001,0,705000.0,4,3.0,3150,9318,2.0,0,0,3,9
20150109,2005,0,465000.0,3,2.25,1450,1540,2.0,0,0,3,8
20150428,1984,0,640000.0,4,2.0,2310,31850,1.5,0,0,4,8
20150303,1989,0,638250.0,4,2.5,2460,8029,2.0,0,0,3,9
20141017,1996,0,1460000.0,4,3.5,4200,14353,2.0,0,2,3,12
20150217,1985,0,810000.0,4,2.5,3280,25211,2.0,0,3,3,11
20141031,2014,0,730000.0,3,2.5,2160,8809,1.0,0,0,3,9
20150320,1972,0,265000.0,4,2.0,1600,10160,1.0,0,0,4,7
20140725,1987,0,550000.0,4,2.5,2050,8683,2.0,0,0,3,8
20140801,1991,0,595000.0,3,2.5,2660,10637,2.0,0,0,3,9
20140714,1972,0,270000.0,3,1.5,1540,13475,1.0,0,0,4,7
20140708,2014,0,357562.0,2,1.75,1210,1032,2.0,0,0,3,8
20140611,1987,0,1010000.0,4,2.5,3760,29224,2.0,0,0,3,11
20140930,2004,0,455000.0,2,1.75,1350,4286,1.0,0,0,3,8
20150430,1989,0,825000.0,3,2.25,2980,86636,1.0,0,0,3,9
20140716,1996,0,665000.0,3,2.5,1730,3000,2.0,0,0,3,8
20140728,1988,0,699950.0,3,2.5,3370,36218,2.0,0,0,4,9
20140728,1985,0,424000.0,3,2.5,2200,34680,2.0,0,0,3,9
20140717,1974,0,445000.0,3,1.75,1490,10844,1.0,0,0,3,7
20140731,2007,0,450000.0,3,2.5,1530,762,2.0,0,0,3,8
20141112,1996,0,460000.0,4,2.5,2080,17532,2.0,0,0,3,9
20141104,1993,0,272000.0,4,2.25,1880,6160,2.0,0,0,3,7
20150120,2001,0,535000.0,3,2.5,2510,5544,2.0,0,0,3,7
20150225,1989,0,325000.0,3,2.5,2130,12245,2.0,0,0,3,8
20140730,1989,0,569500.0,4,2.5,2340,8248,2.0,0,0,3,8
20140519,1974,0,524950.0,3,1.75,1890,3825,1.0,0,0,3,7
20141022,2000,0,775000.0,3,2.5,2780,5467,2.0,0,2,3,9
20150112,1997,0,338500.0,4,2.5,2390,6111,2.0,0,0,3,8
20150501,1975,0,570000.0,3,1.75,2390,9000,1.0,0,0,3,8
20141120,2008,0,435000.0,2,2.5,1560,1222,2.0,0,0,3,8
20140725,1971,0,540000.0,2,1.0,1120,7500,1.0,0,2,4,7
20150107,2006,0,250000.0,3,2.25,1050,572,2.0,0,0,3,7
20141203,2009,0,455000.0,4,2.5,2811,7251,2.0,0,0,3,9
20140527,2000,0,1795000.0,4,3.25,4060,13000,2.0,0,3,3,11
20150326,1990,0,970000.0,4,2.75,4430,74358,2.0,0,0,3,10
20140827,1978,0,690000.0,3,2.25,2430,8327,1.0,0,0,4,9
20140708,1987,0,789900.0,3,2.5,3420,25150,1.0,0,0,4,10
20140613,1974,0,440000.0,4,2.25,2010,7575,1.0,0,0,3,7
20150414,1994,0,278000.0,3,2.0,1230,7789,1.0,0,0,3,7
20140630,1996,0,245000.0,3,2.75,1300,14197,1.0,0,0,3,7
20141021,1971,0,287000.0,3,1.5,1150,11475,1.0,0,0,3,7
20140603,1988,0,435000.0,3,1.75,2220,132858,1.0,0,0,3,7
20140715,1989,0,585000.0,3,2.5,2050,11690,2.0,0,0,4,9
20150115,1978,0,203000.0,3,1.75,1610,9000,1.0,0,0,4,7
20150330,1973,0,833000.0,4,2.5,2190,12690,1.0,0,2,3,8
20141211,2003,0,565000.0,4,2.75,2730,6856,2.0,0,0,3,8
20150212,1991,0,572500.0,3,2.5,2490,7589,2.0,0,0,3,9
20150402,1971,0,1525000.0,4,4.25,4720,21000,3.0,0,4,5,11
20150121,2003,0,900000.0,4,3.0,3810,217800,2.0,0,0,3,9
20150226,1996,0,899000.0,3,2.5,1950,3730,2.0,0,0,3,9
20150304,1976,0,512500.0,3,1.75,1610,7200,1.0,0,0,3,7
20140715,1982,0,473000.0,5,3.25,2180,7200,2.0,0,0,4,7
20140701,1984,0,540000.0,3,1.75,2050,9580,1.0,0,0,3,8
20140805,1975,0,175000.0,2,1.75,1050,9800,1.5,0,0,4,6
20150218,1989,0,490000.0,3,2.5,2410,11900,1.0,0,2,4,9
20140515,1986,0,342400.0,3,2.25,1180,9630,2.0,0,0,3,7
20141203,1974,0,652450.0,3,2.25,2230,11835,1.0,0,0,5,8
20150330,2003,0,651100.0,4,2.5,2310,5526,2.0,0,0,3,9
20141007,2014,0,3418800.0,5,5.0,5450,20412,2.0,0,0,3,11
20140528,2005,0,429000.0,2,1.75,1350,6315,1.0,0,0,3,8
20150218,1982,0,1200000.0,4,2.25,2860,10702,2.0,0,0,3,10
20150305,1980,0,420000.0,6,3.0,2290,6344,2.0,0,0,3,7
20140623,1989,0,345950.0,3,2.5,2110,4118,2.0,0,0,3,8
20141208,2001,0,695000.0,4,2.25,2360,2500,2.0,0,3,3,8
20141006,1993,0,295000.0,4,2.5,2350,8906,2.0,0,0,3,7
20150408,1976,0,434975.0,3,2.25,1590,9960,1.0,0,0,3,7
20140708,1992,0,513000.0,3,2.5,1810,4592,2.0,0,0,3,8
20140616,2007,0,963000.0,4,3.5,3280,6603,2.0,0,0,3,10
20141024,2006,0,942500.0,4,3.25,3570,14408,2.0,0,2,3,10
20140905,2002,0,1029000.0,4,3.25,3780,11200,2.0,0,0,3,11
20141106,1991,0,416500.0,4,2.0,2280,39848,2.0,0,0,4,8
20140702,1982,0,489000.0,3,3.0,3700,10375,2.0,0,0,3,9
20140815,1994,0,925000.0,3,3.0,2560,3600,2.0,0,0,3,10
20140723,1991,0,390000.0,4,2.5,1840,15496,2.0,0,0,3,8
20150310,1988,0,415000.0,3,2.75,2080,9600,1.0,0,0,3,7
20150105,1978,0,855000.0,4,3.0,3090,35074,2.0,0,0,3,9
20150327,1999,0,817250.0,3,2.5,2980,7202,2.0,0,0,3,8
20140725,1986,0,762500.0,3,2.25,3330,15258,2.0,0,0,3,10
20150414,2000,0,325000.0,4,2.5,2200,7719,2.0,0,0,3,8
20140710,1998,0,840000.0,4,3.5,3840,85728,2.0,0,0,3,11
20140515,1985,0,749400.0,4,2.5,3240,20301,2.0,0,0,3,10
20140626,1974,0,663000.0,3,2.5,2480,37843,1.5,1,3,4,8
20150410,1997,0,515000.0,4,2.5,1850,9248,2.0,0,0,3,8
20140512,1987,0,410000.0,3,2.25,2200,16921,2.0,0,0,3,8
20150109,2014,0,908950.0,4,2.75,3090,6200,2.0,0,0,3,9
20140509,2003,0,387000.0,3,2.25,1445,1606,2.0,0,0,3,7
20140723,1977,0,420000.0,2,1.75,1060,4182,2.0,0,0,3,7
20140819,1993,0,320000.0,4,2.5,2050,8424,2.0,0,0,4,8
20141229,2005,0,376000.0,3,2.0,1540,1827,2.0,0,0,3,8
20141215,2004,0,705000.0,4,2.75,3000,6222,2.0,0,0,3,9
20140602,2001,0,725995.0,4,2.5,3190,7869,2.0,0,2,3,9
20150126,1977,0,285000.0,4,2.5,1870,8190,1.0,0,0,3,7
20140502,1987,0,285000.0,4,2.5,2200,9397,2.0,0,0,3,8
20140820,2005,0,731000.0,4,2.5,3070,5936,2.0,0,0,3,9
20150501,1986,0,1564350.0,4,3.75,3730,17000,2.0,0,3,4,10
20150422,1989,0,1110000.0,3,4.0,4160,31796,2.0,0,0,3,11
20140722,2005,0,796000.0,4,3.5,3670,4960,2.0,0,0,3,9
20150428,2000,0,807000.0,3,2.5,1940,4000,2.0,0,0,4,9
20141110,2000,0,315000.0,4,2.5,1780,6000,2.0,0,0,3,9
20150227,1986,0,637000.0,3,2.25,2200,7355,2.0,0,0,4,8
20141211,1981,0,490000.0,3,2.0,2070,10023,1.0,0,0,3,8
20140508,2004,0,325900.0,4,2.5,2320,6270,2.0,0,0,3,8
20140905,1997,0,215000.0,4,2.5,1700,6675,2.0,0,0,3,7
20150408,1997,0,315000.0,4,2.5,1700,6675,2.0,0,0,3,7
20140717,1984,0,205000.0,3,1.75,1290,7210,1.0,0,0,3,7
20150113,1998,0,441000.0,3,2.5,2740,7923,2.0,0,0,3,9
20140515,1991,0,316500.0,4,2.5,2150,6807,2.0,0,0,4,8
20150427,1983,0,1052000.0,3,2.25,2880,6092,2.0,0,4,4,8
20150412,1975,0,925000.0,4,2.25,2590,13894,2.0,0,0,4,9
20140519,2005,0,241000.0,2,2.0,1470,3128,2.0,0,0,3,6
20141201,1972,1987,599000.0,4,2.0,3410,15143,2.0,0,0,4,8
20141024,2001,0,330000.0,4,2.5,1820,3905,2.0,0,0,3,7
20150310,1995,0,620000.0,5,2.5,3070,34991,2.0,0,0,3,9
20140806,1988,0,435000.0,3,2.0,1610,6911,1.0,0,0,3,7
20140516,2006,0,725000.0,5,2.75,2830,5310,2.0,0,0,3,9
20141105,1982,0,300000.0,3,1.0,970,12300,1.0,0,0,3,7
20141111,1989,0,252000.0,3,2.5,1680,8284,2.0,0,0,3,7
20141005,1974,0,464625.0,4,2.75,2040,8996,1.0,0,0,4,8
20150513,2003,0,495000.0,4,3.5,2490,18042,2.0,0,0,3,8
20150421,2002,0,925000.0,4,2.5,3350,4501,2.0,0,0,3,9
20141211,2006,0,587000.0,4,2.75,3190,8737,2.0,0,0,3,9
20140930,1980,0,176000.0,2,1.0,920,2332,1.0,0,0,4,8
20140605,1988,0,499500.0,3,2.5,2520,53143,1.5,0,0,3,7
20140911,1974,0,600000.0,5,3.5,3150,10542,1.0,0,0,5,9
20140814,2003,0,294000.0,4,2.5,2040,7800,2.0,0,0,3,7
20140515,1996,0,390000.0,3,2.5,2240,10800,2.0,0,0,3,8
20150109,1971,0,700000.0,4,2.5,3270,9650,1.0,0,3,4,9
20150420,2006,0,635000.0,5,2.75,3110,6621,2.0,0,0,3,9
20140804,1983,0,500000.0,3,1.75,1570,8530,1.0,0,0,4,7
20141114,2001,0,575000.0,3,2.5,1870,3485,2.0,0,0,3,8
20140612,1987,0,822000.0,4,2.5,2683,40386,2.0,0,0,4,9
20150330,1999,0,487600.0,4,2.5,2340,12080,2.0,0,0,3,8
20140911,2014,0,680000.0,2,2.0,1450,989,3.0,0,0,3,9
20140910,2004,0,419000.0,3,2.5,3310,21096,2.0,0,2,3,9
20141120,2000,0,2385000.0,4,4.0,6330,13296,2.0,0,2,3,13
20141120,1983,0,230000.0,2,2.0,1260,10200,1.0,0,0,3,7
20140916,2002,0,321000.0,4,2.5,2430,5366,2.0,0,0,3,8
20141027,1980,0,2196000.0,4,3.25,4250,18000,2.0,0,3,5,10
20140624,2004,0,751000.0,4,3.25,3090,9571,2.0,0,0,3,9
20140523,1987,0,675000.0,4,2.5,2560,36601,2.0,0,0,4,9
20140925,1988,0,730000.0,3,3.0,3460,13129,2.0,0,0,3,9
20150102,2005,0,762500.0,5,3.5,3290,5880,2.0,0,0,3,9
20140826,2002,0,650000.0,3,2.5,2790,6720,2.0,0,0,3,8
20150225,1992,0,525000.0,4,2.5,2740,12106,1.0,0,0,3,8
20150413,1988,0,781000.0,4,2.5,2590,8571,2.0,0,0,3,9
20150428,2004,0,827000.0,3,2.5,1850,1330,2.5,0,0,3,9
20150224,2004,0,671300.0,4,2.5,3280,5232,2.0,0,0,3,7
20140711,2002,0,329950.0,4,2.5,1920,4600,2.0,0,0,3,7
20140805,1979,0,445000.0,4,3.25,1960,7200,2.0,0,0,3,7
20140819,1979,0,237000.0,3,1.75,2000,12208,1.0,0,0,3,7
20141210,2006,0,438900.0,4,2.5,2740,5700,2.0,0,0,3,9
20141017,2005,0,600000.0,4,2.5,2310,3866,2.0,0,0,3,8
20150120,2002,0,670000.0,4,2.5,2095,4569,2.0,0,0,3,9
20150504,2004,0,519000.0,2,2.0,1560,4823,1.0,0,0,3,8
20150311,1984,0,320000.0,3,2.25,1880,7350,1.0,0,0,3,8
20140522,2005,0,270000.0,2,1.5,840,867,2.0,0,0,3,7
20140602,1998,0,1000000.0,3,2.5,2730,5832,2.0,0,0,3,9
20140616,2004,0,792500.0,4,2.5,4290,175421,2.0,0,0,3,10
20150220,1978,0,540000.0,3,2.5,1950,13227,2.0,0,0,4,9
20150506,2003,0,533000.0,4,2.5,2830,6536,2.0,0,0,3,8
20141222,1977,0,239000.0,4,1.75,1500,12560,1.0,0,0,4,7
20150306,2000,0,713900.0,3,2.5,3370,167706,1.0,0,0,3,10
20141028,1999,0,427500.0,4,2.5,3160,8726,2.0,0,0,3,9
20140708,1991,0,1150000.0,3,2.5,3830,48743,2.0,0,0,3,11
20140528,2006,0,555000.0,3,2.5,3160,4270,2.0,0,0,3,8
20141230,1996,0,495000.0,3,2.25,2100,3000,2.0,0,0,3,7
20150512,1983,0,464950.0,4,2.25,2350,36116,1.0,0,0,4,9
20150327,1998,0,320000.0,4,2.5,1940,7040,2.0,0,0,3,8
20150129,2009,0,440000.0,1,1.0,1160,64469,1.0,0,0,3,7
20141201,1976,0,555000.0,4,1.75,2260,11000,1.0,0,0,3,8
20140617,1982,0,247200.0,3,1.75,1370,8719,1.0,0,0,3,7
20140822,1984,0,250000.0,3,2.25,1960,7414,1.0,0,0,3,7
20150218,2004,0,310000.0,2,2.5,1090,923,2.0,0,0,3,7
20150310,1976,0,704111.0,4,2.75,2460,9520,1.0,0,1,3,8
20141121,1995,0,289200.0,3,2.25,1760,7023,2.0,0,0,3,7
20150401,2007,0,1445000.0,4,3.5,3470,8580,2.0,0,0,3,11
20140625,1973,0,589950.0,5,3.0,2790,19439,1.0,0,3,5,7
20140819,2007,0,309950.0,2,2.25,1460,1607,2.0,0,0,3,8
20140911,1998,0,775000.0,3,2.5,2620,241200,1.5,0,0,4,9
20140722,2005,0,350000.0,3,2.5,2100,3574,2.0,0,0,3,7
20140717,1987,0,795000.0,4,2.5,3160,16564,2.0,0,0,3,10
20150223,2001,0,325000.0,3,2.5,1570,3143,2.0,0,0,3,7
20150317,1986,0,780000.0,3,2.5,2110,9773,1.0,0,0,3,9
20140527,2003,0,260000.0,3,2.0,1630,8018,1.0,0,0,3,7
20150420,1990,0,273000.0,2,2.0,1384,1822,2.0,0,0,3,7
20150402,1997,0,639900.0,4,2.5,3380,75794,2.0,0,0,3,10
20140826,2001,0,420000.0,4,2.5,2480,8626,2.0,0,0,3,10
20140817,1991,0,610000.0,3,2.5,3440,18167,2.0,0,0,3,11
20140807,1987,0,375000.0,3,2.5,2320,5760,1.0,0,0,3,7
20150428,2004,0,742500.0,4,2.5,2620,4400,2.0,0,0,3,9
20150501,1975,0,216600.0,3,1.75,2200,7700,1.0,0,0,3,7
20141003,1986,0,390000.0,4,2.25,2680,35218,2.0,0,0,3,8
20140916,1982,0,450000.0,3,1.75,1850,8667,1.0,0,0,4,7
20140513,1987,0,287000.0,3,2.25,1490,9600,1.0,0,0,4,7
20150113,1971,0,460000.0,4,2.0,1960,190357,1.0,0,3,2,8
20141028,2009,0,435000.0,3,2.25,1380,3015,2.0,0,0,3,7
20140703,1977,0,340000.0,8,2.75,2790,6695,1.0,0,0,3,7
20150107,1972,0,354000.0,3,1.75,1340,6300,1.0,0,0,3,7
20140801,1999,0,670000.0,4,2.5,2570,9086,2.0,0,0,3,9
20150126,2005,0,769000.0,4,3.5,3010,6202,2.0,0,0,3,9
20141201,1977,0,300000.0,3,1.75,1810,21138,1.0,0,0,4,7
20140718,1990,0,639000.0,4,2.5,2500,8540,2.0,0,0,3,9
20150401,1992,0,740000.0,4,2.5,3030,8335,2.0,0,0,3,10
20150417,1990,0,499922.0,3,2.0,1460,3000,1.0,0,0,4,7
20141219,1986,0,675000.0,4,2.5,2940,14071,2.0,0,0,3,9
20140909,2014,0,738515.0,5,2.75,3360,9200,2.0,0,0,3,9
20140812,1975,0,350000.0,4,2.5,2260,13755,1.0,0,0,4,9
20140801,1977,0,594950.0,4,2.25,2380,35008,1.0,0,0,3,8
20150514,2004,0,1695000.0,5,3.0,3320,5354,2.0,0,0,3,9
20141010,1984,0,219000.0,2,1.0,1050,9000,1.5,0,0,4,7
20150409,2004,0,450000.0,4,2.5,2070,3982,2.0,0,0,3,7
20150415,1992,0,402000.0,4,2.25,1790,7311,2.0,0,0,3,7
20140507,1994,0,560000.0,3,3.0,4120,60392,2.0,0,2,3,9
20140819,1999,0,792000.0,4,2.75,3100,10245,2.0,0,0,3,10
20141113,1999,0,435000.0,3,2.5,3380,7074,2.0,0,0,3,8
20150325,1977,0,313100.0,4,2.5,2660,9030,1.0,0,0,4,7
20150202,1972,0,510000.0,4,2.5,1840,7800,1.0,0,2,3,8
20150113,1991,0,215000.0,3,2.0,1280,6994,1.0,0,0,3,7
20150511,1979,0,640000.0,4,2.5,4090,215186,2.0,0,0,4,8
20140819,1973,0,253000.0,4,2.0,1910,7826,1.0,0,0,4,7
20140530,1994,0,650000.0,2,2.5,1740,2500,2.0,0,2,3,8
20150305,1981,0,292000.0,3,2.25,1780,9720,1.0,0,0,3,8
20140604,1992,0,289950.0,3,2.0,1670,7757,1.0,0,0,3,8
20141104,1971,0,380000.0,3,2.5,1840,6985,1.0,0,0,3,7
20141222,2010,0,360000.0,3,1.75,1255,1113,3.0,0,0,3,8
20140623,1976,0,269500.0,3,1.75,1840,7412,1.0,0,0,4,7
20140630,2005,0,449000.0,4,2.5,2960,6031,2.0,0,0,3,9
20140619,2002,0,2200000.0,5,4.75,5990,10450,2.0,1,4,3,11
20140519,1988,0,810000.0,4,2.5,3480,59242,2.0,0,0,3,11
20140918,2005,0,994000.0,5,3.25,4260,7861,2.0,0,0,3,10
20150225,1979,0,275000.0,5,2.25,1820,10500,1.0,0,0,4,7
20150429,2008,0,300000.0,2,1.0,1290,2482,2.0,0,0,3,7
20150414,2013,0,380000.0,5,2.5,2130,8428,2.0,0,0,3,7
20140902,2009,0,635000.0,3,3.5,1730,1349,3.0,0,0,3,9
20140625,2002,0,574000.0,3,2.5,2380,6832,2.0,0,0,3,8
20140508,1988,0,545000.0,3,2.25,1780,191228,2.0,0,2,3,8
20140819,1984,0,400000.0,2,1.0,1180,10800,1.0,0,0,3,7
20140910,1998,0,334000.0,4,2.5,2310,6200,2.0,0,0,3,8
20141222,1972,0,332500.0,4,2.0,1440,4855,2.0,0,0,4,7
20140923,2007,0,525000.0,2,1.5,1620,1444,2.0,0,0,3,9
20150224,1991,0,408000.0,3,2.5,2620,8403,2.0,0,0,3,8
20150427,2003,0,846450.0,4,2.5,3710,7491,2.0,0,0,3,9
20140709,1999,0,409124.0,5,3.25,3320,11340,2.0,0,0,4,8
20140721,1999,0,668000.0,4,2.5,2670,4410,2.0,0,0,3,8
20150427,2010,0,750000.0,4,2.5,2930,8641,2.0,0,0,3,8
20140531,1987,0,538888.0,5,2.75,2080,13189,2.0,0,0,3,8
20140908,1991,0,359000.0,4,1.75,1680,9244,2.0,0,0,3,8
20140701,2001,0,300000.0,3,2.25,1660,5128,2.0,0,0,3,7
20140917,1989,0,273000.0,3,2.5,1650,5994,2.0,0,0,4,7
20140710,2003,0,670000.0,3,2.5,1420,1438,2.0,0,0,3,9
20141118,1984,0,530000.0,4,2.25,2240,8376,1.0,0,0,3,8
20140819,1990,0,533000.0,3,2.5,2060,4812,2.0,0,0,3,8
20141211,1991,0,549950.0,4,3.5,3090,10510,1.0,0,0,3,8
20150506,2001,0,353500.0,3,2.5,2020,4845,2.0,0,0,3,7
20140915,1976,0,435000.0,2,1.75,1910,12142,1.0,0,0,3,9
20150114,1973,0,760000.0,3,2.5,2280,12746,1.0,0,0,4,8
20141222,1977,0,499000.0,3,2.5,1720,5940,1.0,0,0,4,8
20140714,1984,0,1202500.0,3,2.5,3430,28718,1.5,0,0,3,10
20140627,2005,0,320000.0,4,2.5,2570,4865,2.0,0,0,3,8
20150505,2000,0,890000.0,4,3.25,4360,210254,1.0,0,0,3,10
20140822,1978,0,275000.0,4,2.75,2060,7350,1.0,0,0,3,7
20140610,1994,0,490000.0,4,2.5,3020,8302,2.0,0,0,4,10
20150317,1994,0,236000.0,3,1.75,1090,7647,1.0,0,0,3,7
20150304,1975,0,265953.0,3,1.75,1470,13068,1.0,0,0,4,7
20150302,1974,0,545000.0,3,2.25,1670,6240,1.0,0,0,4,8
20140506,1991,0,535000.0,3,2.5,1850,10109,2.0,0,0,3,8
20140630,2003,0,490000.0,4,3.0,2330,3497,2.0,0,0,3,9
20140714,1988,0,950000.0,3,3.25,3330,15093,2.5,0,0,3,9
20140909,2003,0,760000.0,4,2.5,2990,5280,2.0,0,0,3,9
20140502,1997,0,367500.0,4,3.0,3110,7231,2.0,0,0,3,8
20140804,2001,0,580000.0,4,2.5,2150,5000,2.0,0,0,3,8
20140602,1987,0,665000.0,4,2.5,2720,10000,2.0,0,0,3,10
20141105,1979,0,239950.0,3,2.25,1560,8280,2.0,0,0,4,7
20140813,1998,0,470000.0,4,2.5,1990,30083,2.0,0,0,3,8
20140611,1999,0,295000.0,5,3.5,2100,5107,2.0,0,0,3,7
20141016,1976,0,355000.0,5,2.5,2344,8000,1.0,0,0,4,8
20141112,1982,0,376000.0,3,2.25,1470,9140,2.0,0,2,3,7
20140527,1983,0,325000.0,3,1.75,1780,13095,1.0,0,0,4,9
20140811,2002,0,415000.0,4,2.5,2230,5743,2.0,0,0,3,7
20150402,1981,0,935000.0,3,2.5,3570,15151,1.0,0,0,4,8
20150116,1990,0,372000.0,3,2.5,1920,15260,2.0,0,0,3,7
20140915,1980,0,334950.0,3,1.75,1880,16262,1.0,0,0,5,7
20150430,2005,0,426500.0,4,2.5,2960,4640,2.0,0,0,3,9
20140602,2003,0,1965220.0,4,3.5,4370,8510,2.0,0,1,3,10
20140604,1986,0,400000.0,3,1.75,1530,10731,1.0,0,0,3,7
20141211,2005,0,755000.0,3,2.5,2000,1950,3.0,0,0,3,8
20140716,1976,0,480000.0,4,2.5,3620,16000,2.0,0,0,3,9
20150416,1995,0,490000.0,3,2.5,2040,9622,2.0,0,0,3,8
20140618,1991,0,365000.0,3,2.5,2640,6715,2.0,0,0,3,8
20150224,2005,0,260000.0,3,2.5,1600,2244,2.0,0,0,3,7
20140724,1993,0,905000.0,4,2.5,3520,12193,2.0,0,0,4,10
20141203,1977,0,440000.0,3,2.0,1650,6408,2.0,0,0,4,8
20150429,1998,0,306500.0,3,2.5,1970,6291,2.0,0,0,4,7
20141019,2003,0,380000.0,3,2.0,1470,1656,2.0,0,0,3,8
20150327,1995,0,1450000.0,4,3.5,2820,7809,2.0,0,0,3,10
20140623,1973,0,494000.0,4,2.5,1830,7345,1.0,0,0,4,8
20150303,1977,0,670000.0,4,2.5,2110,7291,2.0,0,0,4,7
20140820,2004,0,650000.0,3,2.5,3060,7831,2.0,0,2,3,9
20150320,1983,0,852000.0,4,2.5,2620,7328,2.0,0,0,3,8
20140617,1983,0,250000.0,2,1.5,1088,1360,2.0,0,0,3,7
20150311,1998,0,384000.0,3,2.5,1540,1564,2.0,0,0,3,7
20141201,1971,0,320000.0,4,1.75,1730,9520,1.0,0,0,4,7
20140630,1977,0,445800.0,4,2.25,2070,39446,1.0,0,0,3,8
20141001,1990,0,386000.0,5,2.5,2740,12413,2.0,0,0,3,7
20141209,1996,0,251100.0,4,2.5,1790,5257,2.0,0,0,3,7
20141126,1978,0,435000.0,3,1.75,1750,16748,1.0,0,0,3,7
20140922,2000,0,870000.0,4,4.0,3610,12811,2.0,0,0,3,10
20141203,2004,0,675000.0,4,2.5,2920,6000,2.0,0,4,3,9
20141226,1976,0,605000.0,4,2.25,2260,11900,2.0,0,0,3,9
20140619,2005,0,437000.0,2,1.75,1440,4225,1.0,0,0,3,8
20140723,1989,0,379500.0,3,2.25,1830,25641,2.0,0,0,3,8
20140924,2012,0,600000.0,5,4.5,4440,9784,2.0,0,0,3,10
20150330,1992,0,1436000.0,4,3.5,4970,16582,2.0,0,3,4,11
20141218,2007,0,303000.0,2,1.5,1000,1075,2.0,0,0,3,7
20140626,1972,0,225500.0,2,1.75,1590,11276,1.0,0,0,4,7
20140711,1991,0,315000.0,3,1.75,1660,37642,1.0,0,0,4,7
20150304,1993,0,529000.0,3,2.5,1880,4499,2.0,0,0,3,8
20141029,1993,0,481500.0,3,2.25,1840,10500,2.0,0,0,3,7
20150327,1987,0,211000.0,3,2.0,1060,7412,1.0,0,0,3,7
20150410,1973,0,455000.0,3,2.25,1790,7500,1.0,0,0,3,7
20140918,2003,0,722500.0,4,3.5,2600,5100,2.0,0,0,3,8
20140730,1973,0,795000.0,4,2.5,3230,19193,1.0,0,3,4,8
20150507,1971,0,327500.0,4,2.25,2240,9600,2.0,0,0,3,8
20150323,2006,0,585000.0,4,3.0,3400,5100,2.0,0,0,3,9
20141024,2001,0,645000.0,4,2.5,2780,4200,2.0,0,0,3,8
20140502,1987,0,257950.0,3,1.75,1370,5858,1.0,0,0,3,7
20140709,1994,0,245000.0,3,2.5,1610,7223,2.0,0,0,3,7
20140811,1990,0,725000.0,3,2.5,3410,41022,2.0,0,0,3,11
20150304,2005,0,702000.0,4,2.5,2810,4922,2.0,0,0,3,9
20150507,1989,0,284000.0,3,2.25,1580,7034,1.0,0,0,4,7
20150406,1993,0,625000.0,3,2.5,2750,35000,2.0,0,0,3,9
20140710,1978,0,152000.0,3,1.0,920,4875,1.0,0,0,4,7
20150513,1981,0,165000.0,3,1.0,1380,7334,1.0,0,0,3,7
20140610,1990,0,278500.0,4,2.5,1940,6206,2.0,0,0,3,7
20150313,1973,0,517500.0,3,1.75,1810,10625,1.0,0,0,3,8
20141105,1977,0,286285.0,4,2.25,1980,9714,1.0,0,0,3,7
20150129,1993,0,286000.0,4,2.5,2060,16000,2.0,0,0,3,6
20140808,1980,0,900000.0,3,3.25,2620,7215,1.0,0,0,4,8
20140820,1985,0,449950.0,3,2.25,1610,5159,2.0,0,0,3,7
20150415,1994,0,785000.0,4,2.5,3440,56192,2.0,0,0,3,9
20150309,1976,0,998160.0,2,2.5,3010,16050,1.0,0,3,4,9
20141210,1979,0,377000.0,3,1.75,1680,7389,1.0,0,0,3,8
20140826,1984,0,595000.0,3,2.0,1530,6773,1.0,0,0,4,8
20150323,1979,0,188000.0,3,1.75,1660,7350,1.0,0,0,2,8
20140912,1994,0,755000.0,3,2.5,3680,203860,1.5,0,0,3,9
20141009,2005,0,817500.0,5,3.5,3600,9312,2.0,0,3,3,10
20140922,2002,0,550000.0,3,2.25,1700,1481,3.0,0,0,3,8
20150505,1978,0,260000.0,3,1.75,1680,8725,1.0,0,0,3,8
20140626,1999,0,320000.0,3,2.0,1550,34175,1.5,0,0,3,7
20140916,1999,0,1153000.0,3,3.25,3780,10623,1.0,0,1,3,11
20150420,1985,0,362000.0,4,2.5,2360,7370,1.0,0,0,3,7
20150423,1997,0,503500.0,3,2.5,1810,1750,2.0,0,0,3,7
20140602,2006,0,653000.0,3,2.5,2290,3475,2.0,0,0,3,9
20140604,1991,0,760000.0,4,2.75,3370,12447,2.0,0,0,3,10
20140709,1985,0,525000.0,4,2.75,2910,6308,1.0,0,0,3,8
20150324,1976,0,442500.0,4,2.25,2490,8700,1.0,0,0,3,7
20140815,1990,0,710000.0,3,2.75,2930,218235,2.0,0,2,3,8
20141114,1991,0,545000.0,4,3.0,3160,10948,1.0,0,3,3,8
20150422,1980,0,245000.0,3,2.25,1700,8100,1.0,0,0,3,7
20140506,2003,0,284000.0,4,2.5,2000,5390,2.0,0,0,3,7
20150414,2000,0,865000.0,4,2.5,3560,13981,2.0,0,0,3,10
20150318,1985,0,355000.0,4,2.5,2130,9268,2.0,0,0,4,8
20150430,1990,0,274950.0,3,2.25,1570,8767,1.0,0,0,3,7
20141205,1998,0,1925000.0,3,4.5,3950,6134,2.0,0,3,3,11
20141231,1989,0,755000.0,3,3.25,3450,15586,2.0,0,0,3,11
20150209,2000,0,1940000.0,4,5.75,7220,223462,2.0,0,4,3,12
20140616,1979,0,309212.0,3,1.75,1150,9600,1.0,0,0,3,7
20140604,1984,0,219950.0,3,2.25,1500,7615,1.0,0,0,3,7
20150325,1994,0,557500.0,3,2.0,2510,35255,1.0,0,2,3,9
20150422,1977,0,305000.0,4,2.75,2030,8600,1.0,0,0,4,7
20141226,1990,0,535000.0,3,2.5,2110,8164,2.0,0,0,3,9
20140718,1994,0,255000.0,3,2.0,1590,8670,1.0,0,0,3,7
20141120,1976,0,560000.0,4,2.0,2720,8819,2.0,0,3,3,8
20150130,1998,0,1339000.0,4,3.5,2980,6349,2.0,0,3,3,9
20141204,1977,0,199500.0,3,1.75,1160,5200,1.0,0,0,4,7
20141223,2004,0,760000.0,4,2.5,3580,97574,2.0,0,0,3,9
20150330,1994,0,439000.0,3,2.25,3020,6000,3.0,0,2,3,8
20150204,1988,0,254000.0,3,2.25,1660,8188,2.0,0,0,4,7
20141121,1979,0,585000.0,5,2.25,2480,12614,1.0,0,0,4,8
20140625,2005,0,565000.0,2,1.75,1670,4008,1.0,0,0,3,9
20140522,1986,0,330000.0,5,2.25,2000,7900,1.0,0,0,4,7
20150511,1992,0,870000.0,3,2.0,2320,65340,1.5,0,0,3,9
20141106,1977,0,500000.0,3,2.5,2110,208737,2.0,0,3,3,9
20140515,1979,0,225000.0,3,2.0,1400,7384,1.0,0,0,3,7
20150325,1979,0,295000.0,3,2.0,1400,7384,1.0,0,0,3,7
20140626,1976,0,775000.0,3,2.75,2850,14800,1.0,0,0,4,9
20140717,1981,0,280000.0,3,1.0,1370,11050,1.0,0,0,3,7
20150507,1997,0,598200.0,5,3.75,2980,4635,3.0,0,0,3,8
20141121,2004,0,544900.0,3,2.5,1990,4936,2.0,0,0,3,8
20141216,2001,0,557500.0,4,2.5,2390,38258,2.0,0,0,3,8
20140811,1979,0,532500.0,3,2.5,2160,7500,1.0,0,1,3,7
20140609,1985,0,1350000.0,4,3.25,3300,15907,2.0,0,0,5,10
20141119,1983,0,530000.0,3,2.5,2030,10958,2.0,0,0,3,8
20140717,2003,0,346100.0,3,2.5,1400,2036,2.0,0,0,3,7
20140810,1977,0,260000.0,4,2.25,2320,16800,2.0,0,0,4,9
20140908,1983,0,615000.0,3,2.0,1860,42800,1.0,0,0,4,7
20140724,1994,0,318400.0,4,2.5,1820,6916,2.0,0,0,3,7
20150303,1993,0,498500.0,4,2.5,1910,7172,2.0,0,0,3,8
20150408,1971,0,450000.0,3,1.75,1540,7490,1.0,0,0,5,7
20150327,1988,0,200000.0,3,2.0,1430,7905,1.0,0,0,4,7
20150218,1986,0,475000.0,3,2.5,1920,4534,2.0,0,0,3,8
20141030,1986,0,1337500.0,4,2.5,2900,21074,2.0,0,0,3,11
20140724,1979,0,573000.0,4,2.25,2150,9520,2.0,0,0,4,8
20150327,2001,0,330000.0,3,2.5,1660,2890,2.0,0,0,3,7
20150406,2007,0,745000.0,2,2.5,2170,7546,1.0,0,0,3,8
20150304,1991,0,280000.0,3,2.0,1280,7633,1.0,0,0,3,7
20150430,1974,0,535000.0,4,2.5,2240,6920,1.0,0,0,5,8
20140811,2005,0,538900.0,5,3.0,3040,6604,2.0,0,0,3,9
20150209,2006,0,366000.0,3,2.5,2370,4375,2.0,0,0,3,8
20140819,2003,0,303000.0,4,2.5,2100,6783,2.0,0,0,3,8
20140522,2007,0,432000.0,3,2.25,1470,1578,2.0,0,0,3,8
20150130,1983,0,536000.0,3,1.75,1530,8503,1.0,0,0,4,7
20150430,2006,0,1349000.0,4,3.5,4740,8611,2.0,0,3,3,11
20140515,1980,0,550000.0,3,2.25,1980,40887,1.0,0,0,4,8
20141202,1976,0,260000.0,3,1.75,1710,6400,1.0,0,0,4,7
20150424,2006,0,284900.0,2,1.5,1160,982,2.0,0,0,3,7
20141029,2002,0,740000.0,3,2.5,2200,3000,2.0,0,0,3,9
20140729,1986,0,267500.0,3,1.75,1650,7807,1.0,0,0,3,7
20150427,1989,0,1250000.0,4,3.0,3310,217800,1.5,0,0,3,9
20140916,1985,0,460000.0,3,2.0,1860,7232,1.0,0,0,3,7
20150120,1994,0,445000.0,3,2.5,2250,9608,2.0,0,0,3,8
20140924,2004,0,715000.0,3,2.5,2890,7027,2.0,0,0,3,8
20140715,2009,0,370000.0,4,2.5,2130,4750,2.0,0,0,3,8
20141229,1988,0,1035000.0,4,2.5,3170,47502,2.0,0,0,3,10
20140529,1993,0,600000.0,3,1.75,2930,19876,1.0,0,0,3,9
20140805,1981,0,354000.0,3,1.5,1060,5750,1.0,0,2,4,7
20140617,1978,0,204950.0,4,1.75,1740,9344,1.0,0,0,3,7
20150422,2005,0,675000.0,4,2.5,2990,5400,2.0,0,0,3,8
20150422,1986,0,995000.0,4,3.25,3530,20012,2.0,0,0,3,11
20140909,1996,0,472500.0,3,2.5,1650,3711,2.0,0,0,3,8
20150303,2006,0,545000.0,4,3.25,4386,12275,1.0,0,0,3,10
20141028,1983,0,299950.0,2,1.75,1460,10506,1.0,0,0,3,7
20150223,2001,0,829900.0,4,3.5,3840,4000,2.0,0,0,3,8
20150330,2007,0,340000.0,4,2.5,2090,4200,2.0,0,0,3,7
20141008,1975,0,515000.0,4,2.25,2470,7800,1.0,0,0,3,8
20140711,1992,0,601000.0,4,2.5,2090,6906,2.0,0,0,4,8
20150504,1994,0,470000.0,3,2.5,2070,8581,2.0,0,0,3,8
20141119,1980,0,550000.0,3,1.75,1880,45738,1.0,0,0,4,8
20141214,1995,0,242550.0,4,2.5,2060,7720,2.0,0,0,3,8
20140924,1996,0,359000.0,4,3.5,2770,8763,2.0,0,0,3,8
20150311,1984,0,204900.0,3,2.0,1390,8245,1.0,0,0,2,7
20141021,1985,0,187000.0,3,1.5,1280,4452,2.0,0,0,3,6
20150102,2001,0,782000.0,4,3.5,3780,7769,2.0,0,0,3,9
20141103,1999,0,612000.0,4,2.5,2670,5974,2.0,0,0,3,8
20140603,1980,0,941500.0,5,3.5,3490,9680,2.0,0,4,3,9
20150109,2004,0,313000.0,2,1.5,870,747,2.0,0,0,3,8
20150319,1977,0,471000.0,3,1.75,1640,10123,1.0,0,0,3,8
20140723,1976,0,530000.0,4,2.5,2370,9601,1.0,0,0,3,8
20140507,1991,0,415000.0,4,3.0,1830,9548,2.0,0,0,3,7
20140621,1986,0,639500.0,4,2.25,2330,8994,2.0,0,0,3,8
20140611,1976,0,580379.0,4,2.75,2240,27820,1.5,0,0,4,8
20141119,2009,0,378000.0,2,2.5,1700,2513,2.0,0,0,3,8
20150123,1998,0,400000.0,4,3.0,2320,13068,2.0,0,2,3,8
20150206,1997,0,750000.0,4,2.5,2540,6491,2.0,0,0,3,8
20140909,2002,0,350000.0,3,2.75,2370,4632,2.0,0,0,3,7
20140729,1977,0,168000.0,3,1.0,1200,7210,1.0,0,0,4,6
20150428,1975,0,580000.0,3,2.75,2660,32757,1.0,0,0,4,8
20140623,1977,0,442500.0,3,1.75,1600,10280,1.0,0,0,3,7
20150317,2004,0,515000.0,2,2.5,1330,1249,3.0,0,0,3,8
20140610,1996,0,659000.0,3,2.5,2510,6320,2.0,0,0,3,9
20140502,1983,0,275000.0,3,1.5,1180,10277,1.0,0,0,3,6
20140820,2002,0,525000.0,4,2.5,2840,4750,2.0,0,0,3,9
20141009,1985,0,424000.0,3,2.5,1820,7500,2.0,0,0,3,8
20141103,1991,0,1515000.0,4,4.0,4500,11795,2.0,0,0,3,12
20140817,1991,0,710000.0,3,2.5,2830,9680,2.0,0,0,3,10
20140919,1973,0,535100.0,3,2.25,2070,7207,1.0,0,0,3,8
20140703,2002,0,815000.0,4,2.5,3150,4203,2.0,0,0,3,9
20150309,1975,0,535900.0,3,2.25,1880,10880,1.0,0,0,3,8
20150130,1997,0,359000.0,3,2.25,1990,4331,2.0,0,0,3,7
20140509,1999,0,505000.0,3,2.5,2100,5824,2.0,0,2,3,8
20150121,1995,0,350000.0,3,2.25,1860,8378,2.0,0,0,3,7
20140807,2001,0,650000.0,4,2.25,2100,2500,3.0,0,0,3,8
20150320,2009,0,1998000.0,2,2.5,3900,920423,2.0,0,0,3,12
20141202,1979,0,385000.0,4,2.75,2960,10454,1.0,0,1,3,8
20150429,1999,0,769000.0,4,2.5,2440,6733,2.0,0,0,3,9
20140509,1973,0,303500.0,3,1.5,1060,10464,1.0,0,0,4,7
20140721,1978,0,449950.0,4,2.5,3100,10000,2.0,0,0,3,9
20140616,1999,0,235000.0,2,1.5,880,1805,2.0,0,0,3,7
20141202,1985,0,520000.0,4,2.5,2490,34947,2.0,0,0,3,9
20141024,1991,0,540000.0,4,2.25,2850,7453,2.0,0,0,3,9
20140624,2005,0,455000.0,4,2.5,2950,4502,2.0,0,0,3,7
20150424,2003,0,549900.0,4,3.5,3420,4751,2.0,0,0,3,10
20140911,1989,0,286000.0,4,2.5,1820,7930,2.0,0,0,5,7
20141009,1977,0,267000.0,3,1.75,1440,10920,1.0,0,0,4,8
20150421,2001,0,712000.0,4,2.5,2730,4385,2.0,0,0,3,8
20150422,1999,0,739999.0,4,2.75,3350,6500,2.0,0,0,3,10
20140729,2009,0,305000.0,3,2.5,1260,1622,3.0,0,0,3,8
20150330,1971,0,265000.0,4,1.5,1580,8468,2.0,0,0,4,7
20150422,1992,0,600000.0,4,2.5,2710,35009,2.0,0,2,3,9
20150326,1997,0,617950.0,4,2.5,2410,7950,2.0,0,0,3,8
20141212,2000,0,385000.0,4,3.25,1790,2460,2.0,0,0,4,7
20141022,2002,0,380000.0,3,2.5,1610,1778,3.0,0,0,3,7
20140925,1997,0,725000.0,3,2.5,3570,35271,2.0,0,0,3,9
20141219,1989,0,269950.0,3,1.75,1400,7735,1.0,0,0,4,7
20140611,1995,0,875000.0,4,2.5,3470,32109,2.0,0,0,3,10
20140703,2006,0,1875000.0,4,3.25,3930,10929,2.0,0,0,3,10
20150129,1989,0,495000.0,5,2.5,2200,4942,2.0,0,0,3,8
20140519,1986,0,247000.0,3,2.25,1580,7941,2.0,0,0,4,7
20150309,1983,0,204555.0,3,1.75,1260,15000,1.5,0,0,4,7
20140715,1994,0,432000.0,3,2.0,2190,13673,1.0,0,0,4,9
20140906,2000,0,320000.0,2,1.5,1110,1200,3.0,0,0,3,8
20150420,1991,0,815000.0,3,2.5,2790,53143,2.0,0,0,4,9
20150327,1980,0,385000.0,4,1.75,1660,10757,1.0,0,0,3,7
20141028,1987,0,350000.0,4,2.25,2390,13002,2.0,0,0,3,8
20140729,1998,0,277000.0,4,2.5,1850,5880,2.0,0,0,3,8
20140822,1996,0,269950.0,3,2.25,1660,7003,2.0,0,0,3,7
20141001,2006,0,1185000.0,3,2.5,2510,4600,2.0,0,2,3,10
20141216,1998,0,780000.0,4,2.5,3090,12511,2.0,0,0,4,10
20141206,1990,0,319000.0,4,2.25,2390,7350,2.0,0,0,3,8
20140908,1973,0,311000.0,4,2.25,3340,8000,2.0,0,0,4,8
20141018,2004,0,394000.0,5,3.25,3620,4650,2.0,0,0,3,8
20150402,1976,0,809000.0,4,1.75,1790,8372,1.0,0,0,4,8
20140722,1977,0,480000.0,3,2.0,1580,7400,1.0,0,0,3,7
20140801,2006,0,408000.0,3,2.5,1470,1204,3.0,0,0,3,8
20141103,1996,0,292000.0,3,2.5,1950,7421,2.0,0,0,3,8
20150127,2005,0,398500.0,4,2.5,2250,6064,2.0,0,0,3,8
20140912,1989,0,585000.0,4,2.5,2330,45860,2.0,0,0,3,9
20140613,1980,0,235000.0,3,1.75,1900,8540,1.0,0,0,3,6
20140821,1982,0,310000.0,3,2.0,2070,9195,1.0,0,0,3,8
20141216,1982,0,539000.0,3,2.0,2070,9195,1.0,0,0,3,8
20141205,2001,0,390000.0,3,3.0,1550,1608,2.0,0,0,3,8
20141201,1976,0,560000.0,3,2.5,2020,11935,1.0,0,0,4,9
20140916,1999,0,800000.0,5,2.5,3320,9024,2.0,0,0,3,9
20140609,1978,0,1900000.0,4,3.25,4130,112521,2.0,0,0,3,11
20150327,2004,0,830000.0,4,3.25,3330,7809,2.0,0,0,3,9
20140618,1997,0,375000.0,3,2.5,1950,6871,2.0,0,0,3,8
20141208,1983,0,645000.0,3,2.5,2930,19900,1.5,0,0,3,9
20150509,1996,0,515000.0,4,2.5,2980,12534,2.0,0,0,3,9
20141023,2000,0,485000.0,3,2.5,1650,4218,2.0,0,0,3,8
20140714,1975,0,890000.0,3,3.25,4030,12765,2.0,0,0,4,9
20150408,1972,0,215000.0,3,1.0,1010,10125,1.0,0,0,4,7
20141217,1981,0,299500.0,3,1.0,1190,9600,1.0,0,0,3,7
20150209,2002,0,275000.0,3,2.5,1560,4244,2.0,0,0,3,7
20150127,1999,0,473975.0,3,2.5,2330,3610,2.0,0,0,3,8
20140714,1978,0,320000.0,3,1.75,2000,9760,1.0,0,0,4,8
20141209,1999,0,269500.0,4,2.25,1700,7056,2.0,0,0,3,7
20150326,1974,0,347000.0,2,1.75,1315,2162,2.0,0,0,4,8
20150220,1993,0,220000.0,3,1.75,1460,7226,1.0,0,0,3,7
20150112,1998,0,332500.0,4,2.5,2220,4720,2.0,0,0,3,7
20140717,1993,0,340000.0,3,2.0,1410,10015,1.0,0,3,3,6
20150504,1999,0,515055.0,4,2.5,2400,8320,2.0,0,0,3,8
20150204,1972,0,450000.0,3,1.75,1560,8968,1.0,0,0,4,8
20141119,2005,0,299000.0,3,2.5,1850,4600,2.0,0,0,3,7
20141001,2005,0,294000.0,4,2.25,2190,3746,2.0,0,0,3,8
20150406,1996,0,641000.0,5,2.75,3710,8674,2.0,0,0,3,9
20141021,1978,0,675000.0,3,2.5,2320,98445,1.0,0,0,4,8
20150430,2004,0,286651.0,3,2.5,1830,4997,2.0,0,0,3,7
20140908,1986,0,470101.0,4,2.5,2320,7800,2.0,0,0,3,8
20140902,2001,0,1437500.0,4,3.75,4410,9231,3.0,0,3,3,11
20141008,1980,0,280000.0,3,1.5,1370,11400,2.0,0,0,3,7
20140718,1986,0,270000.0,3,2.5,1770,8640,1.0,0,0,3,7
20140505,2005,0,406100.0,3,2.25,1410,1332,3.0,0,0,3,8
20141020,1987,0,332544.0,2,1.75,1710,4187,1.0,0,0,3,7
20150414,1979,0,615000.0,3,2.25,2300,8067,1.0,0,0,4,8
20141022,1995,0,1060000.0,4,3.5,3850,8100,2.0,0,1,3,11
20141022,1993,0,685000.0,3,2.5,2320,219978,2.0,0,0,4,8
20140603,2003,0,312000.0,4,2.5,1830,5175,2.0,0,0,3,7
20140701,1977,0,507500.0,3,1.75,1990,9594,1.0,0,0,3,8
20141212,1981,0,439000.0,3,2.25,1830,13477,1.0,0,3,4,7
20140626,2004,0,620000.0,6,3.5,3600,6875,2.0,0,0,3,8
20140812,1998,0,915000.0,4,2.5,3210,8532,2.0,0,0,3,10
20141204,1977,0,425000.0,4,2.0,1490,5300,1.0,0,0,3,7
20141229,1996,0,305000.0,3,2.25,1646,12414,2.0,0,0,3,7
20140630,1990,0,327500.0,3,2.25,2310,7200,2.0,0,0,3,8
20140617,2003,0,810000.0,3,2.5,2670,10481,2.0,0,0,3,9
20141121,1994,0,715000.0,3,3.25,3060,9055,2.0,0,0,3,10
20141007,1984,0,400000.0,3,2.5,1450,8064,1.0,0,0,3,8
20140521,1997,0,495000.0,3,3.5,2380,6250,2.0,0,3,3,8
20150313,2001,0,424950.0,4,2.5,2760,5564,2.0,0,0,3,7
20141007,1973,0,250000.0,3,1.0,930,6060,1.0,0,0,4,6
20150126,2004,0,225000.0,3,2.5,1020,2040,2.0,0,0,3,7
20141226,1974,2003,255000.0,2,2.0,1360,5433,1.0,0,0,3,8
20140604,1974,0,161700.0,4,1.75,1720,7200,1.0,0,0,3,7
20150202,1988,0,336000.0,3,3.0,1790,13350,1.0,0,0,3,7
20140923,1977,0,505000.0,3,2.5,2400,9601,1.0,0,0,5,7
20150318,1994,0,349900.0,4,2.5,2290,8796,2.0,0,0,3,8
20141209,1988,0,465000.0,3,2.5,2870,25663,2.0,0,0,3,10
20140530,1989,0,625000.0,4,3.25,4240,25639,2.0,0,3,3,10
20150224,2001,0,596000.0,3,2.5,1730,2631,2.0,0,0,3,8
20150402,1986,2007,790000.0,4,2.5,3020,36893,2.0,0,0,3,9
20141008,1991,0,885000.0,4,2.25,4470,86225,2.0,0,0,3,10
20140814,1988,0,428040.0,3,2.5,2150,9266,2.0,0,0,3,8
20140908,1985,0,435000.0,3,2.5,1470,3000,1.0,0,0,3,7
20150406,1984,0,540000.0,4,2.25,3040,10283,1.0,0,0,4,8
20141203,1977,0,315000.0,3,1.75,1900,7076,1.0,0,0,3,7
20140917,1978,0,345000.0,3,1.75,1240,38095,1.0,0,0,3,7
20140902,2004,0,375000.0,3,2.5,1330,1064,3.0,0,0,3,8
20150408,1973,0,475000.0,3,1.75,1890,7560,1.0,0,0,3,8
20140508,1980,0,569000.0,4,2.25,2250,41688,2.0,0,0,3,8
20150331,1999,0,985000.0,5,4.25,4650,108464,2.0,0,0,3,10
20150129,1987,0,532000.0,3,2.5,1830,8022,2.0,0,0,3,8
20141027,1981,0,315000.0,3,1.75,1340,12800,1.0,0,0,3,7
20141014,1982,0,612000.0,3,3.0,1740,3700,1.0,0,0,3,7
20150122,1990,0,225000.0,3,2.0,1610,8400,1.0,0,0,3,8
20140508,1993,0,589900.0,2,3.0,3160,66646,2.0,0,0,3,7
20141126,1979,0,565000.0,4,2.5,2520,13156,1.0,0,0,3,8
20141215,2003,0,319990.0,4,2.5,2120,5293,2.0,0,0,3,7
20140812,1992,0,265000.0,3,2.0,1850,16535,1.0,0,0,3,7
20150223,1984,0,482000.0,3,1.75,2300,16474,1.0,0,0,3,7
20140718,1998,0,1488000.0,4,4.25,5180,13077,2.0,0,3,3,12
20150424,1998,0,635000.0,4,2.5,2500,10215,2.0,0,0,3,9
20140703,1997,0,280500.0,4,2.5,1890,6962,2.0,0,0,3,8
20140925,1985,0,210500.0,2,1.75,2040,8600,1.0,0,0,4,6
20140926,1979,0,196500.0,3,2.0,1310,7000,1.0,0,0,4,7
20140505,1971,0,1395000.0,5,3.5,4010,8510,2.0,0,1,5,9
20150206,1977,0,475000.0,3,1.75,1780,8033,1.0,0,0,2,7
20150504,1987,0,550000.0,3,2.5,1980,9061,2.0,0,0,4,8
20140521,2007,0,1580000.0,3,3.25,3690,7200,2.0,0,0,3,11
20150422,1991,0,240000.0,3,1.75,1540,6687,1.0,0,0,3,7
20150324,2000,0,408506.0,3,2.75,2480,209199,1.5,0,0,3,8
20140818,1991,0,640000.0,3,2.5,2580,7500,2.0,0,0,3,9
20140514,1995,0,316000.0,4,2.5,2010,7226,2.0,0,0,3,8
20150305,2004,0,447500.0,2,2.25,1180,2090,2.0,0,0,3,7
20140505,2000,0,736500.0,4,2.5,3180,21904,2.0,0,3,3,9
20150424,1975,0,707000.0,5,2.5,3050,13212,1.0,0,0,4,8
20141211,1989,0,275000.0,3,2.25,1620,6415,2.0,0,0,4,7
20150325,1983,0,648000.0,4,2.25,2170,8240,2.0,0,1,4,8
20141028,1987,0,415000.0,4,2.5,2150,8173,2.0,0,0,3,8
20141119,1999,0,690000.0,3,2.0,1770,1800,3.0,0,0,3,8
20140924,1979,0,320000.0,4,2.75,2110,13260,1.0,0,0,4,7
20140630,2005,0,355000.0,3,2.25,1370,1524,3.0,0,0,3,8
20140508,1975,0,246000.0,3,1.75,1390,7399,1.0,0,0,4,7
20140606,1986,0,744000.0,3,2.5,2670,12187,2.0,0,0,3,8
20140911,1997,0,1210000.0,3,3.75,5400,24740,2.0,0,0,3,11
20141210,1977,0,217000.0,3,2.0,1690,6750,1.0,0,0,3,7
20140709,1998,0,583000.0,3,2.5,2600,5100,2.0,0,1,3,8
20141208,2004,0,708000.0,5,3.25,3060,11778,2.0,0,0,3,8
20150324,1998,0,325000.0,3,2.5,2000,7205,2.0,0,0,3,8
20140624,1990,0,1295650.0,0,0.0,4810,28008,2.0,0,0,3,12
20150327,2013,0,359500.0,3,2.5,2070,4689,2.0,0,0,3,8
20140807,1984,0,433000.0,3,2.0,1920,7200,1.0,0,0,3,7
20140729,1974,0,595000.0,4,2.0,3090,87120,1.0,0,0,4,7
20141208,1976,0,2175000.0,4,3.0,4750,21701,1.5,0,0,5,11
20140724,1984,0,225000.0,3,2.25,1470,6808,1.0,0,0,3,7
20150421,1998,0,1387000.0,4,4.5,4490,24767,2.0,0,2,3,11
20140619,1983,0,177000.0,3,1.75,1150,8079,1.0,0,0,4,7
20140927,1976,0,750000.0,4,2.75,3150,6343,1.0,0,3,3,8
20140609,1981,0,605000.0,3,2.5,2670,47480,2.0,0,3,3,9
20140922,2007,0,413900.0,4,2.25,1770,5236,2.0,0,0,3,7
20140605,1989,0,292000.0,5,2.5,2490,7666,1.0,0,0,4,7
20150323,1978,0,330000.0,2,1.5,1440,11954,1.0,0,0,4,8
20140718,2005,0,378800.0,5,2.5,2740,5400,2.0,0,0,3,8
20150501,1997,0,795000.0,3,2.75,2940,12487,2.0,0,0,3,10
20141219,1986,0,567000.0,3,2.5,2070,10908,2.0,0,0,3,8
20140722,1981,0,209950.0,3,1.75,1570,15570,1.0,0,0,3,7
20140827,1987,0,365000.0,3,2.5,2200,9696,2.0,0,0,3,8
20140701,1978,0,3800000.0,5,5.5,7050,42840,1.0,0,2,4,13
20141008,1992,0,584000.0,3,2.5,1790,3962,2.0,0,0,3,8
20140729,1974,0,310000.0,3,1.75,1560,82328,1.0,0,0,3,7
20150312,1992,0,717000.0,4,2.5,2780,7985,2.0,0,0,4,10
20140617,1978,0,430000.0,3,2.0,1730,9000,1.0,0,0,3,8
20141007,1990,0,475000.0,3,2.5,2280,3710,1.0,0,0,3,8
20150309,1988,0,649000.0,2,2.75,2090,23962,2.0,0,3,4,8
20140606,1990,0,715000.0,3,2.5,2550,13458,2.0,0,0,3,9
20150318,1992,0,845000.0,4,3.5,3350,19487,1.0,0,0,3,11
20141110,1980,2004,390000.0,3,2.5,2770,8820,1.0,0,0,3,7
20140924,1983,0,390000.0,4,3.0,2860,5724,1.0,0,0,3,7
20140729,1978,0,328000.0,4,1.75,1990,7194,1.0,0,0,4,8
20141016,1979,0,920000.0,3,1.75,3670,11884,1.0,0,2,4,9
20150317,1995,0,940000.0,4,2.75,3270,9231,2.0,0,0,3,10
20140701,1986,0,241000.0,3,2.0,1770,7000,1.0,0,0,3,7
20140609,2003,0,307550.0,4,2.5,1980,5909,2.0,0,0,3,8
20141031,1976,0,490000.0,4,2.5,2650,9627,1.0,0,3,4,8
20140512,1999,0,647000.0,4,2.5,3040,6887,2.0,0,0,3,8
20140827,1999,0,780000.0,4,2.75,3640,231739,1.5,0,0,3,10
20141114,1992,0,517500.0,3,2.5,1810,4332,2.0,0,0,3,8
20141212,2005,0,1500000.0,4,3.25,3860,7199,2.0,0,1,3,9
20140919,1999,0,340000.0,4,3.0,2380,20277,1.0,0,0,3,8
20150216,1977,0,750000.0,4,2.5,2510,17200,1.0,0,2,4,9
20150323,2006,0,875000.0,4,2.5,3230,256132,2.0,0,0,3,9
20140923,1971,0,354900.0,3,1.0,1720,16552,1.0,0,0,4,7
20150105,2002,0,1650000.0,4,3.25,3920,881654,3.0,0,3,3,11
20140707,2002,0,481000.0,4,2.5,2286,8269,2.0,0,0,3,8
20150413,1992,0,477000.0,3,2.5,1740,4960,2.0,0,0,3,8
20140613,1975,0,622500.0,5,2.75,3320,23760,2.0,0,0,4,8
20150429,1974,0,410000.0,2,2.25,1660,2128,2.0,0,0,4,8
20150402,2010,0,318200.0,3,2.5,1990,3644,2.0,0,0,3,7
20140605,1993,0,289000.0,3,2.0,1680,8424,1.0,0,0,3,7
20140520,1982,0,263000.0,3,1.75,1570,7775,2.0,0,0,3,7
20140620,1999,0,587206.0,3,3.5,1890,1710,2.0,0,0,3,8
20140730,2000,0,482000.0,2,2.25,1350,1248,2.0,0,0,3,7
20150212,1990,0,309000.0,3,2.5,1450,11480,2.0,0,0,3,7
20140619,1984,0,221000.0,3,2.25,1640,7350,1.0,0,0,3,7
20140513,1975,0,700000.0,3,2.5,2030,8398,2.0,0,0,4,9
20140605,1983,0,395000.0,4,3.0,1980,7931,1.0,0,0,4,7
20140709,1987,0,237950.0,2,1.75,1460,7926,1.0,0,0,4,7
20150310,1981,0,680000.0,3,2.5,1610,8064,1.0,0,2,4,7
20140912,1999,0,295000.0,3,2.5,1660,8125,1.0,0,0,3,7
20150330,1981,2003,555000.0,4,2.5,2160,10987,1.0,0,0,4,8
20141203,1986,0,240000.0,3,2.25,1460,5818,1.0,0,0,3,7
20150204,1998,0,715000.0,4,2.5,2927,12171,2.0,0,0,3,10
20150327,1996,0,473000.0,4,3.5,4370,37193,2.0,0,3,3,8
20150422,1999,0,630000.0,3,2.5,2460,38794,2.0,0,0,3,9
20140526,1976,0,460000.0,2,1.5,2730,19877,1.0,0,0,4,8
20150304,1975,0,1430000.0,3,2.75,2710,9204,1.5,0,4,3,9
20150216,2005,0,510000.0,5,3.25,3400,4499,2.0,0,0,3,8
20140604,2003,0,500000.0,5,3.0,2920,11440,2.0,0,0,3,8
20140820,1981,0,393000.0,3,2.0,1320,10720,2.0,0,0,3,8
20140625,2000,0,725000.0,4,2.5,2490,5170,2.0,0,0,4,9
20140729,2005,0,419900.0,4,2.5,2750,5767,2.0,0,0,3,9
20150302,2006,0,410000.0,4,2.5,2240,4447,2.0,0,0,3,7
20150402,1972,0,725000.0,6,3.0,2480,12000,2.0,0,0,3,8
20140819,1977,0,255000.0,2,1.0,960,20954,1.0,0,0,3,7
20150320,2009,0,303000.0,3,2.25,1340,873,3.0,0,0,3,8
20140513,2004,0,475000.0,4,2.5,3740,8700,1.0,0,0,3,10
20140617,1998,0,250000.0,4,2.5,1800,8100,2.0,0,0,3,7
20140703,2004,0,390000.0,4,2.0,1900,76877,1.0,0,0,3,8
20150220,1975,0,430000.0,4,1.75,1570,7650,1.0,0,0,3,7
20150312,2001,0,660000.0,3,3.5,2740,3785,2.0,0,0,3,9
20140729,1974,0,515000.0,3,1.75,1570,10939,1.0,0,0,3,8
20140602,1988,0,305000.0,2,1.5,1140,2980,2.0,0,0,3,7
20141204,1998,0,237000.0,3,2.0,1290,7952,1.0,0,0,3,7
20141126,1985,0,445000.0,2,1.5,1510,2001,2.0,0,0,4,8
20141023,1996,0,280017.0,3,2.5,1850,8770,2.0,0,0,3,8
20140630,1988,0,436500.0,4,2.5,2290,11173,2.0,0,0,4,8
20140515,2006,0,1255000.0,4,2.5,3200,7535,2.0,0,0,3,9
20141211,1978,0,287000.0,2,2.5,2410,7500,1.0,0,0,3,7
20140923,1977,0,260000.0,4,1.75,1650,7276,1.0,0,0,3,7
20150206,1977,0,470000.0,4,1.75,1650,7276,1.0,0,0,3,7
20140905,1989,0,700000.0,3,2.5,2410,9916,2.0,0,0,4,10
20150225,1985,0,249000.0,3,1.75,1520,7500,1.0,0,0,3,8
20140609,1977,0,568000.0,3,1.75,2050,3520,1.0,0,0,4,7
20141126,1980,0,358000.0,5,2.5,2390,8775,1.0,0,0,4,7
20140528,1994,0,225000.0,3,2.5,1680,6755,2.0,0,0,3,8
20150226,1981,0,275500.0,3,1.0,1060,7246,1.0,0,0,4,6
20150202,2001,0,495000.0,3,2.5,1860,3150,2.0,0,0,3,8
20150403,1985,0,280000.0,3,1.75,1480,8165,1.0,0,0,4,7
20150225,1994,0,380500.0,3,2.5,1900,7361,2.0,0,0,3,8
20140805,2014,0,630000.0,4,2.5,1910,1502,3.0,0,0,3,8
20140627,1981,0,410000.0,3,2.0,1400,45738,2.0,0,0,4,8
20140827,1981,0,355000.0,3,3.0,1850,9600,1.0,0,0,3,7
20140606,2004,0,1300000.0,4,4.0,4270,6002,2.0,0,3,3,10
20150416,1978,0,995000.0,4,3.5,2780,9550,2.0,0,4,5,10
20140814,1995,0,655000.0,5,2.5,2560,46786,2.0,0,0,3,8
20150219,1997,0,615000.0,4,2.75,3120,34040,2.0,0,0,3,9
20140806,2003,0,304000.0,2,1.5,950,676,2.0,0,0,3,7
20141007,2014,0,779950.0,4,2.75,2990,4298,2.0,0,0,3,9
20141223,1994,0,292500.0,4,2.5,1860,8709,2.0,0,0,3,8
20150429,2000,0,449999.0,4,2.5,1950,4947,2.0,0,0,3,8
20140627,1996,0,355000.0,4,2.5,1890,7867,2.0,0,0,3,8
20140708,2003,0,650000.0,4,3.0,3720,57499,1.0,0,0,3,9
20150514,2003,0,456500.0,4,2.5,2580,11780,2.0,0,0,3,9
20140730,2014,0,520000.0,3,2.25,1210,1250,3.0,0,0,3,8
20141205,1974,0,438000.0,5,2.5,1990,6840,2.0,0,0,4,7
20140728,2005,0,627000.0,5,3.25,3570,5425,2.0,0,0,3,7
20141022,2008,0,1400000.0,5,4.25,4230,6907,2.0,0,0,3,10
20150512,1988,0,674725.0,4,2.5,2700,10160,2.0,0,0,3,9
20140618,1977,0,325000.0,3,2.75,2200,7000,1.0,0,0,4,7
20150402,1982,0,230000.0,5,2.0,1210,12538,2.0,0,0,3,7
20140923,1993,0,315000.0,4,2.5,2740,8400,1.5,0,2,3,8
20150403,2003,0,560000.0,3,2.75,1370,1193,3.0,0,0,3,8
20140812,2002,0,444000.0,4,3.0,2800,7198,2.0,0,0,3,8
20150507,1977,0,325000.0,3,1.5,1060,7488,1.0,0,0,5,7
20150309,2006,0,428900.0,4,2.5,2820,5056,2.0,0,0,3,9
20141009,1999,0,950000.0,4,3.0,3230,438213,2.0,0,0,3,9
20150227,1980,0,204000.0,3,1.5,1460,7140,1.0,0,0,4,7
20141007,1995,0,878000.0,4,2.5,3480,13421,2.0,0,0,3,11
20140826,1996,0,1045000.0,4,3.0,3560,4000,3.0,0,2,3,9
20150313,1988,0,395000.0,3,2.5,1630,15200,1.0,0,0,3,7
20140708,1994,0,308950.0,4,2.5,1920,8562,2.0,0,2,4,7
20150428,1976,0,175000.0,1,1.0,620,8685,1.0,0,0,4,5
20150327,1981,0,508800.0,3,2.0,1720,10098,1.0,0,0,4,8
20140528,1996,0,245100.0,3,1.75,1300,7958,1.0,0,0,3,7
20150501,1981,0,540000.0,3,2.5,1970,14876,1.0,0,0,3,7
20150105,1980,0,469500.0,4,2.75,1930,13041,1.0,0,0,4,8
20141006,1996,0,1615000.0,4,3.25,4250,12281,2.0,0,4,3,12
20141013,1998,0,1450000.0,4,3.5,4360,24603,2.0,0,0,3,12
20141030,1991,0,1200000.0,3,2.5,3420,16622,1.0,0,4,3,10
20140709,2008,0,1065000.0,4,3.75,4260,9800,2.0,0,0,3,10
20150507,1981,0,555500.0,2,1.0,920,10000,1.0,0,0,4,7
20140531,1996,0,693000.0,3,2.5,2460,12028,2.0,0,0,3,9
20150330,1976,0,700000.0,3,2.5,2060,10650,1.0,0,0,5,8
20141201,1991,0,800000.0,6,4.25,5480,189050,2.0,0,0,4,10
20140708,1998,0,440000.0,3,2.0,1860,217800,2.0,0,2,3,8
20141029,1997,0,600000.0,3,2.5,1350,187313,1.0,0,0,4,7
20150311,1975,0,474950.0,4,1.75,2030,15400,1.0,0,1,3,9
20140811,1981,0,620000.0,4,2.25,1530,7845,1.0,0,0,4,7
20141028,1984,0,390000.0,3,2.0,1510,10827,2.0,0,0,3,7
20140827,1980,0,465000.0,4,2.5,3030,47958,1.0,0,0,3,8
20150128,1990,0,279900.0,3,2.0,1410,6600,1.0,0,0,4,7
20141120,2001,0,700000.0,2,1.75,1679,577605,2.0,0,0,3,9
20140910,1978,0,375000.0,4,2.5,1900,9428,2.0,0,0,3,8
20150403,1993,0,525000.0,5,3.25,2480,10277,2.0,0,0,5,8
20150324,1991,0,409000.0,3,2.5,2740,9168,2.0,0,0,3,9
20140608,2007,0,260000.0,4,2.5,1811,4381,2.0,0,0,3,8
20140916,1987,0,348000.0,4,2.5,2720,7697,1.0,0,0,4,8
20140806,1971,0,389000.0,4,1.0,1520,9800,1.5,0,0,4,7
20141217,1976,0,445000.0,4,2.75,2160,7200,1.0,0,0,4,7
20140721,1981,0,400000.0,3,1.75,1390,4602,1.0,0,0,3,7
20140915,1999,0,302000.0,4,2.5,1740,7895,2.0,0,0,3,7
20141021,2001,0,798000.0,3,2.5,2849,9588,2.0,0,0,3,10
20150107,2005,0,585000.0,4,2.5,3000,6892,2.0,0,0,3,8
20140825,1996,0,3100000.0,3,3.0,3920,13085,2.0,1,4,4,11
20150218,1994,0,295000.0,3,2.5,1500,3060,2.0,0,0,3,7
20150331,2009,0,305000.0,3,2.5,1260,895,3.0,0,0,3,7
20141202,1979,0,355000.0,3,1.75,2370,9750,1.0,0,0,4,7
20141010,1975,0,469950.0,5,2.5,2310,8303,1.0,0,0,3,7
20140922,1990,0,363500.0,4,2.5,2680,7700,2.0,0,0,4,8
20150116,1990,0,345000.0,3,2.25,2670,37089,2.0,0,0,3,9
20140701,1991,0,485000.0,3,2.25,2440,47916,2.0,0,0,3,8
20141215,2005,0,1245000.0,5,2.5,3370,8113,2.0,0,0,3,9
20141211,1988,0,449888.0,3,2.25,2520,78408,2.0,0,0,3,9
20140617,1995,0,379900.0,5,3.5,2800,7350,2.0,0,0,3,7
20140702,2008,0,599950.0,4,3.5,2500,3080,2.0,0,0,3,8
20140718,1987,0,263000.0,3,2.5,1720,6847,2.0,0,0,3,7
20140512,2003,0,950000.0,5,3.0,4530,258746,1.5,0,0,4,9
20141212,1997,0,330000.0,3,2.5,1676,18778,2.0,0,0,3,7
20150210,1990,0,1525000.0,4,3.75,5850,35070,2.0,0,0,4,12
20141209,2004,0,323000.0,3,1.75,1910,8329,1.0,0,0,3,8
20140710,2004,0,554000.0,2,2.0,1670,4996,1.0,0,0,3,8
20150410,1987,0,500000.0,3,2.0,2050,11454,1.0,0,0,3,8
20150513,1990,0,775000.0,5,3.5,3730,16679,1.0,0,0,3,10
20140715,1979,0,340000.0,4,1.75,1800,5210,1.0,0,0,5,7
20150406,1985,0,560000.0,4,1.75,2230,6838,1.0,0,0,3,7
20150406,2002,0,304000.0,3,2.5,1670,5298,2.0,0,0,3,8
20150304,2005,0,315000.0,5,3.0,2110,10766,2.0,0,0,3,7
20150210,1977,0,325000.0,3,1.75,2420,14862,1.0,0,0,3,8
20140926,2005,0,786000.0,4,3.5,3320,8808,2.0,0,0,3,9
20140915,1999,0,384000.0,5,2.75,3220,8160,2.0,0,0,3,9
20140702,1993,0,700000.0,3,2.5,2490,23891,2.0,0,0,3,9
20140826,1991,0,269500.0,3,2.0,1640,8395,1.0,0,0,4,7
20150222,1984,0,269000.0,3,2.25,1420,7297,1.0,0,0,3,7
20141111,2005,0,749950.0,4,2.5,3340,123600,2.0,0,0,3,10
20150316,2001,0,325000.0,3,2.75,1580,4007,2.0,0,0,3,7
20140606,1979,0,1150000.0,3,1.5,2170,16600,1.0,1,2,3,10
20140606,1990,0,650000.0,4,2.5,2840,9354,2.0,0,0,3,10
20141231,1982,0,609000.0,6,3.0,2470,9267,2.0,0,0,3,8
20140910,1984,0,510000.0,3,1.75,1610,11950,1.0,0,2,3,7
20140530,1978,0,190000.0,3,2.25,1590,11745,1.0,0,0,3,7
20150303,2011,0,713000.0,3,2.75,2310,1850,2.0,0,0,3,10
20141027,1978,0,460000.0,3,1.75,1660,9900,2.0,0,0,3,8
20141107,1990,0,450000.0,3,2.5,1990,3478,2.0,0,0,3,10
20140926,1989,0,450000.0,3,2.5,2620,14096,2.0,0,0,4,9
20150107,1985,0,1775000.0,4,3.25,3730,7071,3.0,0,2,3,11
20140923,1999,0,350000.0,3,3.25,1600,1298,3.0,0,0,3,8
20150325,2008,0,292500.0,3,2.5,2095,3438,2.0,0,0,3,7
20140626,1985,0,879000.0,4,2.75,4230,31747,2.0,0,0,4,10
20150108,1974,0,987500.0,4,2.25,3270,15760,1.0,0,0,4,10
20150408,1981,0,299000.0,2,1.75,1270,7800,1.0,0,0,4,7
20140701,1998,0,695000.0,3,2.5,2620,51354,2.0,0,0,3,9
20141205,1977,0,360000.0,4,1.75,1750,18810,1.0,0,0,3,7
20141021,1977,0,263000.0,3,1.75,1660,7210,1.0,0,0,4,7
20150224,1986,0,269000.0,3,1.75,1530,7930,1.0,0,0,5,7
20140606,2005,0,1600000.0,4,3.5,4280,9583,2.0,0,0,3,11
20150303,2004,0,564000.0,4,2.5,2870,6658,2.0,0,0,3,8
20140620,1999,0,425000.0,3,2.5,2540,5612,2.0,0,0,3,9
20141020,2007,0,340000.0,4,2.5,2441,7316,2.0,0,0,3,8
20150326,1982,0,552000.0,4,2.75,3160,8429,1.0,0,3,4,7
20140710,2007,0,1975000.0,6,4.5,4800,9097,2.0,0,0,3,10
20141030,1980,0,935100.0,4,3.5,3200,8049,1.0,0,0,3,8
20150429,1989,0,670000.0,4,2.5,2850,25993,2.0,0,0,4,9
20141212,1994,0,1393000.0,3,3.5,4240,21578,2.0,0,0,3,10
20140820,1978,0,440000.0,4,1.75,2800,49149,1.0,0,0,4,7
20141008,2006,0,1248000.0,2,2.5,2310,3313,2.0,0,0,3,9
20140827,1978,0,203000.0,3,1.75,1490,8000,1.0,0,0,4,7
20140901,2005,0,583000.0,4,2.5,1840,4011,2.0,0,0,3,9
20140922,2011,0,2575000.0,4,3.5,3280,3800,2.0,0,0,3,11
20150316,1973,2005,1600000.0,5,3.5,4050,20925,2.0,0,3,3,10
20150416,1993,0,312500.0,4,2.5,2160,8755,2.0,0,0,3,7
20140811,1986,0,455000.0,3,2.75,2720,31314,3.0,0,2,3,8
20141125,1978,0,1310000.0,5,3.0,3650,16600,1.0,0,3,4,9
20140718,1978,0,325000.0,3,2.25,2450,49658,1.0,0,0,3,7
20150427,1982,0,630000.0,3,1.75,1940,7306,1.0,0,0,3,8
20150109,2014,0,928950.0,4,3.75,3280,6000,2.0,0,0,3,9
20141010,1976,0,489950.0,3,1.75,2480,10804,1.0,0,0,3,8
20150415,1984,0,550000.0,3,2.25,2120,18255,1.0,0,0,3,8
20140807,1991,0,390000.0,3,2.5,1690,10113,1.0,0,0,3,7
20140528,1987,0,665000.0,3,2.5,2190,10370,2.0,0,0,3,9
20150210,2001,0,277000.0,4,3.0,1960,5160,1.0,0,0,3,7
20150407,2008,0,615000.0,3,2.5,1490,1410,2.0,0,0,3,10
20140730,2004,0,597000.0,4,2.5,2340,7877,2.0,0,0,3,9
20150313,1987,0,479000.0,3,1.75,1470,6018,1.0,0,0,3,8
20150420,1988,0,623000.0,4,2.5,2710,49044,2.0,0,0,3,9
20140514,1978,0,486000.0,4,2.5,2150,39449,1.0,0,0,3,7
20140520,2001,0,1300000.0,4,3.5,4380,74052,1.0,0,0,3,11
20140928,1986,0,259900.0,3,1.75,1690,7953,1.0,0,0,3,7
20140623,1990,0,650000.0,4,2.5,2400,7351,2.0,0,0,3,9
20150305,1978,0,599000.0,5,2.5,3470,12003,2.0,0,0,3,8
20140926,1993,0,272000.0,4,2.5,2070,6175,2.0,0,0,3,8
20141113,1996,0,415000.0,3,2.5,2420,10733,2.0,0,0,3,8
20141121,1979,0,319000.0,4,2.25,2380,7400,1.0,0,0,4,8
20150428,1978,0,297500.0,4,2.5,2190,8100,1.0,0,0,4,8
20140527,1990,0,725000.0,4,2.5,2740,12899,2.0,0,0,4,10
20150107,1995,0,325000.0,3,2.5,1830,7585,2.0,0,0,4,8
20140805,1972,0,460000.0,3,1.75,1370,8467,1.0,0,0,4,7
20141120,1979,0,370000.0,3,2.75,1750,9166,1.0,0,0,4,7
20140715,1996,0,431000.0,3,2.5,1710,12677,2.0,0,0,3,8
20140519,1978,0,296500.0,3,2.75,2170,7900,1.0,0,0,4,8
20140801,2003,0,359000.0,3,3.0,1320,1071,2.0,0,0,3,7
20140516,2009,0,350000.0,4,2.5,2440,4000,2.0,0,0,3,7
20150326,1997,0,692500.0,3,2.5,2420,198198,2.0,0,0,3,9
20141212,1990,0,765000.0,4,2.5,2910,15016,2.0,0,0,3,10
20150410,2005,0,1605000.0,4,3.5,3920,19088,1.0,0,1,3,10
20150219,1981,0,841000.0,4,2.5,3080,13870,2.0,0,0,4,9
20150421,1981,0,515000.0,5,3.0,2670,11761,1.0,0,0,3,7
20150212,1991,0,614905.0,3,2.5,2410,7225,2.0,0,0,3,8
20140716,1981,0,250000.0,2,1.0,990,10556,2.0,0,0,3,7
20140820,2005,0,397000.0,4,2.5,1790,6590,2.0,0,0,3,7
20150327,1997,0,645000.0,3,2.5,2120,196995,1.0,0,1,3,9
20140815,1972,0,330000.0,3,1.0,1040,11900,1.0,0,0,5,6
20141120,1972,0,229950.0,2,1.5,1160,1848,2.0,0,0,3,7
20140912,2004,0,470000.0,3,2.5,2280,6134,2.0,0,0,3,8
20150318,2003,0,380500.0,3,2.0,1270,1348,3.0,0,0,3,8
20141231,2015,0,614285.0,5,2.75,2730,6401,2.0,0,0,3,8
20150407,2003,0,376000.0,2,2.0,1340,1635,2.0,0,0,3,8
20150327,2006,0,255000.0,4,2.5,2163,5882,2.0,0,0,3,7
20140826,2000,0,380000.0,2,2.5,1860,3504,2.0,0,0,3,7
20141010,1987,0,622000.0,3,2.5,1950,7481,2.0,0,0,3,8
20150323,1993,0,292500.0,3,2.25,1390,6004,2.0,0,0,3,8
20150209,1984,0,1050000.0,3,1.75,2650,5512,2.0,0,0,3,9
20140819,1994,0,305000.0,3,2.25,1646,9519,2.0,0,0,3,7
20150423,1998,0,915000.0,4,4.5,5250,48352,2.0,0,0,3,10
20150311,1974,0,317000.0,3,1.5,1390,8300,1.0,0,0,4,7
20141001,2006,0,1485000.0,4,3.25,3730,7200,2.0,0,0,3,10
20140619,1991,0,520000.0,3,1.75,1940,219527,1.0,0,0,3,7
20150223,1996,0,322500.0,3,2.0,1190,6445,1.0,0,0,3,7
20150403,2004,0,440000.0,3,2.5,1390,4997,2.0,0,0,3,7
20141119,2005,0,382000.0,2,1.5,1070,877,3.0,0,0,3,8
20140528,1994,0,535000.0,3,2.5,1720,4006,2.0,0,0,3,8
20150508,2006,0,679000.0,4,2.5,3680,7236,2.0,0,0,3,10
20141201,1985,0,258900.0,3,2.25,1400,10436,1.0,0,0,4,7
20140618,1996,0,562000.0,5,3.0,2795,15101,2.0,0,0,3,8
20150220,1987,0,236775.0,3,2.5,1830,8372,2.0,0,0,3,8
20150327,1998,0,527900.0,3,2.5,2490,5928,2.0,0,2,3,8
20140522,1978,0,320000.0,3,2.0,1110,10500,1.0,0,0,5,7
20150416,2003,0,300000.0,4,2.5,2500,4750,2.0,0,0,3,8
20150507,1979,0,625000.0,3,2.25,2570,47480,1.0,0,0,3,9
20150212,2004,0,363000.0,4,2.5,2180,9281,2.0,0,0,3,8
20140808,1988,0,1700000.0,4,3.5,4330,15335,2.0,0,0,4,11
20140515,2006,0,1146800.0,4,3.5,4210,10308,2.0,0,0,3,10
20150317,1977,0,680000.0,4,2.5,2880,9202,1.0,0,0,3,8
20150120,1984,0,299000.0,3,1.75,2010,8065,1.0,0,0,4,7
20140613,1976,0,205000.0,3,1.0,1290,6566,1.0,0,0,5,7
20140701,1994,0,548000.0,4,2.5,2440,11005,2.0,0,0,3,9
20150224,1996,0,163000.0,3,1.75,1290,4811,1.0,0,0,3,7
20150122,2004,0,367500.0,2,2.0,1030,600,2.0,0,0,3,8
20140714,1983,0,390000.0,3,2.25,1640,2875,2.0,0,0,3,6
20140801,1989,0,415000.0,4,2.5,1160,16008,1.0,0,0,4,7
20141223,1977,0,395000.0,4,2.0,1980,15354,1.0,0,0,3,7
20150327,2014,0,539950.0,3,2.5,1330,2180,3.0,0,0,3,8
20140819,1973,0,482000.0,4,2.75,3010,15750,1.0,0,0,4,8
20140811,1978,0,270000.0,3,1.75,1390,9000,1.0,0,0,4,7
20141226,1983,0,475000.0,3,1.75,1330,14560,1.0,0,0,3,7
20150219,1978,0,518000.0,4,3.0,2430,11670,1.0,0,0,4,7
20150226,2004,0,430000.0,3,2.5,1690,1310,2.0,0,0,3,8
20141008,1989,0,805000.0,4,2.5,2910,9000,2.0,0,0,3,9
20140924,2003,0,296000.0,3,2.5,1560,5845,2.0,0,0,3,7
20150112,1977,0,419950.0,3,1.75,1770,16909,1.0,0,0,5,8
20141002,2008,0,285000.0,3,1.75,1100,1307,2.0,0,0,3,7
20140721,1996,0,775000.0,3,2.5,2890,8470,2.0,0,0,3,10
20141107,1980,0,224500.0,3,1.75,1300,7735,1.0,0,0,4,7
20150505,1971,0,730000.0,5,3.0,2500,11779,1.0,0,0,4,8
20141008,1978,0,250000.0,3,1.75,1360,16000,1.0,0,0,3,7
20150122,2000,0,507200.0,3,3.5,1630,1329,2.0,0,0,3,9
20140814,1971,0,540000.0,4,1.75,2260,19500,1.0,0,2,3,8
20140617,2005,0,738500.0,3,2.5,2300,6009,1.0,0,0,3,8
20150129,1980,0,206000.0,3,1.0,1060,10350,1.0,0,0,4,7
20150407,2004,0,575000.0,4,2.5,2890,9775,2.0,0,2,3,8
20140609,1987,0,385000.0,3,1.75,1230,7500,1.0,0,0,3,7
20140807,1997,0,1445000.0,4,2.5,3200,3600,3.0,0,3,4,9
20141016,1972,0,275000.0,4,2.0,1960,30480,1.0,0,2,4,7
20150421,1979,0,575000.0,4,2.75,2730,35075,1.0,0,0,3,8
20140722,1980,0,510000.0,6,4.5,3300,7561,2.0,0,0,3,8
20140909,1999,0,830000.0,3,3.5,3820,145054,2.0,0,3,3,9
20141121,2004,0,640000.0,4,2.5,2260,5172,2.0,0,0,3,9
20141014,2004,0,702000.0,4,2.75,3880,15025,2.0,0,0,3,7
20150429,1983,0,190000.0,3,1.0,950,7610,1.0,0,0,3,7
20141009,1988,0,500000.0,3,2.25,1730,13040,1.0,0,0,4,8
20140714,1995,0,529000.0,3,2.5,3070,22098,2.0,0,0,3,9
20140613,1997,0,435000.0,3,1.75,1500,8173,1.0,0,0,3,7
20150507,2003,0,365000.0,3,2.25,1960,1985,2.0,0,0,3,7
20141020,2000,0,1112750.0,5,3.5,3090,3600,2.0,0,0,3,9
20150417,2007,0,694000.0,2,2.5,2320,9311,1.0,0,0,3,8
20150403,1988,0,620000.0,3,2.5,2440,10363,2.0,0,0,3,9
20150223,1992,0,765000.0,3,3.0,3270,38088,2.0,0,0,3,10
20150411,1988,0,299900.0,3,1.75,1730,9893,1.0,0,0,4,9
20150507,1974,0,639500.0,3,1.75,2010,8072,1.0,0,0,4,8
20150330,2000,0,1125000.0,6,4.0,5330,18116,2.0,0,0,3,11
20141104,1983,0,355000.0,4,1.75,2160,7417,1.0,0,0,4,7
20140909,1978,0,698000.0,3,2.75,2640,11957,1.5,0,0,3,9
20140616,1987,0,566000.0,4,2.25,2170,7737,2.0,0,0,3,8
20140723,1994,0,449950.0,3,2.5,1530,3840,2.0,0,0,3,8
20140812,1978,0,320000.0,4,2.25,2190,9020,2.0,0,0,3,8
20141126,2003,0,295000.0,3,2.5,1690,4102,2.0,0,0,3,7
20150415,2004,0,394000.0,3,2.5,2550,5349,2.0,0,0,3,7
20140613,1978,0,697000.0,4,2.75,3650,48351,1.5,0,0,4,8
20150330,1994,0,485000.0,3,2.5,3340,70131,2.0,0,0,3,9
20150105,1989,2000,2150000.0,3,2.75,3470,9610,3.0,1,4,3,11
20141007,2003,0,569000.0,4,2.5,2830,10954,2.0,0,0,3,8
20150304,1988,0,620000.0,4,2.5,2130,9139,2.0,0,0,3,9
20140515,1990,0,1000000.0,5,4.25,3920,16258,2.0,0,0,3,9
20150319,1981,0,815000.0,3,2.5,2415,2186,2.0,0,1,3,9
20150323,2005,0,775000.0,5,2.75,3750,12077,2.0,0,4,3,10
20140716,1975,0,340000.0,3,1.0,1010,7500,1.0,0,0,4,7
20140917,1985,0,250000.0,2,1.5,1200,5773,2.0,0,0,3,7
20140527,2005,0,515000.0,4,2.5,3200,6473,2.0,0,0,3,7
20150309,1974,0,245000.0,3,1.75,1670,24650,1.0,0,0,4,7
20140709,1980,0,410000.0,3,1.75,1660,6250,1.0,0,0,3,7
20150313,1975,0,499000.0,6,1.75,2400,7500,1.5,0,0,3,7
20140520,1976,0,458000.0,1,2.25,2140,10350,1.0,0,0,3,7
20140923,1990,0,402000.0,3,2.5,1970,12205,2.0,0,0,4,8
20150326,1996,0,340000.0,2,2.0,1250,1178,2.0,0,0,3,7
20150326,1984,0,1250000.0,4,2.5,4040,11350,2.0,0,2,4,10
20141117,1993,0,775000.0,4,2.5,3220,38448,2.0,0,0,3,10
20140502,2005,0,626000.0,3,2.25,1750,1572,2.5,0,0,3,9
20150223,1994,0,535500.0,3,2.5,2050,4976,2.0,0,0,3,8
20140905,1999,0,817500.0,3,3.25,3230,7639,2.0,0,0,3,10
20140812,2005,0,810000.0,4,3.5,4170,4322,2.0,0,0,3,9
20141007,2003,0,305000.0,4,2.5,2230,6487,2.0,0,0,3,7
20140609,2008,0,345000.0,3,2.5,1210,1420,3.0,0,0,3,8
20150508,1978,0,500000.0,3,1.0,2000,21780,1.0,0,0,3,8
20141002,1982,0,725000.0,4,2.25,3440,14237,2.0,0,0,3,9
20140629,1986,0,345000.0,3,2.0,1610,15005,1.0,0,0,4,7
20141104,1978,0,390000.0,3,1.75,2200,8036,1.0,0,0,3,7
20150407,1995,0,920000.0,4,3.0,3130,12381,2.0,0,0,3,9
20140710,1983,0,195000.0,2,1.0,860,10400,1.0,0,0,4,6
20150119,2006,0,855000.0,4,3.5,4030,1024068,2.0,0,0,3,10
20140910,2007,0,620000.0,3,2.25,1780,1429,3.0,0,0,3,8
20141113,1993,0,440000.0,4,2.5,3080,10646,2.0,0,0,3,9
20141003,1989,0,639000.0,4,2.5,1990,8034,2.0,0,0,4,10
20141001,2002,0,585000.0,3,2.5,1700,1156,2.0,0,2,3,9
20140911,1991,0,1150000.0,3,2.5,3160,24437,1.0,0,3,3,11
20141114,2001,0,430000.0,4,2.5,3000,9460,2.0,0,0,3,9
20140529,1987,0,400000.0,4,2.75,1240,3867,1.0,0,0,3,7
20140820,1985,0,365000.0,2,1.0,960,223898,1.0,0,0,3,6
20140629,1991,0,325000.0,5,2.75,2130,6222,1.0,0,0,3,7
20140731,1988,0,225000.0,3,2.25,2510,12013,2.0,0,0,3,8
20150114,1988,0,358000.0,3,2.25,2510,12013,2.0,0,0,3,8
20150422,1984,0,240000.0,3,1.5,1070,8886,1.0,0,0,4,7
20150413,1990,0,700000.0,4,3.25,3580,43093,1.0,0,0,4,8
20140729,1994,0,325000.0,4,2.5,2230,8500,2.0,0,0,3,8
20141114,1978,0,488000.0,4,2.25,2500,10890,1.0,0,0,5,7
20140602,1985,0,615000.0,4,2.5,2150,9070,2.0,0,0,4,8
20141120,2012,0,321000.0,3,2.5,2020,4183,2.0,0,0,3,7
20140602,2003,0,1035000.0,3,2.5,2230,5750,2.0,0,0,3,9
20140912,1996,0,435000.0,3,2.5,1730,4065,2.0,0,0,3,8
20141010,1980,0,222000.0,3,1.75,1370,8280,1.0,0,0,4,7
20150429,2007,0,750000.0,5,3.5,2160,2323,3.0,0,0,3,9
20141222,1989,0,266000.0,3,2.25,1550,6022,2.0,0,0,3,8
20150508,1975,0,490000.0,3,1.75,2020,215622,2.0,0,0,4,7
20150430,1978,0,280000.0,3,1.75,1740,8625,1.0,0,0,4,7
20150417,1981,0,745000.0,5,3.0,2400,10126,2.0,0,3,3,8
20140807,1972,0,685900.0,3,2.5,2290,9142,1.0,0,0,3,8
20150218,1995,0,265000.0,2,1.5,920,1458,2.0,0,0,3,7
20140908,1977,0,210000.0,3,1.0,1200,7200,1.0,0,0,3,6
20150330,1998,0,469000.0,3,2.0,1300,22605,1.0,0,0,3,7
20150430,1991,0,1065000.0,3,2.5,3970,263538,1.5,0,0,3,9
20140714,1972,0,575000.0,5,2.5,2990,7500,1.0,0,2,3,9
20141029,2002,0,315000.0,4,2.5,1950,3225,2.0,0,0,3,7
20141222,1997,0,328000.0,4,2.75,1930,3840,1.0,0,0,3,7
20140509,1977,0,323000.0,4,2.75,1970,7213,1.0,0,0,3,8
20141022,1997,0,320000.0,4,3.0,1820,3120,1.0,0,0,3,7
20140520,1995,0,1212500.0,4,3.5,4560,16643,1.0,0,3,3,12
20140827,1995,0,1200000.0,4,3.5,4560,16643,1.0,0,3,3,12
20140811,1976,0,508000.0,6,2.75,2890,7500,1.0,0,0,4,8
20140825,2008,0,1000000.0,4,3.25,3320,8587,3.0,0,0,3,11
20140723,1979,0,850000.0,4,2.0,3380,90968,1.0,0,0,4,9
20141031,2001,0,475000.0,3,2.5,2480,6031,2.0,0,0,3,8
20140505,1975,0,570000.0,3,2.25,2010,6000,1.0,0,0,3,8
20141021,2001,0,387000.0,2,2.5,1170,1394,2.0,0,0,3,8
20140725,1980,0,653450.0,3,2.5,2070,49658,1.0,0,0,4,8
20140911,2005,0,285000.0,2,1.0,1050,3088,1.0,0,0,3,7
20150223,1977,0,615000.0,3,1.0,1120,12500,1.0,0,0,4,7
20140603,2014,0,580135.0,4,2.5,3150,5886,2.0,0,0,3,8
20140730,1998,0,1150000.0,4,3.5,4540,19767,2.0,0,0,3,11
20141029,1991,0,231200.0,3,2.0,1400,8821,1.0,0,0,3,7
20140616,2010,0,680000.0,4,2.75,2500,4950,2.0,0,0,3,8
20140725,2001,0,267500.0,3,1.5,1390,2153,2.0,0,0,3,7
20140513,2004,0,354901.0,3,2.5,1490,1709,3.0,0,0,3,8
20141014,2005,0,439888.0,2,2.0,1300,6515,1.0,0,0,3,8
20140612,1988,0,299995.0,3,2.5,1970,7500,2.0,0,0,3,8
20140603,1976,0,575000.0,3,2.25,3800,33825,1.0,0,0,4,10
20140529,2000,0,950000.0,4,3.5,4140,13392,2.0,0,0,3,11
20141028,1988,0,439000.0,5,2.0,2610,5009,1.0,0,0,3,7
20140926,1981,0,425000.0,3,2.0,1500,8086,1.0,0,0,3,7
20140923,1974,0,406550.0,5,2.75,2400,15781,1.0,0,0,4,7
20140630,1990,0,243000.0,2,1.5,1068,1758,2.0,0,0,3,7
20141021,2006,0,367000.0,3,2.25,1400,1320,3.0,0,2,3,8
20141210,2004,0,300000.0,3,2.5,1020,1570,2.0,0,0,3,7
20140819,1985,0,369000.0,3,1.75,1300,3844,1.0,0,0,3,7
20150203,1985,0,463000.0,3,2.0,1590,5009,2.0,0,0,4,6
20150324,1981,0,225000.0,3,1.75,1580,14400,1.0,0,0,4,7
20140827,2003,0,625000.0,3,2.5,2330,3141,2.0,0,0,3,8
20150129,1980,0,329000.0,3,1.75,1230,10725,1.0,0,0,3,7
20141107,2006,0,616000.0,4,2.5,3440,6915,2.0,0,0,3,10
20150319,2002,0,435000.0,4,2.25,1780,2684,2.0,0,0,3,7
20150415,2000,0,320000.0,4,2.5,2110,6295,2.0,0,0,3,8
20150114,2002,0,820000.0,4,3.5,2770,8049,2.0,0,0,3,9
20140822,2000,0,310000.0,3,2.5,1590,3359,2.0,0,0,3,7
20141202,2003,0,443750.0,3,2.25,1460,968,2.0,0,0,3,7
20140729,1981,0,315000.0,2,1.0,1010,7338,2.0,0,0,4,7
20140917,1989,0,635000.0,4,2.5,3050,7238,2.0,0,0,3,8
20150217,1974,0,279950.0,3,1.75,1660,8303,1.0,0,0,3,7
20141208,1977,0,659000.0,4,2.0,2350,9329,2.0,0,0,3,8
20140821,1980,0,203000.0,2,1.0,1440,6650,1.0,0,0,3,7
20140909,2005,0,782500.0,4,2.5,2930,7806,2.0,0,0,3,9
20140610,1984,0,250000.0,3,1.75,1590,7560,1.0,0,0,3,7
20141125,1979,0,664000.0,6,2.5,3190,12196,2.0,0,0,4,8
20140917,1991,0,2900000.0,4,3.25,4580,4838,2.0,0,3,4,11
20140507,1988,0,535000.0,3,1.75,2720,149410,1.5,0,0,3,9
20140924,1981,0,545000.0,3,2.25,2290,14585,2.0,0,0,3,8
20150504,1991,0,360000.0,3,2.5,2150,14092,2.0,0,0,3,8
20140502,1991,0,612500.0,4,2.5,2730,12261,2.0,0,0,3,9
20150414,1993,0,750000.0,3,2.5,2560,9182,2.0,0,0,3,9
20150126,1989,0,251000.0,3,2.0,1650,7930,1.0,0,0,4,7
20140826,2014,0,401500.0,3,2.5,1509,1114,3.0,0,0,3,8
20140702,2005,0,340000.0,4,2.5,1954,4805,2.0,0,0,3,8
20150112,2005,0,920000.0,3,3.5,2800,7694,1.0,0,0,3,9
20150105,1986,0,299950.0,4,2.25,1810,7601,1.0,0,0,3,7
20150512,1983,0,440000.0,4,2.5,2410,7517,2.0,0,0,3,8
20140915,2003,0,293000.0,3,2.5,1690,17383,2.0,0,0,3,7
20150320,1991,0,193000.0,2,1.75,1280,6774,1.0,0,0,3,7
20140905,1971,0,569500.0,4,2.5,2800,8190,1.0,0,0,3,8
20140515,1989,0,620000.0,4,2.5,2680,9185,2.0,0,0,3,9
20150411,1975,0,432100.0,3,2.25,1790,2240,2.0,0,0,4,8
20140721,1976,0,500000.0,3,2.5,2410,34848,1.5,0,0,3,8
20141010,1988,0,690000.0,5,3.25,3370,7313,2.0,0,0,4,8
20150218,1994,0,285000.0,4,2.5,1800,9229,2.0,0,0,3,7
20150408,2002,0,635000.0,3,2.5,2620,6842,2.0,0,0,3,7
20140708,2005,0,630000.0,2,2.5,2290,3507,2.0,0,0,3,9
20150304,1974,0,590000.0,4,2.5,2940,12600,1.0,0,0,4,8
20140806,1976,0,432000.0,4,3.25,2820,13059,2.0,0,0,4,8
20150416,2014,0,1290000.0,4,2.5,3430,7200,2.0,0,0,3,9
20140623,2005,0,3400000.0,3,4.5,5230,17826,2.0,1,4,3,10
20150408,1974,0,954500.0,3,2.25,2440,9689,1.0,0,2,4,8
20141029,1998,0,342000.0,3,3.0,1260,1634,3.0,0,0,3,8
20140729,2007,0,305000.0,4,2.5,2320,4683,2.0,0,0,3,7
20140820,1979,0,259900.0,4,2.75,1560,8820,1.0,0,3,3,7
20141112,1980,0,379500.0,3,1.0,1110,7128,1.0,0,0,3,7
20140819,2009,0,860000.0,4,2.5,3070,6923,2.0,0,0,3,9
20140512,2004,0,335000.0,3,2.5,1940,4927,2.0,0,0,3,8
20141105,1997,0,865000.0,3,2.5,3050,12558,2.0,0,0,3,10
20140909,2014,0,569950.0,5,4.25,3380,7805,2.0,0,0,3,8
20150205,2006,0,495500.0,3,2.5,3190,7828,2.0,0,0,3,9
20150424,1977,0,368500.0,4,2.75,2500,26400,1.0,0,0,3,8
20140929,1973,0,275000.0,3,1.0,1230,171190,1.0,0,0,3,7
20150327,1978,0,278100.0,4,1.75,2120,8520,1.0,0,0,3,7
20140825,2005,0,349950.0,4,2.5,2000,5006,2.0,0,0,3,7
20150410,2001,0,425000.0,4,2.5,2400,6053,2.0,0,0,3,8
20150401,2000,0,920000.0,5,4.5,3820,5750,2.0,0,3,3,9
20150416,1974,0,333000.0,4,2.5,2100,7208,2.0,0,0,3,8
20140620,2004,0,218000.0,2,2.0,1310,2841,2.0,0,0,3,6
20140624,2015,0,455000.0,2,1.5,1200,1259,2.0,0,0,3,8
20140619,2002,0,1440000.0,3,3.5,3870,3819,2.0,0,0,3,11
20141126,1980,2014,420000.0,5,2.75,2540,27007,1.0,0,0,3,8
20140912,1976,0,408000.0,3,1.75,1970,7100,1.0,0,0,3,7
20150122,2001,0,1195000.0,3,3.0,2350,1620,2.0,0,0,3,9
20140613,1979,0,454000.0,4,2.25,2630,39000,2.0,0,0,3,9
20150505,2007,0,499000.0,4,2.25,2440,5000,2.0,0,0,3,7
20150218,2012,0,590000.0,5,3.0,3480,6625,2.0,0,0,3,8
20140730,1999,0,385000.0,3,3.5,1900,4805,2.0,0,0,3,8
20140924,2011,0,1250000.0,4,3.25,3160,10043,2.0,0,2,3,9
20140924,1979,0,202200.0,2,1.75,1330,2159,1.0,0,0,4,8
20150311,1976,0,450000.0,3,2.25,1420,13468,1.0,0,0,3,7
20150508,1986,0,435000.0,3,2.0,2570,233481,1.5,0,0,4,8
20150504,1973,0,361000.0,3,2.25,2470,5650,1.0,0,2,3,7
20150120,1979,0,760000.0,4,2.25,2590,12600,2.0,0,0,3,9
20140616,2003,0,902000.0,4,2.5,3030,8507,2.0,0,0,3,9
20150202,1986,0,287500.0,3,2.25,2030,8690,1.0,0,0,4,8
20150130,1979,0,825000.0,2,1.75,2050,4000,1.5,0,2,3,8
20140828,1981,0,682000.0,4,2.5,3030,30000,2.0,0,0,4,9
20141230,1985,0,350000.0,3,1.75,1490,10344,1.0,0,0,3,7
20141028,1995,0,270000.0,3,2.0,1510,10215,1.0,0,0,4,7
20150305,1990,0,284000.0,3,1.75,1320,35100,1.0,0,0,3,7
20140714,2004,0,308000.0,4,2.5,2330,4606,2.0,0,0,3,8
20140618,1989,0,540000.0,4,2.5,2050,34222,2.0,0,0,4,8
20150224,1971,0,522500.0,4,2.75,2200,122403,1.5,0,0,3,7
20141021,1978,0,118000.0,1,1.0,670,7957,1.0,0,0,4,6
20140903,1995,0,710000.0,4,2.75,2710,41811,1.5,0,0,4,8
20140910,1993,0,720000.0,3,3.25,3410,25741,2.0,0,0,4,8
20150330,2012,0,537000.0,4,2.5,1990,2660,2.0,0,0,3,8
20150115,1979,0,238000.0,4,2.5,1690,7260,1.0,0,0,3,7
20140807,2006,0,485500.0,2,1.5,1340,1286,2.0,0,0,3,8
20140617,1983,2009,4668000.0,5,6.75,9640,13068,1.0,1,4,3,12
20150410,1994,0,525000.0,3,2.5,2190,34528,2.0,0,0,3,8
20140919,2014,0,526000.0,3,3.25,1220,1281,2.0,0,0,3,8
20141008,1996,0,970000.0,3,3.5,3840,53696,2.0,0,0,3,9
20140627,1985,0,279000.0,3,2.5,1630,7950,1.0,0,0,3,8
20150325,1979,0,336500.0,4,1.75,1760,7268,1.0,0,0,4,7
20140801,1998,0,285000.0,2,1.0,990,2446,2.0,0,0,3,7
20141215,1997,0,330000.0,3,2.25,1440,5150,2.0,0,0,3,7
20140503,2012,0,625000.0,4,2.75,2920,6605,2.0,0,0,3,8
20140929,1991,0,435000.0,3,2.5,1730,46638,2.0,0,0,3,8
20141118,2005,0,299950.0,3,2.5,1570,2577,2.0,0,0,3,7
20140520,2002,0,380000.0,4,3.0,2800,9764,2.0,0,0,3,8
20150224,1980,0,386000.0,3,1.5,1550,8000,1.0,0,0,3,6
20140909,2013,0,450000.0,7,4.0,3150,7800,2.0,0,0,3,8
20150421,2004,0,544800.0,5,2.75,3190,5857,2.0,0,0,3,9
20150121,1981,0,220000.0,3,1.75,1720,7587,1.0,0,0,4,7
20140905,2009,0,374000.0,2,2.25,1100,1695,2.0,0,0,3,9
20150227,1984,0,200000.0,3,2.0,1010,7896,1.0,0,0,3,7
20150506,1984,0,259950.0,3,2.0,1010,7896,1.0,0,0,3,7
20140722,1971,0,255000.0,4,2.75,1760,9222,1.0,0,0,3,7
20150323,1975,0,447000.0,3,1.75,1400,6750,1.0,0,0,3,7
20141009,1983,0,1511250.0,3,2.5,4010,12105,1.0,0,3,5,11
20150126,1993,0,345000.0,3,2.5,2340,8414,1.0,0,0,3,7
20150427,2009,0,415000.0,3,2.75,1770,3172,2.0,0,0,3,8
20150226,1976,0,484000.0,5,2.5,3600,20001,2.0,0,0,4,9
20140926,2006,0,360000.0,2,1.75,1230,1107,2.0,0,0,3,8
20150224,1988,0,875000.0,3,2.75,3270,39586,1.5,0,0,3,11
20150421,2012,0,394000.0,2,2.0,1750,2731,2.0,0,0,3,8
20150122,2007,0,865000.0,4,3.5,3380,11270,2.0,0,1,3,9
20150428,1974,0,567000.0,3,2.25,1800,6875,1.0,0,0,4,8
20140610,1973,0,183000.0,3,1.75,1330,9200,1.0,0,0,4,7
20150325,1973,0,945800.0,4,2.75,3360,9100,1.0,0,0,4,8
20150401,1987,0,335000.0,3,1.75,1900,36769,1.0,0,0,3,8
20150203,2005,0,511000.0,4,3.5,3100,7600,2.0,0,0,3,10
20150403,1989,0,576250.0,2,1.75,1530,5000,2.0,0,0,4,7
20150319,1988,0,1452000.0,2,3.25,2070,3128,2.0,1,3,3,9
20140505,1998,0,328000.0,4,2.5,2370,6500,2.0,0,0,3,9
20150310,1973,0,441000.0,3,2.5,1890,11036,1.0,0,0,3,8
20150414,1981,0,370000.0,3,1.75,1480,7725,1.5,0,0,4,7
20140626,1991,0,268000.0,3,2.5,1650,6684,2.0,0,0,3,7
20150212,2003,0,1625000.0,4,3.75,4410,8112,3.0,0,4,3,11
20150330,1993,0,355000.0,4,2.5,1780,15000,2.0,0,0,2,7
20140623,1989,0,260000.0,4,2.5,2000,37045,2.0,0,0,3,8
20140825,2003,0,459500.0,2,1.5,1170,1079,3.0,0,0,3,7
20140903,1994,0,258000.0,3,2.5,1730,6930,2.0,0,0,3,8
20140518,1994,0,297000.0,5,2.5,1970,8605,2.0,0,0,4,7
20140513,2008,0,2450000.0,4,4.5,5030,11023,2.0,0,2,3,11
20150407,1981,0,339950.0,3,1.75,1330,12092,1.0,0,0,4,6
20140605,2001,0,955000.0,4,4.25,5660,193593,2.0,0,0,3,10
20140527,2004,0,732000.0,3,2.5,2330,1987,2.0,0,4,3,9
20140604,2004,0,525000.0,3,2.0,1540,7800,1.0,0,0,3,8
20140713,2005,0,300000.0,3,2.5,1870,3439,2.0,0,0,3,7
20141029,1986,0,389500.0,5,3.5,2960,12527,2.0,0,0,3,9
20141114,1988,0,269950.0,3,2.25,1610,7187,2.0,0,0,3,7
20141202,2005,0,249000.0,3,1.0,1752,14626,2.0,0,2,3,8
20150417,2002,0,579000.0,3,2.5,3160,286181,2.0,0,3,3,9
20150121,1984,0,621500.0,3,1.75,2570,39634,2.0,0,0,3,8
20150409,1991,0,453000.0,2,1.5,1680,17400,1.5,0,0,3,7
20150218,1994,0,555000.0,4,2.25,3330,21785,2.0,0,0,3,9
20141215,2003,0,364950.0,3,2.25,2520,6170,2.0,0,0,3,7
20141120,1989,0,490000.0,3,1.75,1560,9247,1.0,0,0,3,7
20141113,2004,0,506000.0,5,3.75,3880,8370,2.0,0,0,4,7
20140822,2003,0,443600.0,3,2.5,1430,1056,3.0,0,0,3,8
20140814,1998,0,380600.0,3,2.5,1920,12244,2.0,0,0,3,7
20150126,1985,0,722800.0,3,3.25,4330,14600,2.0,0,0,3,10
20140603,1991,0,613000.0,3,2.5,1350,3068,2.0,0,0,3,7
20140624,1980,0,437000.0,4,2.5,1890,8505,1.0,0,0,3,8
20141029,2002,0,695000.0,4,2.75,2660,7389,2.0,0,0,3,9
20150407,2008,0,500000.0,3,1.5,1330,1265,2.0,0,0,3,8
20141226,2004,0,335000.0,2,2.0,1420,5185,1.0,0,0,3,7
20150429,1971,0,320900.0,5,2.5,2200,8500,1.0,0,0,4,7
20150306,1978,0,508000.0,3,1.75,1800,8462,1.0,0,0,3,8
20150303,1984,0,370000.0,3,1.75,1290,10117,1.0,0,0,3,7
20140826,1977,0,787888.0,4,2.25,2580,21115,2.0,0,0,4,9
20141218,2005,0,329000.0,4,2.5,2650,5880,2.0,0,0,3,9
20140822,1977,0,224000.0,3,1.5,1440,8370,1.0,0,0,3,7
20150310,1986,0,315500.0,3,2.0,1160,10079,1.0,0,0,3,7
20150506,1989,0,389000.0,6,4.5,3560,14010,2.0,0,0,3,7
20150309,1980,0,190000.0,3,1.75,1270,7875,1.0,0,0,4,7
20150505,1971,0,374000.0,3,1.75,1510,18439,1.0,0,0,3,7
20150330,1985,0,546500.0,3,2.5,1410,2675,1.0,0,0,3,7
20140812,1983,0,330000.0,6,3.25,2120,6893,1.0,0,0,4,7
20140721,1991,0,359950.0,3,2.75,2540,8604,2.0,0,0,3,8
20140617,1983,0,616000.0,4,2.5,2490,12929,2.0,0,0,3,9
20141103,1997,0,296000.0,2,2.0,1320,2040,3.0,0,0,3,7
20140509,2005,0,382000.0,3,3.25,1410,1253,3.0,0,0,3,8
20150511,1997,0,419900.0,3,2.5,1630,1755,2.0,0,0,3,8
20141229,1995,0,315000.0,3,2.0,1900,9513,1.0,0,0,3,8
20150420,1979,0,597500.0,4,3.0,1890,35280,1.0,0,0,3,9
20150306,1978,0,615000.0,3,2.5,2980,43301,1.0,0,0,4,8
20141031,1984,0,605000.0,4,3.25,2885,33671,2.0,0,0,4,8
20150401,1990,0,220000.0,3,2.5,1980,11900,2.0,0,0,3,8
20141015,2001,0,620000.0,4,2.5,2980,210395,2.0,0,0,3,9
20140519,1973,0,602000.0,5,1.75,3290,11900,1.5,0,0,3,8
20140502,1987,0,285000.0,3,2.5,2090,10834,1.0,0,0,4,8
20150102,2002,0,325000.0,3,2.5,1870,3480,2.0,0,0,3,7
20150319,1973,0,623000.0,3,2.75,2390,21804,1.0,0,0,3,8
20150311,1993,0,256500.0,3,2.0,1320,8568,1.0,0,0,3,7
20141117,2002,0,473000.0,5,3.5,3430,6872,2.0,0,0,3,10
20141029,1985,0,549000.0,3,2.5,2250,9235,2.0,0,0,3,8
20150317,1986,0,305000.0,3,1.0,1710,19115,1.0,0,0,3,6
20150204,1988,0,317000.0,4,2.5,2160,8049,2.0,0,0,3,9
20140701,1994,0,515000.0,3,2.5,2010,7200,2.0,0,0,3,8
20140605,1977,0,725000.0,4,2.75,2420,10962,1.0,0,0,3,8
20150309,2003,0,314950.0,3,2.5,1690,4533,2.0,0,0,3,7
20141106,1983,0,375000.0,3,2.0,1410,10078,1.0,0,0,4,6
20140710,1989,0,500000.0,3,1.75,1640,47044,1.0,0,0,3,7
20140624,1978,0,689000.0,3,1.75,2200,9840,1.0,0,0,5,8
20141209,2006,0,525000.0,3,2.25,1290,1182,2.0,0,0,3,8
20140827,1997,0,516000.0,4,2.75,2210,10800,1.0,0,0,4,8
20140813,1986,0,1218000.0,4,2.75,3670,15400,2.0,0,3,4,10
20140926,1997,0,262000.0,3,2.5,1700,6200,2.0,0,0,3,8
20140915,1984,0,500000.0,3,1.75,2420,65501,2.0,0,1,3,8
20140602,1988,0,675000.0,3,2.25,2610,9002,2.0,0,0,3,9
20140507,1981,0,350000.0,3,1.0,1010,9360,1.0,0,0,3,6
20141125,2008,0,320000.0,2,2.25,1550,1827,2.0,0,0,3,8
20141108,1998,0,325000.0,3,1.5,1310,2998,2.0,0,0,3,7
20140624,1978,0,319000.0,4,2.5,2510,7992,1.0,0,0,3,8
20150108,1980,0,510000.0,4,3.25,1980,9988,1.0,0,0,3,8
20150120,2014,0,775000.0,3,2.5,2480,5007,2.0,0,0,3,8
20141212,1999,0,585000.0,4,2.5,2430,6766,2.0,0,0,3,8
20150310,1975,0,255000.0,2,1.75,1950,8200,1.0,0,0,3,8
20140715,1995,0,587000.0,3,2.5,2150,5193,2.0,0,0,3,8
20140708,2004,0,782000.0,4,3.5,5270,53428,2.0,0,0,3,10
20150304,1993,0,536000.0,3,2.5,1990,7397,2.0,0,0,3,9
20140609,1973,0,435000.0,3,2.25,1890,7200,1.0,0,0,4,7
20140626,2008,0,446000.0,2,1.5,1370,1221,2.0,0,0,3,8
20141120,1991,0,300000.0,3,2.25,1760,5421,2.0,0,0,3,7
20150305,1986,0,910000.0,4,2.5,3530,49222,2.0,0,0,4,9
20140605,2009,0,335000.0,4,2.5,2610,4781,2.0,0,0,3,8
20140624,2006,0,510000.0,3,2.25,1420,1309,3.0,0,0,3,8
20150219,1980,0,751000.0,6,3.0,2880,6800,2.0,0,0,3,7
20140516,2013,0,565000.0,3,2.25,1520,1221,3.0,0,0,3,8
20150413,1999,0,456000.0,3,2.5,1820,2935,2.0,0,0,3,8
20140615,1990,0,652500.0,4,2.5,2700,9122,2.0,0,0,3,9
20140625,2004,0,700000.0,4,2.5,2770,5686,2.0,0,0,3,9
20140731,1977,0,460000.0,3,1.75,1400,12155,1.0,0,0,4,7
20140522,1981,0,475000.0,3,2.25,1820,8008,1.0,0,0,3,8
20140609,2003,0,579000.0,2,2.0,1870,6275,1.0,0,0,3,8
20140512,2004,0,210000.0,3,2.5,1040,2643,2.0,0,0,3,7
20140630,1993,0,359500.0,4,2.75,2140,10316,2.0,0,0,3,8
20141107,1987,0,248000.0,3,1.75,1330,9831,1.0,0,0,3,7
20141216,2009,0,315000.0,3,2.25,1370,1533,3.0,0,0,3,8
20150226,1976,0,970000.0,4,3.0,3510,12410,2.0,0,0,4,9
20140612,1996,0,699000.0,4,2.5,3280,27441,2.0,0,0,3,9
20141027,1976,0,212000.0,3,1.5,1690,9600,1.0,0,0,3,7
20150112,1980,0,710000.0,4,2.5,2870,11304,2.0,0,0,3,9
20141222,1983,0,520000.0,3,1.75,2310,36665,1.0,0,2,3,8
20150331,1984,0,320000.0,4,2.75,1640,3000,1.0,0,0,3,7
20140708,1992,0,245000.0,3,2.5,1600,2788,2.0,0,0,4,7
20150203,1987,0,700000.0,3,2.5,2850,36585,2.0,0,0,3,10
20150312,2015,0,628000.0,5,2.75,2600,8160,2.0,0,0,3,8
20141008,2002,0,349950.0,3,2.5,1420,1162,3.0,0,0,3,8
20140714,1996,0,307999.0,4,2.75,2420,8438,2.0,0,0,3,8
20140626,1975,0,285000.0,2,1.0,1010,7200,1.0,0,0,3,7
20140821,1981,0,525000.0,3,2.0,1640,15258,1.0,0,0,3,8
20150319,1982,0,374900.0,5,2.75,2980,8500,1.0,0,0,3,8
20150121,1979,0,245000.0,3,2.25,1530,12000,1.0,0,0,3,7
20140729,1994,0,200000.0,3,2.0,1290,5757,1.0,0,0,3,7
20141125,1997,0,2140000.0,4,3.75,5150,453895,2.0,0,3,3,11
20141109,1991,0,607000.0,3,2.5,2470,9226,2.0,0,0,3,9
20150310,1981,0,549950.0,4,2.5,2230,14694,1.0,0,0,4,7
20140509,1991,0,525000.0,3,2.5,2030,6970,2.0,0,0,4,8
20140701,2004,0,739900.0,5,2.5,3290,5029,2.0,0,0,3,8
20140528,1993,0,315000.0,3,2.0,1300,3731,1.0,0,0,3,7
20150501,1995,0,366000.0,4,2.75,2170,9743,2.0,0,0,3,7
20141105,2003,0,340000.0,2,1.75,1010,1461,1.0,0,0,3,7
20150127,1995,0,330000.0,3,2.5,2040,14071,2.0,0,0,3,7
20140613,1987,0,345000.0,2,1.5,1800,26615,1.0,0,0,5,7
20150401,2000,0,695000.0,3,2.0,2632,18743,2.0,0,3,3,10
20140911,1979,0,649950.0,3,2.5,2150,15304,2.0,0,0,4,9
20141001,1998,0,452000.0,3,2.5,1530,5032,2.0,0,0,3,7
20141030,2003,0,236000.0,4,2.5,1630,3060,2.0,0,0,3,7
20140730,1998,0,1285000.0,4,3.5,4080,14450,2.0,0,2,3,12
20140610,1972,0,563000.0,3,2.75,2340,16500,1.0,0,0,4,8
20141117,1985,0,339950.0,0,2.5,2290,8319,2.0,0,0,3,8
20141021,1986,0,1200000.0,4,2.5,3180,13118,2.0,0,0,4,11
20150319,1992,0,340000.0,4,2.5,2170,19785,2.0,0,0,3,8
20140609,1998,0,236000.0,3,1.75,1330,6301,1.0,0,0,3,7
20140925,2003,0,240000.0,0,2.5,1810,5669,2.0,0,0,3,7
20140617,1993,0,332000.0,3,2.5,1530,9406,1.0,0,0,3,7
20150401,2003,0,945000.0,5,3.5,4380,14925,2.0,0,0,3,11
20150416,2009,0,285000.0,4,2.5,1996,4547,2.0,0,0,3,7
20150406,1976,0,209500.0,3,1.5,970,5488,1.0,0,0,3,7
20141217,1994,0,336500.0,3,2.0,1830,12891,1.0,0,0,3,7
20140714,1983,0,360000.0,3,2.25,2130,8466,1.0,0,0,3,7
20141113,1988,0,549950.0,3,2.5,2380,2500,3.0,0,3,3,9
20140819,1980,0,400000.0,3,2.25,1740,11040,2.0,0,0,3,8
20140806,1989,0,555000.0,3,2.5,2480,8676,2.0,0,0,4,8
20140507,1988,0,230000.0,3,2.5,1920,9180,2.0,0,0,3,8
20141210,2002,0,360000.0,4,2.5,2750,6259,2.0,0,0,3,9
20140818,1976,0,355000.0,4,1.75,2160,8000,1.0,0,0,4,9
20150323,1997,0,635000.0,4,2.5,2570,27972,2.0,0,0,3,8
20141202,1978,0,353000.0,5,2.75,2130,5000,1.0,0,0,5,7
20140722,1991,0,475000.0,3,2.5,2630,185130,2.0,0,0,3,9
20141106,1992,0,320000.0,4,2.75,2150,9163,1.0,0,0,3,8
20140528,1983,0,215000.0,3,1.75,1210,8075,1.0,0,0,4,6
20141230,2003,0,415000.0,3,2.5,1980,4274,2.0,0,0,3,7
20141218,2006,0,480000.0,3,2.5,2980,7338,2.0,0,0,3,8
20141110,2007,0,1240000.0,3,2.5,2660,1973,3.0,0,3,3,9
20140611,1989,0,599000.0,4,2.5,2790,230868,2.0,0,0,3,8
20150508,1999,0,770000.0,4,3.0,2800,9127,2.0,0,0,3,9
20150313,1980,0,1208000.0,3,2.25,1590,8520,2.0,0,0,4,8
20140526,1989,0,880000.0,3,2.0,2130,35169,1.0,0,0,4,8
20140825,2004,0,849000.0,4,2.75,4010,87555,2.0,0,0,3,10
20140811,1996,0,450000.0,9,7.5,4050,6504,2.0,0,0,3,7
20150317,1997,0,330000.0,4,2.5,2310,6320,2.0,0,0,3,8
20141203,1972,0,409000.0,3,1.75,1440,9065,1.0,0,0,4,8
20150415,1994,0,570000.0,4,2.5,2430,44001,1.0,0,0,3,8
20140916,1982,0,315000.0,3,1.0,1390,8333,1.0,0,0,3,7
20140916,1988,0,1108000.0,4,2.5,3320,9380,2.0,0,3,3,10
20150319,1997,0,442500.0,4,2.5,2400,7092,2.0,0,0,3,7
20140804,1992,0,616500.0,3,2.5,3580,118047,1.0,0,0,3,9
20141119,1989,0,506400.0,3,2.5,2100,9040,1.0,0,0,3,8
20141222,2001,0,324000.0,3,2.25,1550,4411,2.0,0,0,3,7
20140521,2002,0,299900.0,3,2.5,2720,6014,2.0,0,0,3,7
20140529,1977,0,332000.0,3,2.25,2270,8876,1.0,0,0,3,7
20141020,1978,0,432000.0,4,1.75,2410,8400,1.0,0,0,3,7
20141002,1996,0,510000.0,4,2.75,2730,9112,1.0,0,2,3,9
20150501,1986,0,270000.0,3,2.5,1540,7739,2.0,0,0,4,7
20150330,1986,0,750000.0,5,2.5,3120,15593,2.0,0,4,3,11
20141208,1999,0,726500.0,4,2.5,2180,3893,2.0,0,0,3,8
20140917,2004,0,679000.0,4,3.5,3420,49223,2.0,0,0,3,9
20140602,1987,0,316000.0,3,2.25,2130,8721,1.0,0,0,3,8
20150427,1992,0,498000.0,4,2.5,2300,22445,2.0,0,0,4,8
20141007,1979,0,448000.0,4,1.75,2560,8270,1.0,0,0,3,7
20150116,1990,0,560000.0,4,3.0,3080,9601,2.0,0,1,3,10
20141002,1975,0,437850.0,4,2.25,2670,14255,1.0,0,0,4,8
20140606,1983,0,435000.0,4,2.75,3270,50994,2.0,0,0,4,8
20140619,1998,0,510000.0,4,2.5,2610,8031,2.0,0,0,3,8
20140506,1980,0,520000.0,3,2.5,2460,54885,2.0,0,0,4,8
20140703,1989,0,509000.0,2,1.5,1930,3521,2.0,0,0,3,8
20140612,1979,0,795000.0,3,2.0,2420,17859,1.0,0,1,5,9
20140611,2005,0,285000.0,3,2.5,1870,4060,2.0,0,0,3,7
20141006,1997,0,400000.0,4,3.0,1810,5012,2.0,0,0,4,7
20140701,1991,0,570000.0,4,2.5,2590,8483,2.0,0,0,3,9
20141020,2014,0,955990.0,5,3.25,3830,6507,2.0,0,0,3,9
20140929,2006,0,1150000.0,3,2.25,3250,34848,1.0,0,0,3,10
20150414,1979,0,459950.0,4,2.0,2760,21465,1.0,0,0,4,9
20140908,2003,0,281000.0,3,1.5,1280,974,3.0,0,0,3,7
20140701,1990,0,600000.0,2,2.5,2510,14878,2.0,0,0,3,10
20140804,2000,0,538500.0,3,3.5,2500,4270,2.0,0,0,3,8
20140709,1989,0,594950.0,4,2.5,2720,10006,2.0,0,0,3,9
20140606,1974,0,510000.0,3,1.75,1480,7040,1.0,0,0,3,7
20140929,1974,0,360000.0,4,2.25,2470,8686,1.0,0,0,4,7
20140827,1991,0,645000.0,2,1.5,1995,115670,1.5,0,1,4,8
20150312,2001,0,565000.0,4,2.5,2980,10459,2.0,0,0,3,9
20140617,2006,0,1010000.0,3,3.25,2420,1923,2.0,0,2,3,10
20140710,1996,0,540500.0,3,2.0,2800,185130,1.0,0,0,3,8
20150513,2006,0,751000.0,5,2.75,2860,5280,2.0,0,0,3,9
20141231,1984,0,425000.0,3,2.25,1400,6970,2.0,0,0,3,8
20150325,1996,0,833450.0,5,4.0,4460,269345,2.0,0,4,3,9
20140519,1979,0,565000.0,4,2.25,2110,10698,2.0,0,0,4,8
20140626,1987,0,530000.0,3,2.0,2330,26571,2.5,0,0,3,8
20140618,2001,0,4489000.0,4,3.0,6430,27517,2.0,0,0,3,12
20141030,1981,0,225000.0,3,1.75,1460,8372,1.0,0,0,4,7
20141201,2006,0,1438890.0,5,3.5,3420,8000,2.0,0,0,3,10
20140702,2002,0,329950.0,4,2.5,2120,4558,2.0,0,0,3,7
20140923,1992,0,995000.0,3,2.5,2460,10300,1.0,0,0,3,10
20140714,1993,0,929950.0,3,3.5,3790,10829,2.0,0,0,3,11
20150327,1987,0,692000.0,4,2.5,2350,9779,1.0,0,0,3,10
20140630,1984,0,760000.0,4,2.5,3300,165528,2.0,0,0,3,8
20141027,2006,0,440000.0,2,2.75,1100,1088,2.0,0,0,3,7
20140627,1985,0,355000.0,2,2.25,1330,10838,2.0,0,0,3,8
20140514,1978,0,139000.0,3,1.0,1100,17334,1.0,0,0,3,7
20150401,1976,0,485000.0,4,2.25,1810,7068,2.0,0,0,5,7
20141019,1995,0,549950.0,3,1.75,2930,266587,2.0,0,0,3,8
20140523,2005,0,402000.0,3,2.0,1540,1827,2.0,0,0,3,8
20140616,1976,0,445000.0,3,1.75,1890,32340,1.5,0,3,3,8
20140525,1991,0,195000.0,3,1.75,1570,8459,1.0,0,0,3,7
20141028,2004,0,1090000.0,4,2.5,2780,6837,2.0,0,0,3,9
20141208,1980,0,399950.0,3,2.5,1470,4488,2.0,0,0,5,7
20150304,1998,0,895000.0,4,2.5,2850,8526,2.0,0,0,3,9
20150504,2004,0,454280.0,3,2.5,1470,1741,2.0,0,0,3,8
20150512,1992,0,390000.0,3,2.5,1410,26375,1.0,0,0,3,6
20150115,1983,0,275000.0,3,1.75,1840,14005,1.0,0,0,3,8
20150429,1990,0,300000.0,4,2.5,2450,8932,2.0,0,0,3,8
20150402,1987,0,715000.0,3,2.5,2770,39529,2.0,0,0,3,9
20150420,2006,0,404000.0,3,2.5,2370,4324,2.0,0,0,3,8
20140926,1998,0,490500.0,3,2.0,3000,21883,2.0,0,0,3,7
20140708,2006,0,410000.0,4,2.5,2560,4020,2.0,0,0,3,9
20150313,1971,0,225000.0,3,1.5,1240,5506,1.0,0,0,4,7
20140716,2004,0,700000.0,4,2.5,2590,4498,2.0,0,0,3,9
20150410,1980,0,330000.0,3,2.5,2060,25046,1.0,0,0,4,8
20150211,1976,0,249950.0,3,1.75,1120,15210,1.0,0,0,5,7
20140705,2004,0,1200000.0,4,2.5,2700,4275,2.0,0,0,3,9
20140915,1975,0,434500.0,3,1.75,1930,7210,1.0,0,0,3,7
20141010,2002,0,590000.0,4,2.0,2490,339332,1.0,0,0,3,8
20140924,1976,0,649990.0,4,2.25,2130,11900,2.0,0,0,3,9
20150421,1999,0,348000.0,3,2.5,1730,4004,2.0,0,0,3,7
20140728,1998,0,301000.0,4,2.5,2810,6146,2.0,0,0,3,9
20140710,1984,2011,958000.0,4,3.5,1800,6400,2.0,0,2,3,8
20140519,1999,0,373000.0,3,2.5,1670,3565,2.0,0,0,3,7
20150414,1977,0,525000.0,4,2.25,2660,7957,1.0,0,0,4,8
20140826,1997,0,364988.0,3,2.5,2850,12593,2.0,0,0,3,9
20140908,1980,0,237500.0,3,1.75,1480,7830,1.0,0,0,3,7
20150331,2014,0,650000.0,3,2.5,2380,3332,2.0,0,0,3,9
20140721,1986,0,625000.0,3,2.0,1730,12219,1.0,0,0,4,7
20140617,1991,0,380000.0,4,2.5,2150,37647,2.0,0,0,3,8
20140521,1972,0,691000.0,4,2.75,2550,8632,1.0,0,0,3,8
20150430,2006,0,685000.0,4,2.5,3550,10968,2.0,0,0,3,9
20140724,1988,0,335000.0,3,3.0,2031,7702,2.0,0,0,3,9
20140609,1974,0,305100.0,3,2.0,1590,35988,1.0,0,0,4,8
20150128,1993,0,810000.0,3,2.5,2610,8481,2.0,0,0,3,10
20150113,1988,0,500000.0,3,2.25,1440,15661,1.0,0,0,3,8
20140910,1979,0,280000.0,3,2.25,2140,7200,2.0,0,0,4,7
20140728,1991,0,375000.0,3,3.25,2760,6420,2.0,0,2,3,9
20140826,2004,0,445000.0,3,2.75,2180,3703,2.0,0,0,3,8
20140919,2002,0,437500.0,3,2.5,1260,1125,3.0,0,0,3,8
20141023,2003,0,1175000.0,4,3.5,4150,49503,2.0,0,0,3,11
20140530,2004,0,415000.0,2,1.75,1340,4664,1.0,0,0,3,8
20141013,2003,0,733000.0,4,3.5,3080,5974,2.0,0,0,3,9
20150410,1998,0,422250.0,2,1.5,1280,1256,2.0,0,0,3,8
20140516,1977,0,655000.0,5,3.25,3690,12353,2.0,0,0,5,9
20140807,2006,0,1200000.0,5,3.25,4610,10576,2.0,0,3,3,11
20140804,1990,0,550000.0,3,2.5,2920,169448,2.5,0,0,3,9
20140506,2004,0,460000.0,2,2.25,1230,929,2.0,0,0,3,8
20150209,1988,0,835000.0,3,2.5,2720,13124,2.0,0,0,3,9
20140722,2005,0,540000.0,4,2.5,2600,9935,2.0,0,0,3,8
20150309,1993,0,325000.0,4,2.5,2090,7434,1.0,0,0,3,7
20140812,2004,0,380000.0,4,2.5,2300,7707,2.0,0,0,3,8
20140616,1973,0,825000.0,4,2.5,2810,9800,1.0,0,0,4,8
20140926,1996,0,880000.0,4,3.25,4060,52707,2.0,0,0,4,9
20141205,1985,0,550000.0,3,2.5,3070,14400,1.0,0,3,5,9
20150302,1990,0,265000.0,2,1.5,1440,22081,2.0,0,0,3,7
20140605,1994,0,492000.0,4,3.75,2810,10840,2.0,0,2,4,8
20141128,2011,0,975000.0,4,3.5,3130,52322,2.0,0,0,3,9
20150325,1977,0,699950.0,3,3.25,2230,5460,1.0,0,1,4,8
20141016,2007,0,285000.0,4,2.5,2434,4400,2.0,0,0,3,8
20150114,2004,0,215000.0,2,1.5,1120,1312,2.0,0,0,3,7
20150306,2001,0,1050000.0,4,2.5,4080,11054,2.0,0,0,3,11
20140605,1976,0,250000.0,3,2.5,1510,10384,1.0,0,0,2,7
20140611,1988,0,571000.0,3,2.5,2600,7465,2.0,0,0,3,9
20140519,1977,0,588000.0,3,2.25,2030,7350,1.0,0,0,4,7
20140523,1979,0,275000.0,4,1.5,1930,15531,2.0,0,0,3,7
20150225,1998,0,565000.0,3,2.75,3210,15939,2.0,0,1,3,10
20140604,1977,0,603500.0,4,2.5,4060,9734,1.0,0,4,3,9
20140703,1986,0,490600.0,3,2.5,3316,11447,2.0,0,0,3,9
20140827,1972,0,500000.0,4,2.0,2100,12620,1.0,0,0,4,7
20140625,1990,0,249000.0,4,2.25,1830,6136,2.0,0,0,3,7
20141121,2003,0,298000.0,4,2.5,2420,3825,2.0,0,0,3,8
20140708,1977,0,485000.0,4,2.25,1900,7200,1.0,0,0,3,8
20140805,2003,0,580000.0,3,2.5,2150,4604,2.0,0,0,3,8
20140807,2009,0,355000.0,2,2.5,1370,1140,2.0,0,0,3,8
20140721,1992,0,650000.0,3,2.5,2430,12997,2.0,0,0,3,9
20141022,2012,0,601000.0,3,2.5,1740,1251,2.0,0,0,3,9
20150411,1989,0,380000.0,3,3.25,2090,51212,1.0,0,0,3,8
20140829,1976,0,565000.0,3,3.0,1850,12556,2.0,0,0,3,9
20150323,1993,0,750000.0,3,2.5,2790,21043,2.0,0,0,3,9
20150107,1975,0,291000.0,3,2.25,1480,7200,1.0,0,0,3,7
20141105,1987,0,560000.0,3,2.5,2280,12498,2.0,0,0,4,9
20150325,1984,0,725000.0,4,2.25,3180,9600,2.0,0,0,3,10
20140903,1993,0,539000.0,3,2.0,2350,209088,1.0,0,0,3,7
20140722,2000,0,470000.0,5,3.25,3910,7077,2.0,0,0,3,9
20140916,2005,0,425000.0,3,3.25,1410,1350,3.0,0,0,3,8
20140918,1974,0,1530000.0,4,2.25,4250,16940,1.0,0,2,4,9
20141229,1980,0,562000.0,4,2.75,2560,83200,1.0,0,0,3,8
20140723,1992,0,281000.0,3,2.5,1760,7601,2.0,0,0,3,8
20141016,1979,0,270000.0,3,2.25,2100,14027,2.0,0,0,3,8
20150312,2003,0,350000.0,3,1.75,1260,1111,2.0,0,0,3,8
20140620,1979,0,279000.0,4,2.0,2200,7700,1.0,0,0,3,7
20140509,1977,0,280000.0,4,2.0,2190,14439,1.0,0,0,4,7
20140916,1990,0,269000.0,3,2.5,1730,6653,1.0,0,0,4,7
20140808,1994,0,280000.0,3,2.25,1860,9210,2.0,0,0,3,7
20141013,2003,0,920000.0,4,2.5,3810,13579,2.0,0,0,3,10
20141121,1975,0,405000.0,3,1.75,1520,7252,1.0,0,0,3,7
20150430,2001,0,525000.0,5,3.5,3450,19080,2.0,0,3,3,9
20150309,1982,0,440000.0,3,2.0,1800,10950,1.0,0,0,4,8
20150428,1971,0,653000.0,3,2.25,2800,17300,1.0,0,0,4,8
20140506,2007,0,345000.0,4,2.5,2331,3826,2.0,0,0,3,8
20140731,2004,0,650000.0,4,2.5,2860,5576,2.0,0,0,3,8
20150120,1989,0,259950.0,4,2.0,1610,6650,1.0,0,0,3,7
20140610,1988,0,1070000.0,3,3.0,2940,4622,2.0,0,0,4,9
20150309,2007,0,190500.0,3,1.5,1110,1150,2.0,0,0,3,8
20141112,1977,0,465000.0,3,2.25,2560,117176,1.0,0,0,4,9
20140826,1972,0,290000.0,3,1.0,1010,10800,1.0,0,0,4,7
20140918,1987,0,475000.0,3,1.5,1790,229125,2.0,0,3,3,7
20140926,2003,0,214000.0,3,2.5,1600,2231,2.0,0,0,3,7
20140725,2007,0,275000.0,3,2.5,2497,4400,2.0,0,0,3,8
20150409,1981,0,449000.0,5,2.5,2570,61855,1.0,0,0,4,7
20150328,2003,0,348000.0,3,2.5,1670,5090,2.0,0,0,3,7
20141203,2003,0,515000.0,4,2.5,2800,21370,2.0,0,0,3,8
20140620,1988,0,950000.0,4,2.5,3360,11548,2.0,0,0,3,9
20140730,1991,0,815000.0,3,2.5,2590,21494,2.0,0,0,4,8
20150120,1993,0,199950.0,3,3.0,1530,2132,2.0,0,0,3,8
20150102,1991,0,273000.0,3,2.25,2160,7964,2.0,0,0,3,8
20150325,1994,0,284000.0,4,2.5,1830,6360,2.0,0,0,3,8
20150403,2004,0,315000.0,3,2.5,1790,6452,2.0,0,0,3,7
20140623,1988,0,725000.0,4,2.5,3420,30410,2.0,0,0,3,9
20140523,1983,0,410000.0,3,2.0,1650,9641,1.5,0,0,3,7
20140817,1988,0,855000.0,4,2.5,2810,52062,1.5,0,0,4,9
20140728,1994,0,399900.0,4,2.5,2710,8127,2.0,0,0,3,8
20140611,1977,0,852600.0,4,2.5,3320,11901,2.0,0,0,5,9
20150330,1997,0,230000.0,3,2.25,1490,8722,2.0,0,0,3,7
20140729,2014,0,404763.0,3,2.5,1690,1609,2.0,0,0,3,8
20140923,1992,0,245000.0,3,2.5,1720,3407,2.0,0,0,3,7
20141204,1987,0,626100.0,4,2.5,2280,7219,2.0,0,0,4,8
20140512,1980,0,522000.0,4,2.25,1800,8623,1.0,0,0,4,8
20150311,1988,0,684000.0,4,2.5,2500,8434,2.0,0,0,4,8
20150420,1983,0,1065500.0,3,2.25,2950,7232,1.0,0,2,3,8
20150423,1993,0,894000.0,4,2.5,3800,22029,2.0,0,0,3,9
20140525,1981,0,675000.0,3,3.0,2980,28000,1.0,0,0,3,10
20140520,2004,0,426000.0,4,2.5,2800,8494,2.0,0,0,3,8
20140627,1984,0,750000.0,4,2.25,3190,11597,2.0,0,0,3,10
20140722,1989,0,848750.0,6,3.75,3160,5000,2.0,0,0,3,8
20150324,2000,0,397900.0,3,2.75,2500,35245,1.0,0,0,3,7
20140815,1989,0,405000.0,3,2.0,1740,18000,1.0,0,0,3,7
20150128,1986,0,392800.0,3,2.0,1080,11856,1.0,0,0,5,7
20140619,2004,0,340000.0,3,2.5,2480,6112,2.0,0,0,3,7
20140519,2005,0,482500.0,3,2.25,1450,1445,2.0,0,0,3,7
20140909,1991,0,812500.0,4,2.5,2750,10159,2.0,0,0,3,10
20150507,2006,0,1075000.0,2,3.25,1550,1767,3.0,1,3,3,8
20140722,2009,0,503045.0,3,3.0,1560,2250,2.0,0,0,3,9
20140912,1990,0,249000.0,2,2.0,1090,1357,2.0,0,0,3,7
20150126,2003,0,450000.0,2,2.25,1040,1377,2.0,0,0,3,8
20140819,1991,0,454000.0,3,2.5,1590,4094,2.0,0,0,3,7
20140808,1988,0,590000.0,3,2.5,2210,8622,2.0,0,0,3,8
20140811,1978,0,459900.0,3,1.75,2340,51836,1.5,0,0,3,8
20150512,1987,0,205000.0,3,1.5,1420,5000,1.0,0,0,3,7
20150512,1980,0,390000.0,3,1.75,1430,9857,1.0,0,2,4,7
20150421,2000,0,790000.0,3,2.5,2390,15084,2.0,0,0,3,8
20140623,1990,0,375000.0,4,2.5,1870,7471,2.0,0,0,3,8
20140909,1991,0,463000.0,3,2.5,2190,17108,2.0,0,0,3,8
20150306,1996,0,259875.0,5,2.5,2200,6250,2.0,0,0,3,7
20140930,2003,0,382500.0,4,2.5,2980,8786,2.0,0,0,3,8
20140818,1974,0,580000.0,5,2.5,3110,15783,1.0,0,0,3,8
20140508,1975,0,489990.0,5,2.25,2440,20828,1.5,0,0,4,8
20140916,1983,0,440000.0,3,2.25,1760,1800,2.0,0,0,3,7
20150428,2006,0,479950.0,3,2.5,2810,4984,1.0,0,0,3,9
20140623,1997,0,806000.0,4,2.5,2500,206474,1.0,0,0,3,10
20140624,1996,0,875000.0,4,2.5,3220,22588,2.0,0,0,3,10
20140911,1992,0,710800.0,3,2.5,2880,36820,2.0,0,0,3,10
20150210,2004,0,565000.0,3,2.5,2700,6037,2.0,0,0,3,8
20150223,1995,0,359999.0,5,3.0,2680,9624,2.0,0,0,3,7
20140912,1999,0,349950.0,3,2.5,2240,7565,2.0,0,0,3,8
20141105,2004,0,435000.0,2,2.0,1440,1170,2.0,0,0,3,9
20150312,1981,0,965000.0,5,2.75,3280,12673,1.0,0,0,4,9
20141007,1986,0,258000.0,3,1.75,2090,7461,1.0,0,0,3,6
20141202,2005,0,505500.0,3,2.5,1300,1187,3.0,0,0,3,8
20140506,1978,0,455000.0,5,2.5,2240,7770,1.0,0,0,3,7
20141031,2005,0,1348000.0,5,3.25,3540,5971,1.0,0,2,3,10
20150205,1996,0,329800.0,4,2.5,2080,7047,2.0,0,0,3,8
20141218,2004,0,952000.0,3,3.5,2760,4500,2.0,0,0,3,9
20141212,2000,0,1205000.0,5,4.25,4420,13497,2.0,0,0,3,11
20140919,2002,0,285000.0,5,3.0,2110,5260,2.0,0,0,3,7
20140626,1977,0,354950.0,4,2.75,2530,7350,1.0,0,0,5,8
20140505,2006,0,499000.0,4,2.5,2910,6479,2.0,0,0,3,7
20141204,1971,0,427500.0,3,1.5,1900,43186,1.5,0,0,4,7
20150217,1991,0,439000.0,5,3.5,2880,10000,2.0,0,3,3,8
20141117,1998,0,545000.0,4,2.5,2820,25995,2.0,0,0,3,9
20141210,1997,0,685000.0,4,2.5,3320,38043,2.0,0,0,3,9
20140903,2003,0,665000.0,4,3.5,3770,47480,2.0,0,0,3,9
20141028,1982,0,765000.0,3,2.25,3190,324086,2.0,0,2,3,9
20140710,2004,0,1325000.0,6,4.25,5720,10213,2.0,0,0,3,10
20140805,2014,0,413565.0,3,2.5,1690,1613,2.0,0,0,3,8
20140612,2008,0,363000.0,3,3.25,1651,1779,2.0,0,0,3,8
20140910,2005,0,473000.0,2,1.75,1510,4555,1.0,0,0,3,8
20140626,2001,0,405000.0,4,2.5,2220,4652,2.0,0,0,3,7
20150224,1975,0,415000.0,4,2.5,2210,213008,1.0,0,0,4,7
20140717,1985,0,220000.0,3,2.25,1400,7205,1.0,0,0,3,7
20150303,1990,0,883000.0,4,2.5,2800,6874,2.0,0,0,3,9
20141213,2007,0,320000.0,3,2.5,1610,1356,2.0,0,0,3,8
20140530,1989,0,425000.0,3,1.75,1510,44000,1.0,0,0,3,7
20140717,1987,0,384000.0,6,3.0,2320,4502,1.0,0,0,4,7
20150113,1984,0,314000.0,3,2.75,1900,8200,2.0,0,0,4,7
20150430,2003,0,535000.0,3,2.5,2390,6263,2.0,0,0,3,9
20140626,1979,0,568000.0,4,1.75,2110,265716,1.0,0,0,4,8
20150501,1973,0,426000.0,4,1.5,1470,5850,1.0,0,0,4,7
20140613,2000,0,380000.0,4,2.5,2540,6365,2.0,0,0,3,8
20140819,1991,0,429000.0,3,2.0,1700,52826,1.0,0,0,3,7
20140920,1978,0,318500.0,5,1.75,1550,6986,1.0,0,0,3,7
20150420,2002,0,925000.0,3,3.25,4110,20900,2.0,0,0,3,9
20140917,1980,0,350000.0,6,4.5,3500,8504,2.0,0,0,3,7
20150121,1980,0,682500.0,6,4.5,3500,8504,2.0,0,0,3,7
20140915,1989,0,300000.0,4,2.25,1740,9613,2.0,0,0,5,8
20140702,1984,0,250000.0,3,1.75,1200,24805,1.0,0,0,3,6
20141029,1978,0,245000.0,3,1.0,1020,8625,1.0,0,0,3,7
20141014,1979,0,445000.0,3,1.75,1850,7056,2.5,0,0,4,8
20140516,1996,0,862500.0,4,2.75,3280,24440,2.0,0,0,3,10
20150219,2003,0,570000.0,4,2.5,2590,7910,2.0,0,0,3,9
20141216,1983,0,560000.0,4,2.5,1790,9787,1.0,0,2,4,8
20140905,1978,0,455000.0,5,2.25,3470,28212,1.5,0,0,4,8
20140702,2002,0,345000.0,5,2.5,2450,6994,2.0,0,0,3,8
20140604,1974,0,583000.0,6,2.75,2630,16411,1.0,0,0,4,8
20140812,1977,0,534950.0,3,2.25,2130,12286,2.0,0,0,3,8
20150224,1990,0,319502.0,3,1.75,1610,38707,1.0,0,0,3,7
20140506,1996,0,563000.0,4,3.0,3100,15480,2.0,0,0,3,8
20140507,1991,0,651000.0,3,2.5,3240,108366,2.0,0,0,4,10
20150321,1975,0,665000.0,4,2.25,2650,8149,1.0,0,0,4,8
20140904,1998,0,295000.0,3,2.0,1760,6092,1.0,0,0,3,7
20141215,2004,0,748000.0,4,2.5,3220,8379,2.0,0,0,3,10
20140825,1999,0,338000.0,4,2.5,2370,10631,2.0,0,0,3,8
20150121,2006,0,353000.0,4,2.5,2300,4249,2.0,0,0,3,8
20140627,1998,0,235000.0,3,1.75,1400,6300,1.0,0,0,3,7
20150320,1990,0,569999.0,3,2.5,3080,13880,2.0,0,0,3,9
20141016,1991,0,240000.0,3,2.0,1100,6360,1.0,0,0,3,7
20150414,1986,0,405000.0,2,1.75,1350,2653,2.0,0,0,3,7
20141010,2003,0,272000.0,4,2.25,1800,5555,2.0,0,0,3,7
20140718,2001,0,698000.0,4,2.5,2990,7231,2.0,0,0,3,9
20141120,1994,0,305000.0,3,2.5,2100,6825,2.0,0,0,3,8
20140812,1982,0,190000.0,2,1.5,1400,9031,1.0,0,0,3,7
20140720,1988,0,760000.0,4,2.5,2990,12788,2.0,0,0,3,10
20140527,1977,0,570000.0,3,1.75,1930,36210,1.0,0,0,3,8
20150427,2005,0,267100.0,2,2.5,1250,1580,2.0,0,0,3,7
20150421,2005,0,1500000.0,4,3.25,3470,5222,2.0,0,0,3,10
20141028,1992,0,240000.0,3,2.25,1500,15334,2.0,0,0,4,7
20150127,1979,0,405000.0,3,1.75,1260,7373,1.0,0,0,4,7
20140516,1973,0,400000.0,3,2.5,2740,83199,2.0,0,4,3,9
20150331,1991,0,272950.0,3,2.25,1570,9096,1.0,0,0,4,7
20140722,2007,0,625000.0,5,1.0,3240,5324,2.0,0,0,3,9
20150401,1990,0,1065000.0,3,2.5,2130,3545,3.0,0,0,5,9
20141105,2003,0,525000.0,3,2.5,2990,6725,2.0,0,0,3,9
20140717,2006,0,443500.0,3,2.5,2170,5866,2.0,0,0,3,7
20141203,1972,0,350000.0,4,2.25,1570,499571,1.0,0,3,4,7
20140918,1984,0,850000.0,3,2.5,3260,91911,2.0,0,0,4,9
20150220,2008,0,205000.0,3,2.25,1250,952,3.0,0,0,3,8
20140626,1977,0,315000.0,4,2.5,1940,10200,1.0,0,0,4,8
20140623,1992,0,470000.0,3,2.5,2150,8221,2.0,0,0,3,8
20140729,1973,0,1100000.0,4,2.25,3310,8540,1.0,0,4,4,9
20141120,1979,0,340000.0,3,1.75,3400,46382,1.0,0,0,3,7
20140701,1977,0,729032.0,4,2.5,2840,12866,1.0,0,0,4,9
20150203,2006,0,289000.0,4,2.5,1961,3207,2.0,0,0,3,7
20150219,1974,0,529000.0,3,1.75,1500,7367,1.0,0,0,3,8
20140925,1976,0,704000.0,4,2.75,2510,12500,1.0,0,0,5,8
20150310,1978,0,580000.0,3,2.25,2190,8188,2.0,0,0,3,8
20140805,1976,0,875000.0,5,2.5,2530,8564,2.0,0,0,4,8
20141015,1976,0,610000.0,4,2.5,2440,9350,1.0,0,0,4,8
20140608,1976,0,510000.0,4,2.25,2450,62290,2.0,0,0,3,8
20150305,1977,0,733000.0,4,2.5,2210,5002,1.0,0,0,3,7
20141103,1977,0,500000.0,4,2.25,2730,35100,2.0,0,0,3,8
20141222,2001,0,379000.0,4,2.75,2410,5225,2.0,0,0,3,8
20140715,2002,0,650000.0,4,2.5,3420,222156,2.0,0,0,3,9
20150330,2005,0,505000.0,2,2.5,1900,5065,2.0,0,0,3,8
20150114,1979,0,462000.0,4,2.5,2640,47480,1.0,0,0,4,8
20140524,1998,0,1680000.0,4,4.25,5584,68257,2.0,0,0,3,11
20140919,2001,0,6885000.0,6,7.75,9890,31374,2.0,0,4,3,13
20140910,2004,0,368000.0,3,2.5,2080,4307,2.0,0,0,3,7
20141120,2004,0,811500.0,5,4.25,3970,4500,2.0,0,0,3,9
20140929,2001,0,650000.0,4,2.5,2500,6005,2.0,0,0,3,9
20150219,1995,0,485000.0,3,2.0,2410,50654,1.5,0,0,3,7
20140815,1976,0,425000.0,3,2.5,1340,10018,1.0,0,0,4,7
20141210,1978,0,530000.0,3,2.5,2640,13775,1.0,0,0,3,8
20141231,2002,0,315000.0,4,2.75,1580,3770,1.0,0,0,3,7
20140915,1975,0,550000.0,3,2.75,1960,13252,1.0,0,0,5,8
20141215,2006,0,347000.0,2,2.25,1560,1705,2.0,0,0,3,8
20140606,1972,0,525000.0,5,2.75,2440,8000,1.0,0,0,4,7
20140925,2007,0,490000.0,3,1.5,990,1343,2.0,0,0,3,8
20141229,1978,0,500000.0,3,2.25,2210,7916,2.0,0,0,3,8
20150128,2008,0,585000.0,3,2.75,3080,7282,2.0,0,0,3,9
20141106,1981,0,926500.0,4,2.75,2900,17802,1.0,0,2,3,9
20150327,1975,0,200000.0,4,2.0,1900,8160,1.0,0,0,3,7
20150126,1998,0,1680000.0,6,4.75,5770,16747,2.0,0,3,3,12
20140703,1997,0,715000.0,3,4.0,2080,2250,3.0,0,4,3,8
20150424,1997,0,780000.0,3,4.0,2080,2250,3.0,0,4,3,8
20140822,1991,0,265000.0,3,2.5,1640,7668,2.0,0,0,3,7
20140507,1977,0,600000.0,3,2.5,2460,108900,1.0,0,0,4,9
20140521,1972,0,195000.0,2,1.0,1080,3899,1.0,0,0,4,8
20140711,1992,0,270000.0,3,2.5,1690,7165,2.0,0,0,4,7
20140826,1984,0,370000.0,2,1.5,1010,2102,2.0,0,0,3,7
20141215,1991,0,327500.0,3,2.5,2090,12027,2.0,0,0,3,8
20140902,1999,0,565000.0,3,2.5,2030,217805,1.0,0,0,3,9
20150424,2000,0,660000.0,4,2.5,3170,186436,2.0,0,0,3,9
20141203,1977,0,400000.0,5,2.75,2470,19200,1.0,0,0,5,8
20150423,1976,0,224000.0,4,3.0,2300,7609,2.0,0,0,4,7
20141017,1990,0,1080000.0,4,2.5,4200,35267,2.0,0,0,3,11
20150423,1977,0,439000.0,3,2.25,1480,7565,1.0,0,0,3,7
20140508,1980,0,335000.0,3,1.5,2240,87625,1.5,0,0,2,7
20141114,1976,0,790000.0,4,3.0,3180,12070,2.0,0,0,4,9
20140827,1988,0,309000.0,3,2.5,1780,7859,2.0,0,0,3,7
20141103,2002,0,290000.0,2,1.75,1560,7575,1.0,0,0,3,8
20141205,2006,0,2575000.0,4,4.25,5540,15408,2.0,0,1,3,11
20141009,1979,1996,1362500.0,3,2.0,2310,21318,1.0,0,0,3,10
20141023,1979,0,960000.0,4,2.5,3430,43560,1.5,0,2,5,10
20141103,1989,0,720000.0,5,2.5,2900,9525,2.0,0,0,3,9
20140506,1979,0,218000.0,3,1.75,1850,7684,1.0,0,0,3,8
20141223,1997,0,334950.0,4,2.5,2190,7000,2.0,0,0,3,8
20140729,1979,0,605000.0,4,2.25,2510,31584,2.0,0,0,4,9
20141217,2006,0,825000.0,4,3.25,3200,4477,2.0,0,0,3,9
20140812,1974,0,268500.0,4,1.75,1670,8000,1.0,0,0,4,8
20141121,2000,0,1335000.0,4,4.0,5050,202554,2.0,0,0,3,10
20140729,1982,0,440000.0,3,2.25,1880,7989,1.0,0,0,3,7
20141007,1993,0,571500.0,4,2.75,2180,5799,2.0,0,0,4,8
20150427,1997,0,182500.0,3,2.25,1830,4744,2.0,0,0,3,7
20141027,1979,0,339950.0,3,2.5,2140,7641,1.0,0,0,3,8
20150312,1977,0,317500.0,6,1.75,2540,8400,1.0,0,0,3,8
20150430,1980,0,375000.0,2,2.25,1640,2240,2.0,0,0,3,8
20150116,1996,0,465000.0,4,2.25,2550,7650,2.0,0,2,4,9
20150225,2006,0,551870.0,3,2.5,2507,18400,2.0,0,0,3,8
20140508,1993,0,295000.0,3,2.5,1920,7229,2.0,0,0,3,8
20140924,1977,0,263500.0,4,1.75,2210,6375,1.0,0,0,3,8
20140725,1974,0,715000.0,4,2.5,2370,10000,1.0,0,0,5,8
20150324,1976,0,329950.0,4,1.75,1740,7208,1.5,0,0,3,8
20140623,1984,0,490000.0,3,2.25,1470,2500,2.0,0,0,3,8
20140610,2005,0,429000.0,3,3.25,1410,1246,3.0,0,0,3,8
20150331,1983,0,510000.0,4,2.5,1620,8125,2.0,0,0,4,7
20140924,2003,0,550000.0,3,2.5,2360,4080,2.0,0,0,3,7
20141118,2001,0,1565000.0,5,4.5,5220,67319,2.0,0,0,3,11
20141002,2001,0,405000.0,2,1.5,1170,1274,3.0,0,0,3,8
20141202,1993,0,625000.0,3,2.5,1860,10027,2.0,0,0,3,8
20150429,2004,0,533000.0,3,3.0,1280,1085,3.0,0,0,3,8
20140728,1999,0,1050000.0,4,2.5,2750,9949,2.0,0,0,3,10
20140905,1975,0,275000.0,4,1.75,2000,8700,1.0,0,0,5,7
20150327,1997,0,820000.0,3,2.5,3030,46538,2.0,0,0,3,10
20141022,1976,0,229950.0,4,2.5,2150,7670,1.0,0,0,5,7
20150422,1976,0,344900.0,4,2.5,2150,7670,1.0,0,0,5,7
20150326,1979,0,475000.0,4,2.25,1800,7200,1.0,0,0,3,7
20140721,2005,0,879000.0,4,3.0,3590,89640,2.0,0,0,3,10
20140505,1992,0,1090000.0,4,2.5,4340,141570,2.5,0,0,3,11
20140820,1994,0,262000.0,3,2.5,1680,10300,2.0,0,0,4,7
20140818,1983,0,380000.0,1,1.5,1200,44866,1.5,0,0,3,7
20150327,2002,0,305000.0,3,2.5,1690,5175,2.0,0,0,3,7
20150420,1994,0,440000.0,4,2.0,2310,5004,1.0,0,0,3,7
20140617,2001,0,1008000.0,4,3.5,2650,3060,2.0,0,0,3,9
20140919,2003,0,549900.0,5,3.0,3610,7555,2.0,0,0,3,8
20150127,1992,0,678500.0,4,3.0,2620,214750,2.0,0,0,3,8
20140826,1986,0,270000.0,3,2.25,1760,8287,1.0,0,0,3,7
20140813,2014,0,790500.0,4,2.75,3350,5416,2.0,0,0,3,9
20141017,1991,0,447450.0,3,2.25,1570,7200,2.0,0,0,3,8
20150220,1976,0,246000.0,3,1.5,1630,10200,1.0,0,0,4,8
20141229,2010,0,800000.0,4,2.75,3120,5000,2.0,0,0,3,9
20140519,1979,0,869000.0,5,3.25,4180,49222,2.0,0,0,4,8
20140711,2000,0,665000.0,5,2.25,3320,60984,2.0,0,0,3,9
20141117,1989,0,225000.0,3,2.5,1590,8449,2.0,0,0,3,7
20141226,1989,0,375000.0,3,2.5,2750,37096,2.0,0,0,3,9
20140610,1975,0,375500.0,3,1.5,1530,7200,1.0,0,0,3,8
20140902,2001,0,680000.0,4,3.0,3150,6175,2.0,0,0,3,9
20140718,1997,0,350000.0,4,2.5,2380,6124,2.0,0,0,3,8
20150325,1994,0,593000.0,2,2.5,2000,2500,3.0,0,1,3,8
20140814,1987,0,309900.0,3,2.5,2020,26670,2.0,0,0,3,7
20140924,1992,0,257000.0,3,2.25,1810,12000,2.0,0,0,3,7
20150113,1987,0,300000.0,3,2.0,1260,2550,2.0,0,0,3,7
20141217,2014,0,500000.0,3,2.0,1560,1156,3.0,0,0,3,8
20140515,2001,0,695000.0,4,3.0,3150,9130,2.0,0,0,3,9
20141218,2001,0,213400.0,4,2.5,1680,6655,2.0,0,0,3,7
20140811,1986,0,420000.0,3,3.0,2700,47050,2.0,0,0,4,9
20150209,1986,0,762500.0,4,2.25,3130,41382,2.0,0,0,3,9
20140527,2001,0,569950.0,5,4.5,4850,40902,2.0,0,0,3,10
20150224,2004,0,499000.0,3,2.25,1780,3665,2.0,0,0,3,8
20141103,2005,0,398500.0,2,2.5,1780,1311,3.0,0,0,3,8
20140613,1981,0,250600.0,4,2.5,1930,8660,1.0,0,0,3,7
20140812,1985,0,352000.0,4,2.5,2470,6116,1.0,0,0,3,7
20140724,2004,0,291500.0,4,2.5,1770,5000,2.0,0,0,3,7
20140919,1974,0,279000.0,3,2.5,1540,7280,1.0,0,0,3,7
20150310,2004,0,495000.0,2,2.0,1580,5203,1.0,0,0,3,8
20140828,1989,0,490000.0,4,2.5,2430,42646,1.0,0,0,3,7
20150330,2005,0,665000.0,3,3.5,3580,95832,1.5,0,0,3,9
20140819,1987,0,423500.0,3,2.25,1890,7498,1.0,0,0,3,7
20150227,2005,0,780000.0,3,3.5,3310,5558,2.0,0,0,3,9
20140828,1972,0,707000.0,2,2.5,2130,5001,1.0,0,0,5,8
20150501,2000,0,497000.0,3,2.5,1220,1475,3.0,0,0,3,8
20141016,1990,0,238000.0,5,2.25,2240,9652,2.0,0,0,3,7
20150213,1990,0,328000.0,5,2.25,2240,9652,2.0,0,0,3,7
20141103,2003,0,365000.0,2,1.5,790,1123,2.0,0,0,3,8
20141009,2006,0,405000.0,3,2.5,1960,6997,2.0,0,0,3,7
20150210,2010,0,875000.0,4,3.5,3790,6874,2.5,0,0,3,9
20150319,1982,0,860000.0,3,2.5,2370,55321,3.0,0,0,4,8
20140805,1987,0,604000.0,6,3.5,2580,13572,1.0,0,0,3,8
20141217,1978,0,435000.0,4,2.75,2160,8148,1.0,0,0,3,7
20141010,2007,0,347500.0,4,2.5,1970,7098,2.0,0,0,3,7
20150318,1981,0,525000.0,4,1.75,1570,16697,1.0,0,2,3,7
20140902,1979,0,645000.0,4,2.25,2720,18295,1.0,0,0,4,8
20150417,1988,0,267500.0,3,2.5,1400,7629,1.0,0,0,3,7
20141217,2007,0,1275000.0,4,3.5,5844,10766,2.0,0,1,3,11
20150429,1989,0,380000.0,3,2.25,2530,12042,2.0,0,0,3,8
20140808,1978,0,812500.0,4,2.75,2810,10300,1.0,0,0,4,9
20140716,1976,0,365000.0,3,1.0,1380,30940,2.0,0,0,3,8
20140715,1977,0,490000.0,4,2.25,2800,10800,1.0,0,0,3,8
20140626,1977,0,280927.0,4,2.25,2070,7350,2.0,0,0,4,8
20141023,1982,0,675000.0,3,2.25,2770,15886,2.0,0,0,3,10
20140518,1985,0,575550.0,4,2.5,2060,7475,1.0,0,0,3,8
20140520,1990,0,259900.0,3,2.0,1490,7770,1.0,0,0,4,7
20141209,1996,0,450000.0,4,2.25,2120,8267,2.0,0,0,3,8
20140729,2013,0,487500.0,4,2.5,2810,6296,2.0,0,0,3,9
20150128,1973,0,275000.0,4,2.25,2400,17842,2.0,0,0,4,7
20140811,2002,0,305000.0,3,2.5,2460,5027,2.0,0,0,3,8
20141010,1977,0,395000.0,3,1.75,2030,217800,1.0,0,2,4,8
20140626,1976,0,440000.0,4,2.5,2160,7826,1.0,0,0,4,7
20140829,1994,0,1160000.0,4,3.5,4190,15724,2.0,0,2,3,11
20140724,1979,0,825000.0,4,2.25,2770,9340,2.0,0,0,4,9
20141002,2003,0,490000.0,4,4.25,4480,5715,2.0,0,0,3,7
20140702,1991,0,175000.0,4,2.5,1780,6000,2.0,0,0,3,7
20140812,1978,0,305000.0,4,2.25,2050,12581,2.0,0,0,4,7
20141210,1991,0,661000.0,3,2.5,1940,8196,2.0,0,0,3,8
20140708,1998,0,435000.0,4,2.75,2230,9640,1.0,0,0,3,8
20141023,1972,0,788000.0,5,2.25,2910,9454,1.0,0,1,3,8
20140610,1977,2003,1795000.0,5,3.25,5270,17232,2.0,0,1,3,10
20141017,1987,0,247000.0,3,1.75,1820,8740,1.0,0,0,4,8
20140714,1996,2002,650000.0,1,1.0,920,91476,1.5,0,0,3,6
20150330,2006,0,457000.0,2,2.0,1440,9985,1.0,0,0,3,8
20140909,1975,0,380000.0,2,2.5,2110,114127,1.0,0,0,4,8
20140627,1990,0,725000.0,3,2.5,3580,54450,1.5,0,0,3,9
20150429,2003,0,1780000.0,4,3.25,3950,10912,2.0,0,0,3,10
20141104,1998,0,449500.0,6,4.0,2280,5275,1.0,0,0,3,7
20140616,1975,0,545000.0,3,2.5,1940,9775,1.0,0,2,3,8
20141222,1983,0,244000.0,3,2.0,1360,9688,1.0,0,0,4,7
20140822,1983,0,165000.0,3,2.5,1660,2415,2.0,0,0,3,7
20140530,1987,0,642000.0,3,2.5,2670,10082,1.0,0,0,3,10
20150409,1999,0,340000.0,3,2.5,1720,4120,2.0,0,0,3,7
20140722,1991,0,730000.0,4,2.5,3550,35689,2.0,0,0,4,9
20150123,1982,0,563250.0,3,1.75,1370,2800,1.0,0,0,5,7
20140502,1979,0,675000.0,5,2.5,2820,67518,2.0,0,0,3,8
20150415,2003,0,325000.0,4,2.5,2040,5472,2.0,0,0,3,8
20141003,2005,0,476100.0,4,2.5,1850,1836,2.0,0,0,3,7
20140926,1978,0,220000.0,4,2.0,1620,5200,1.5,0,0,4,7
20141114,1975,0,236000.0,3,1.75,1560,10919,1.0,0,0,3,7
20140527,2004,0,283200.0,4,2.5,1982,6406,2.0,0,0,3,8
20141215,1976,0,599000.0,5,2.25,2460,8710,1.0,0,0,4,8
20140509,1996,0,1157200.0,4,4.25,5860,52889,2.0,0,0,4,10
20140610,1971,0,385000.0,4,1.75,1720,8750,1.0,0,0,3,7
20141029,2006,0,608000.0,3,2.5,1760,1472,3.0,0,0,3,8
20140915,1984,0,450000.0,3,2.5,2790,48994,2.0,0,0,4,9
20150410,1977,0,760000.0,6,3.75,3810,6150,2.0,0,0,4,8
20140515,1977,0,420000.0,3,2.0,1640,9972,1.0,0,0,4,7
20140530,1983,0,655000.0,4,2.25,2060,8470,1.0,0,0,3,8
20150115,1981,0,240000.0,3,2.5,1500,10652,2.0,0,0,4,7
20140514,2005,0,511000.0,3,2.5,1820,4883,2.0,0,0,3,9
20140508,1993,0,358000.0,2,1.5,960,1808,2.0,0,0,3,7
20141112,1988,0,765000.0,4,2.5,3140,16200,1.0,0,1,3,9
20150415,1977,0,360000.0,4,2.0,1650,7552,1.0,0,0,4,7
20150507,1987,0,297300.0,3,1.75,1980,9220,2.0,0,0,3,8
20150430,2003,0,323800.0,3,2.5,2060,7658,2.0,0,0,3,8
20140522,2002,0,505000.0,3,2.25,1670,1596,2.0,0,0,3,8
20150416,2000,0,446250.0,3,2.5,2380,214315,1.5,0,0,3,9
20150427,1983,0,608095.0,3,2.5,2680,17707,2.0,0,1,3,9
20140828,2004,0,265000.0,4,2.5,1820,16103,2.0,0,0,3,7
20150513,2013,0,554990.0,3,2.5,2100,6092,2.0,0,0,3,8
20141107,2003,0,359950.0,3,2.5,2210,6280,2.0,0,0,3,8
20150406,1981,0,280000.0,2,1.0,870,4025,1.0,0,0,3,7
20140904,1976,0,575000.0,5,1.75,2980,53578,1.0,0,0,4,9
20150226,1983,0,392000.0,4,2.25,2360,7733,2.0,0,0,3,8
20150225,1977,0,760500.0,4,2.25,2310,36136,2.0,0,0,4,9
20140616,2003,0,435000.0,3,2.5,2300,9521,2.0,0,0,3,8
20140819,1993,0,1565000.0,4,2.75,2810,8570,2.0,0,0,3,10
20140522,1989,0,657500.0,3,2.5,2670,10496,2.0,0,0,3,9
20140504,1990,0,331950.0,4,2.5,2530,9933,2.0,0,2,3,8
20140611,1986,0,514000.0,3,1.75,1720,5899,1.0,0,1,3,8
20140912,1995,0,496000.0,3,3.5,3090,27598,2.0,0,2,4,9
20150218,1987,0,1093000.0,4,2.5,3930,21894,2.0,0,0,3,11
20141106,1976,0,195700.0,3,1.0,1120,5200,1.0,0,0,5,7
20141205,1991,0,1175000.0,4,3.25,4060,20822,2.0,0,0,3,10
20140512,1997,0,357000.0,4,2.5,2380,7066,2.0,0,0,4,7
20141118,1988,0,905000.0,3,2.5,2930,9280,2.0,0,0,4,10
20141224,1998,0,535000.0,2,2.5,2730,7246,2.0,0,0,3,9
20150218,1991,0,460500.0,4,2.5,2170,7533,2.0,0,0,3,8
20150213,1978,0,607500.0,4,2.5,2110,13939,1.0,0,0,3,8
20140820,2001,0,479000.0,4,2.5,2590,6139,2.0,0,0,3,8
20150320,2002,0,475000.0,5,2.75,3080,6600,2.0,0,0,3,9
20140915,2004,0,430000.0,5,3.0,3880,8432,2.0,0,0,3,7
20140903,1971,0,296000.0,3,1.75,1360,10742,1.0,0,0,5,7
20140711,1976,0,303000.0,4,2.25,2560,8927,1.0,0,0,3,7
20141021,2004,0,641000.0,4,2.5,2600,6015,2.0,0,0,3,8
20150210,1984,0,280000.0,3,2.25,1220,5739,1.0,0,0,3,7
20141119,2001,0,601000.0,4,2.5,2080,5191,2.0,0,0,3,8
20140605,1976,0,555000.0,4,2.75,2020,10720,1.0,0,0,4,8
20140520,1987,0,315000.0,3,2.25,1400,31626,1.0,0,0,2,7
20141204,2007,0,390000.0,2,1.5,1050,934,2.0,0,0,3,8
20140512,2004,0,751000.0,4,2.5,3110,6142,2.0,0,0,3,9
20140825,1988,0,229950.0,3,1.75,1900,8910,2.0,0,0,4,7
20150422,1978,0,349000.0,3,1.75,1740,7682,1.0,0,0,3,8
20150120,2003,0,348000.0,4,2.5,2070,3808,2.0,0,0,3,8
20150102,1993,0,510000.0,4,3.0,3610,18948,2.0,0,0,3,10
20150323,1981,0,265000.0,3,1.5,1520,6805,1.0,0,0,4,7
20141028,1974,0,1250000.0,3,2.75,2780,4815,3.0,0,2,3,10
20150107,2003,0,937500.0,4,4.0,5545,871200,2.0,0,0,3,11
20140805,1971,0,485000.0,3,1.75,2590,8384,1.0,0,0,4,8
20140616,2005,0,638000.0,3,2.5,2110,3600,2.0,0,0,3,9
20150213,2005,0,680000.0,4,2.5,3290,6012,2.0,0,0,3,9
20140714,1996,0,629000.0,4,2.5,2660,22050,2.0,0,0,3,9
20140904,1988,0,555000.0,3,2.5,2160,7584,2.0,0,0,3,8
20140617,1976,0,669000.0,4,2.75,2700,35362,2.0,0,0,5,8
20140808,1994,0,272000.0,3,2.5,1980,6608,2.0,0,0,3,8
20150324,1981,0,255000.0,3,2.25,1890,7314,1.0,0,0,3,7
20140716,1986,0,259000.0,3,1.75,1240,4000,1.0,0,0,3,7
20140812,2003,0,1648000.0,4,3.5,4610,12500,2.0,0,2,3,11
20150305,1992,0,485000.0,3,2.5,1760,3097,2.0,0,0,3,8
20150303,1989,0,259500.0,3,2.0,1330,35060,1.0,0,0,3,7
20150423,2003,0,354000.0,4,2.5,2340,5420,2.0,0,0,3,8
20140825,2005,0,300000.0,3,2.5,1750,4200,2.0,0,0,3,7
20140721,1989,0,309950.0,4,2.5,1770,6666,2.0,0,0,3,7
20141121,1976,0,885000.0,3,3.25,2640,16090,1.0,0,2,4,8
20141219,1989,0,329000.0,3,2.0,1840,6755,1.0,0,2,3,8
20140529,1981,0,349000.0,4,1.75,1700,7800,1.0,0,0,5,7
20150323,1992,0,374950.0,4,2.5,1980,12062,2.0,0,0,3,8
20140623,1989,0,560000.0,3,2.5,1960,12476,2.0,0,0,4,8
20140516,1978,0,306500.0,3,2.25,2060,38377,1.0,0,0,4,8
20150406,1990,0,265500.0,3,2.5,1450,8977,1.0,0,0,3,8
20140812,1986,0,219000.0,3,1.5,1200,12000,1.0,0,0,3,7
20150505,1977,0,365000.0,3,1.75,1830,17349,1.0,0,0,3,8
20150501,2014,0,514950.0,3,2.25,1310,1264,3.0,0,0,3,8
20140604,1999,0,875000.0,4,2.75,3790,10669,2.0,0,0,3,10
20140515,2003,0,689900.0,4,3.25,2740,7266,2.0,0,0,3,9
20140724,1994,0,315000.0,3,2.5,1660,10763,2.0,0,0,3,7
20150429,1990,0,355000.0,0,0.0,2460,8049,2.0,0,0,3,8
20140811,1985,0,289275.0,3,2.0,2860,24046,1.0,0,0,3,9
20140708,2002,0,455000.0,4,3.5,3440,6000,2.0,0,0,4,8
20140625,1975,0,505000.0,3,1.75,1640,10695,1.0,0,2,3,8
20140608,2001,0,567500.0,3,2.5,2300,7398,2.0,0,0,3,8
20141230,2001,0,340000.0,3,2.0,1570,14992,1.0,0,0,3,8
20140612,1972,0,850000.0,4,2.25,2130,11843,2.0,0,0,4,9
20140929,1984,0,725000.0,4,3.0,2420,12000,1.0,0,0,3,9
20150206,1991,0,900000.0,3,3.25,3870,33980,2.0,0,0,3,10
20140812,2004,0,675000.0,3,2.5,2250,4134,2.0,0,0,3,9
20150122,1977,0,263500.0,3,1.75,1610,14000,1.0,0,0,4,7
20150507,1978,0,550000.0,4,2.25,2590,36256,2.0,0,0,3,8
20150422,1995,0,875000.0,3,2.5,2520,3750,2.0,0,1,4,9
20140701,2006,0,337000.0,3,2.25,1460,941,3.0,0,0,3,8
20141111,1988,0,240000.0,3,1.75,1380,7500,1.0,0,0,3,7
20140910,1984,0,490000.0,3,1.75,1510,11120,1.0,0,0,4,8
20140806,1975,0,510000.0,5,2.5,2510,83231,1.0,0,0,4,7
20150307,1971,0,305000.0,3,1.0,910,8008,1.0,0,0,3,7
20150403,2003,0,350000.0,3,2.5,1970,3655,2.0,0,0,3,7
20150128,1995,0,357000.0,4,2.5,1980,9757,2.0,0,0,5,7
20140617,1986,0,854000.0,4,2.75,3150,38865,1.0,0,0,3,10
20150114,1999,0,1175000.0,4,2.5,4700,49658,2.0,0,0,3,10
20141007,1979,0,650000.0,6,4.5,3900,9100,2.0,0,0,3,8
20150409,1991,0,845000.0,4,2.5,2970,9072,2.0,0,0,3,10
20141209,2005,0,753000.0,4,2.5,3060,8167,2.0,0,0,3,9
20150209,1972,0,475000.0,3,1.75,2490,7210,1.0,0,0,3,7
20141105,1980,0,372000.0,4,2.75,2330,14175,1.0,0,0,3,7
20150507,1990,0,306000.0,4,2.5,1880,9426,2.0,0,0,4,7
20140827,2008,0,905000.0,4,3.5,2980,3000,2.0,0,0,3,9
20150428,1977,0,280000.0,3,1.75,1630,10001,1.0,0,0,4,7
20140729,1999,0,435000.0,3,2.5,1778,147823,2.0,0,0,3,7
20140624,1990,0,425000.0,3,2.5,1930,4500,2.0,0,0,3,8
20140709,2004,0,750000.0,4,2.5,3020,7465,2.0,0,0,3,9
20140527,1978,0,830000.0,4,2.5,1850,50662,1.0,0,0,3,8
20150109,2005,0,1140000.0,6,3.75,5960,20197,2.0,0,4,3,10
20150316,1984,0,818000.0,4,2.25,2460,8001,2.0,0,0,4,8
20140820,1978,0,431000.0,3,2.25,2360,14950,1.0,0,0,4,9
20141002,1996,0,304000.0,2,2.25,1320,1034,3.0,0,0,3,7
20150410,1977,0,450000.0,2,2.0,1610,6160,2.0,0,0,4,8
20150429,1977,0,890000.0,4,2.25,2870,8393,1.0,0,0,4,8
20141009,1986,0,565000.0,4,2.5,2280,9725,2.0,0,0,3,8
20150313,2006,0,448175.0,2,2.0,1370,1339,2.0,0,0,4,8
20141223,1996,0,235000.0,0,0.0,1470,4800,2.0,0,0,3,7
20140911,2000,0,680000.0,5,3.0,2970,6500,2.0,0,0,3,9
20150422,2000,0,494000.0,3,3.5,1570,1486,2.5,0,0,3,8
20140820,1984,0,960000.0,4,2.5,3110,11397,2.0,0,3,4,10
20141224,1990,0,360000.0,4,2.5,2390,7056,2.0,0,0,3,9
20140810,2004,0,378000.0,3,2.5,2150,11672,2.0,0,0,3,8
20140724,1986,0,450000.0,3,2.5,1990,12866,2.0,0,0,4,7
20141208,1986,0,600000.0,3,2.5,2680,43995,2.0,0,0,3,9
20140602,2002,0,290000.0,3,2.5,2080,4828,2.0,0,0,3,8
20150206,1986,0,176000.0,3,3.25,1340,5434,2.0,0,0,3,7
20150508,1978,0,240000.0,3,1.0,1310,7125,1.0,0,0,4,7
20141105,2001,0,311000.0,4,2.5,1780,5822,2.0,0,0,3,7
20150123,1976,0,264500.0,3,1.75,1650,16200,1.0,0,0,3,7
20141029,2000,0,738000.0,4,2.5,2830,5010,2.0,0,0,3,9
20150412,1992,0,280000.0,2,1.0,990,45528,1.0,0,0,4,7
20150105,1976,0,241000.0,3,1.5,1660,8000,1.0,0,0,4,7
20150316,1975,0,530000.0,3,1.75,1520,9605,1.0,0,0,3,7
20141218,2014,0,784950.0,4,2.75,2840,4227,3.0,0,0,3,9
20141119,1998,0,352000.0,4,2.5,2650,6366,2.0,0,0,3,9
20140611,2004,0,386000.0,3,1.5,1270,1318,2.0,0,0,3,7
20150430,1994,0,335000.0,3,1.75,1260,17000,1.0,0,0,3,7
20140602,1982,0,472500.0,3,2.0,1750,15500,1.0,0,0,3,7
20141103,1976,0,599950.0,5,2.25,2680,13292,1.0,0,0,3,8
20140724,2014,0,963990.0,4,3.25,3830,6765,2.0,0,0,3,9
20150317,1998,0,858450.0,3,4.25,3840,9751,2.0,0,0,3,10
20140731,1993,0,290000.0,3,2.5,2000,7414,2.0,0,0,4,7
20141008,1986,0,192500.0,3,1.75,1420,7205,1.0,0,0,3,7
20150319,2003,0,518000.0,4,2.5,2790,9910,2.0,0,0,3,8
20141007,2003,0,375000.0,4,3.0,2420,9566,2.0,0,0,3,7
20150227,2002,0,400000.0,3,2.5,1460,1319,3.0,0,0,3,8
20150213,1982,0,1315000.0,5,4.0,4420,36342,2.0,0,0,5,10
20140513,1975,0,645000.0,3,2.5,1740,13750,2.0,0,0,4,9
20150417,2004,0,605000.0,4,2.5,2520,3980,2.0,0,0,3,8
20140821,1999,0,337900.0,3,3.5,1500,1471,3.0,0,0,3,7
20150416,1989,0,775000.0,3,2.5,3550,32807,2.0,0,0,3,9
20140729,1997,0,575000.0,4,3.5,3930,16970,2.0,0,0,3,9
20140724,1997,0,672800.0,4,2.5,2740,10533,2.0,0,0,3,9
20140926,1995,0,820000.0,3,2.5,2950,35108,1.5,0,0,3,10
20140820,1987,0,397500.0,3,2.0,2130,8225,1.0,0,0,4,8
20140507,1978,0,352000.0,5,2.5,2420,8560,1.0,0,2,3,7
20140916,1986,0,635000.0,5,3.25,3710,34200,2.0,0,0,3,8
20140507,1977,0,420000.0,3,2.25,1770,8165,2.0,0,0,3,7
20150321,1987,0,503000.0,3,2.0,1260,2500,1.0,0,0,4,7
20141006,1984,0,1150000.0,6,3.75,4090,49542,2.0,0,0,3,9
20140609,2001,0,563500.0,4,2.5,2800,12831,2.0,0,0,3,8
20140630,1981,0,480000.0,4,3.0,2440,9664,2.0,0,0,3,8
20150422,1977,0,374950.0,4,3.0,2540,8800,1.0,0,1,3,9
20150410,1995,0,308950.0,3,2.5,1600,6250,2.0,0,0,3,7
20140806,2000,0,1250000.0,5,5.0,5000,32909,2.0,0,0,3,10
20140825,1979,0,605000.0,3,2.5,2960,18600,2.0,0,0,3,8
20140618,2000,0,440000.0,4,2.5,2410,4780,2.0,0,0,3,7
20140821,1985,0,319900.0,3,1.5,1140,20383,1.0,0,0,3,7
20150106,1977,0,335000.0,3,1.0,1120,9075,1.0,0,0,3,7
20141107,1986,0,485000.0,3,2.25,2900,35273,2.0,0,0,3,9
20140925,1976,0,359999.0,4,2.25,3220,7700,2.0,0,0,4,8
20140912,1977,0,280000.0,3,2.25,1610,10454,1.0,0,0,3,7
20141217,1995,0,235000.0,2,2.25,1660,2748,2.0,0,0,3,7
20150224,1980,0,290000.0,3,2.25,1880,7488,2.0,0,0,3,8
20141003,2001,0,597400.0,4,2.5,2420,4500,2.0,0,0,3,7
20140519,1993,0,755000.0,4,2.5,2660,10452,2.0,0,0,3,9
20150403,1999,0,342000.0,3,2.5,2430,5715,2.0,0,0,3,7
20141015,1999,0,730000.0,4,2.75,2920,4500,2.0,0,0,3,9
20141120,1993,0,205000.0,3,2.5,1870,3118,2.0,0,0,3,8
20140512,2013,0,330000.0,5,3.0,2100,7715,1.0,0,0,3,7
20140508,2002,0,716500.0,4,2.5,3290,6465,2.0,0,0,3,9
20141217,2006,0,388500.0,4,2.5,1890,5395,2.0,0,0,3,7
20150108,2002,0,419000.0,3,2.5,2170,4517,2.0,0,0,3,8
20150309,1978,0,385000.0,3,1.75,1200,7360,1.0,0,0,4,7
20140528,2003,0,655000.0,4,2.5,2990,5669,2.0,0,0,3,8
20140609,1987,0,285000.0,3,2.25,1680,35127,2.0,0,0,3,7
20140804,1985,0,690000.0,4,3.75,3210,7054,2.0,0,0,4,8
20140821,1977,0,462500.0,3,2.25,2350,51400,1.0,0,0,3,7
20140820,1994,0,369950.0,4,2.5,1910,10221,2.0,0,0,3,8
20140527,2003,0,292050.0,5,3.0,2840,7199,1.0,0,0,3,7
20150430,1979,0,291600.0,3,1.75,1630,7480,1.0,0,0,3,7
20141218,2005,0,465000.0,3,2.5,1600,1311,3.0,0,0,3,8
20141030,1980,0,230000.0,6,3.0,2180,7220,2.0,0,0,3,7
20140605,2003,0,390000.0,3,2.0,1463,868,3.0,0,0,3,7
20150505,1989,0,517500.0,3,2.5,1800,3933,2.0,0,0,3,8
20140929,2014,0,649950.0,3,2.75,1670,1350,3.0,0,0,3,9
20150325,1999,0,689000.0,4,2.5,2110,6069,2.0,0,0,3,9
20141022,1977,0,560000.0,4,2.5,2520,11240,1.0,0,0,3,8
20150115,1990,0,583000.0,4,2.5,3390,10519,2.0,0,2,3,10
20150417,1995,0,262000.0,3,2.5,1970,8727,2.0,0,0,3,7
20150313,2004,0,555000.0,4,2.5,2870,6776,2.0,0,0,3,8
20150227,2008,0,425590.0,3,2.75,1940,3088,2.0,0,3,3,8
20150204,1997,0,252000.0,3,2.0,1370,7500,1.0,0,0,3,7
20141224,1992,0,439000.0,4,2.5,2690,9551,2.0,0,0,3,9
20140812,1988,0,465000.0,4,2.25,3360,10810,2.0,0,0,4,9
20141003,1983,0,249900.0,4,2.0,1500,7854,1.5,0,0,3,7
20141014,1972,0,370000.0,3,1.75,1160,8774,1.0,0,0,3,7
20140919,1983,0,620000.0,2,1.75,1680,8187,1.0,0,0,4,8
20140627,1987,0,652500.0,4,2.5,2540,38677,2.0,0,0,3,9
20141114,1998,0,574000.0,4,2.5,3240,22795,2.0,0,0,3,8
20150224,2010,0,430000.0,3,2.5,2670,12806,2.0,0,0,3,9
20141028,1984,0,315000.0,2,2.25,1290,2436,2.0,0,0,3,7
20140505,1971,0,220000.0,4,1.5,1240,9600,1.0,0,0,3,7
20150306,1978,0,325000.0,3,1.75,1840,17286,1.0,0,0,4,7
20140514,1980,0,356000.0,3,3.5,2100,12384,2.0,0,0,3,9
20140713,1983,0,579000.0,4,2.25,2030,8764,2.0,0,0,4,8
20140910,1994,0,745000.0,4,2.5,2650,18903,2.0,0,0,3,11
20140801,2005,0,435000.0,3,3.0,1440,1350,3.5,0,2,3,8
20150427,1988,0,965000.0,4,2.5,3920,41206,2.0,0,0,4,10
20141205,1986,0,1227500.0,4,2.5,3180,10319,2.0,0,0,4,11
20140912,1980,0,1900000.0,5,4.25,6510,16471,2.0,0,3,4,11
20140721,1983,0,475000.0,2,2.0,1440,3720,1.5,0,0,3,7
20140620,1997,0,397000.0,4,2.5,2320,11717,2.0,0,0,3,8
20150219,1989,0,383610.0,3,2.0,1230,8450,1.0,0,0,3,7
20140728,1999,0,275000.0,4,2.5,2060,5742,2.0,0,0,3,7
20140918,1985,0,365000.0,4,2.5,2140,7350,2.0,0,0,3,8
20140904,2004,0,362000.0,3,2.75,1420,955,2.0,0,0,3,8
20141111,1980,0,200000.0,2,1.75,1320,13052,1.5,0,0,3,7
20150506,1979,0,299000.0,4,2.5,2300,8100,1.0,0,0,4,8
20150508,1986,0,324500.0,2,1.0,1300,6617,1.0,0,0,3,7
20150414,1990,0,485000.0,4,3.25,1946,17786,2.0,0,1,4,7
20150324,1983,0,139500.0,2,1.5,1230,1561,2.0,0,0,3,7
20140611,1989,0,464000.0,4,2.5,2180,7203,2.0,0,0,4,8
20150429,1978,0,255000.0,3,1.75,1740,8800,1.0,0,0,3,7
20150417,2004,0,679975.0,4,2.5,3830,4644,2.0,0,0,3,8
20141120,1983,0,920000.0,3,2.75,2590,223027,2.0,0,0,3,9
20140626,1984,0,289659.0,4,2.25,2260,7200,2.0,0,0,4,7
20150424,1999,0,585000.0,4,2.5,2910,6250,2.0,0,0,3,8
20140626,2004,0,555000.0,5,3.0,3640,6930,2.0,0,0,3,8
20140909,1979,0,460000.0,3,2.0,1600,7350,1.0,0,0,4,7
20141121,1978,0,319000.0,3,2.5,2110,7434,2.0,0,0,4,7
20140519,2005,0,280000.0,3,2.5,1720,1916,2.0,0,0,3,7
20150116,1990,0,749950.0,4,2.5,2620,8312,2.0,0,0,3,9
20150402,2000,0,465000.0,3,2.5,1890,4808,2.0,0,0,3,8
20150413,1977,0,580000.0,3,1.75,1850,2797,1.0,0,0,3,8
20140806,1994,0,700000.0,4,2.5,3100,36562,2.0,0,0,3,10
20141110,2007,0,350000.0,4,2.5,2506,7206,2.0,0,0,3,8
20140905,1977,0,456000.0,4,1.0,1700,7689,1.0,0,0,3,7
20150218,1983,0,290000.0,3,2.0,1550,18958,1.5,0,0,3,7
20140711,1980,0,475000.0,4,2.75,2200,16288,1.0,0,0,3,7
20140908,2005,0,285000.0,3,2.5,1890,3629,2.0,0,0,3,7
20140506,2000,0,860000.0,4,2.0,3740,32417,2.0,0,0,3,9
20150226,1979,0,219000.0,3,2.25,1940,6500,1.0,0,0,3,8
20141009,1990,0,546500.0,3,2.5,2130,7199,2.0,0,0,3,8
20141002,1979,0,340000.0,4,1.75,1680,15084,1.0,0,0,4,7
20140822,1990,0,678000.0,3,2.25,2730,10675,2.0,0,0,3,9
20140604,1979,0,335000.0,4,2.75,2540,7210,1.0,0,0,4,7
20141028,1979,0,245000.0,3,2.0,1690,6790,1.0,0,0,3,7
20150205,1972,0,493500.0,3,1.75,1800,16026,1.0,0,0,3,8
20150107,1986,0,596500.0,4,2.25,1770,8505,2.0,0,0,3,8
20141027,1977,0,333500.0,3,1.75,1320,7200,1.0,0,0,4,7
20141110,1976,0,373000.0,3,1.0,1290,8974,1.0,0,0,5,7
20140724,2008,0,759900.0,4,2.5,3000,5639,2.0,0,0,3,8
20140826,2007,0,317000.0,3,2.25,1358,1204,3.0,0,0,3,7
20141106,1990,0,985000.0,2,2.5,2720,26761,2.0,1,4,3,7
20150430,1983,0,310000.0,3,1.5,1060,6954,1.0,0,0,4,6
20141015,1997,0,750000.0,4,2.5,3020,13122,2.0,0,0,3,9
20140721,1987,0,408000.0,3,2.0,1640,3440,2.0,0,0,3,7
20140617,1998,0,900000.0,5,3.75,3870,8225,2.0,0,0,3,10
20150422,1990,0,449950.0,4,3.0,3290,10783,2.0,0,0,3,9
20140507,2003,0,428000.0,2,2.0,1350,3900,1.0,0,0,3,8
20140516,1984,0,445000.0,3,2.25,1990,7340,2.0,0,0,3,8
20150321,1974,0,462000.0,4,2.5,2060,6958,1.0,0,0,3,7
20140522,1991,0,389950.0,4,2.5,3140,8060,2.0,0,0,3,9
20140711,2006,0,790000.0,4,3.5,3560,6098,2.0,0,0,3,10
20140613,1974,0,890000.0,4,2.25,2770,13500,2.0,0,0,3,8
20150105,2007,0,600000.0,4,2.5,3870,50965,2.0,0,0,3,10
20150326,1978,0,471000.0,4,2.25,3410,57063,2.0,0,0,4,8
20150323,1995,0,597000.0,4,2.5,2370,41338,2.0,0,0,3,8
20140923,1985,0,804000.0,5,3.5,2770,9305,2.0,0,0,3,9
20141013,1972,0,357000.0,3,1.75,1250,17493,1.0,0,0,3,7
20140821,2014,0,419990.0,3,2.5,1690,1689,2.0,0,0,3,8
20141110,1987,0,725000.0,4,2.5,3040,35201,2.0,0,0,4,10
20150209,2003,0,275000.0,3,2.5,2710,5733,2.0,0,0,3,7
20140925,1984,0,445000.0,3,2.25,1190,13630,1.0,0,0,3,7
20140912,1995,0,510000.0,3,2.5,2300,27566,2.0,0,0,3,9
20141014,1991,0,260000.0,3,2.5,1510,6095,2.0,0,0,4,7
20140609,1998,0,471000.0,4,2.5,2330,9928,2.0,0,0,3,8
20141105,1980,0,682000.0,4,2.25,2450,34092,2.0,0,0,4,8
20140617,1985,0,605000.0,3,2.25,2010,10760,2.0,0,0,3,8
20150505,1975,0,276200.0,2,1.75,1370,4495,1.0,0,0,4,8
20140902,1988,0,245000.0,3,3.0,1990,9600,1.0,0,0,3,7
20140603,1987,0,654950.0,4,2.5,2790,45902,2.0,0,0,3,9
20150213,2003,0,383150.0,3,2.0,2210,6387,1.0,0,0,3,8
20150312,1988,0,539000.0,3,2.0,1800,43995,2.0,0,0,3,8
20140905,1977,0,400000.0,6,3.0,3320,15600,1.0,0,0,4,8
20141105,1994,0,649000.0,4,2.5,2980,12764,2.0,0,0,3,10
20140610,1996,0,515000.0,3,2.5,1800,5001,2.0,0,0,3,7
20150223,1978,0,685000.0,4,2.0,2260,10800,1.0,0,0,3,9
20141016,2006,0,305000.0,2,1.5,800,2142,2.0,0,0,3,7
20150326,2006,0,292500.0,4,2.5,1610,4568,2.0,0,0,3,7
20150306,2000,0,550000.0,3,2.5,1740,3082,2.0,0,0,3,8
20140624,1996,0,457500.0,3,2.25,1430,2003,2.0,0,0,3,8
20140922,1994,0,254000.0,3,2.5,1560,10608,2.0,0,0,3,7
20150402,2012,0,594950.0,5,2.5,3280,6553,2.0,0,0,3,9
20140827,1983,0,350000.0,3,1.75,1360,18123,1.0,0,0,3,8
20141006,1979,0,432500.0,3,2.5,1940,10800,1.0,0,0,3,8
20140918,1985,0,233703.0,3,2.25,1650,3788,2.0,0,0,3,7
20141114,1988,0,310000.0,3,1.5,1140,3292,2.0,0,0,3,7
20150402,1998,0,735000.0,3,2.5,2540,6762,2.0,0,0,3,10
20141217,2014,0,730000.0,4,2.75,3440,8150,2.0,0,0,3,10
20140519,2004,0,485000.0,2,2.25,1260,1240,3.0,0,0,3,8
20141211,1974,0,225000.0,4,2.0,1750,7245,1.0,0,0,4,7
20140811,2000,0,355000.0,3,2.5,1590,4242,2.0,0,0,3,7
20141107,1992,0,324360.0,3,2.5,2000,9669,2.0,0,0,4,8
20150406,2003,0,395000.0,5,2.5,2820,6305,2.0,0,0,3,8
20150408,2001,0,295000.0,4,2.5,2030,5754,2.0,0,0,3,8
20140519,1981,0,305000.0,3,1.75,1610,12247,1.0,0,0,3,8
20140722,1987,0,269950.0,3,2.0,1660,8641,2.0,0,0,4,8
20140829,1987,0,635000.0,4,2.5,2470,77550,1.0,0,0,4,7
20150127,2007,0,480000.0,4,2.5,2480,5100,2.0,0,0,3,8
20141103,2001,0,426950.0,4,2.75,2350,5589,2.0,0,0,3,7
20140924,1976,0,325000.0,4,2.0,1780,10622,1.0,0,0,4,7
20150107,2006,0,728725.0,4,2.5,3010,3120,2.5,0,2,3,8
20140723,2005,0,1300000.0,4,3.0,4120,14021,2.0,0,0,3,11
20150424,1977,0,405000.0,3,1.0,1280,11625,1.0,0,0,4,7
20150409,2006,0,451000.0,4,2.5,2320,5375,2.0,0,0,3,7
20140619,2014,0,540500.0,5,3.75,3090,7415,2.0,0,0,3,8
20141007,2001,0,1025000.0,5,3.5,5050,16500,2.0,0,2,3,11
20141020,1974,0,562000.0,4,2.25,2170,7007,1.0,0,0,3,8
20140812,1977,0,401500.0,4,2.5,3140,94525,2.0,0,0,4,8
20140822,1975,0,583000.0,3,1.75,1930,10183,1.0,0,0,4,8
20141204,1974,0,309900.0,5,2.5,2100,17825,1.0,0,0,4,7
20141016,1995,0,485000.0,4,3.0,3110,18843,2.0,0,0,3,9
20140812,1984,0,595000.0,4,2.25,2050,8372,2.0,0,0,4,8
20141030,1994,0,488500.0,3,2.75,1820,9490,2.0,0,0,3,7
20141027,1977,0,260000.0,4,2.5,2110,8990,2.0,0,0,3,8
20150316,1986,0,335620.0,3,2.25,1800,15903,1.0,0,0,3,8
20150205,1978,0,464000.0,4,2.25,2220,15232,1.0,0,0,3,9
20140814,1998,0,601000.0,4,3.5,2160,3600,2.0,0,0,3,8
20150424,1979,0,285000.0,3,2.25,1840,9040,1.0,0,0,3,8
20140711,1989,0,350000.0,4,2.5,2650,10459,2.0,0,0,4,8
20141224,1972,0,329000.0,4,1.0,1120,3844,1.0,0,0,3,7
20150411,1984,2008,312500.0,4,2.5,2500,11983,1.0,0,0,3,7
20140613,2001,0,370000.0,4,2.5,2220,5338,2.0,0,0,3,7
20150311,1979,0,399900.0,3,1.75,1260,12750,1.0,0,0,3,7
20141217,1989,0,800000.0,4,2.75,4600,322188,1.0,0,4,3,10
20140909,1989,0,925000.0,4,2.5,3110,11422,2.0,0,0,3,9
20141016,1972,0,495000.0,3,2.0,1460,9759,1.0,0,0,5,7
20150420,1990,0,535000.0,3,2.25,2050,6648,1.0,0,0,3,7
20150327,1972,0,554500.0,3,2.25,1880,6565,1.0,0,0,4,8
20140822,2014,0,839990.0,4,2.75,3660,5637,2.0,0,0,3,9
20140822,2003,0,500000.0,3,2.5,1650,5683,2.0,0,0,3,7
20140802,2003,0,247800.0,3,2.5,1580,2170,2.0,0,0,3,7
20140711,2000,0,344200.0,4,2.5,2490,5812,2.0,0,0,3,8
20140623,2003,0,459950.0,4,2.5,2000,6107,2.0,0,0,3,8
20150219,1974,0,750000.0,4,2.25,2820,9602,1.0,0,1,3,8
20141024,1983,0,509000.0,4,2.5,2600,9355,1.0,0,0,3,9
20140627,1977,0,661500.0,5,2.5,2500,7200,1.0,0,0,4,7
20141125,2000,0,370000.0,2,1.0,1270,1399,3.0,0,0,3,7
20140717,1978,0,785000.0,4,2.75,2900,17400,1.0,0,0,4,8
20150128,1996,0,830000.0,5,3.5,3490,21780,2.0,0,0,3,8
20141028,1990,0,324000.0,3,2.5,1940,8347,2.0,0,0,3,8
20141008,1981,0,500000.0,4,2.25,2490,23478,2.0,0,0,3,8
20141215,1988,0,385000.0,2,2.5,1760,3710,1.0,0,0,3,8
20141119,1979,0,465000.0,4,2.5,2300,7314,1.0,0,0,4,8
20140827,2001,0,401000.0,3,3.25,1770,1977,3.0,0,0,3,8
20140619,1978,0,385000.0,3,1.75,2310,11200,1.0,0,0,4,8
20141017,1989,0,395000.0,3,2.5,2310,4930,2.0,0,0,4,8
20150325,1994,0,500000.0,3,2.0,1540,3600,1.0,0,0,3,7
20141103,1979,0,334000.0,5,1.75,2590,6720,1.0,0,0,4,7
20140813,1975,0,375000.0,4,2.25,2100,12738,2.0,0,0,4,8
20140924,1984,0,599900.0,3,3.0,3030,35123,2.0,0,0,4,8
20141006,1994,0,429000.0,3,2.5,1860,11122,2.0,0,0,3,8
20141212,2001,0,2983000.0,5,5.5,7400,18898,2.0,0,3,3,13
20140925,1986,0,276200.0,3,2.5,1480,7210,1.0,0,0,3,7
20150423,2001,0,630000.0,5,3.5,4060,8309,2.0,0,0,3,9
20140612,1991,0,1228000.0,4,2.5,5730,44947,2.0,0,4,3,11
20141118,1988,0,645500.0,4,2.5,2390,9638,2.0,0,0,3,10
20141008,2001,0,601450.0,2,3.25,1840,1500,3.0,0,0,3,8
20140624,1999,0,518000.0,4,2.75,2520,14021,2.0,0,0,3,9
20150318,1985,0,285000.0,3,2.5,1590,9736,2.0,0,0,3,7
20150223,1977,0,399000.0,3,1.75,1780,11440,1.0,0,0,3,8
20141024,1996,0,1375000.0,4,3.5,3500,9523,2.0,0,0,3,10
20141007,1982,0,353950.0,5,2.25,3260,7969,2.0,0,0,4,8
20140710,1996,0,847700.0,5,3.25,4230,10260,2.0,0,0,3,10
20141224,1976,0,422800.0,3,1.75,1820,8400,1.0,0,0,3,7
20140718,2006,0,810000.0,4,3.5,3980,209523,2.0,0,2,3,9
20141204,2003,0,439950.0,3,2.0,1230,1613,2.0,0,0,3,8
20150423,2002,0,359000.0,4,2.5,2160,4500,2.0,0,0,3,7
20141105,1979,0,740000.0,3,2.25,3440,44374,2.0,0,3,4,10
20141013,1999,0,695000.0,4,2.5,2790,6540,2.0,0,0,3,9
20141210,1977,0,315000.0,3,1.75,1010,12000,1.0,0,0,4,7
20150414,1988,0,640000.0,3,2.5,2420,8244,2.0,0,0,3,10
20141119,1984,0,570000.0,3,2.25,2180,9246,2.0,0,0,3,9
20140805,1997,0,495000.0,3,2.75,1830,208216,2.0,0,0,3,8
20141027,1992,0,350000.0,3,2.5,2180,15484,1.0,0,0,3,8
20140728,1989,0,690000.0,4,2.5,2120,8448,2.0,0,0,4,9
20140610,1999,0,375000.0,4,2.5,2210,9427,2.0,0,0,3,7
20140806,1987,0,575000.0,4,2.5,2510,47044,2.0,0,0,3,9
20140604,1978,0,646000.0,4,2.25,2500,8500,1.0,0,0,4,8
20150327,1974,0,239950.0,3,2.5,1560,4800,2.0,0,0,4,7
20140904,1990,0,240000.0,3,2.0,1310,8069,1.0,0,0,3,7
20140715,1995,0,402500.0,3,1.75,1480,2211,2.0,0,0,3,7
20140625,1998,0,482000.0,3,2.5,2420,7307,2.0,0,0,3,7
20141020,1986,0,350000.0,3,2.5,1630,5996,2.0,0,0,3,7
20140730,1983,0,396400.0,4,2.5,2120,215186,2.0,0,0,2,7
20150409,2000,0,654300.0,3,2.5,2490,8582,2.0,0,0,3,9
20141124,2004,0,774950.0,4,2.5,3410,179419,2.0,0,0,3,10
20140530,2007,0,330000.0,2,2.5,1240,1546,2.0,0,0,3,7
20141119,2008,0,519500.0,3,3.0,2390,19454,1.5,0,0,3,8
20140814,1977,0,450000.0,3,1.75,1810,12600,1.0,0,0,3,7
20141124,1993,0,3120000.0,3,3.5,4490,56609,2.0,1,4,3,12
20150506,1990,0,359000.0,4,2.5,2640,7883,2.0,0,0,3,8
20150302,2012,0,2000000.0,4,3.75,2870,4500,2.0,0,3,3,10
20150210,1985,0,1050000.0,4,2.5,3250,48037,1.0,0,2,3,8
20150306,1980,0,262500.0,5,2.25,1950,8086,1.0,0,0,3,7
20150225,1979,0,285000.0,4,2.25,1970,7200,2.0,0,0,3,8
20150304,2005,0,290000.0,3,2.5,2020,4861,2.0,0,0,3,7
20140807,2005,0,752500.0,2,2.5,2280,6230,1.0,0,0,3,8
20141208,1998,0,820000.0,4,2.75,3540,13515,2.0,0,0,3,10
20140811,1999,0,292000.0,3,2.5,1560,2740,2.0,0,0,3,8
20150504,1981,0,617450.0,3,2.0,1580,14398,1.0,0,0,3,7
20150419,1992,0,938000.0,3,2.5,3090,10940,2.0,0,2,3,10
20140729,1985,0,348000.0,3,1.75,1720,8867,1.0,0,0,3,8
20140721,1992,0,347500.0,3,2.5,1890,7053,2.0,0,0,4,8
20140711,1998,0,780000.0,3,3.5,3190,6776,2.0,0,0,3,10
20141028,2004,0,476000.0,3,2.25,1630,3070,2.0,0,0,3,7
20140731,1984,0,495000.0,3,2.0,1340,2550,2.0,0,0,3,7
20150309,2003,0,535950.0,3,2.5,2370,5344,2.0,0,0,3,9
20141022,1989,0,910000.0,4,2.5,3170,32430,2.5,0,0,3,10
20140626,1983,0,495000.0,3,1.75,1440,11787,1.0,0,0,3,8
20150217,1973,0,400000.0,4,2.25,1970,8941,2.0,0,0,3,7
20140821,1987,0,715000.0,4,2.5,2780,13521,2.0,0,0,3,10
20150223,1992,0,342000.0,3,2.0,2250,7757,1.0,0,0,3,8
20141216,1974,0,645000.0,4,2.25,2070,8720,1.0,0,0,5,8
20141004,2014,0,351358.0,2,1.75,1210,1189,2.0,0,0,3,8
20150310,2014,0,1700000.0,5,2.75,3810,9360,2.0,0,0,3,10
20150407,2002,0,1565000.0,4,3.5,5370,323215,2.0,0,0,3,10
20140514,1991,0,470000.0,4,2.5,2310,14023,2.0,0,0,3,9
20141118,2008,0,770000.0,3,2.25,1870,1900,3.0,0,0,3,8
20140624,1977,0,366000.0,3,1.75,1840,11440,1.0,0,0,4,8
20140710,1987,0,545000.0,3,2.5,2060,7184,2.0,0,0,3,8
20150410,1973,0,467000.0,4,2.5,2220,7210,1.0,0,0,3,7
20141027,1973,0,901000.0,4,2.75,3030,18400,1.5,0,3,3,9
20141203,1972,0,500000.0,3,1.75,1800,7199,1.0,0,0,3,7
20140530,2000,0,384950.0,3,2.5,1860,3690,2.0,0,0,3,7
20150312,2006,0,1700000.0,4,3.5,4070,336283,2.0,0,0,3,11
20150421,1983,0,184500.0,3,1.5,1280,3640,2.0,0,0,3,6
20150414,1986,0,269000.0,2,2.0,1540,5000,1.5,0,0,3,8
20140721,1998,0,570000.0,3,2.5,1530,3296,2.0,0,0,3,8
20150226,1976,0,440000.0,3,1.75,1760,8025,1.0,0,0,4,7
20140820,1990,0,370000.0,5,3.0,2670,9920,1.0,0,0,3,8
20150115,1976,0,729000.0,3,4.25,3300,308080,2.0,0,2,4,9
20140819,1979,0,440000.0,3,1.75,2000,11880,2.0,0,0,3,8
20140910,2000,0,445000.0,4,2.5,2360,81892,1.0,0,0,3,8
20141202,1971,0,516000.0,3,3.0,2330,7304,1.0,0,0,3,9
20140815,2002,0,343888.0,4,2.5,2060,5607,2.0,0,0,3,7
20140512,1986,0,302000.0,5,2.25,2180,7813,2.0,0,0,3,7
20140609,1991,0,640000.0,3,2.5,2140,8925,2.0,0,0,3,8
20140623,1977,0,502000.0,6,2.5,2890,8122,1.0,0,0,3,8
20150417,1998,0,360000.0,3,2.5,1480,3851,2.0,0,0,3,8
20150325,2003,0,290500.0,4,2.5,1680,3000,2.0,0,0,3,7
20140509,2006,0,248000.0,4,3.0,2163,5883,2.0,0,0,3,7
20140516,2001,0,433000.0,4,2.5,2280,7568,2.0,0,0,4,7
20150413,1980,0,480000.0,2,1.0,820,4200,1.0,0,0,3,7
20140505,2006,0,309950.0,4,2.75,2310,5000,2.0,0,0,3,7
20141201,1990,0,253000.0,3,2.0,1290,7372,1.0,0,0,5,7
20140506,1971,0,280000.0,3,1.75,1630,11800,1.0,0,0,4,7
20140616,2002,0,759950.0,3,2.5,3100,23790,2.0,0,0,3,9
20141224,1979,0,345000.0,3,2.25,2020,9000,2.0,0,0,3,7
20140926,2007,0,350000.0,4,2.5,2500,5831,2.0,0,0,3,8
20140623,1981,0,430000.0,3,1.75,1300,12731,1.0,0,0,3,8
20140610,1973,0,650000.0,4,2.25,2560,9731,2.0,0,0,4,7
20150317,2004,0,379900.0,3,2.5,2190,5071,2.0,0,0,3,8
20150427,2004,0,325000.0,2,1.5,940,1222,2.0,0,0,3,7
20140904,1976,0,373000.0,3,1.75,1310,7811,1.0,0,0,3,7
20150427,2000,0,362500.0,3,2.0,1940,40588,1.0,0,0,3,7
20150225,1977,0,580000.0,4,2.5,2110,11680,1.0,0,0,4,7
20141222,1985,0,278000.0,3,2.25,1590,9425,1.0,0,0,3,7
20140620,2003,0,715000.0,4,2.5,3290,6628,2.0,0,0,3,9
20140804,2014,0,472217.0,3,2.5,2010,2212,2.0,0,0,3,8
20140528,1999,0,244615.0,3,2.5,2060,4030,2.0,0,0,3,7
20140816,2004,0,959900.0,4,3.75,3550,15151,2.0,0,0,3,11
20140723,1980,0,510000.0,6,4.5,3300,7200,2.0,0,0,3,8
20141008,1990,0,375000.0,5,3.0,2680,8410,2.0,0,0,3,8
20140512,2007,0,500000.0,2,2.25,1290,1334,3.0,0,0,3,8
20150113,2007,0,489000.0,2,2.25,1290,1334,3.0,0,0,3,8
20150427,2000,0,340000.0,3,2.0,1150,700,2.0,0,0,3,7
20140912,2002,0,489950.0,3,2.5,2400,7478,2.0,0,0,3,9
20141024,1999,0,472000.0,4,3.25,4350,7090,2.0,0,0,3,8
20141201,1990,0,799000.0,4,3.5,3290,20107,2.0,0,4,3,10
20140710,1979,0,860000.0,5,2.25,3480,9200,2.0,0,0,3,8
20150430,1989,0,449500.0,4,2.5,2410,55931,2.0,0,0,3,9
20141205,1991,0,692500.0,4,3.0,2820,11500,2.0,0,0,3,10
20140812,1976,0,925000.0,4,1.75,2710,11400,1.0,0,0,4,9
20141021,2003,0,267500.0,3,2.25,2080,2856,1.5,0,0,3,7
20140714,2010,0,396800.0,4,2.5,2200,6018,2.0,0,0,3,8
20140527,1975,0,455500.0,3,2.0,1460,10311,1.0,0,0,4,7
20141003,1978,0,332000.0,3,1.75,1340,13115,1.0,0,0,3,7
20150427,1990,0,1150000.0,4,3.5,3760,20609,2.0,0,0,3,11
20141230,1981,0,739000.0,3,2.5,2750,16000,2.0,0,0,4,9
20140701,1993,0,435000.0,3,2.5,2530,13446,2.0,0,0,3,9
20150320,1986,0,520000.0,4,2.75,2020,7357,1.0,0,0,3,7
20150429,1987,0,400000.0,4,2.5,3030,180263,2.0,0,0,3,7
20141007,1978,0,440000.0,3,1.75,2350,7641,1.0,0,0,3,7
20140902,1992,0,338150.0,4,2.25,2700,8580,2.0,0,0,3,8
20140902,1979,0,425000.0,3,2.25,1800,7371,1.0,0,0,3,7
20140613,1999,0,883000.0,4,2.5,3670,54450,2.0,0,0,3,10
20141202,1983,0,510000.0,3,2.0,2350,266151,1.5,0,0,3,7
20141006,2004,0,439000.0,2,2.5,1350,944,2.0,0,0,3,9
20141021,2006,0,489000.0,2,2.75,1465,972,2.0,0,0,3,7
20141124,1974,0,304500.0,3,2.25,1790,6930,1.0,0,0,3,7
20150211,1980,0,417000.0,3,1.75,1920,9512,1.0,0,0,3,8
20150401,2005,0,615000.0,3,3.0,1420,991,2.0,0,0,3,8
20140918,2004,0,730000.0,5,3.5,3760,4857,2.0,0,3,3,9
20140821,1978,0,178500.0,2,1.0,930,3447,1.0,0,0,4,8
20140814,2005,0,1010000.0,4,2.75,3430,15877,1.0,0,4,3,11
20141201,1989,0,653000.0,4,2.5,2160,7000,2.0,0,0,4,9
20150402,1976,0,750000.0,5,2.75,3330,12408,1.0,0,0,3,10
20140813,1984,0,216000.0,3,1.75,1310,8670,1.0,0,0,4,6
20141103,1986,0,257700.0,4,2.25,1600,6202,2.0,0,0,4,7
20150414,1978,0,278000.0,3,1.0,1230,9440,1.0,0,0,3,7
20141105,2003,0,300000.0,3,2.5,2240,3691,2.0,0,0,3,7
20150213,1995,0,269100.0,3,2.5,2190,7904,2.0,0,0,3,8
20140610,1981,0,306888.0,2,1.5,1010,7719,2.0,0,0,3,7
20141226,1978,0,795000.0,4,2.5,2920,14210,2.0,0,0,4,10
20140804,2003,0,525000.0,4,2.5,2310,5573,2.0,0,0,4,9
20140720,1988,0,1050000.0,3,2.5,3470,12076,2.0,0,3,3,10
20150413,2000,0,350000.0,3,2.25,1550,5401,2.0,0,0,3,7
20150409,2007,0,410000.0,4,2.5,2070,6180,2.0,0,0,3,8
20150407,2004,0,499000.0,3,2.5,1690,4851,2.0,0,0,3,7
20141022,2001,0,340000.0,4,2.5,2550,7555,2.0,0,0,3,8
20140625,2001,0,1065000.0,5,3.25,3370,7947,2.0,0,0,3,10
20140528,1991,0,460000.0,4,3.0,2230,52983,2.0,0,0,3,8
20140819,2011,0,345000.0,4,2.5,2382,5899,2.0,0,0,3,8
20150218,1990,0,280500.0,3,2.25,1620,7566,2.0,0,0,3,7
20141007,1990,0,545000.0,3,2.5,2140,40173,2.0,0,0,4,8
20140523,1988,0,1325000.0,4,3.0,3370,7920,1.0,0,3,3,10
20141104,1990,0,274900.0,4,1.75,1840,10528,1.0,0,0,3,7
20140502,2004,0,499950.0,4,2.5,2860,3345,2.0,0,0,3,8
20140814,1980,0,375000.0,3,2.0,3120,42247,1.0,0,0,4,7
20150430,1995,0,300000.0,3,2.5,1640,5707,2.0,0,0,3,7
20140723,1975,0,375000.0,5,2.5,2840,15598,1.0,0,0,4,8
20141014,1993,0,420000.0,3,2.5,2370,15375,2.0,0,2,3,9
20141017,2004,0,575000.0,3,2.5,2610,7301,2.0,0,0,3,8
20141001,1977,0,655000.0,4,2.5,3340,34238,1.0,0,0,4,8
20140627,2006,0,738000.0,3,3.0,2630,4896,2.0,0,0,3,9
20150306,2005,0,260000.0,3,2.5,1770,2677,2.0,0,0,3,7
20140801,1993,0,912000.0,3,2.5,2979,17313,2.0,0,2,3,11
20140813,1978,0,500000.0,3,2.75,1560,77536,1.0,0,0,3,7
20141229,1975,0,238000.0,3,1.5,1360,7488,1.0,0,0,4,7
20141001,1972,0,251000.0,4,2.0,1650,5974,1.0,0,0,5,7
20140714,1978,0,406500.0,2,1.75,1510,5319,2.0,0,0,4,8
20150312,1988,0,433495.0,4,2.25,3010,10925,2.0,0,0,4,9
20141224,1985,0,265000.0,3,2.25,1510,6071,1.0,0,0,4,7
20141017,2004,0,345000.0,4,2.5,2040,5875,2.0,0,0,3,8
20140805,1977,0,317000.0,3,1.75,1530,7650,1.0,0,0,4,8
20140618,1981,0,455000.0,3,1.75,1180,14292,1.0,0,0,3,7
20141201,1991,0,1035000.0,4,4.0,4090,51908,2.0,0,0,3,11
20150422,1992,0,226750.0,3,1.75,1070,6315,1.0,0,0,3,7
20140929,1989,0,745000.0,4,2.5,2760,13093,2.0,0,0,4,9
20140620,2005,0,371000.0,4,2.5,2550,4770,2.0,0,0,3,8
20140829,1991,0,545000.0,4,2.5,2080,8504,2.0,0,0,3,8
20140624,1983,0,194000.0,3,1.0,1050,7577,1.0,0,0,3,7
20150508,1987,0,699950.0,4,3.25,3674,12793,2.0,0,1,3,9
20141016,2003,0,200000.0,2,1.75,910,2693,1.0,0,0,3,6
20150324,1986,0,850000.0,5,2.25,3100,97661,2.0,0,0,3,9
20150423,2000,0,555000.0,2,2.25,1370,1248,2.0,0,0,3,7
20150309,2004,0,470000.0,3,2.5,2480,5082,2.0,0,0,3,7
20141229,1990,0,207000.0,2,1.5,1068,1158,2.0,0,0,3,7
20141113,1976,0,379750.0,4,2.75,2390,9650,1.0,0,2,3,8
20140923,1993,0,240000.0,3,2.5,1520,9864,1.0,0,0,3,7
20140811,1999,0,603000.0,4,2.5,2670,5895,2.0,0,0,3,8
20150407,1987,0,720000.0,3,2.5,2520,10012,2.0,0,0,3,10
20140506,1989,0,515000.0,3,2.5,1790,7167,2.0,0,0,3,8
20140624,1973,0,998000.0,4,2.25,2420,10200,2.0,0,0,4,9
20140709,1986,0,630000.0,3,1.75,1710,8767,1.0,0,0,4,8
20140801,1972,0,410000.0,3,1.75,2000,7480,1.0,0,0,3,8
20140819,1979,0,602000.0,3,2.25,1580,11580,1.0,0,0,4,8
20141112,1980,0,750000.0,4,2.75,2310,10232,1.0,0,0,5,8
20140708,1991,0,711600.0,4,3.0,3580,9316,2.5,0,0,3,10
20140825,2006,0,1050000.0,4,4.0,4320,8709,2.0,0,0,3,11
20141217,1981,0,700500.0,3,2.5,2560,35265,2.0,0,0,3,9
20150204,1991,0,710000.0,4,2.5,3220,18618,2.0,0,1,3,10
20141204,1985,0,250000.0,3,2.0,1660,13085,1.0,0,0,3,7
20141030,1972,0,450000.0,4,2.25,1710,7000,1.0,0,0,4,7
20140801,2005,0,316000.0,5,2.5,2600,4641,2.0,0,0,3,7
20141006,2000,0,521000.0,3,3.25,1460,1254,3.0,0,0,3,8
20150312,1980,0,415000.0,4,2.5,2400,7292,1.0,0,0,3,8
20140702,1978,0,411000.0,4,2.0,2370,76665,2.0,0,0,4,8
20150223,2008,0,436000.0,3,2.25,1480,1384,3.0,0,0,3,8
20140708,1991,0,460000.0,4,2.5,2620,8331,2.0,0,0,3,9
20150420,1995,0,485000.0,4,2.5,2400,10364,2.0,0,0,3,8
20140725,1984,0,429000.0,3,2.5,1430,9240,2.0,0,0,3,7
20150304,1990,0,729000.0,3,2.5,2480,7428,2.0,0,0,3,9
20150409,2003,0,625000.0,3,2.5,2280,4757,2.0,0,0,3,8
20150116,1987,0,218500.0,3,1.75,1390,9328,1.0,0,0,4,7
20150321,1986,0,480000.0,3,2.0,1300,3000,2.0,0,0,3,7
20140731,2005,0,875000.0,5,4.25,4720,18741,2.0,0,0,3,11
20150113,2002,0,1688000.0,4,4.0,5000,12941,3.0,0,2,3,12
20150210,1982,0,318000.0,3,2.25,1690,12662,1.0,0,0,5,7
20150415,1992,0,325000.0,5,2.75,2400,7904,1.0,0,0,3,7
20141117,2008,0,795000.0,5,3.5,3330,3705,2.0,0,0,3,9
20140528,1995,0,370000.0,4,2.5,3090,18645,2.0,0,0,3,9
20141118,1993,0,598850.0,4,2.5,2350,7245,2.0,0,0,3,8
20141023,1994,0,515700.0,3,2.5,2180,9722,2.0,0,0,3,8
20140620,2003,0,458000.0,3,2.5,1870,5013,2.0,0,0,3,8
20150224,1985,0,583500.0,3,2.25,3530,13000,2.5,0,0,4,10
20140723,2003,0,653750.0,4,2.5,2460,4166,2.0,0,0,3,9
20140711,2011,0,299000.0,3,2.5,1650,4725,2.0,0,0,3,8
20140509,1976,0,532000.0,5,3.0,3480,57499,1.0,0,0,4,8
20140708,1985,0,819000.0,3,2.75,3176,13391,2.0,0,3,4,9
20141106,1983,0,608700.0,4,2.5,2260,9696,1.0,0,0,3,9
20140613,1989,0,950000.0,4,2.5,3770,35081,2.0,0,0,3,10
20141203,2005,0,700000.0,4,2.5,2672,4297,2.0,0,0,3,8
20140709,1975,0,590000.0,3,2.5,2650,9380,1.0,0,0,5,8
20140611,1979,0,740000.0,4,2.75,2490,17833,2.0,0,2,3,9
20150406,1976,0,548500.0,4,2.0,1820,7200,1.0,0,0,3,7
20140613,1978,0,615000.0,3,1.75,2350,20820,1.0,0,0,4,8
20141208,1988,0,292000.0,3,1.75,1320,6600,1.0,0,0,3,7
20141023,1988,0,899000.0,4,2.5,3720,30649,2.0,0,0,3,10
20141113,2003,0,580000.0,3,2.5,1910,11550,1.5,0,0,3,8
20140509,1998,0,580000.0,4,2.5,2840,6268,2.0,0,0,3,9
20150409,1981,0,500000.0,3,2.5,2440,7600,1.0,0,0,3,7
20141006,1988,0,550000.0,4,2.5,2420,8056,1.0,0,0,3,8
20150429,1993,0,275000.0,3,1.75,1180,6260,1.0,0,0,4,8
20150430,1983,0,390000.0,3,2.25,1820,7420,2.0,0,0,4,8
20140826,1997,0,250000.0,3,2.25,1560,15340,2.0,0,0,3,7
20140929,1979,0,405000.0,2,2.5,1790,5400,2.0,0,0,4,8
20141211,1988,0,310000.0,3,1.75,1880,30346,1.0,0,0,3,8
20140903,1990,0,540000.0,3,2.5,2520,5000,3.0,0,0,3,9
20140604,2005,0,392500.0,4,2.5,2150,7303,2.0,0,0,3,8
20140523,1984,0,735000.0,3,2.5,2390,9157,2.0,0,0,3,9
20140707,1990,0,575000.0,4,2.5,2400,6137,2.0,0,0,3,8
20141203,1984,0,291000.0,4,2.5,1580,6633,2.0,0,0,4,7
20140804,1994,0,791500.0,4,2.5,3250,8970,2.0,0,0,3,10
20141020,2000,0,470000.0,3,3.5,1280,1257,2.0,0,0,3,8
20150427,1978,0,420000.0,4,1.75,2380,15324,1.0,0,0,3,8
20150420,1996,0,440000.0,3,2.5,2040,7605,2.0,0,0,3,8
20140714,2001,0,559950.0,3,2.5,2120,4310,2.0,0,0,3,7
20140804,1972,0,255000.0,3,1.0,1710,12000,1.0,0,0,4,7
20141020,1995,0,390000.0,3,2.5,2250,8076,2.0,0,0,3,8
20150210,1978,0,435000.0,4,2.25,2210,14073,1.0,0,0,3,8
20141119,2003,0,440000.0,3,2.5,1440,5434,2.0,0,0,3,7
20140625,1978,0,299950.0,3,1.75,1790,7650,1.0,0,3,3,9
20141113,1975,0,312620.0,3,2.5,1260,11877,1.0,0,0,3,7
20140605,1981,0,372500.0,3,1.5,1180,12324,1.0,0,0,3,7
20150209,1994,0,297262.0,3,2.5,1730,8076,2.0,0,0,3,8
20141022,1995,0,241000.0,2,1.75,1070,9750,1.5,0,0,3,7
20150512,2011,0,729000.0,3,2.5,2440,4244,2.0,0,0,3,8
20141002,1996,0,245000.0,3,2.0,1700,8448,1.0,0,0,3,7
20140915,1990,0,1769000.0,4,3.5,5440,38900,2.0,0,0,3,12
20140609,1992,0,442500.0,4,2.5,2170,14024,2.0,0,0,3,8
20140619,2007,0,600000.0,3,2.0,2540,237402,1.0,0,0,3,9
20140903,2005,0,449000.0,3,2.5,1690,3827,2.0,0,0,3,7
20140505,1986,0,300000.0,3,2.0,1050,10072,1.0,0,0,3,7
20140716,1978,0,360000.0,3,1.75,1520,12282,1.0,0,0,3,8
20141210,1987,0,357000.0,5,2.5,2750,12350,2.0,0,0,3,8
20150428,1989,0,420000.0,3,2.0,1750,9239,1.0,0,0,3,8
20140619,2003,0,450000.0,4,2.5,2400,7693,2.0,0,0,3,8
20150420,2004,0,825000.0,5,3.5,4140,6770,2.0,0,0,3,9
20140722,1998,0,272000.0,4,2.25,2115,6234,2.0,0,0,3,7
20141022,1990,0,481000.0,3,2.0,2580,15653,1.5,0,0,3,9
20150319,2004,0,480000.0,2,2.0,1350,4220,1.0,0,0,3,8
20140908,2004,0,475000.0,3,2.5,1690,2890,2.0,0,0,3,7
20141021,2005,0,472500.0,2,2.25,1700,2383,2.0,0,0,3,8
20140923,1979,0,291000.0,4,2.25,1890,7616,1.0,0,0,4,8
20141017,2002,0,442500.0,3,2.5,1690,3129,2.0,0,0,3,7
20140828,2000,0,1610000.0,5,4.5,6085,142725,3.0,0,0,3,11
20140804,2005,0,571000.0,3,2.5,1920,3867,2.0,0,0,3,8
20140826,1986,0,525000.0,3,2.5,2340,35021,1.0,0,0,3,9
20140603,1989,0,440000.0,3,2.25,1680,57063,2.0,0,0,4,8
20150205,1977,0,271000.0,4,1.5,1800,9576,1.0,0,0,4,7
20140926,2004,0,280000.0,4,2.5,2400,4596,2.0,0,0,3,8
20150213,1980,0,411500.0,3,1.0,1110,7208,1.0,0,0,3,7
20141209,2005,0,535000.0,3,2.5,1850,1499,2.5,0,0,3,9
20140616,1991,0,427000.0,3,2.5,1830,65340,1.0,0,0,3,8
20150320,2004,0,400000.0,4,2.5,3130,5240,2.0,0,0,3,8
20140625,1997,0,770000.0,4,2.5,3920,12415,2.0,0,0,3,10
20140624,1973,0,1250000.0,4,2.5,3220,15600,1.0,0,0,5,9
20140513,2003,0,1050000.0,4,3.25,4400,16625,2.0,0,0,3,11
20141009,1989,0,262500.0,3,1.75,1470,10390,1.0,0,0,3,7
20140908,1989,0,299990.0,3,2.5,1870,8541,2.0,0,0,3,8
20150327,2001,0,1125000.0,4,3.25,3890,422096,1.5,0,0,3,9
20141118,1972,0,425000.0,4,2.25,2660,11200,2.0,0,0,4,8
20140626,1975,0,580000.0,4,1.75,1720,6975,1.0,0,0,3,8
20140827,1977,0,699000.0,3,2.5,2740,18455,2.0,0,1,4,10
20141125,1985,0,757000.0,3,2.75,2610,11290,1.0,0,0,3,7
20140701,1983,0,660000.0,3,2.0,2570,28500,1.0,0,0,3,9
20150417,2005,0,540000.0,4,2.75,2830,7334,2.0,0,0,3,8
20150421,1994,0,280000.0,3,2.5,1580,7918,2.0,0,0,3,7
20140723,1989,0,324000.0,3,2.0,1540,10931,1.0,0,3,3,7
20140623,1987,0,600000.0,3,2.5,2260,10153,2.0,0,0,3,10
20140709,2014,0,599950.0,3,3.25,1830,1804,3.0,0,0,3,8
20150318,1992,0,850000.0,3,2.5,2940,10809,2.0,0,0,3,10
20150127,1977,0,186000.0,3,1.75,1460,7967,1.0,0,0,3,7
20140620,1977,0,436500.0,5,3.0,3110,12429,1.0,0,0,3,8
20150121,1981,0,375000.0,4,2.75,1890,5240,1.0,0,0,3,7
20150324,2013,0,760000.0,4,3.25,2590,3889,3.0,0,0,3,9
20141230,2014,0,469000.0,3,1.75,1480,800,2.0,0,0,3,8
20140813,2000,0,408000.0,3,3.0,1500,1473,2.0,0,0,3,8
20141003,1971,0,851000.0,3,2.75,2660,10350,1.0,0,4,4,8
20140725,2007,0,410000.0,2,2.0,1350,3926,1.0,0,0,3,8
20141031,1984,0,903000.0,3,2.75,3860,12786,2.0,0,0,4,10
20140801,1999,0,1130000.0,4,2.5,2660,11200,2.0,0,0,3,9
20150320,1971,0,449000.0,4,1.75,2350,54450,1.0,0,0,4,7
20150325,2003,0,751000.0,4,2.5,2790,6538,2.0,0,0,3,9
20140812,1993,0,280000.0,3,2.5,1370,22326,2.0,0,0,3,7
20140514,1988,0,1120000.0,4,2.25,4470,60373,2.0,0,0,3,11
20140919,1980,0,580000.0,3,1.75,2040,81021,1.0,0,0,3,8
20140527,1999,0,450000.0,4,2.5,2520,8515,2.0,0,0,3,7
20150416,1983,0,265000.0,3,1.75,1330,12618,1.0,0,3,3,7
20141105,1998,0,398000.0,3,1.5,1310,2996,2.0,0,0,3,7
20150413,1999,0,339950.0,4,2.5,2260,6086,2.0,0,0,3,8
20141010,1983,0,325000.0,2,2.0,970,5000,1.0,0,0,3,7
20150318,2005,0,561000.0,3,2.5,2120,5277,2.0,0,0,3,7
20140929,1996,0,314500.0,4,2.5,2390,9600,2.0,0,0,3,7
20140618,1981,0,650000.0,3,1.75,2920,9370,1.0,0,0,4,8
20140610,1998,0,870000.0,4,2.5,3340,12248,2.0,0,1,3,9
20140812,1979,0,527000.0,3,2.25,2240,6450,1.0,0,0,3,7
20150212,1991,0,290000.0,3,2.5,2360,8764,2.0,0,0,3,8
20140815,1977,0,499990.0,3,1.75,1730,9334,1.0,0,0,3,8
20141020,1981,0,425000.0,4,2.25,3680,26266,2.0,0,0,4,9
20150217,1987,0,630000.0,3,2.5,2900,46609,2.0,0,0,3,9
20141118,1971,0,365000.0,3,1.75,1290,7205,1.5,0,0,3,7
20141002,1994,0,339500.0,4,2.5,1930,7862,2.0,0,0,3,7
20141118,2014,0,814950.0,4,2.75,2990,6626,2.0,0,0,3,9
20140905,2003,0,299900.0,4,2.5,2200,5730,2.0,0,0,3,8
20141229,1977,0,195000.0,3,1.5,1430,5200,1.0,0,0,4,7
20141208,2001,0,910000.0,5,2.75,3750,8279,2.0,0,0,3,9
20140827,2002,0,540000.0,5,2.5,3100,10189,2.0,0,0,3,8
20140516,2005,0,306000.0,3,2.5,1870,5874,2.0,0,0,3,7
20141016,1978,0,272000.0,4,2.25,2040,7600,1.0,0,0,4,8
20140707,1993,0,450000.0,3,2.5,1990,12793,2.0,0,0,3,8
20150112,1979,0,435000.0,4,2.5,2060,10125,2.0,0,0,4,7
20150401,2008,0,305000.0,4,2.5,1620,4000,2.0,0,0,3,7
20141105,1975,0,300000.0,3,1.75,1210,7000,1.0,0,0,3,7
20150122,1993,0,289950.0,4,3.0,2040,5050,1.0,0,0,3,8
20141105,1990,0,575000.0,3,2.5,2270,9600,2.0,0,0,3,9
20140627,1993,0,1820000.0,4,4.5,6640,53330,2.0,0,0,3,12
20140714,2006,0,1105000.0,5,3.25,3070,5000,2.0,0,0,3,9
20150319,1991,0,378000.0,3,2.5,2130,8404,2.0,0,0,3,8
20140707,2009,0,536000.0,2,1.5,1130,746,2.0,0,0,3,8
20150324,2014,0,629950.0,3,2.5,1680,1620,2.0,0,0,3,9
20150128,1979,0,592000.0,4,2.5,2300,11165,2.0,0,0,4,8
20140716,2004,0,375000.0,3,2.5,1330,816,3.0,0,0,3,8
20140616,2003,0,632500.0,5,2.5,2640,7096,2.0,0,0,3,7
20140808,1974,0,459950.0,4,1.75,2430,9747,1.0,0,0,3,8
20140612,1989,0,485000.0,4,2.5,2470,35073,2.0,0,0,3,9
20140610,1975,0,251750.0,3,2.0,1320,7200,1.0,0,0,5,7
20150501,2001,0,725000.0,3,2.5,2810,6300,2.0,0,0,3,8
20141016,2005,0,460000.0,3,3.25,1370,1194,3.0,0,0,3,8
20140828,1981,0,625000.0,3,2.5,2000,6341,1.0,0,0,5,8
20140508,1973,0,530000.0,3,1.75,1980,6760,1.0,0,0,4,8
20150427,2002,0,394950.0,3,2.5,2050,8172,2.0,0,0,3,8
20150506,2003,0,330000.0,3,2.25,1960,1985,2.0,0,0,3,7
20150217,1986,0,220000.0,4,1.75,1910,8171,1.0,0,0,3,7
20140707,1980,0,685000.0,3,3.25,2030,11070,2.0,0,0,4,8
20150224,1972,0,500000.0,3,2.25,2210,7680,1.0,0,2,3,8
20141103,1990,0,825000.0,3,2.25,2520,7975,2.0,0,0,4,9
20140929,1971,0,253000.0,3,1.75,1570,7416,1.0,0,0,4,7
20150214,1978,0,605000.0,3,1.75,1930,5400,2.0,0,2,3,9
20140925,1985,0,650000.0,4,2.5,2820,15000,2.0,0,0,4,9
20141202,2003,0,234000.0,2,2.0,1200,3624,2.0,0,0,3,6
20140916,1983,0,420000.0,5,2.25,3070,64033,1.0,0,0,3,9
20141229,1978,0,399950.0,3,1.0,1040,9600,1.0,0,0,3,7
20140602,1984,0,535000.0,3,2.5,1690,9626,2.0,0,0,3,8
20141107,1979,0,515000.0,3,2.0,1810,2738,2.0,0,0,4,9
20150102,1996,0,256000.0,3,2.5,1570,5113,1.0,0,0,3,7
20140820,1978,0,165000.0,3,1.5,1250,7200,1.0,0,0,4,7
20140624,1991,0,575000.0,4,2.5,4620,20793,2.0,0,0,4,11
20141030,2004,0,375000.0,3,2.5,1580,5725,2.0,0,0,3,7
20150122,1977,0,422250.0,3,1.75,1650,7145,2.0,0,0,5,8
20140603,1981,0,420000.0,3,1.75,1660,9600,1.0,0,0,3,8
20140923,1993,0,608000.0,4,2.5,2410,7140,2.0,0,0,3,8
20150217,1983,0,850000.0,3,2.5,3120,12406,2.0,0,2,3,9
20150116,1974,0,463000.0,4,2.5,2680,9928,1.0,0,0,4,8
20150325,1989,0,1070000.0,3,3.25,3730,13264,2.0,0,0,3,9
20140909,1986,0,290000.0,3,2.0,1700,6498,1.0,0,0,3,7
20150217,1986,0,319000.0,3,2.25,1220,2980,2.0,0,0,3,7
20150202,1980,0,592500.0,6,4.5,3500,8504,2.0,0,0,3,7
20140513,1977,0,350000.0,3,2.5,2010,14298,2.0,0,0,3,7
20150226,1973,0,454900.0,3,1.75,2130,9775,1.0,0,0,4,8
20150415,1992,0,272000.0,4,2.25,1800,9018,2.0,0,0,3,7
20150326,1994,0,280000.0,4,2.0,1600,6861,1.0,0,0,3,7
20140722,1982,0,750000.0,3,2.25,3270,168000,2.0,0,0,4,10
20140717,2001,0,525000.0,3,2.25,2110,2850,3.0,0,0,3,8
20140827,1986,0,225000.0,3,2.0,1320,5665,1.0,0,0,3,7
20150116,2014,0,674000.0,3,3.25,2320,6744,2.0,0,0,3,9
20150127,2003,0,442250.0,3,2.5,2170,8169,2.0,0,0,3,8
20140513,1977,0,591000.0,4,2.25,2710,38180,2.0,0,0,4,8
20141113,1998,0,276000.0,3,2.0,1450,8928,1.0,0,0,3,7
20140822,1988,0,394000.0,3,2.5,1370,4400,1.0,0,0,3,8
20141119,2001,0,355000.0,3,2.5,1810,3192,1.0,0,0,3,7
20140701,1987,0,300000.0,3,2.75,2090,9620,1.0,0,0,3,8
20150324,1987,0,310000.0,3,2.75,2090,9620,1.0,0,0,3,8
20141202,1976,0,209000.0,3,1.0,1330,6900,1.0,0,0,3,7
20141211,1985,0,344950.0,3,2.0,1330,7419,1.0,0,0,3,7
20150424,1978,0,336950.0,3,1.75,2310,7680,1.0,0,0,4,8
20140904,1987,0,230000.0,3,2.0,1310,7332,1.0,0,0,3,7
20140620,1994,0,443500.0,4,2.5,2040,21781,2.0,0,0,3,8
20150414,1994,0,471000.0,4,2.5,2040,21781,2.0,0,0,3,8
20141212,1975,0,600000.0,4,1.75,1700,7800,1.0,0,0,4,8
20140527,1997,0,1381000.0,4,3.75,3160,9525,2.5,0,0,3,10
20141114,1985,0,427800.0,3,1.75,1340,13241,1.0,0,2,3,7
20141111,1989,0,577000.0,3,1.5,1560,20251,1.0,0,0,5,7
20150506,1990,0,427000.0,3,2.5,2620,108464,2.0,0,0,4,8
20150506,2002,0,425000.0,4,3.0,2430,5502,2.0,0,0,3,8
20150412,1987,0,746500.0,4,2.5,3460,9699,2.0,0,0,3,10
20140617,1983,0,229950.0,3,2.0,1410,7466,1.0,0,0,3,7
20150427,1993,0,1400000.0,4,3.5,4380,66613,1.5,0,0,3,11
20141031,1984,0,753000.0,3,2.25,2290,9047,2.0,0,0,4,8
20141211,1985,0,725000.0,3,2.5,2620,28703,1.0,0,0,3,10
20140814,2001,0,1699000.0,3,3.25,4160,35153,3.0,0,2,3,12
20150202,1979,0,431000.0,3,2.25,1830,8831,1.0,0,0,3,7
20150326,1998,0,358500.0,3,2.5,2000,8057,1.0,0,0,3,8
20150319,2000,0,468000.0,4,2.5,3040,20682,2.0,0,0,3,7
20140525,2003,0,295000.0,3,2.5,1560,4200,2.0,0,0,3,7
20140731,1986,0,403900.0,4,2.5,2050,8909,1.0,0,2,4,8
20150218,1998,0,640000.0,3,3.5,1740,1975,2.0,0,3,3,8
20140617,1987,0,255000.0,3,1.75,1700,7532,1.0,0,0,3,7
20140623,2008,0,300000.0,4,2.5,2620,4469,2.0,0,0,3,7
20150320,1973,0,270000.0,3,2.25,1500,7410,1.0,0,0,4,7
20150406,2006,0,635000.0,2,2.5,1390,1132,2.0,0,0,3,8
20140611,2004,0,785000.0,3,3.5,4500,21870,2.0,0,0,3,10
20150220,1977,0,522500.0,4,3.0,2370,8154,1.0,0,0,3,7
20140722,1978,0,150000.0,2,1.5,1360,1934,2.0,0,0,4,7
20140618,1989,0,3000000.0,4,4.25,4850,12445,2.0,1,4,5,10
20140710,1999,0,379900.0,3,2.0,3110,44967,2.0,0,0,3,9
20141121,2006,0,950000.0,4,2.5,3700,7051,2.0,0,0,3,11
20150211,1989,0,257000.0,3,1.75,1330,36537,1.0,0,0,4,7
20150209,1980,0,1600000.0,3,2.75,3040,21052,2.0,0,0,4,10
20141211,1983,0,1400000.0,5,3.75,3700,7920,3.0,0,4,3,9
20141009,1993,0,311000.0,5,3.0,2020,5917,1.0,0,0,3,7
20140626,2008,0,1080000.0,4,3.5,3990,5267,2.0,0,0,3,10
20140903,2006,0,530000.0,2,2.5,1900,2983,2.0,0,0,3,8
20140811,2006,0,511000.0,5,2.5,3361,6983,2.0,0,0,3,10
20150310,2005,0,370000.0,5,2.5,2740,5460,2.0,0,0,3,8
20141105,1998,0,710000.0,4,2.5,4070,129808,2.0,0,0,3,10
20140605,2003,0,1800000.0,5,4.5,4400,15580,2.0,0,0,3,11
20141208,2004,0,278000.0,2,2.5,1420,2229,2.0,0,0,3,7
20140910,1983,0,498000.0,3,3.0,2360,2750,2.0,0,1,3,7
20140527,1991,0,857000.0,4,3.0,3720,29043,2.0,0,0,3,9
20150225,1978,0,780000.0,3,1.75,1690,13500,1.0,0,0,4,7
20150409,1973,0,559500.0,4,1.75,1650,7088,1.0,0,0,3,8
20140725,1977,0,671500.0,4,2.25,2130,8410,2.0,0,0,4,8
20140903,1999,0,813000.0,4,2.5,3320,52707,2.0,0,0,3,10
20150427,2005,0,663000.0,4,2.5,3570,6246,2.0,0,0,3,7
20140620,1983,0,329950.0,3,2.5,1820,8085,2.0,0,0,3,7
20140811,1999,0,1047500.0,3,2.25,2930,7005,3.0,0,2,3,9
20150507,2006,0,448000.0,4,2.5,2230,5000,1.0,0,0,3,7
20141216,1995,0,490000.0,4,2.5,2242,37451,2.0,0,0,3,8
20141119,1990,0,240000.0,2,1.5,1078,1263,2.0,0,0,3,7
20150225,1977,2014,524950.0,3,1.5,2700,24539,2.0,0,0,3,7
20150407,1985,0,729000.0,4,2.5,2450,27081,2.0,0,0,3,8
20140814,1972,0,1168000.0,5,2.75,2910,15118,1.0,0,0,5,9
20141015,1979,0,825000.0,4,2.25,2430,10050,2.0,0,0,4,8
20140729,2003,0,314950.0,2,2.5,1860,6359,2.0,0,0,3,7
20140613,1983,0,305000.0,3,1.5,1210,5240,1.0,0,0,4,7
20150401,2007,0,874000.0,3,2.5,1350,941,3.0,0,0,3,9
20150313,1991,0,477500.0,3,2.0,1860,5146,2.0,0,0,3,8
20150306,2005,0,515000.0,4,3.5,3400,5222,2.0,0,0,3,9
20141016,1991,0,590000.0,4,2.5,2240,9385,2.0,0,0,3,8
20140701,1981,0,205000.0,3,1.75,1170,8239,1.0,0,0,3,7
20141022,1987,0,310000.0,3,3.25,3130,9302,2.0,0,0,3,8
20140821,1987,0,442500.0,2,2.25,1510,7280,2.0,0,0,3,7
20141106,2000,0,1078500.0,4,3.5,3740,41458,2.0,0,2,3,11
20140825,1980,1991,530000.0,4,2.5,2690,46609,2.0,0,0,3,8
20140526,2001,0,370000.0,3,2.5,1780,4050,2.0,0,0,3,7
20140524,1994,0,245000.0,3,1.75,1260,6908,1.0,0,0,3,7
20150407,1999,0,1164000.0,3,3.5,3620,8072,2.0,0,0,3,10
20140716,2007,0,289000.0,2,1.5,1010,1309,2.0,0,0,3,7
20150417,1977,0,240000.0,3,1.5,1460,13503,1.0,0,0,4,6
20141222,1995,0,350000.0,3,2.25,1760,9621,2.0,0,0,3,7
20141029,2006,0,246950.0,3,3.5,1790,1682,2.0,0,0,3,7
20150225,2003,0,533000.0,4,2.5,2590,6394,2.0,0,0,3,8
20141029,2007,0,495000.0,4,2.5,4060,8547,2.0,0,0,3,9
20140616,1990,0,862000.0,4,2.5,3190,14565,2.0,0,0,3,11
20140819,1990,0,870000.0,4,2.5,3190,14565,2.0,0,0,3,11
20140903,1979,0,317000.0,6,3.5,2120,5840,2.0,0,0,5,7
20140725,1991,0,325000.0,4,2.75,2110,6838,2.0,0,0,4,8
20140721,1992,0,334950.0,4,2.5,2410,7846,2.0,0,0,3,8
20140821,1989,0,775000.0,3,2.5,1980,7807,2.0,0,0,4,9
20150415,2000,0,495000.0,3,2.5,2577,156816,2.0,0,0,3,8
20140814,1984,0,507000.0,3,2.25,1810,8158,1.0,0,0,3,8
20140617,2000,0,1170000.0,4,2.5,2570,6251,2.0,0,0,3,9
20140811,1979,0,317500.0,4,2.5,2150,9000,1.0,0,0,4,7
20140722,1989,0,420000.0,4,2.0,2280,10319,1.0,0,3,4,8
20150323,2004,0,650000.0,3,2.5,2320,5284,2.0,0,0,3,8
20150115,1978,0,275000.0,4,2.25,2490,7233,1.0,0,0,3,8
20140709,2000,0,299880.0,3,2.5,1460,3044,2.0,0,0,3,7
20140527,2014,0,499950.0,3,3.5,1820,1501,2.0,0,0,3,8
20141203,1972,2007,1705000.0,5,3.0,4290,17100,1.0,0,3,3,9
20140602,2003,0,300000.0,4,2.5,2070,7476,2.0,0,0,3,8
20140819,2001,0,2300000.0,4,3.25,4110,15929,2.0,1,4,3,12
20141202,1979,0,387500.0,4,2.5,3190,9856,2.0,0,0,3,8
20150410,2008,0,568000.0,3,2.5,1740,1308,3.0,0,0,3,8
20140922,1996,0,525000.0,4,2.5,2140,7754,2.0,0,0,3,8
20140604,1996,0,560000.0,3,2.5,2070,12708,2.0,0,0,3,8
20141020,2008,0,394000.0,3,2.5,1680,4075,2.0,0,0,3,7
20140729,1999,0,315000.0,3,2.5,1260,2767,2.0,0,0,3,8
20140509,1993,0,590000.0,4,2.25,2430,32496,1.0,0,0,3,9
20141118,1994,0,751000.0,3,2.5,3380,9528,2.0,0,0,3,10
20141024,2002,0,440500.0,3,2.5,1600,3172,2.0,0,0,3,7
20150318,1979,0,1017000.0,3,2.5,2605,2216,2.0,0,2,4,9
20150511,2010,0,589000.0,2,2.0,1850,4667,1.0,0,0,3,8
20140829,1986,0,273000.0,3,2.25,1830,7651,2.0,0,0,3,8
20141124,1984,0,299900.0,3,2.25,2100,8163,2.0,0,0,3,7
20150317,1988,0,281000.0,3,1.75,1690,9826,1.0,0,0,4,7
20140620,1997,0,282000.0,4,2.0,1890,6302,2.0,0,0,3,7
20150220,1972,0,745000.0,4,1.75,1990,8900,1.0,0,0,4,8
20140820,1980,0,245000.0,3,1.75,1480,3900,1.0,0,0,4,7
20141020,1980,0,250000.0,3,1.75,1480,3900,1.0,0,0,4,7
20140922,2005,0,470000.0,3,2.5,2120,2374,2.0,0,0,3,8
20141015,2007,0,216650.0,3,3.5,1480,1077,2.0,0,0,3,7
20150505,1975,0,440000.0,3,1.0,1250,8412,1.0,0,0,4,7
20140613,1989,0,590000.0,4,2.5,2010,7972,2.0,0,0,4,8
20141028,1975,0,935000.0,5,2.5,3150,35283,1.0,0,0,3,10
20140922,2000,0,848000.0,3,3.5,3010,5717,2.0,0,0,3,10
20150312,2000,0,827500.0,5,4.25,3920,5823,2.0,0,0,3,9
20140507,2011,0,630000.0,2,2.25,2550,5663,1.0,0,0,3,10
20141209,1993,0,2750000.0,4,4.0,4130,5575,2.0,1,4,4,10
20150102,1976,0,514500.0,4,2.5,2990,9614,1.0,0,2,4,9
20140625,2008,0,660000.0,3,2.75,2210,4000,2.0,0,0,3,8
20150303,2000,0,647000.0,4,2.5,2390,5800,2.0,0,0,3,9
20140610,1976,0,366000.0,3,1.75,1520,8625,1.0,0,0,3,8
20140524,1989,0,496700.0,3,2.5,1740,5782,2.0,0,0,4,8
20140519,1985,0,350000.0,3,2.25,1640,7200,2.0,0,0,4,8
20140922,1985,0,561000.0,3,2.25,1640,7200,2.0,0,0,4,8
20141016,2007,0,275000.0,3,1.5,1170,1174,2.0,0,0,3,7
20141028,1980,0,290000.0,3,1.75,1590,13500,1.0,0,0,4,7
20150211,1993,0,199000.0,3,2.5,1750,6725,1.0,0,0,3,7
20150324,2001,0,279900.0,4,2.5,1770,4338,2.0,0,0,3,7
20150413,1978,0,405000.0,3,2.5,2160,10200,1.0,0,0,3,7
20150127,1977,0,615000.0,4,2.25,2360,15860,1.0,0,0,3,9
20141002,1978,0,268000.0,3,1.75,1980,12543,1.0,0,0,3,8
20141215,2012,0,850000.0,2,2.75,2700,9854,1.0,0,0,3,9
20150409,2002,0,370350.0,3,3.5,1340,1168,2.0,0,2,3,8
20140729,2004,0,543000.0,3,2.5,1540,1256,3.0,0,0,3,8
20150325,2001,0,497000.0,3,2.5,2630,4611,2.0,0,0,3,8
20150412,1979,0,419000.0,4,2.25,1880,9727,1.0,0,0,3,7
20140724,1989,0,545800.0,4,2.5,1980,4500,2.0,0,0,3,8
20150403,1977,0,403000.0,3,1.0,1500,10730,1.0,0,0,3,7
20140929,1977,0,255000.0,5,1.75,1970,8925,1.0,0,0,5,7
20140925,1975,0,370900.0,3,1.5,1200,8560,1.0,0,0,4,7
20150227,1999,0,499000.0,4,2.5,1970,2601,2.0,0,0,3,7
20150113,2001,0,455000.0,2,1.5,1020,1146,3.0,0,0,3,7
20141030,1974,0,580000.0,3,2.25,1670,7416,1.0,0,0,4,7
20140514,2008,0,966000.0,5,4.5,3810,8019,2.0,0,0,3,10
20150223,2004,0,328500.0,3,2.25,1390,1407,3.0,0,0,3,7
20150217,1996,0,398500.0,3,2.5,1630,1971,2.0,0,0,3,8
20150316,1995,0,1065000.0,3,2.75,2290,5002,2.0,0,0,4,9
20141001,1981,0,510000.0,3,2.25,2750,219542,2.0,0,0,3,7
20140522,1998,0,254500.0,4,2.75,2570,7264,2.0,0,0,3,8
20150506,1994,0,210000.0,3,2.5,1610,6732,2.0,0,0,3,7
20140825,1991,0,349950.0,3,2.5,2140,7715,2.0,0,0,3,7
20150102,2006,0,475000.0,4,3.5,2440,3052,2.0,0,0,3,8
20140903,1997,0,1209000.0,4,3.25,4330,26162,2.0,0,0,3,11
20141124,1981,0,475000.0,4,1.75,2160,19283,2.0,0,0,3,8
20140729,1995,0,849000.0,3,3.0,2960,42159,2.0,0,0,3,10
20141028,2002,0,825000.0,3,2.5,3760,5260,2.0,0,0,3,9
20140512,2008,0,265000.0,2,1.0,1290,2828,2.0,0,0,3,7
20150407,1979,0,560000.0,3,2.75,1620,7500,1.0,0,0,5,7
20141113,1987,0,765000.0,4,2.5,3360,13636,2.0,0,0,3,10
20140722,1975,0,610000.0,5,2.75,2930,31411,1.0,0,0,4,9
20140903,1996,0,589000.0,3,2.5,2940,4799,1.0,0,0,3,9
20150109,1995,0,3200000.0,3,3.25,4560,13363,1.0,0,4,3,11
20141112,1992,0,950000.0,4,3.5,4030,4200,3.0,0,0,3,9
20141205,1999,0,690000.0,4,2.5,2740,8120,2.0,0,0,3,9
20140509,1984,0,312000.0,4,2.25,1930,7452,1.0,0,0,3,7
20140701,2004,0,357500.0,3,3.5,2080,5100,2.0,0,0,3,8
20141021,1988,0,515000.0,3,2.75,3290,11441,2.0,0,0,4,10
20140623,2014,0,491234.0,4,2.5,1540,1860,2.0,0,0,3,8
20150319,1988,0,290000.0,3,2.0,1310,6265,1.0,0,0,3,7
20140821,1975,0,490000.0,4,2.5,2120,7820,1.0,0,0,3,8
20150410,2001,0,299999.0,3,2.5,2380,9719,2.0,0,0,3,8
20150309,1993,0,400000.0,3,2.75,2220,5000,2.0,0,0,3,7
20150203,2005,0,804000.0,4,2.5,2620,5060,2.0,0,0,3,9
20150514,1994,0,360000.0,4,2.5,2020,7289,2.0,0,0,3,7
20141023,1987,0,240000.0,3,1.75,1240,10956,1.0,0,0,3,6
20140722,1988,0,335000.0,2,2.0,1380,5840,1.0,0,0,3,7
20150209,1980,0,315000.0,3,1.75,1410,15134,1.0,0,0,3,7
20141208,1985,0,258950.0,3,1.75,1440,8050,1.0,0,0,3,8
20140617,2004,0,479000.0,2,2.25,1230,932,2.0,0,0,3,8
20150401,2004,0,1450000.0,4,3.5,5000,38012,2.0,0,0,3,11
20140623,1978,0,460000.0,5,2.5,3390,9760,1.0,0,0,5,8
20150326,2006,0,412250.0,2,2.0,1300,2983,1.0,0,0,3,8
20141120,1985,0,185000.0,3,1.5,1280,4031,2.0,0,0,4,6
20150407,1975,0,286500.0,3,2.0,1840,8140,1.0,0,0,4,7
20150502,2002,0,422000.0,4,2.5,3200,6691,2.0,0,0,3,7
20150319,1985,0,408000.0,3,2.25,2800,35362,2.0,0,0,3,9
20150413,2005,0,359900.0,4,2.5,2600,5188,2.0,0,0,3,8
20140709,2002,0,560000.0,3,2.5,1960,6058,2.0,0,0,3,8
20140730,1976,2003,1185000.0,4,2.75,3020,8622,2.0,0,0,3,9
20150130,1998,0,544000.0,3,2.5,1760,1755,3.5,0,0,3,8
20150422,1998,0,402000.0,3,1.5,1320,3145,2.0,0,0,3,7
20140724,1977,0,216000.0,3,1.75,1580,9705,1.0,0,0,4,7
20140617,2004,0,1200000.0,4,3.5,4170,9748,2.0,0,0,3,11
20140516,2004,0,238000.0,3,2.0,1020,1204,2.0,0,0,3,7
20140701,1997,0,1110000.0,5,3.25,3350,4000,2.0,0,0,4,8
20140528,1995,0,820000.0,3,2.5,2510,5503,2.0,0,2,3,9
20141201,1974,0,355000.0,3,2.5,1880,5290,1.0,0,0,3,8
20150302,1991,0,1300000.0,5,2.5,4170,33310,2.0,0,0,4,11
20140716,2006,0,835000.0,4,2.5,3650,7784,2.0,0,0,3,9
20150211,1990,0,550000.0,4,2.5,2090,6926,2.0,0,0,3,8
20150128,1996,0,311000.0,4,2.5,1975,8734,2.0,0,0,3,7
20140807,2003,0,450000.0,3,3.25,1770,1863,2.0,0,0,3,8
20141107,1981,0,614000.0,4,2.25,2880,9996,1.0,0,0,4,8
20140821,1983,0,440000.0,2,1.0,1280,12086,1.0,0,0,3,7
20140617,2010,0,472000.0,3,2.5,1180,1262,3.0,0,0,3,8
20150507,1992,0,254000.0,3,2.0,1470,7694,1.0,0,0,4,7
20150225,2000,0,491000.0,3,2.0,1250,1306,3.0,0,0,3,7
20150421,2002,0,948000.0,3,2.5,3510,9824,2.0,0,0,3,9
20150309,1977,0,270000.0,3,1.75,2840,9800,1.0,0,0,4,7
20140617,1980,0,198000.0,3,1.5,1430,7347,1.0,0,0,3,7
20140730,2004,0,615000.0,4,2.5,2120,3720,2.0,0,0,3,8
20140916,1988,0,550000.0,3,2.5,2080,7749,2.0,0,0,3,8
20141017,1987,0,190000.0,2,2.5,1370,3438,2.0,0,0,3,7
20141007,1984,0,629000.0,4,2.25,1900,11171,1.0,0,0,3,8
20150121,1991,0,272000.0,1,0.75,1040,6034,1.0,0,1,3,7
20140627,1988,0,665000.0,3,2.5,2610,35000,2.0,0,0,3,10
20141009,1971,0,510000.0,3,2.0,1990,7405,1.0,0,0,5,7
20140724,1990,0,790000.0,4,2.75,2640,9000,2.0,0,0,3,10
20140723,1985,0,410000.0,3,2.25,1790,5794,1.5,0,0,3,7
20140701,2007,0,332888.0,2,2.5,1050,1029,2.0,0,0,3,8
20150220,1976,0,300000.0,3,1.75,1730,6900,1.0,0,0,4,7
20150320,1992,0,752875.0,4,2.5,2800,72309,2.0,0,0,3,9
20140630,2008,0,1730000.0,5,3.5,5000,26540,2.0,0,3,3,10
20141103,1991,0,244000.0,3,2.5,1470,9337,2.0,0,0,3,7
20150401,2006,0,1420000.0,5,3.25,3950,11438,2.0,0,2,3,10
20141027,2003,0,840000.0,4,2.75,3040,13559,2.0,0,0,3,11
20140507,1985,0,900000.0,5,3.75,4130,226076,2.0,0,0,3,9
20141009,1972,0,205000.0,4,1.75,1850,65340,1.5,0,0,4,7
20150121,1993,0,205000.0,3,2.5,1600,7295,2.0,0,0,2,7
20150109,2001,0,510000.0,4,2.5,3180,5405,2.0,0,0,3,7
20140620,2002,0,1135000.0,6,4.25,6900,244716,2.0,0,0,4,9
20141209,1981,0,597500.0,3,1.75,2030,32565,1.0,0,0,3,8
20150325,2005,0,299950.0,2,1.5,1390,1756,3.0,0,0,3,7
20141118,1990,0,422500.0,4,2.5,2550,8824,2.0,0,0,3,9
20140715,1974,0,245000.0,3,2.0,1470,8000,1.0,0,0,4,8
20140702,1990,0,720000.0,4,3.0,3550,12327,1.5,0,0,4,10
20150224,1987,0,191950.0,2,2.5,1390,1302,2.0,0,0,3,7
20140923,2005,0,455000.0,4,2.5,2440,5001,2.0,0,0,3,8
20140916,1971,0,310000.0,4,1.0,1030,5750,1.0,0,0,3,7
20140509,2007,0,705000.0,2,2.5,2200,188200,1.0,0,3,3,8
20141124,2005,0,589450.0,4,2.5,3190,7941,2.0,0,0,3,10
20140813,1975,0,750000.0,3,2.25,2250,5301,2.0,0,0,4,8
20140612,1986,0,489950.0,4,2.25,2640,31941,1.0,0,0,4,9
20150302,1996,0,319950.0,3,2.5,1700,7000,2.0,0,0,3,7
20140627,1998,0,255000.0,3,2.5,1720,6194,2.0,0,0,3,8
20140825,2004,0,465000.0,4,2.75,2190,3267,2.0,0,0,3,8
20140915,1991,0,306000.0,3,1.75,1980,9800,1.0,0,0,3,7
20141124,1979,0,995000.0,5,3.25,3970,8029,2.0,0,2,3,9
20141027,2003,0,530000.0,3,2.5,1365,1090,3.0,0,0,3,7
20150302,1981,0,245000.0,3,2.25,1350,6775,1.0,0,0,3,7
20140721,1993,0,303000.0,3,2.75,1850,8820,2.0,0,0,4,8
20150304,1980,0,700000.0,3,1.75,1990,13000,2.0,0,3,3,9
20140819,1987,0,869900.0,6,4.5,2750,4400,2.0,0,0,3,8
20150128,2004,0,400000.0,2,2.0,1050,1173,2.0,0,0,3,8
20140911,2011,0,299950.0,3,2.5,1780,4650,2.0,0,0,3,7
20150327,1994,0,585000.0,4,2.5,2200,9099,2.0,0,0,3,8
20150311,2006,0,2200000.0,5,4.5,5840,17168,2.0,0,0,3,12
20141110,1984,0,447000.0,3,2.25,1520,14080,2.0,0,0,3,7
20141121,1994,0,302500.0,4,2.5,1990,5511,2.0,0,0,3,8
20141125,1982,0,1250000.0,4,4.25,4980,13000,2.0,0,3,3,9
20140710,1986,0,250000.0,3,2.0,1440,5457,2.0,0,0,3,7
20140723,2003,0,435000.0,4,2.5,2440,5350,2.0,0,0,3,7
20140722,2003,0,451000.0,5,3.0,2260,6508,1.0,0,0,3,7
20140515,1986,0,695000.0,3,2.5,4560,17622,2.0,0,0,4,9
20150326,2001,0,1236300.0,5,3.5,3180,4628,2.0,0,0,3,10
20150405,1999,0,419000.0,5,3.0,2190,9652,2.0,0,0,3,7
20140708,2006,0,592350.0,2,2.0,1570,4665,1.0,0,0,3,8
20140806,2003,0,855000.0,5,3.25,3420,5669,2.0,0,0,3,9
20141230,1991,0,771000.0,4,2.5,2420,7200,2.0,0,0,3,9
20150414,1998,0,260000.0,3,2.5,1500,7401,2.0,0,0,3,8
20150220,1991,0,265000.0,3,1.75,1450,5858,1.0,0,0,4,7
20140530,1977,0,465000.0,4,2.25,1820,20349,1.0,0,0,5,8
20141113,1971,0,370000.0,3,1.5,1320,7201,1.0,0,0,3,7
20141215,2008,0,1280000.0,4,3.5,4340,5500,2.0,0,0,3,10
20140611,2006,0,350000.0,3,3.25,1460,1592,2.0,0,0,3,8
20140702,2002,0,256000.0,4,2.5,2050,5787,2.0,0,0,3,7
20150403,1990,0,372000.0,4,2.5,2520,9604,2.0,0,0,3,9
20150319,1978,0,688888.0,3,3.25,2580,9825,1.5,0,1,4,9
20140630,1976,0,170000.0,2,1.0,1200,24792,2.0,0,0,2,7
20140623,2006,0,905000.0,4,3.25,3440,7661,2.0,0,0,3,11
20140825,1979,0,365000.0,4,2.5,1800,5070,1.0,0,0,5,7
20150406,1981,0,312000.0,4,2.5,1790,10584,1.0,0,0,4,7
20150414,2009,0,527700.0,2,2.25,1330,806,3.0,0,0,3,8
20140808,1996,0,512000.0,4,2.5,2550,17209,2.0,0,0,3,9
20141112,2001,0,362000.0,5,2.5,2880,8216,2.0,0,0,3,8
20140630,1985,0,491500.0,3,2.25,1470,4322,2.0,0,0,3,7
20150126,1996,0,364900.0,4,2.5,2490,9346,2.0,0,2,3,9
20141113,1976,0,206990.0,3,1.0,1330,9620,1.0,0,0,5,6
20150410,1985,0,319950.0,3,2.5,2240,7500,2.0,0,0,3,8
20140822,1989,0,205000.0,3,2.0,1800,11419,1.0,0,0,3,8
20141023,2004,0,335000.0,4,2.5,1980,4745,2.0,0,0,3,7
20141030,1996,0,1785000.0,4,3.5,5490,14300,1.0,0,4,3,12
20140808,1978,0,399000.0,3,2.0,1940,16300,1.0,0,0,3,7
20140620,1972,0,400000.0,4,1.75,2670,189486,2.0,0,4,3,8
20140717,1994,0,249900.0,3,2.0,1220,6404,1.0,0,0,3,7
20140807,1995,0,319000.0,4,2.5,1930,8336,2.0,0,0,3,8
20150403,1972,0,635000.0,4,3.0,2100,3800,2.0,0,0,3,8
20140910,1977,0,355000.0,3,1.0,1180,7573,1.0,0,0,4,7
20150401,1990,0,1600000.0,5,3.25,4320,32840,2.0,0,0,3,12
20140826,2005,0,1620000.0,4,3.25,3820,8114,2.0,0,0,3,10
20140702,2002,0,255000.0,4,2.25,1680,3179,2.0,0,0,3,8
20140915,1974,0,289000.0,4,2.25,1930,8925,1.0,0,0,4,8
20140718,2002,0,494500.0,4,3.0,3760,8804,2.0,0,0,3,8
20140604,1973,0,746000.0,3,2.25,2370,9619,1.0,0,0,4,8
20141023,1978,0,385000.0,4,3.0,2120,13000,2.0,0,0,4,8
20141118,1987,0,688100.0,4,2.5,2370,10513,2.0,0,0,4,8
20150312,1999,0,500000.0,3,2.5,2270,5654,2.0,0,0,3,8
20140814,1977,0,255000.0,3,2.25,1830,7770,1.0,0,0,4,7
20140530,1974,0,425000.0,3,2.25,1820,8058,1.0,0,0,3,7
20140721,1988,0,700000.0,4,2.5,2440,7491,2.0,0,0,4,10
20140923,1989,0,498688.0,3,2.5,1910,5600,2.0,0,0,3,8
20141015,1994,0,349900.0,4,2.75,2530,13474,2.0,0,0,4,8
20141022,2001,0,730000.0,4,3.5,3370,5638,2.0,0,0,3,10
20150112,2002,0,1950000.0,4,3.25,7420,167869,2.0,0,3,3,12
20140521,1995,0,332500.0,3,2.25,1800,10500,2.0,0,0,3,7
20141224,1990,0,650000.0,5,3.5,3990,10120,2.0,0,0,3,9
20140829,2002,0,1400000.0,4,2.5,4070,7800,3.0,0,0,4,8
20140722,1990,0,690000.0,4,3.25,3730,11820,2.0,0,0,3,10
20141218,2009,0,1620000.0,3,3.5,3490,4000,2.0,0,0,3,9
20150422,1999,0,339950.0,3,2.5,1730,4286,2.0,0,0,3,7
20150423,1972,0,367999.0,4,2.75,3430,8000,1.5,0,0,4,8
20150218,1994,0,380000.0,4,2.5,2320,10079,2.0,0,0,3,7
20140521,1977,0,975000.0,5,4.0,4850,36450,2.0,0,0,3,10
20150316,2005,0,215000.0,2,2.0,1180,2521,2.0,0,0,3,6
20140502,2014,0,625000.0,4,2.5,2820,8408,2.0,0,0,3,9
20141124,1990,0,294400.0,4,2.5,1788,10183,2.0,0,0,4,7
20150420,1988,0,541900.0,3,2.5,1880,3054,2.0,0,0,3,8
20141217,1977,0,505000.0,3,1.75,2300,11400,1.0,0,0,4,8
20140605,1994,0,255000.0,3,2.5,1610,6176,2.0,0,0,3,7
20140909,2004,0,655000.0,4,3.5,3420,33106,2.0,0,0,3,9
20140626,2005,0,354000.0,4,2.5,2580,5476,2.0,0,0,3,8
20140822,1975,0,810000.0,5,2.75,3847,17654,1.0,0,2,5,9
20140502,1979,0,400000.0,4,2.5,3630,42884,1.5,0,0,3,9
20150107,1979,0,879900.0,4,2.75,3580,12000,1.0,0,0,3,10
20150320,1980,0,1288000.0,5,4.0,4050,11358,2.0,0,0,4,10
20150402,1992,0,902500.0,3,3.5,3240,23522,2.0,0,0,3,10
20140717,2003,0,419500.0,4,2.5,2550,7200,2.0,0,2,3,7
20141107,2004,0,429950.0,4,2.5,2320,4524,2.0,0,0,3,8
20150423,2011,0,464950.0,4,2.5,1640,6000,2.0,0,0,3,7
20141010,1983,0,239900.0,2,1.0,910,9000,1.0,0,0,4,6
20150218,1990,0,406250.0,4,3.25,2550,11524,2.0,0,0,3,8
20141027,1997,0,447000.0,4,2.5,2660,8027,2.0,0,0,3,8
20140605,1996,0,466800.0,3,2.5,1480,14250,2.0,0,0,3,7
20150501,1990,0,674950.0,3,2.75,3510,92347,2.0,0,0,3,10
20150429,2004,0,374900.0,3,2.5,2480,4950,2.0,0,0,3,7
20141205,1984,0,559500.0,3,2.25,2150,9250,2.0,0,0,3,8
20140516,2003,0,522500.0,3,2.5,2370,7875,2.0,0,0,3,9
20150427,1988,0,1130000.0,5,2.5,4310,28008,2.0,0,0,3,10
20140612,1996,0,498500.0,5,2.75,2990,7420,2.0,0,0,3,8
20140514,1992,0,543000.0,2,2.0,2370,217800,1.5,0,0,3,7
20150304,1985,0,271920.0,3,2.0,1410,10248,1.0,0,0,3,7
20140929,1999,0,485500.0,4,2.5,1800,4500,2.0,0,0,3,8
20150122,1993,0,260250.0,3,1.75,1490,8357,1.0,0,0,4,7
20150413,1996,0,875909.0,4,2.5,3610,13292,2.0,0,0,3,10
20140709,1979,0,229000.0,4,2.25,2010,7688,1.0,0,0,3,8
20140508,2004,0,535000.0,4,2.5,2280,65836,2.0,0,0,3,8
20141117,2001,0,571000.0,3,2.5,2510,5186,2.0,0,0,3,7
20140505,1976,0,1030000.0,5,2.75,3190,16920,1.0,0,3,3,9
20140624,1995,0,600000.0,4,3.25,4690,14930,2.0,0,2,3,10
20150428,1977,0,469500.0,3,2.25,1850,12000,1.0,0,0,4,7
20150402,2001,0,1150000.0,4,3.0,4160,13170,2.0,0,0,3,11
20150428,1991,0,872750.0,3,2.5,2870,13695,2.0,0,0,3,10
20140717,2002,0,350000.0,2,1.75,1740,6620,1.5,0,0,3,8
20150410,1975,0,2575000.0,5,3.0,4780,20440,1.0,0,0,4,10
20140729,1980,0,940000.0,4,2.5,3160,39960,1.0,0,0,3,10
20140624,1996,0,850000.0,4,3.5,3920,37122,2.0,0,0,3,10
20150107,1980,0,499000.0,2,1.5,1540,6549,2.0,0,0,3,7
20150408,2002,0,315000.0,4,2.5,1970,5190,2.0,0,0,3,7
20140806,1993,0,509950.0,3,2.5,1880,4668,2.0,0,0,3,8
20140728,1997,0,590000.0,3,2.5,1990,8325,2.0,0,0,4,8
20140822,1997,0,625000.0,4,2.5,3190,27806,2.0,0,0,3,9
20140618,1978,0,239950.0,3,1.75,1670,6900,1.0,0,0,3,7
20150126,1976,0,484000.0,4,1.75,2440,16730,1.0,0,0,3,7
20141121,2002,0,395000.0,4,3.0,2500,6278,2.0,0,0,3,9
20141119,2002,0,839900.0,4,2.5,3420,7462,2.0,0,0,3,9
20141113,1998,0,760000.0,4,2.5,2850,11000,2.0,0,0,3,8
20140915,2004,0,440000.0,3,2.5,2230,5800,2.0,0,0,3,7
20140924,1978,0,739000.0,6,4.5,4000,7500,2.0,0,0,3,7
20140625,1985,0,1005000.0,4,4.5,4225,284011,2.0,0,0,4,11
20140519,1976,0,319950.0,4,1.75,2310,8045,1.0,0,0,4,7
20150320,1985,0,448500.0,3,2.25,1830,7943,2.0,0,0,3,8
20141217,1990,0,365000.0,3,2.5,2470,7700,2.0,0,0,4,8
20140509,1980,0,566000.0,3,2.25,1660,10140,1.0,0,0,4,8
20141020,1984,0,897500.0,4,3.0,4370,217882,2.0,0,0,3,10
20141229,1995,0,738000.0,3,2.5,2620,9112,2.0,0,0,3,9
20141126,1987,0,832500.0,4,2.5,3450,35100,2.0,0,0,3,10
20140717,2001,0,771150.0,4,3.5,3950,12320,2.0,0,0,3,10
20140923,2003,0,389950.0,3,2.5,1700,6396,2.0,0,0,3,7
20140804,2004,0,435000.0,3,2.5,2370,6082,2.0,0,0,3,7
20140714,2005,0,350000.0,3,2.25,1322,1796,2.0,0,0,3,8
20140708,1983,0,250000.0,3,1.75,1140,10400,1.0,0,0,4,7
20150430,2007,0,370000.0,2,1.5,1280,2096,2.0,0,0,3,7
20140729,2008,0,750000.0,4,2.5,3080,4553,2.5,0,0,3,8
20140515,1991,0,263000.0,3,2.25,1590,7748,2.0,0,0,4,7
20150225,1974,0,500000.0,3,1.0,1440,54315,1.0,0,0,3,7
20140926,1993,0,920000.0,4,2.5,3470,10045,2.0,0,0,3,10
20141024,2001,0,936000.0,7,3.75,5100,21802,2.0,0,0,3,10
20150102,1990,0,247000.0,3,2.5,1510,10875,1.0,0,0,3,7
20140602,2002,0,432500.0,3,2.5,2240,6396,2.0,0,0,3,7
20150407,1975,0,536650.0,3,1.75,2090,8910,1.0,0,0,3,8
20140702,1994,0,540000.0,3,2.25,1320,1800,2.0,0,0,3,7
20140926,1980,0,240000.0,3,2.0,1220,17652,1.0,0,0,4,7
20150326,1980,0,415500.0,3,2.0,1220,17652,1.0,0,0,4,7
20140715,1990,0,430000.0,2,2.0,1440,213008,2.0,0,0,4,7
20150128,1999,0,365000.0,4,2.5,1904,8200,2.0,0,0,5,7
20141210,1975,0,257000.0,4,1.5,1400,8500,2.0,0,0,3,7
20140624,2005,0,420000.0,3,2.5,2140,3821,2.0,0,0,3,8
20141212,1996,0,312500.0,4,0.5,2300,5570,2.0,0,0,3,8
20140506,1996,0,513000.0,4,2.5,2000,5684,2.0,0,0,3,8
20141230,1977,0,1060000.0,3,2.75,2700,22343,1.5,0,1,4,10
20141008,2003,0,350500.0,2,2.5,1770,4950,1.0,0,0,3,7
20150427,1985,0,270000.0,3,2.25,1420,7800,1.0,0,0,4,7
20150226,1983,0,401000.0,2,1.5,1260,2625,2.0,0,0,4,7
20150306,1972,0,655000.0,4,2.25,2420,7725,1.0,0,0,4,8
20141014,1992,0,280000.0,3,2.25,1360,9600,2.0,0,0,3,7
20140612,1988,0,531000.0,3,2.5,2120,9736,2.0,0,0,3,9
20140923,1998,0,617000.0,3,2.5,1910,4488,2.0,0,0,3,8
20150213,1973,0,661000.0,4,1.75,1670,13125,1.0,0,0,5,8
20150429,1973,0,697000.0,4,1.75,1670,13125,1.0,0,0,5,8
20150320,1977,0,450000.0,3,2.25,1740,9488,1.0,0,0,4,8
20150116,1988,0,605000.0,3,3.25,2200,2400,2.0,0,0,3,8
20140911,1999,0,699000.0,3,2.0,2010,4320,2.0,0,2,3,9
20140619,1985,0,805000.0,3,3.0,3910,19023,2.0,0,0,3,11
20150306,1984,0,595000.0,4,2.5,2330,7064,1.0,0,0,4,8
20150325,2007,0,725000.0,4,2.5,3270,6055,2.0,0,0,3,9
20141125,1985,0,216300.0,3,2.5,1650,5000,2.0,0,0,3,8
20141020,1983,0,410000.0,4,2.75,2220,8450,1.0,0,0,4,7
20150218,1977,0,325000.0,3,1.0,1300,9300,1.0,0,0,4,7
20141118,1999,0,210000.0,4,2.25,1500,5393,2.0,0,0,3,7
20150211,1977,0,249500.0,4,1.5,2120,8554,1.0,0,0,4,7
20150110,2002,0,325000.0,4,2.5,2240,5105,2.0,0,0,4,8
20150325,1987,0,257000.0,3,1.75,1540,8223,1.0,0,0,4,7
20150420,1978,0,550000.0,3,1.75,1890,100623,1.0,0,3,3,8
20150202,1983,0,299000.0,2,1.5,1160,3838,2.0,0,0,3,7
20141029,1978,0,630000.0,4,2.5,3220,14463,2.0,0,0,3,8
20150303,1988,0,590000.0,4,2.75,2400,104108,2.0,0,0,3,8
20140601,1982,0,1595000.0,5,3.0,3640,8239,2.0,0,3,3,10
20141218,2007,0,348500.0,2,2.25,1550,1824,2.0,0,0,3,8
20140725,2006,0,592500.0,2,2.0,1870,4751,1.0,0,0,3,8
20140610,1995,0,505000.0,3,2.5,2340,5957,2.0,0,0,3,8
20141029,2014,0,1430000.0,5,4.25,3350,3600,2.0,0,0,3,10
20141218,2002,0,315000.0,3,2.5,2240,6097,2.0,0,0,3,8
20140626,1988,0,279900.0,3,1.75,1580,6620,1.0,0,0,3,7
20140506,1977,0,599000.0,4,2.25,2260,29930,2.0,0,0,4,8
20140522,1977,0,555000.0,4,2.25,2350,8140,1.0,0,0,4,8
20141006,1997,0,467500.0,3,1.75,2040,273556,1.0,0,0,3,7
20150407,1996,0,479000.0,4,2.5,2370,30378,2.0,0,0,3,8
20150123,1977,0,299500.0,3,1.0,1380,10875,1.0,0,0,3,7
20150507,1980,0,306888.0,4,1.5,1940,8970,1.5,0,0,3,7
20141006,2001,0,675000.0,4,2.5,3320,244807,2.0,0,0,3,9
20140806,1979,0,525000.0,3,1.75,2300,43560,1.0,0,0,4,7
20140606,2001,0,471000.0,3,2.5,2030,2805,2.0,0,0,3,8
20140801,2004,0,744000.0,4,2.5,3140,7260,2.0,0,0,3,8
20141201,1986,0,460000.0,4,2.25,2690,36114,2.0,0,0,4,9
20140820,1975,0,195000.0,3,1.0,1300,9600,1.0,0,0,4,6
20150423,1979,0,305000.0,3,1.75,1660,11500,1.0,0,0,3,7
20150415,1971,2007,552775.0,3,2.5,1900,18414,2.0,0,0,3,8
20141121,1978,0,418000.0,3,2.5,2080,16050,1.0,0,0,5,8
20140505,1976,1992,600000.0,3,1.75,1670,39639,1.0,0,0,4,8
20150424,1998,0,340000.0,4,2.5,2810,6481,2.0,0,0,3,9
20140826,1994,0,310000.0,3,2.5,2370,6752,2.0,0,0,3,8
20141217,1972,0,290000.0,2,1.75,1700,18000,1.0,0,0,3,8
20140528,1994,0,479900.0,3,2.0,1980,12150,1.0,0,0,3,9
20150423,1987,0,400000.0,3,2.5,2080,7877,2.0,0,0,3,9
20140827,2000,0,300000.0,3,2.5,1590,3381,2.0,0,0,3,7
20140710,1971,0,350000.0,4,2.0,1720,7210,1.0,0,0,3,7
20150224,1978,0,490000.0,3,2.5,2080,12032,2.0,0,0,3,8
20140520,2002,0,289000.0,3,2.5,2090,4700,2.0,0,0,3,8
20141114,2008,0,595000.0,3,2.5,2030,5100,2.0,0,0,3,7
20141211,1989,0,676000.0,3,2.25,2680,41804,1.0,0,0,3,9
20150414,1980,0,389000.0,3,1.75,1820,8028,1.0,0,0,3,7
20140915,1983,0,240000.0,3,2.0,1300,5000,1.0,0,0,4,7
20140617,1993,0,382500.0,4,2.5,2210,7079,2.0,0,0,3,8
20140521,1985,0,429000.0,3,2.5,2420,49928,2.0,0,0,3,8
20140821,1975,0,2135000.0,4,3.25,3860,17820,1.0,0,4,4,10
20150408,1979,0,480000.0,5,2.75,2760,7200,1.0,0,0,3,7
20140720,1993,0,1665000.0,4,3.75,3450,8395,2.0,0,4,4,10
20141201,1975,0,615000.0,3,1.75,2220,7224,1.0,0,2,3,8
20141120,1991,0,438950.0,4,2.5,2470,385506,2.0,0,3,3,7
20140716,1989,0,560000.0,3,2.5,1960,9686,1.0,0,0,3,8
20140506,1999,0,685000.0,4,2.5,3030,7864,2.0,0,0,3,9
20150403,1977,0,486000.0,4,3.0,2260,7336,2.0,0,0,4,7
20140605,1987,0,749000.0,3,2.5,2670,10338,2.0,0,0,3,9
20141114,1986,0,260000.0,3,2.5,1520,6298,2.0,0,0,3,7
20141014,1991,0,355000.0,3,2.0,1480,2502,2.0,0,0,3,7
20150429,2003,0,870000.0,4,2.5,3240,7621,2.0,0,2,3,9
20141112,1984,0,1190000.0,4,2.5,3480,12164,1.5,0,0,4,11
20140910,2006,0,375000.0,4,2.5,2800,5000,2.0,0,0,3,9
20140617,1978,0,269500.0,2,1.5,1480,7276,1.0,0,0,4,6
20150325,2008,0,1450000.0,4,3.5,3720,8301,2.0,0,0,3,10
20140717,2001,0,615000.0,3,2.5,1910,3427,2.0,0,0,3,8
20140916,2002,0,530000.0,4,2.5,3020,6788,2.0,0,0,3,7
20150127,1987,0,474950.0,3,2.0,2250,222156,1.0,0,0,3,7
20140528,2007,0,210000.0,2,1.5,880,1157,2.0,0,0,3,7
20140620,2008,0,1462500.0,5,3.25,3840,4800,3.0,0,3,3,10
20140605,2006,0,310000.0,4,2.25,2192,12128,2.0,0,0,3,8
20150409,2003,0,324500.0,3,2.5,1590,4108,2.0,0,0,3,7
20140709,2005,0,525000.0,4,2.5,3670,9958,2.0,0,0,3,10
20140515,1991,0,525000.0,3,2.5,2700,7434,2.0,0,0,3,9
20140822,1975,0,385000.0,3,2.25,2110,8000,2.0,0,0,3,8
20141217,1999,0,820000.0,4,2.5,3720,8633,2.0,0,0,3,10
20150427,2006,0,1305000.0,4,3.5,3440,5000,2.0,0,0,3,11
20140729,1985,0,549000.0,4,2.25,2420,59800,1.0,0,0,4,8
20140521,1998,0,589000.0,4,2.5,2910,5776,2.0,0,2,3,8
20140806,1986,0,267000.0,3,2.5,1760,6477,2.0,0,0,4,8
20141224,1977,0,480000.0,3,1.5,1540,20281,1.0,0,0,3,7
20150430,2005,0,490000.0,2,1.75,1440,6265,1.0,0,0,3,8
20140610,2000,0,710000.0,3,3.5,2440,3427,2.0,0,0,3,7
20140609,1986,0,325000.0,3,2.0,1350,11805,1.0,0,0,3,7
20140725,1985,0,595000.0,3,3.25,3130,28001,1.0,0,0,3,9
20140619,1983,0,489950.0,3,2.25,1820,7326,2.0,0,0,3,8
20150202,1998,0,359950.0,3,2.0,1790,7212,1.0,0,0,4,8
20140929,2006,0,495000.0,4,2.5,2460,4774,2.0,0,0,3,8
20140521,1973,2013,255000.0,3,1.5,1060,9039,1.0,0,0,3,7
20140707,1971,0,450000.0,3,1.75,1480,8394,1.0,0,0,4,8
20150318,2005,0,655000.0,4,2.5,3500,11306,2.0,0,2,3,9
20140812,1974,0,375000.0,4,1.75,1940,15909,1.0,0,0,3,8
20141017,2003,0,570000.0,4,2.5,2280,4534,2.0,0,0,3,8
20150423,1998,0,350000.0,3,2.25,1190,1022,3.0,0,0,3,8
20150213,1989,0,432000.0,5,2.75,2060,329903,1.5,0,3,5,7
20150123,1983,0,480000.0,3,2.25,1950,8892,2.0,0,0,3,8
20140728,1980,0,402200.0,3,1.75,1790,6980,1.0,0,0,3,7
20150424,1984,0,1199500.0,4,2.5,3240,13044,2.0,0,0,4,9
20140728,1977,0,312000.0,3,2.0,2440,13250,1.0,0,0,4,8
20140702,1987,0,481015.0,3,2.25,1550,5511,2.0,0,0,3,8
20141015,1988,0,1959000.0,5,4.5,6200,23373,3.0,0,1,4,11
20140923,1980,0,624000.0,4,3.25,2810,11250,1.0,0,0,3,8
20150217,1984,0,156601.0,2,1.75,1210,9750,1.0,0,0,3,7
20140719,2004,0,374950.0,4,2.5,2790,4650,2.0,0,0,3,8
20140717,1980,0,198000.0,3,1.75,1300,6318,1.0,0,0,3,7
20140617,1978,0,950000.0,3,2.75,2750,18029,1.0,0,2,5,9
20140620,1998,0,995000.0,4,4.5,3850,13551,2.0,0,2,3,10
20140709,2007,0,737000.0,2,2.25,2290,9772,1.0,0,0,3,8
20140702,1974,0,575000.0,3,1.75,2680,8625,1.0,0,0,5,8
20141017,1976,0,280000.0,4,2.0,1710,5440,1.0,0,0,5,8
20140515,1994,0,349950.0,3,2.5,1700,7496,2.0,0,0,3,8
20140602,1980,0,870000.0,4,3.0,4500,21780,2.0,0,2,3,9
20140729,2006,0,440000.0,4,2.5,3220,8256,2.0,0,0,3,8
20150505,2001,0,518000.0,2,1.5,1140,1149,2.0,0,0,3,7
20150325,1993,0,259500.0,3,2.25,1490,7589,2.0,0,0,3,7
20141029,1993,0,795127.0,4,3.25,4360,91158,1.0,0,0,3,10
20150429,1999,0,330000.0,2,2.5,1310,2915,2.0,0,0,3,8
20140701,1987,0,595000.0,4,2.5,1820,20011,2.0,0,0,3,8
20141117,2001,0,925900.0,4,3.75,3980,7828,2.0,0,0,3,10
20140808,1978,0,499000.0,3,2.25,3010,9600,2.0,0,0,3,8
20150403,1993,0,325000.0,4,2.5,1830,7762,2.0,0,0,3,8
20141117,1973,0,295000.0,4,2.0,1810,42981,1.0,0,0,4,7
20141120,2008,0,749950.0,4,2.5,2370,2971,2.0,0,2,3,9
20140826,1995,0,420000.0,3,2.25,2020,21010,2.0,0,0,3,7
20150427,1980,0,160000.0,2,1.0,1140,23030,1.0,0,0,3,8
20141215,2002,0,353000.0,4,2.5,1830,5331,2.0,0,0,3,7
20150206,1982,0,390000.0,3,2.0,1010,14183,1.0,0,0,3,8
20150305,1971,0,675000.0,4,2.5,1770,9858,1.0,0,2,3,8
20150313,2006,0,400000.0,3,2.5,2120,3757,2.0,0,0,3,7
20140626,2003,0,1340000.0,4,3.5,3190,5040,2.0,0,3,3,10
20140618,1972,0,850000.0,5,3.5,3450,28324,1.0,0,0,5,8
20140715,1983,0,275000.0,3,1.5,1060,6954,1.0,0,0,4,6
20140813,2000,0,450000.0,3,2.5,1670,2589,2.0,0,0,3,8
20150413,1978,0,468000.0,2,1.75,1510,4500,1.0,0,0,3,8
20150220,2004,0,324950.0,4,2.5,1770,5000,2.0,0,0,3,7
20150326,1987,0,290000.0,3,2.0,1260,7346,1.0,0,0,3,7
20150429,1981,0,488500.0,3,2.0,1710,10959,1.0,0,0,4,7
20150410,1991,0,417000.0,3,2.75,1820,52889,2.0,0,0,3,8
20140708,1978,0,1115000.0,4,2.5,3180,31931,1.0,0,0,4,10
20150422,1978,0,1550000.0,4,4.0,5280,17677,2.0,0,3,3,11
20140502,1995,0,604000.0,3,2.5,3240,33151,2.0,0,2,3,10
20150428,1986,0,380000.0,3,2.5,2390,8102,2.0,0,0,4,8
20141116,2003,0,336500.0,4,2.5,2500,5264,2.0,0,0,3,7
20150506,2003,0,4208000.0,5,6.0,7440,21540,2.0,0,0,3,12
20140523,1987,0,549900.0,4,3.0,2830,213879,2.0,0,0,4,8
20141205,1988,0,357000.0,4,2.75,2700,49428,1.0,0,0,4,9
20140828,1973,0,107000.0,3,1.5,910,5120,1.0,0,0,3,6
20141202,1973,0,232900.0,3,1.5,910,5120,1.0,0,0,3,6
20150327,1999,0,248500.0,2,1.5,880,1498,2.0,0,0,3,7
20140625,1978,0,599990.0,3,2.25,2680,9162,1.0,0,0,3,8
20140827,2000,0,979500.0,4,3.75,4133,361548,2.0,0,0,3,11
20150410,1973,0,650100.0,2,1.0,1750,60872,1.0,0,0,4,7
20140524,1996,0,347000.0,4,1.5,2670,10026,2.0,0,0,3,8
20150507,1971,0,615000.0,4,2.25,1780,10260,2.0,0,0,3,8
20141028,1980,0,943500.0,3,2.25,2370,10890,2.0,0,0,4,7
20150407,1975,0,547500.0,4,2.5,2610,7254,1.0,0,0,2,8
20150401,1987,0,660000.0,3,2.5,2590,35640,1.0,0,0,3,9
20140523,1988,0,258000.0,3,1.75,1620,7540,1.0,0,0,3,7
20140627,1980,0,355000.0,3,1.75,2040,22693,1.0,0,0,4,8
20141113,1986,0,239000.0,2,2.0,1470,2052,1.5,0,0,3,7
20150403,1984,0,628000.0,3,2.25,1720,8521,1.0,0,0,4,7
20150310,2004,0,352000.0,2,2.5,1320,1957,1.0,0,0,3,8
20150203,2007,0,311600.0,3,2.25,1358,1196,3.0,0,0,3,7
20150402,1980,0,680000.0,3,2.25,2300,9914,2.0,0,0,4,8
20140626,1990,0,710000.0,3,3.25,3740,136915,2.5,0,0,3,11
20141107,1980,0,230000.0,3,1.0,1360,9310,1.0,0,0,4,7
20140818,2004,0,1169000.0,5,4.25,4610,13252,2.0,0,4,3,11
20150225,2003,0,595000.0,3,2.5,2250,8300,2.0,0,0,3,8
20150310,1976,0,485000.0,3,1.75,2030,10089,1.0,0,0,4,8
20140624,1997,0,236000.0,4,2.75,2000,5827,2.0,0,0,3,7
20140919,1992,0,550000.0,4,2.5,2810,7549,2.0,0,0,3,9
20150421,1997,0,630000.0,4,2.5,2540,8706,2.0,0,0,3,9
20140617,1971,0,560000.0,3,2.0,2340,3477,1.0,0,1,5,7
20141022,2007,0,280000.0,3,2.25,1358,1141,3.0,0,0,3,7
20140825,1979,0,225000.0,3,2.5,1750,7490,1.0,0,0,4,7
20140605,1990,0,610000.0,4,1.75,1830,29110,2.0,0,0,3,8
20141009,1992,0,750000.0,4,2.75,3170,7634,2.0,0,0,3,10
20141023,1977,0,164000.0,4,1.0,1530,4875,2.0,0,0,3,7
20140625,1994,0,544000.0,4,2.5,2030,3974,2.0,0,0,3,8
20140909,1978,0,344950.0,3,1.75,1870,7500,1.0,0,0,5,8
20140606,1990,0,539500.0,3,2.5,3080,12476,2.0,0,0,3,10
20140619,2001,0,1068000.0,5,3.5,3990,9938,2.0,0,0,3,11
20140808,2005,0,397500.0,3,2.25,1430,1383,3.0,0,0,3,8
20140923,1985,0,650000.0,4,2.5,2290,10186,2.0,0,0,3,8
20140623,2005,0,649000.0,2,1.75,2260,280962,2.0,0,2,3,9
20141209,2001,0,795000.0,2,2.5,2830,8630,2.0,0,0,3,10
20150130,1976,0,502775.0,3,1.75,1700,9840,1.0,0,0,4,8
20140823,1994,0,728000.0,4,2.5,2650,13684,2.0,0,0,3,9
20140929,1994,0,850000.0,5,3.5,3870,65556,2.0,0,0,3,10
20141002,1998,0,525000.0,4,2.75,2530,17856,2.0,0,0,3,8
20140519,2009,0,433500.0,3,2.5,2200,3360,2.0,0,0,3,8
20140922,1977,0,500000.0,3,1.75,1530,14633,1.0,0,0,3,7
20140707,1985,0,645000.0,4,2.5,2690,18653,2.0,0,0,3,8
20141002,1972,0,222500.0,3,1.0,990,10125,1.0,0,0,3,7
20140715,1976,0,275000.0,3,1.75,1300,8099,1.0,0,0,4,7
20140814,1994,0,297000.0,3,2.5,1840,8234,2.0,0,0,3,8
20150512,1997,0,625000.0,5,3.5,4010,6000,2.0,0,3,3,9
20141030,2003,0,770000.0,4,2.5,3560,6187,2.0,0,0,3,9
20140929,1973,0,230500.0,3,2.25,1690,7245,1.0,0,1,3,7
20141229,1999,0,377500.0,4,2.5,2640,10720,2.0,0,0,3,8
20150206,2006,0,475000.0,4,2.5,2320,10046,2.0,0,0,3,7
20150508,2008,0,399000.0,3,1.75,2170,73616,1.0,0,0,3,7
20150206,1977,0,366400.0,4,2.25,2040,14383,1.0,0,0,4,8
20150320,1993,0,627250.0,4,2.5,2830,10677,2.0,0,0,3,9
20150218,1978,0,162000.0,3,2.25,1810,6750,1.0,0,0,3,7
20141223,1972,0,450000.0,4,2.5,2820,15233,1.0,0,2,4,9
20141117,1981,0,311000.0,3,2.75,1400,7880,1.0,0,0,3,7
20140613,1985,0,485000.0,3,2.5,1580,6065,2.0,0,0,3,8
20140716,1987,0,485000.0,3,2.5,1800,11034,2.0,0,0,4,8
20140715,1975,0,185000.0,3,1.0,1510,17040,1.0,0,0,4,6
20141201,2013,0,1890000.0,4,4.25,4285,9345,2.0,0,0,3,10
20150508,1990,0,260000.0,3,2.25,1610,7423,2.0,0,0,4,7
20150430,2004,0,356000.0,4,2.5,2470,5074,2.0,0,0,3,8
20150319,1977,0,225205.0,3,1.0,1200,7220,1.0,0,0,3,6
20150430,2005,0,572000.0,2,2.0,1870,5143,1.0,0,0,3,8
20140831,1994,0,348450.0,4,2.5,1950,8628,2.0,0,0,3,8
20140606,1983,0,535500.0,3,1.5,1730,40250,2.0,0,0,4,8
20140620,1996,0,355000.0,4,2.5,2040,8265,2.0,0,0,3,7
20150323,2004,0,333000.0,4,2.5,2690,5505,2.0,0,0,3,8
20140826,1993,0,282000.0,3,2.5,1610,6000,2.0,0,0,4,7
20140701,1979,0,174000.0,2,1.0,900,13531,1.0,0,0,3,6
20150422,1977,0,740000.0,4,2.0,2800,8540,1.0,0,0,4,8
20150429,1978,0,575000.0,3,2.75,1990,9600,1.0,0,0,3,8
20150209,2010,0,530000.0,2,1.75,1170,976,2.0,0,0,3,9
20140826,1978,0,230000.0,3,1.0,880,7500,1.0,0,0,3,7
20140711,1983,0,440000.0,3,1.75,1450,6829,1.0,0,0,3,8
20140516,2007,0,375000.0,3,1.5,1100,1751,2.0,0,0,3,8
20141107,1980,0,442500.0,3,1.5,2710,47419,1.5,0,0,3,7
20141016,1981,0,381800.0,4,2.0,1530,5250,1.0,0,0,3,7
20140513,1973,0,90000.0,2,1.0,790,2640,1.0,0,0,3,7
20140507,1988,0,618080.0,3,2.5,2030,6500,2.0,0,0,3,8
20141006,1979,0,325000.0,3,2.25,2480,8755,2.0,0,0,3,8
20141218,1978,0,364000.0,2,1.5,1650,7311,1.0,0,0,3,7
20141223,1988,0,445000.0,3,2.5,2790,16173,2.0,0,0,3,10
20140728,1980,0,1085500.0,4,2.75,3010,10830,2.0,0,3,4,9
20141028,1989,0,845000.0,4,2.5,2880,35610,1.0,0,0,3,10
20150305,2005,0,759950.0,4,3.5,2100,7560,2.0,0,0,5,8
20150423,2003,0,990000.0,4,2.5,2540,5930,2.0,0,0,3,9
20140902,1977,0,515000.0,4,2.5,2280,14810,1.0,0,0,5,8
20140728,2002,0,583800.0,3,2.5,2480,6600,2.0,0,0,3,8
20150422,1998,0,1960000.0,4,4.0,4430,31353,2.0,0,0,3,12
20140709,1997,0,635000.0,4,2.5,3080,35430,2.0,0,0,3,9
20150408,1973,0,648000.0,5,2.25,2410,12000,2.0,0,0,4,8
20140603,1993,0,640000.0,3,2.5,2370,11172,2.0,0,0,3,9
20141215,1995,0,932808.0,5,4.5,4690,6705,2.0,0,0,3,10
20140606,2002,0,835000.0,2,2.0,2280,6815,1.0,0,0,3,8
20140717,1989,0,587000.0,5,3.5,3610,52595,2.0,0,0,4,7
20140522,1976,0,1075000.0,4,3.0,3600,9200,1.0,0,4,4,9
20140903,2007,0,695000.0,5,3.25,3940,9780,2.0,0,0,3,9
20140804,1980,0,360000.0,3,1.75,1560,7930,2.0,0,0,4,7
20141108,2008,0,313999.0,4,2.25,1870,4198,2.0,0,0,3,7
20150421,1979,0,300000.0,3,2.25,2070,7225,1.0,0,0,3,8
20150423,1981,0,452000.0,2,1.75,1660,11747,1.0,0,0,3,7
20150325,1978,0,495500.0,3,2.5,2010,57934,1.0,0,0,3,7
20141107,1989,0,470950.0,3,2.5,2560,16420,2.0,0,0,4,8
20140614,2010,0,735000.0,4,2.75,2450,4187,2.0,0,2,3,8
20141203,1985,0,412000.0,3,2.5,2210,7000,2.0,0,0,4,8
20140606,2008,0,589500.0,4,2.5,2630,6326,2.0,0,0,3,9
20150402,2010,0,1300000.0,5,3.75,4450,7680,2.0,0,0,3,9
20140709,1997,0,740000.0,4,2.5,3360,15091,2.0,0,0,3,9
20141020,1985,0,670000.0,3,2.5,1800,4763,2.0,0,0,3,7
20141028,1989,0,669888.0,4,2.75,2550,7591,2.0,0,0,3,9
20141001,1974,0,280000.0,4,1.0,1880,6288,1.0,0,0,3,7
20140718,2005,0,435000.0,3,2.5,1600,2375,2.0,0,0,3,7
20150507,1996,0,314950.0,3,2.0,1760,9732,1.0,0,0,3,7
20150224,2005,0,209900.0,2,2.0,1180,3003,2.0,0,0,3,6
20150416,1980,0,630000.0,4,2.5,2330,31705,2.0,0,0,4,8
20150331,1998,0,900000.0,4,2.5,3510,6745,2.0,0,0,3,10
20150102,1977,0,489500.0,3,1.75,2090,65558,1.0,0,0,3,8
20150514,1985,0,335000.0,3,2.0,1410,44866,1.0,0,0,4,7
20141205,1990,0,585000.0,3,3.25,3050,12700,2.0,0,0,3,8
20140908,1985,0,379500.0,4,2.25,2120,53578,2.0,0,2,4,7
20150128,2001,0,515000.0,4,2.5,1800,4338,2.0,0,0,3,8
20150401,2003,0,361500.0,4,2.5,1980,7334,2.0,0,0,3,7
20140822,1984,0,325000.0,2,1.0,900,8374,1.0,0,0,3,7
20141105,2014,0,1850000.0,4,3.25,3480,6000,3.0,0,0,3,8
20140828,2005,0,370000.0,3,2.5,2490,4244,2.0,0,0,3,9
20150218,1999,0,320000.0,0,2.5,1490,7111,2.0,0,0,3,7
20140915,2006,0,450000.0,2,2.0,1510,4908,1.0,0,0,3,8
20150424,1994,0,800000.0,4,2.5,2900,18303,2.0,0,0,4,10
20141211,1995,0,676000.0,3,2.5,2240,3825,2.0,0,0,3,7
20141028,1972,0,290000.0,3,1.75,1460,7980,1.0,0,0,3,7
20140509,2001,0,583000.0,4,2.5,2660,4000,2.0,0,0,3,8
20140721,1990,0,261500.0,3,2.5,1740,6992,2.0,0,0,3,7
20141014,2004,0,278000.0,4,2.5,2290,3777,2.0,0,0,3,7
20140923,1977,0,555000.0,4,2.75,2170,7140,1.0,0,0,3,8
20140606,1975,0,680000.0,3,2.25,2270,23900,1.0,0,0,3,9
20141124,1988,0,410000.0,3,1.75,1530,26642,1.0,0,0,3,7
20150310,1988,0,562500.0,3,2.5,2030,7549,1.0,0,0,3,8
20141014,2003,0,345000.0,4,2.5,2390,6976,2.0,0,0,3,7
20150414,1979,0,627500.0,4,2.5,2540,11500,1.0,0,0,4,8
20150501,1986,0,335000.0,3,2.25,1870,5876,2.0,0,0,3,7
20150318,1978,0,590000.0,3,1.0,1610,58370,1.0,0,0,3,7
20140717,1990,0,252000.0,3,2.0,1420,6788,2.0,0,0,3,7
20141110,1974,0,470000.0,4,2.0,2410,4680,2.0,0,0,3,9
20140507,2002,0,640000.0,3,3.0,2270,5175,2.0,0,0,3,9
20141218,1983,0,258500.0,3,2.5,1800,9000,2.0,0,0,3,7
20140714,1977,2006,1100000.0,4,3.5,2210,7597,1.0,0,0,4,9
20140528,1977,0,420000.0,3,1.75,1820,22320,1.0,0,0,3,7
20150402,1986,0,252000.0,3,1.5,1400,6865,1.0,0,0,4,7
20140630,2003,0,515000.0,3,2.5,2600,4506,2.0,0,0,3,8
20150125,1994,0,575000.0,3,2.5,1760,2320,2.0,0,2,3,8
20140811,2000,0,475200.0,3,2.5,1670,3980,2.0,0,0,3,8
20140822,1999,0,600000.0,4,2.5,2600,6536,2.0,0,0,3,9
20150506,1992,0,460000.0,5,3.0,2008,5050,1.0,0,0,3,7
20150421,1994,0,313100.0,3,2.0,1730,12821,1.0,0,0,3,8
20140623,1987,0,780000.0,4,3.5,3910,59863,2.0,0,0,4,10
20141223,1999,0,345500.0,4,2.5,2160,9682,2.0,0,0,3,8
20150119,1975,0,243000.0,3,1.75,1200,8034,1.0,0,0,5,7
20141208,1973,0,670000.0,5,3.5,3860,9600,1.0,0,3,4,8
20150211,1983,0,325000.0,3,1.5,1320,7560,1.0,0,0,3,6
20140730,1995,0,340000.0,3,2.5,2170,9798,2.0,0,0,3,7
20150209,1977,0,485000.0,4,2.75,2720,51396,2.0,0,0,4,8
20141217,2014,0,642860.0,4,2.75,2520,6398,2.0,0,0,3,8
20140729,1979,0,559950.0,4,2.5,2650,7200,2.0,0,0,3,8
20141117,2008,0,577288.0,4,2.75,2870,7200,2.0,0,0,3,9
20141110,2012,0,1149000.0,4,3.75,3180,9889,2.0,0,0,3,9
20150423,1976,0,530000.0,3,2.25,2190,220414,1.0,0,0,4,7
20150112,1977,0,287000.0,4,2.25,1980,7081,1.0,0,0,3,7
20150226,1979,0,320000.0,5,3.0,2970,7000,1.0,0,0,3,8
20140822,2006,0,425000.0,4,2.5,2270,4400,2.0,0,0,3,7
20150506,1977,0,975000.0,5,2.5,3020,9648,1.0,0,2,4,9
20141126,1984,0,750000.0,4,3.5,3050,7020,2.0,0,3,3,9
20140521,2002,0,344500.0,4,2.75,1800,5453,1.0,0,0,3,7
20141120,1998,0,292000.0,4,2.75,2910,7712,1.0,0,0,3,7
20150507,1979,0,450000.0,3,2.5,2880,426452,2.0,0,3,3,7
20140820,1988,0,765000.0,4,2.5,3190,38119,2.0,0,0,3,9
20150212,2000,0,505000.0,4,2.5,3170,5340,2.0,0,0,3,7
20140828,1978,0,475000.0,3,1.75,1870,25157,2.0,0,0,3,7
20150417,1982,0,355000.0,3,1.5,1370,4790,2.0,0,0,4,7
20140703,1972,0,410000.0,4,2.5,1700,9000,1.0,0,0,5,7
20140528,1978,0,565000.0,7,4.5,4140,9066,1.0,0,0,3,7
20150212,2006,0,452500.0,4,2.5,2460,6454,2.0,0,0,3,7
20140724,1990,0,610000.0,4,2.5,2410,15899,2.0,0,3,3,9
20150325,1996,0,650000.0,4,2.5,2630,28298,2.0,0,0,3,8
20150114,1973,0,290000.0,4,2.5,2050,9015,2.0,0,0,4,7
20140505,1999,0,2280000.0,7,8.0,13540,307752,3.0,0,4,3,12
20140922,1987,0,316000.0,4,2.5,2320,7379,2.0,0,0,3,8
20140512,1989,0,690000.0,4,2.5,2670,13463,2.0,0,0,4,9
20150416,1976,0,449950.0,4,2.25,3490,8400,1.5,0,0,4,8
20150318,1980,0,361550.0,3,1.75,1160,257875,1.0,0,0,2,7
20140924,1996,0,824000.0,4,3.5,3650,57538,2.0,0,0,3,10
20140805,1974,0,838400.0,4,2.5,2620,9525,2.5,0,0,4,9
20150423,1982,0,329900.0,3,2.0,1380,5198,1.0,0,0,4,7
20140818,1974,0,726000.0,3,2.5,2040,10033,1.0,0,0,4,8
20150409,1998,0,899000.0,4,2.5,4080,10295,2.0,0,0,3,10
20150202,1999,0,360000.0,4,3.0,2580,6740,2.0,0,0,3,8
20140618,1996,0,570000.0,4,2.5,2290,6738,2.0,0,0,3,8
20140619,2003,0,320000.0,4,2.5,3490,5000,2.0,0,0,3,8
20140925,1976,0,320000.0,3,1.75,1510,30185,1.5,0,0,3,7
20150312,2004,0,268000.0,5,2.5,2400,4564,2.0,0,0,3,7
20150416,2004,0,610000.0,4,2.5,2950,9010,2.0,0,0,3,9
20140603,2003,0,432000.0,3,2.5,1970,4036,2.0,0,0,4,7
20150127,1978,0,335000.0,4,2.25,2400,8592,2.0,0,0,3,8
20140918,1991,0,560000.0,3,2.5,2840,216493,2.0,0,0,3,9
20150423,1989,0,535000.0,3,2.5,1970,6634,2.0,0,0,3,8
20140610,1990,0,310000.0,3,2.5,1780,6771,1.0,0,0,3,7
20140922,2005,0,242500.0,3,1.75,1550,1905,2.0,0,0,3,7
20140807,2002,0,433200.0,3,2.5,2075,16200,2.0,0,0,3,8
20150508,1992,0,323000.0,4,2.75,2000,9083,2.0,0,0,4,7
20140825,2001,0,727000.0,4,3.0,3150,9703,2.0,0,0,3,9
20141023,1988,0,166000.0,1,1.0,1120,17332,1.0,0,0,3,7
20140915,2001,0,930000.0,3,3.25,2950,4446,2.0,0,0,3,9
20140909,2001,0,718000.0,3,2.5,2070,7200,2.0,0,0,3,8
20140611,2002,0,349000.0,3,2.5,1430,1002,3.0,0,0,3,8
20150505,1997,0,305000.0,3,2.5,2030,8000,2.0,0,0,3,7
20140523,1993,0,799950.0,4,3.5,4220,196817,2.0,0,0,3,10
20150505,1997,0,737000.0,3,2.5,2300,7800,2.0,0,2,3,9
20141226,2001,0,860000.0,4,3.25,3830,10005,2.0,0,0,3,10
20140702,1984,0,339950.0,3,2.5,2390,34041,1.0,0,0,3,8
20140516,1982,0,249000.0,3,2.25,1440,7673,1.0,0,0,3,7
20141205,1976,0,529000.0,5,2.5,2380,91476,1.0,0,0,4,8
20150317,1988,0,310000.0,4,2.75,2060,8100,1.0,0,0,4,7
20141027,1981,0,315000.0,4,2.25,1880,9163,2.0,0,0,3,8
20140716,1979,0,350000.0,3,1.75,1970,10800,1.0,0,0,4,7
20150428,1987,0,410000.0,3,2.25,1420,3750,2.0,0,0,3,7
20140923,2003,0,430000.0,4,2.75,2290,5249,2.0,0,0,3,7
20140818,1974,0,446000.0,4,2.5,1530,8375,1.0,0,0,3,7
20140611,1984,0,240000.0,3,1.5,1360,9760,1.5,0,0,5,7
20140616,2000,0,385000.0,3,2.0,1590,9912,2.0,0,0,3,8
20150325,1991,0,280000.0,3,2.5,1600,6700,2.0,0,0,3,8
20150511,1974,0,399950.0,3,2.5,1510,7300,1.0,0,0,3,7
20140529,1999,0,3100000.0,6,4.25,6980,15682,3.0,0,4,4,12
20141113,1976,0,310000.0,4,3.0,2320,7200,2.0,0,0,3,7
20141110,1996,0,575000.0,4,2.5,2040,5508,2.0,0,0,4,8
20140813,1980,0,442573.0,3,1.75,1780,7567,1.0,0,0,3,7
20141126,1996,0,1610000.0,4,2.75,4270,25807,2.0,0,0,3,11
20141219,1987,0,808000.0,8,3.75,3460,4600,2.0,0,0,3,7
20150217,2003,0,340000.0,3,2.5,2240,6000,2.0,0,0,3,8
20141107,1975,0,645000.0,5,2.25,3340,52476,2.0,0,0,4,8
20140530,1981,0,315000.0,3,2.0,1060,5750,1.0,0,0,3,7
20150108,1979,0,770000.0,3,2.5,2190,2658,2.0,0,3,4,9
20150122,1974,0,374950.0,4,1.75,1660,8160,1.0,0,0,3,8
20140611,1989,0,330000.0,3,2.5,2210,7557,2.0,0,0,3,9
20150427,2010,0,967000.0,4,2.5,3100,7250,2.0,0,0,3,9
20140908,2000,0,536500.0,4,2.5,1720,3515,2.0,0,2,3,8
20140627,1993,0,315000.0,6,4.0,3120,4240,2.0,0,2,4,7
20150205,1987,0,818000.0,4,2.5,4020,44431,2.0,0,0,3,10
20140828,2013,0,326000.0,5,2.75,2166,6342,2.0,0,0,3,8
20140612,1997,0,310000.0,5,3.0,1880,5000,1.0,0,0,3,7
20150403,1986,0,350000.0,3,2.25,2010,4400,1.5,0,0,3,7
20150402,2001,0,936000.0,4,2.5,3330,8897,2.0,0,0,3,10
20150501,2008,0,1250000.0,5,3.5,3510,4798,2.0,0,0,3,10
20140819,1985,0,428000.0,3,1.75,1580,507038,1.0,0,2,4,7
20140529,1971,0,329932.0,3,1.5,1460,5040,1.0,0,0,3,7
20150120,1971,0,539000.0,3,1.5,1460,5040,1.0,0,0,3,7
20150310,1977,0,275000.0,3,1.75,1650,7700,1.0,0,0,4,8
20140910,1993,0,590000.0,4,2.5,2660,35010,2.0,0,2,3,9
20150123,1997,0,782000.0,4,2.5,3510,24604,2.0,0,0,3,10
20140616,1985,0,575000.0,4,2.5,2120,9603,2.0,0,0,3,8
20150114,1996,0,509000.0,3,2.25,1780,9315,2.0,0,0,3,7
20140725,1980,0,317000.0,3,2.0,1790,8228,1.0,0,0,3,7
20140613,1971,0,430000.0,3,2.0,1910,5040,1.5,0,0,3,8
20141126,1976,0,469000.0,3,2.25,2620,10659,1.0,0,0,3,7
20140612,1977,0,835000.0,3,3.0,2790,12523,2.0,1,4,4,8
20140903,1990,0,360000.0,4,2.5,2340,13445,2.0,0,0,3,8
20141211,1999,0,372000.0,4,2.5,2070,8658,2.0,0,0,3,8
20150213,1986,0,310000.0,4,2.75,1950,9720,1.0,0,0,3,7
20150403,1985,0,313500.0,5,3.0,2240,94960,1.0,0,0,3,6
20140729,2007,0,345000.0,3,2.5,1360,1489,2.0,0,0,3,8
20150421,2005,0,890000.0,4,2.5,2930,9158,2.0,0,0,3,9
20150122,1986,0,329950.0,4,2.25,2140,8874,2.0,0,0,3,8
20150217,1996,0,250000.0,3,1.75,1628,286355,1.0,0,0,3,7
20140716,1979,0,440000.0,3,1.75,1950,19747,1.0,0,0,3,7
20140924,1975,0,395000.0,4,1.75,1910,8117,1.0,0,0,3,7
20140923,1985,0,160000.0,3,2.25,1470,8682,1.0,0,0,3,7
20150226,1985,0,269000.0,3,2.25,1470,8682,1.0,0,0,3,7
20141205,2014,0,690500.0,4,2.75,3130,8920,2.0,0,0,3,8
20150311,1987,0,345000.0,4,2.75,2200,13498,2.0,0,0,3,8
20140827,2007,0,388500.0,3,2.25,1350,944,2.0,0,0,3,8
20140918,1985,0,250000.0,3,1.75,1350,8548,1.0,0,0,3,7
20150203,1973,0,455500.0,3,1.75,2290,19000,1.0,0,0,4,9
20140820,2001,0,291375.0,4,2.5,2220,6233,2.0,0,0,3,7
20141111,1974,0,519950.0,5,3.5,2440,10200,2.0,0,0,4,7
20140826,1990,0,250000.0,3,2.5,2070,8400,2.0,0,0,4,8
20150114,1984,0,599500.0,4,2.25,2020,10260,2.0,0,0,4,7
20150416,2005,0,485000.0,4,2.5,3710,15935,1.0,0,0,3,10
20141010,2006,0,490000.0,3,2.5,3080,7363,2.0,0,0,3,9
20141120,1986,0,500000.0,5,3.0,3720,25474,2.0,0,4,3,9
20140529,1989,0,300000.0,3,2.5,2080,9827,2.0,0,0,3,8
20141202,1997,0,545000.0,4,2.5,2500,50595,2.0,0,0,3,9
20140523,1973,0,467100.0,3,1.75,1620,8645,1.0,0,0,3,7
20141009,1989,0,245000.0,3,2.5,1460,11593,2.0,0,0,3,7
20140607,1985,0,490000.0,3,3.0,1730,2940,3.0,0,0,3,7
20140827,2003,0,565000.0,4,2.5,2280,4602,2.0,0,0,3,8
20140825,1983,0,330000.0,4,2.25,2430,7490,2.0,0,0,3,8
20140903,1999,0,1135000.0,4,2.5,3370,10602,2.0,0,0,3,10
20150406,1979,0,750000.0,3,2.5,2350,715690,1.5,0,0,4,9
20141209,1983,0,330000.0,4,2.25,2440,8098,2.0,0,0,3,8
20150324,2007,0,270000.0,3,2.5,1350,1189,2.0,0,0,3,7
20140514,1997,0,340000.0,3,2.25,1970,3716,2.0,0,0,3,7
20150210,2007,0,600000.0,4,2.75,2950,5803,2.0,0,0,3,9
20150415,1999,0,726888.0,5,3.0,2970,7261,2.0,0,0,3,9
20141210,2003,0,360000.0,4,2.5,2000,5500,2.0,0,0,3,8
20150316,1987,0,585000.0,3,2.5,2060,10839,2.0,0,0,3,8
20141008,1978,0,182700.0,3,2.25,1740,6650,1.0,0,0,3,7
20150428,1978,0,305000.0,3,2.25,1740,6650,1.0,0,0,3,7
20140505,1994,0,309950.0,3,2.5,1880,7838,2.0,0,0,3,7
20150316,1972,0,550000.0,3,1.0,960,12527,1.0,0,0,3,7
20141111,1985,0,825000.0,3,2.5,3280,26413,1.0,0,3,3,11
20141101,2004,0,644500.0,4,2.5,2990,5342,2.0,0,0,3,8
20141015,2005,0,266950.0,3,2.5,1920,4803,2.0,0,0,3,7
20140514,1993,0,633100.0,4,2.5,2470,33305,2.0,0,0,3,9
20150220,1977,0,413000.0,3,1.75,2280,139392,1.0,0,0,3,8
20141003,1976,0,500000.0,4,2.75,2630,15000,1.0,0,0,4,7
20150501,1995,0,777700.0,3,2.5,2260,251460,1.5,0,0,3,10
20140908,1986,0,570000.0,3,1.75,2580,40392,1.0,0,0,3,9
20140528,2000,0,840000.0,4,2.5,3420,8405,2.0,0,0,3,10
20140604,1979,0,532000.0,4,1.75,2020,7029,1.0,0,0,4,7
20140923,1991,0,649000.0,5,3.25,3990,13087,2.0,0,0,3,9
20140527,1984,0,475000.0,3,2.0,1230,11502,1.0,0,0,4,7
20150430,1992,0,590000.0,4,2.5,2940,29013,2.0,0,0,3,10
20141219,1974,0,375000.0,3,2.5,1670,7740,1.0,0,0,3,7
20141110,1974,0,338950.0,3,1.75,1610,22496,1.0,0,0,4,7
20141019,1989,0,542500.0,5,3.5,2730,42500,1.0,0,0,3,8
20140624,1977,0,252000.0,3,2.25,1670,7881,1.0,0,0,4,7
20140922,2004,0,1698890.0,4,4.5,3860,15246,2.0,0,4,3,11
20140709,1978,0,270000.0,4,2.5,1660,8063,1.0,0,0,4,7
20141010,1990,0,155000.0,2,1.0,1010,43056,1.5,0,0,3,5
20150214,2001,0,815000.0,3,2.5,3400,12442,2.0,0,0,3,9
20150330,1979,0,531000.0,3,2.25,1910,8390,1.0,0,0,3,7
20140626,1983,0,475580.0,3,1.75,1520,11085,1.0,0,0,3,8
20140508,2008,0,868500.0,3,2.5,2920,3942,3.0,0,0,3,10
20141008,1979,0,712000.0,4,2.25,2450,11960,1.0,0,0,3,10
20150304,1988,0,365000.0,3,2.25,2290,7350,2.0,0,0,3,8
20150105,2005,0,482500.0,3,2.5,1690,3068,2.0,0,0,3,7
20141014,1980,0,390000.0,3,2.25,2270,32112,1.0,0,0,4,8
20141001,1993,0,305000.0,3,2.0,1680,8487,1.0,0,0,3,7
20150406,2004,0,438800.0,4,2.5,2770,4432,2.0,0,0,3,9
20141201,1991,0,453000.0,3,2.5,1650,1838,2.0,0,0,4,7
20141118,1971,0,315000.0,3,2.0,1660,11135,1.0,0,0,3,8
20140527,2003,0,445830.0,3,2.5,1870,5449,2.0,0,0,3,8
20141010,1991,0,1260000.0,3,3.5,3220,3960,2.0,0,4,3,10
20140502,1992,0,287200.0,3,3.0,1850,19966,1.0,0,0,4,7
20141226,2003,0,1135000.0,4,4.25,4590,17621,2.0,0,0,3,10
20150504,2004,0,619000.0,5,3.5,2950,2932,3.0,0,0,3,8
20150219,1976,0,535000.0,2,1.75,1780,224769,1.0,0,0,4,8
20141110,1992,0,600000.0,4,3.5,4300,70407,2.0,0,0,3,10
20140910,1974,0,549950.0,3,2.5,2080,8690,1.0,0,0,3,8
20140910,1986,0,419000.0,7,3.25,4340,8521,2.0,0,0,3,7
20150407,2009,0,510000.0,3,3.0,1320,1012,3.0,0,0,3,8
20140916,1991,0,319950.0,3,2.5,1980,9907,2.0,0,0,3,8
20141007,1998,0,1180000.0,5,5.0,3960,94089,2.0,0,0,3,10
20141003,2003,0,381000.0,4,2.5,2130,6003,2.0,0,0,3,8
20150505,1992,0,256900.0,3,2.5,1720,3951,2.0,0,0,3,7
20141208,2009,0,465000.0,2,2.25,1390,1222,3.0,0,0,3,7
20150506,1973,0,545000.0,3,2.0,1900,9975,1.0,0,0,3,8
20150505,1990,0,339950.0,4,2.25,2200,7150,2.0,0,0,4,7
20141112,1973,0,980000.0,4,2.25,3010,9800,2.0,0,0,4,9
20150413,2001,0,555000.0,4,2.5,2450,5079,2.0,0,0,3,9
20141110,1986,0,468000.0,2,1.75,1250,7029,1.0,0,0,4,7
20141020,1981,0,378000.0,3,1.75,2610,117176,1.0,0,0,3,7
20140516,2003,0,730100.0,4,2.5,3120,14300,2.0,0,0,3,9
20141121,1990,0,570000.0,3,2.5,2420,11953,1.0,0,0,3,9
20141119,1979,0,262500.0,4,2.75,1500,7036,1.0,0,0,3,7
20140529,2003,0,525000.0,5,2.5,2630,9216,2.0,0,0,3,8
20140512,2003,0,788000.0,4,3.25,3680,5759,2.0,0,0,3,9
20140520,1989,0,260000.0,4,2.5,1990,6671,2.0,0,0,3,7
20141231,1996,0,575000.0,4,2.5,2280,27441,2.0,0,0,3,8
20150506,1979,0,637000.0,4,2.5,1710,5000,1.0,0,0,3,8
20141212,1985,0,1250000.0,4,2.5,2960,20240,2.0,0,4,4,10
20140603,2001,0,548000.0,3,2.5,2110,4099,2.0,0,0,3,8
20140503,1986,0,379880.0,3,2.5,1650,14054,1.0,0,0,4,7
20140530,1988,0,530000.0,3,2.5,1950,9906,2.0,0,0,3,8
20150420,1977,0,695000.0,3,2.25,2600,220300,1.5,0,0,5,8
20140521,1983,0,540000.0,3,1.75,1300,62290,1.0,0,0,3,7
20140715,2005,0,490000.0,3,2.5,1930,7266,2.0,0,0,3,8
20150107,2001,0,540000.0,4,2.5,2050,3784,2.0,0,0,3,8
20140916,2010,0,585000.0,3,3.5,1700,2197,2.0,0,0,3,8
20141118,1976,0,225000.0,3,1.5,1390,12500,1.0,0,0,4,6
20150311,2014,0,680000.0,5,3.25,2440,15815,2.0,0,0,3,8
20140523,1990,0,1610000.0,4,3.5,4390,11600,2.0,0,3,3,11
20140826,1979,0,470000.0,4,2.75,2150,9820,1.0,0,0,4,8
20141205,1986,0,363000.0,4,3.0,2250,12142,2.0,0,0,3,8
20150219,1977,0,245000.0,4,2.25,2050,7700,2.0,0,0,3,7
20140625,1978,0,1700000.0,5,3.5,5850,22885,2.0,0,2,4,11
20150225,1987,0,835000.0,4,2.0,3390,16025,2.0,0,0,4,10
20140606,2005,0,595000.0,4,2.5,1990,2175,2.0,0,0,3,8
20150416,2005,0,419000.0,4,2.5,3190,4980,2.0,0,0,3,9
20140515,1988,0,1085000.0,4,3.25,3740,12080,1.0,0,0,3,10
20150423,1998,0,500000.0,3,3.5,2150,4368,2.0,0,0,3,8
20150402,2000,0,324950.0,2,1.5,1230,1516,3.0,0,0,3,8
20140516,1990,0,551000.0,2,2.0,2260,9604,1.0,0,0,3,9
20150305,1980,0,635000.0,4,2.25,2350,46173,2.0,0,0,4,8
20150311,1989,0,395000.0,3,2.5,2300,8938,2.0,0,0,3,9
20140813,1987,0,825000.0,3,2.75,3040,24192,2.0,0,0,4,10
20150225,1983,0,455000.0,5,2.0,1510,3000,2.0,0,0,3,6
20140722,1989,0,265000.0,3,2.5,1780,6527,2.0,0,0,3,8
20141201,1976,0,713500.0,5,2.75,2920,9163,1.0,0,0,4,8
20140911,2006,0,570000.0,4,3.0,2710,217800,2.5,0,0,3,9
20140626,1981,0,243800.0,3,1.0,1140,27760,1.0,0,0,4,6
20141008,1982,0,1010000.0,3,2.25,2160,7500,2.0,0,0,3,10
20140721,1979,0,625000.0,4,2.25,2470,17008,2.0,0,0,4,8
20140925,2006,0,459950.0,4,2.5,2800,6567,2.0,0,0,3,9
20141031,1985,0,370000.0,4,2.75,2420,39704,1.0,0,0,3,9
20140604,2007,0,499950.0,3,2.5,1520,2208,2.0,0,0,3,8
20150326,1989,0,279000.0,3,2.5,1920,7779,2.0,0,0,3,7
20141201,2009,0,910000.0,5,3.0,2640,5096,2.0,0,0,3,10
20140520,2006,0,699000.0,4,2.5,2650,7945,2.0,0,0,3,9
20150325,1981,0,248000.0,3,1.0,1420,8800,1.0,0,0,4,6
20140723,1978,0,575000.0,3,2.25,2680,100188,2.0,0,0,4,8
20140714,1998,0,602000.0,3,2.5,1640,3804,2.0,0,0,3,8
20150327,2004,0,293500.0,3,2.5,1610,5024,2.0,0,0,3,7
20140509,1977,0,311100.0,4,2.25,2130,8078,1.0,0,0,4,7
20150210,1999,0,1075000.0,3,3.0,4020,435600,1.5,0,2,3,10
20140707,1997,0,1275000.0,3,2.5,3870,46609,2.0,0,3,3,9
20140716,2004,0,430000.0,3,2.25,1550,1469,3.0,0,0,3,8
20150304,2000,0,781000.0,3,2.5,1920,1896,3.0,0,3,3,8
20150204,1996,0,450000.0,3,2.0,1610,4364,2.0,0,0,3,8
20150430,1999,0,964000.0,3,2.5,3630,9475,2.0,0,0,3,11
20140528,2000,0,2000000.0,4,3.0,4260,18000,2.0,0,2,3,11
20140611,1979,0,545000.0,3,2.5,2180,15693,1.0,0,0,4,8
20150312,1979,0,609950.0,3,2.25,1760,10350,1.0,0,0,4,7
20150120,2009,0,905000.0,4,2.75,2730,4268,2.0,0,1,3,9
20141023,1986,0,384200.0,3,2.5,2430,7613,2.0,0,0,4,8
20140603,2004,0,830000.0,3,3.0,2080,10521,1.5,0,0,3,9
20141029,2000,0,322000.0,3,3.25,1380,1225,3.0,0,0,3,7
20140917,2005,0,270000.0,3,2.5,1808,19200,1.0,0,0,3,8
20150408,2008,0,605000.0,3,3.0,1760,2114,2.0,0,0,3,7
20150423,1999,0,1125000.0,4,3.5,3170,4000,2.0,0,0,3,10
20150107,1975,0,162000.0,4,1.0,1460,16638,1.0,0,0,4,6
20150506,1973,0,337500.0,3,1.75,1350,5850,1.0,0,0,4,7
20150331,1973,0,312000.0,3,2.25,1470,7857,1.0,0,0,4,7
20140813,2004,0,740000.0,4,3.0,3350,199253,2.0,0,0,3,10
20150305,2004,0,700000.0,4,3.0,3350,199253,2.0,0,0,3,10
20150213,1981,0,241000.0,3,1.0,1020,7538,1.0,0,0,3,7
20140731,1980,0,265000.0,3,2.25,1840,6750,1.0,0,0,4,7
20150306,2007,0,335000.0,2,2.25,1420,1246,2.0,0,0,3,8
20150227,1976,0,600000.0,2,2.25,2320,18919,2.0,1,4,4,8
20140814,2008,0,1148000.0,10,5.25,4590,10920,1.0,0,2,3,9
20150408,2000,0,417000.0,3,2.5,2040,11211,2.0,0,0,3,8
20141217,1977,0,570000.0,4,2.25,2380,36446,2.0,0,0,4,8
20140527,2001,0,685000.0,3,2.5,2810,7700,2.0,0,0,3,9
20140618,1989,0,739888.0,3,2.5,2420,43177,2.0,0,4,4,8
20140527,2002,0,715000.0,2,2.5,2160,5581,1.0,0,0,3,8
20141009,2002,0,452500.0,3,2.5,2240,7791,2.0,0,0,3,7
20150316,2008,0,280000.0,4,2.5,2200,5893,2.0,0,0,3,7
20140509,2007,0,325000.0,3,2.25,1352,1694,3.0,0,0,3,8
20140820,2014,0,462608.0,3,2.5,2010,2778,2.0,0,0,3,8
20150407,1974,0,350500.0,3,1.75,2080,5200,1.0,0,0,3,7
20150206,1993,0,510000.0,3,2.5,1890,5929,2.0,0,0,3,8
20140826,1981,0,252000.0,3,2.25,1740,10836,1.0,0,0,3,7
20141211,1985,0,375000.0,3,2.25,1330,8004,2.0,0,0,3,7
20140702,1977,0,732000.0,3,3.75,2670,6517,2.5,0,4,4,8
20140528,2006,0,681716.0,4,2.5,3150,7277,2.0,0,0,3,9
20150225,1971,0,235000.0,3,1.75,1520,12246,1.0,0,0,4,6
20140513,1986,0,860000.0,4,2.5,3560,11119,1.0,0,2,3,10
20140520,1992,0,749950.0,3,2.5,2770,10773,2.0,0,2,3,9
20141006,1983,0,535000.0,3,2.5,2400,12546,1.0,0,0,3,9
20141003,2006,0,520000.0,3,2.5,1480,1165,3.0,0,0,3,8
20141023,1974,0,664000.0,4,2.5,1870,16200,1.0,0,0,5,8
20140827,2001,0,418000.0,3,2.0,1250,1306,3.0,0,0,3,7
20140818,1974,0,271675.0,3,1.75,2140,13068,1.0,0,0,4,7
20140509,2006,0,759000.0,3,2.25,2950,78843,1.5,0,0,3,9
20150115,1994,0,599950.0,6,3.0,2020,4129,1.0,0,0,3,7
20140729,1972,0,331292.0,3,1.75,1660,10000,1.0,0,0,3,7
20150219,1992,0,530000.0,3,2.5,2160,9063,2.0,0,0,3,8
20140922,1989,0,227000.0,3,1.75,1510,9837,2.0,0,0,3,7
20150317,1977,0,740000.0,4,2.25,2860,26136,1.0,0,0,3,8
20140811,1977,0,366000.0,3,2.0,1350,10200,1.0,0,0,3,7
20141002,1991,0,240000.0,4,2.25,1830,7614,2.0,0,0,3,7
20150219,2002,0,461000.0,3,2.5,1690,3026,2.0,0,0,3,7
20141009,2006,0,1822500.0,4,4.5,6380,88714,2.0,0,0,3,12
20141123,2004,0,452000.0,3,2.5,1690,4000,2.0,0,0,3,7
20141003,2003,0,765000.0,4,2.5,2660,5043,2.0,0,2,3,9
20150422,1989,0,1050000.0,4,4.0,4550,54013,1.0,0,1,4,9
20150505,1983,0,546000.0,3,3.0,1530,9999,1.0,0,0,4,7
20140819,1975,0,790000.0,4,2.5,2240,8664,1.0,0,0,5,8
20150430,1988,0,276000.0,3,2.0,1370,8137,1.0,0,0,4,7
20150130,1996,0,2415000.0,5,4.75,7880,24250,2.0,0,2,3,13
20150102,1973,0,829000.0,4,2.75,2970,59677,1.0,0,2,4,8
20150504,1994,0,629500.0,3,2.0,2020,10584,1.0,0,0,3,10
20140909,2005,0,697000.0,4,2.5,3160,6961,2.0,0,0,3,8
20140507,1978,0,379500.0,2,1.0,1640,17335,1.0,0,0,3,7
20141110,1980,0,720000.0,3,2.75,2440,76531,1.0,0,0,3,10
20140513,2006,0,675000.0,4,2.5,3000,5548,2.0,0,0,3,9
20140627,2000,0,415000.0,3,2.5,1060,1536,2.0,0,0,3,8
20150427,1984,0,294000.0,3,2.25,1700,9600,2.0,0,0,3,7
20140709,2003,0,1037000.0,4,3.5,4440,10660,2.0,0,0,3,11
20141009,2000,0,716500.0,5,2.75,3630,38461,2.0,0,0,3,11
20140903,2007,0,481000.0,2,2.25,1290,1137,3.0,0,0,3,8
20140819,1981,0,720000.0,3,2.25,2120,9297,2.0,0,0,4,8
20150512,1984,0,536000.0,3,2.75,2290,34548,2.0,0,3,4,7
20140613,2000,0,324900.0,4,2.5,1880,7965,2.0,0,0,3,7
20150109,1987,0,292500.0,3,2.25,1690,7320,2.0,0,0,3,7
20141216,1995,0,1045000.0,4,3.25,4160,47480,2.0,0,0,3,10
20140612,2003,0,495000.0,4,2.5,2140,7245,2.0,0,0,3,7
20150507,1997,0,342000.0,2,2.0,1320,1462,3.0,0,0,3,7
20140625,1997,0,320000.0,4,2.5,2000,10051,2.0,0,0,3,7
20140924,1987,0,444000.0,3,2.0,1460,2610,2.0,0,0,3,8
20140625,2005,0,804100.0,4,2.5,3070,8086,2.0,0,0,3,10
20140827,2001,0,935000.0,4,3.5,3510,11200,2.0,0,0,3,11
20140519,1998,0,611000.0,4,2.5,2460,4200,2.0,0,0,3,8
20141216,1979,0,565000.0,3,2.0,2290,9450,1.0,0,0,3,9
20140808,1977,0,630000.0,4,2.5,2290,26720,2.0,0,0,3,8
20140617,1996,0,840000.0,4,3.5,3860,18334,2.0,0,0,3,10
20141107,1996,0,790000.0,3,2.5,2640,432036,1.5,0,3,3,10
20140522,1987,0,1170000.0,3,2.75,2890,12130,2.0,0,3,4,10
20140610,2006,0,745000.0,4,3.25,3490,7024,2.0,0,0,3,10
20140625,2014,0,594000.0,3,2.25,1270,1406,2.0,0,0,3,8
20140731,1996,0,381000.0,3,2.0,1680,8946,1.0,0,0,3,6
20140613,1990,0,849900.0,2,2.0,2280,641203,2.0,0,0,3,9
20140513,2000,0,975000.0,4,2.5,3490,7494,2.0,0,3,3,11
20141203,2007,0,375000.0,2,1.5,1050,1046,2.0,0,0,3,8
20150311,2001,0,400000.0,2,2.5,1170,1811,2.0,0,0,3,8
20141031,1987,0,470000.0,3,1.75,1310,8600,1.0,0,0,4,7
20141015,2004,0,665000.0,4,2.5,3130,7582,2.0,0,0,3,8
20150115,1994,0,200000.0,4,2.5,1720,8638,2.0,0,0,3,8
20140911,2005,0,620000.0,3,2.25,2520,212137,2.0,0,0,3,9
20140829,1983,0,434900.0,3,2.0,1520,11067,1.0,0,0,3,7
20150109,2006,0,1650000.0,4,3.25,3910,7500,2.0,0,0,3,10
20140905,2000,0,852500.0,4,2.5,3480,6315,2.0,0,0,3,9
20141209,1983,0,790000.0,3,2.5,3040,34670,2.0,0,0,4,10
20150325,1989,0,1127500.0,6,3.25,3870,24700,2.0,0,0,3,10
20141222,2004,0,289950.0,3,2.5,1870,1436,2.0,0,0,3,7
20141028,1981,0,372000.0,3,2.5,1710,5633,2.0,0,0,3,7
20140918,1993,0,850000.0,4,2.5,2900,9972,2.0,0,0,3,9
20140925,1991,0,570000.0,3,3.0,2400,3192,2.0,0,0,3,7
20140620,1988,0,869000.0,4,3.0,3740,30884,2.0,0,0,3,9
20140924,2014,0,551000.0,4,2.75,2170,5988,2.0,0,0,3,8
20150225,1993,0,728935.0,4,2.5,2980,10194,2.0,0,0,3,9
20150306,1981,0,850000.0,3,2.5,2340,1919,2.0,0,2,4,9
20140616,1988,0,220000.0,4,2.5,2240,9826,1.0,0,0,4,7
20140724,2004,0,845000.0,4,2.5,2940,7675,2.0,0,0,3,9
20140708,1999,0,585000.0,4,2.5,2630,6185,2.0,0,0,3,9
20141014,2006,0,399500.0,2,1.5,1180,1722,2.0,0,0,3,8
20140909,1984,0,432500.0,3,2.5,1340,8867,2.0,0,0,3,8
20140828,2008,0,3168750.0,5,3.5,4330,11979,1.0,0,4,3,12
20140512,1982,0,1080000.0,3,2.5,3720,11610,2.0,0,0,3,11
20140815,1977,0,229999.0,4,2.0,1670,5200,1.0,0,0,4,7
20140626,2004,0,600000.0,3,2.5,3240,8016,2.0,0,0,3,8
20140626,1978,0,249900.0,3,2.5,1630,7700,1.0,0,0,3,7
20141020,1997,0,420000.0,4,2.5,1940,5414,2.0,0,0,3,8
20141012,2005,0,785000.0,4,2.5,2960,4750,2.0,0,0,3,9
20141014,1972,0,1775000.0,3,2.25,4320,19225,1.0,0,0,4,10
20150218,1992,0,896000.0,4,2.5,3560,46644,2.0,0,0,3,11
20150112,1989,0,415000.0,4,2.75,2390,9968,1.0,0,0,4,9
20150421,1984,0,1475000.0,3,2.5,2570,5000,2.0,0,0,3,11
20150401,1987,0,905000.0,3,2.5,3450,48787,2.0,0,0,3,10
20140721,2003,0,528000.0,3,2.5,2020,5613,2.0,0,0,3,7
20140825,1992,0,530000.0,3,2.5,2480,7480,2.0,0,0,3,9
20140807,1988,0,310000.0,3,1.5,1140,3104,2.0,0,0,3,7
20150414,1975,0,260000.0,3,2.75,1730,4131,2.0,0,2,3,7
20140701,1984,0,217500.0,3,1.75,1400,9546,1.0,0,0,4,7
20150218,2003,0,290000.0,3,2.5,2200,4240,2.0,0,0,3,7
20150420,1984,0,423500.0,3,2.0,1770,6000,1.0,0,3,3,7
20141224,2005,0,715000.0,4,2.5,2970,5722,2.0,0,0,3,9
20140728,1994,0,299000.0,3,2.5,1590,3121,2.0,0,0,3,7
20140630,2005,0,635000.0,3,2.5,3350,4007,2.0,0,0,3,8
20140826,1999,0,806000.0,4,2.5,3370,9629,2.0,0,0,3,10
20140531,2004,0,289950.0,3,2.5,1960,3480,2.0,0,0,3,7
20141010,1981,0,280000.0,3,1.75,1360,6603,1.0,0,0,4,7
20150330,2004,0,479950.0,3,2.5,2780,6000,2.0,0,0,3,9
20140627,2002,0,394000.0,4,2.5,3000,9793,2.0,0,0,3,7
20150129,1979,0,682000.0,4,2.5,3600,203425,2.0,0,0,3,9
20140718,1990,0,304400.0,4,2.75,2140,8100,2.0,0,0,4,7
20141001,1974,0,520000.0,4,3.5,2734,210201,2.0,0,0,5,8
20150319,1978,0,580000.0,3,1.75,1950,10633,1.0,0,0,3,7
20140908,1981,0,274000.0,3,1.75,1440,7198,1.0,0,0,3,7
20150209,1980,0,315000.0,3,2.25,1530,7906,1.0,0,0,3,7
20140806,1971,0,390000.0,4,1.75,1910,77574,1.0,0,0,4,8
20140701,1983,0,502000.0,3,2.25,1600,45613,2.0,0,0,4,8
20140619,1990,0,1240000.0,4,3.5,3820,13224,2.0,0,0,3,10
20141106,2005,0,515000.0,2,1.75,1930,5570,1.0,0,0,3,8
20150408,1994,0,965000.0,4,2.5,3420,9575,2.0,0,0,3,11
20140514,2005,0,349950.0,5,3.0,2257,10117,1.0,0,0,3,8
20150317,1980,0,801501.0,4,2.25,2250,13500,2.0,0,0,4,9
20141010,1992,0,610000.0,3,1.75,1650,221720,1.0,0,0,3,7
20140521,1990,0,382000.0,5,2.25,2880,11965,2.0,0,0,4,8
20141201,1980,0,495000.0,4,3.0,3620,403693,2.0,0,2,3,9
20141016,1978,0,459000.0,4,1.75,2260,9703,1.0,0,0,2,8
20150402,1988,0,375000.0,4,2.0,1790,61419,2.0,0,2,2,7
20140904,1999,0,310000.0,4,2.5,2440,7093,2.0,0,0,3,7
20140911,2014,0,384205.0,3,2.75,1810,3292,2.0,0,0,3,8
20150203,2000,0,427500.0,4,2.5,2010,6294,2.0,0,0,3,7
20140821,1988,0,1762000.0,3,2.25,3060,16000,2.0,0,0,3,10
20150303,2010,0,339950.0,4,2.5,2150,4000,2.0,0,0,3,7
20140701,1989,0,820000.0,3,2.25,2880,9750,2.0,0,0,3,10
20140924,2006,0,398000.0,2,2.0,1300,3865,1.0,0,0,3,8
20140602,1978,0,492000.0,3,1.75,2770,39927,1.0,0,0,4,8
20140609,1991,0,599950.0,4,3.5,3730,15029,2.0,0,2,3,10
20150224,1994,0,255000.0,3,2.0,1310,8454,1.0,0,0,3,7
20140626,1989,0,675750.0,4,2.5,2770,10274,2.0,0,0,3,9
20140930,2004,0,353500.0,4,2.5,1770,9239,2.0,0,0,3,7
20150303,1999,0,563500.0,4,2.5,2190,4944,2.0,0,0,3,8
20140613,1973,0,975000.0,5,2.75,3100,10014,1.0,0,2,4,9
20150406,2007,0,469900.0,3,2.5,2270,4399,2.0,0,0,3,7
20140812,1999,0,327000.0,4,2.5,1630,5361,2.0,0,0,3,7
20150109,2003,0,300000.0,4,2.5,2600,8572,2.0,0,0,3,8
20150413,1978,0,418500.0,3,2.0,1800,12440,1.0,0,0,3,8
20150325,2001,0,450000.0,4,2.5,2240,4616,2.0,0,0,3,7
20150226,1976,0,267500.0,3,2.25,1860,12000,1.0,0,0,4,7
20140904,1972,0,201000.0,3,1.0,1220,22443,1.0,0,0,4,7
20140617,2008,0,479500.0,3,2.75,2300,4637,2.0,0,0,3,8
20150402,1978,0,210000.0,2,1.0,1520,4700,2.0,0,0,4,7
20141010,1972,0,785000.0,4,2.25,3200,53357,2.0,0,0,4,9
20140623,1984,0,831500.0,5,2.5,4470,35124,2.5,0,0,3,11
20150403,2009,0,360000.0,4,2.5,2570,4557,2.0,0,0,3,7
20150423,1990,0,655000.0,3,2.5,2370,7916,2.0,0,0,3,9
20150429,1975,0,612000.0,5,2.5,2300,7000,1.0,0,0,3,8
20140729,2001,0,575000.0,3,2.5,3240,33661,2.0,0,0,3,8
20150212,1995,0,557000.0,3,2.5,2280,18241,1.0,0,0,3,9
20150411,1975,0,280000.0,5,2.5,1630,20750,1.0,0,0,4,7
20150326,2011,0,295000.0,4,2.5,1677,7209,2.0,0,0,3,7
20150423,2003,0,445000.0,4,2.5,2990,6383,2.0,0,0,3,7
20140826,2003,0,515000.0,4,2.5,2890,15067,2.0,0,0,3,9
20140520,1987,0,555000.0,3,2.5,3050,158558,1.0,0,0,4,9
20140908,2006,0,265000.0,3,2.5,1410,2500,2.0,0,0,3,7
20140715,2008,0,362764.0,3,2.0,1460,4350,2.0,0,0,3,7
20150108,1984,0,386500.0,2,1.5,1280,11071,1.0,0,0,3,7
20140606,1999,0,300000.0,4,2.5,2680,15508,2.0,0,0,3,8
20141107,1978,0,240000.0,3,1.75,1770,8571,1.0,0,0,3,8
20140909,2005,0,818500.0,5,3.5,4790,12957,2.0,0,1,3,9
20140929,1977,0,580000.0,4,2.25,2610,7700,1.0,0,0,3,8
20150420,1988,0,2340000.0,4,2.5,4500,35200,1.0,0,0,3,13
20140926,1997,0,333000.0,4,2.5,2100,7366,2.0,0,0,3,8
20140823,1992,0,230000.0,2,2.0,1340,7605,1.0,0,0,3,7
20150213,1974,0,360500.0,3,1.0,970,6180,1.0,0,3,3,6
20141217,1976,0,670000.0,4,2.25,2370,9636,1.0,0,0,3,8
20141216,1979,0,2600000.0,4,4.5,5270,12195,2.0,1,4,3,11
20150506,1987,0,700000.0,4,2.5,2490,7694,2.0,0,0,3,8
20141020,1978,0,555000.0,4,2.75,2600,19275,1.0,0,0,3,8
20150424,2001,0,830000.0,5,3.5,2880,3750,2.0,0,2,3,8
20141212,1990,0,180000.0,3,1.0,1010,8863,1.0,0,0,4,6
20141006,2004,0,775000.0,5,3.5,3290,5600,2.0,0,0,3,9
20141021,2000,0,339995.0,4,2.5,2180,5367,2.0,0,0,3,7
20140829,1988,0,766000.0,3,2.5,2270,9822,2.0,0,0,3,9
20140710,1973,0,231500.0,3,2.25,1630,7900,1.0,0,0,4,7
20141229,2004,0,472000.0,3,2.0,2770,89298,2.0,0,0,3,9
20140808,1990,0,1325000.0,4,2.5,4010,37076,2.0,0,0,4,12
20140613,1993,0,910000.0,5,2.5,2350,4000,2.0,0,0,3,9
20150424,1993,0,1015000.0,5,2.5,2350,4000,2.0,0,0,3,9
20141014,2009,0,584950.0,4,3.0,3220,6224,1.5,0,0,3,9
20141223,1987,0,252000.0,3,1.75,2050,11313,1.0,0,0,3,7
20150429,1992,0,270000.0,3,2.5,1430,8470,1.0,0,0,3,7
20141030,2005,0,750000.0,4,2.5,3210,8938,2.0,0,0,3,10
20150218,2004,0,325000.0,3,2.5,2260,8120,2.0,0,0,3,8
20141026,2012,0,810000.0,5,3.25,3290,6422,2.0,0,0,3,9
20140715,1974,0,409000.0,2,2.25,1640,2128,2.0,0,0,4,8
20150313,1987,0,580000.0,3,2.25,1580,8506,2.0,0,0,3,7
20140509,1987,0,491300.0,3,1.75,1750,11340,1.0,0,1,4,7
20141231,1980,0,272000.0,4,2.75,1810,7350,1.0,0,0,4,7
20150401,1985,0,599950.0,3,2.5,1970,106722,1.0,0,4,3,9
20150226,1992,0,464000.0,3,2.5,1770,5146,2.0,0,0,3,8
20141117,1980,0,230000.0,3,1.5,1500,11616,1.0,0,0,3,7
20140616,1978,0,1712500.0,3,3.25,2940,5432,3.0,0,3,4,10
20150401,1995,0,718000.0,3,1.75,4060,136290,1.0,0,0,3,8
20141222,1977,0,625000.0,4,2.25,2660,22194,1.0,0,0,4,8
20150513,2003,0,372000.0,5,2.5,2840,6010,2.0,0,0,3,8
20140904,1978,0,263850.0,4,2.25,2300,7524,2.0,0,0,4,8
20140903,1990,0,1350000.0,4,3.25,5370,20388,2.0,0,4,4,11
20141119,1987,0,325000.0,4,2.5,2280,9899,2.0,0,0,3,8
20150226,1987,0,364000.0,3,2.25,1420,6600,1.0,0,0,3,7
20140822,1980,0,610000.0,4,2.5,2100,8800,1.0,0,0,5,8
20150430,1979,0,402500.0,3,2.25,2160,9540,2.0,0,0,3,8
20150126,1979,0,537500.0,5,2.5,4340,9108,1.0,0,0,5,8
20140820,1979,0,293550.0,4,1.75,1250,8840,1.0,0,0,4,7
20150120,1976,0,585000.0,6,3.0,3870,43787,2.0,0,0,3,8
20140812,2003,0,225000.0,2,2.5,1360,2693,2.0,0,0,3,6
20140617,2006,0,549000.0,2,2.5,1380,953,3.0,0,0,3,9
20140610,2001,0,695000.0,3,2.5,2550,45254,2.0,0,0,3,9
20140807,1979,0,480000.0,3,1.75,1710,4080,1.0,0,0,4,7
20150302,1977,0,220000.0,3,1.0,820,5200,1.0,0,0,4,6
20141029,1977,0,535000.0,4,2.25,2620,33578,2.0,0,0,3,7
20141124,2004,0,775000.0,4,2.5,3060,6826,2.0,0,0,3,9
20140917,2003,0,320000.0,3,2.5,1680,4584,2.0,0,0,3,7
20150317,1989,0,760000.0,3,3.25,3320,15022,2.0,0,0,3,10
20140722,1990,0,640000.0,3,2.5,2390,8315,2.0,0,0,4,9
20140605,1973,0,530000.0,4,3.25,4160,35654,2.0,0,0,3,8
20150211,2011,0,300000.0,4,2.25,1660,3200,2.0,0,0,3,7
20140520,2003,0,384000.0,3,2.5,1700,4000,2.0,0,0,3,7
20140613,1997,0,325000.0,3,2.5,2070,8337,2.0,0,0,3,8
20141010,1978,0,760000.0,4,2.25,3040,9690,1.0,0,0,4,9
20140530,1976,0,168000.0,2,1.5,1220,3568,1.5,0,0,4,8
20140722,1990,0,447500.0,3,2.5,2320,15024,2.0,0,0,3,8
20141013,2009,0,540000.0,5,3.0,2570,5590,1.0,0,0,3,8
20150428,1983,0,273500.0,4,2.75,1300,9638,1.0,0,0,2,7
20141017,2002,0,257000.0,5,2.75,2930,10148,2.0,0,0,3,9
20150304,1992,0,339100.0,4,2.5,2350,10655,2.0,0,0,3,8
20141223,1991,0,435000.0,4,2.5,2940,7590,2.0,0,0,3,9
20141124,1991,0,356000.0,2,1.0,1430,365904,1.0,0,0,3,7
20141120,1978,0,280000.0,3,1.75,1770,8240,1.0,0,0,4,7
20150316,1994,0,320000.0,3,2.25,1650,7047,2.0,0,0,3,7
20150213,1992,0,355000.0,4,3.0,2580,9601,2.0,0,0,4,7
20140827,2000,0,950000.0,3,2.5,3080,8448,2.0,0,2,3,9
20141020,1985,0,300000.0,6,2.5,3080,8163,1.0,0,0,3,7
20150417,2000,0,345000.0,3,2.75,2190,7258,2.0,0,0,3,8
20150420,1972,2000,838000.0,3,3.75,2930,150945,2.0,0,0,3,8
20150327,1978,0,390000.0,3,1.75,2160,98445,2.0,0,0,3,8
20140625,1979,0,1150000.0,3,2.0,2110,18815,2.0,0,0,5,7
20140723,2003,0,295000.0,4,2.25,1830,5720,2.0,0,0,3,7
20150318,1993,0,380000.0,3,2.5,1880,6047,2.0,0,0,3,8
20140516,2005,0,375000.0,4,2.5,2790,7956,2.0,0,0,3,9
20140808,2004,0,365000.0,3,2.5,2190,5091,2.0,0,0,3,8
20150401,1986,0,910000.0,4,2.5,2770,9798,2.0,0,0,4,9
20140530,2004,0,1886700.0,5,3.5,4180,17935,2.0,0,0,3,11
20140905,1980,0,624500.0,6,3.0,3030,31920,1.0,0,0,4,8
20140604,2007,0,640000.0,3,2.5,1690,1553,2.5,0,0,3,8
20150410,1986,0,500000.0,3,2.0,1990,65340,2.0,0,0,3,8
20140729,2003,0,284000.0,3,2.25,2080,2050,1.5,0,0,3,7
20140626,1988,0,620000.0,3,2.0,2460,41343,1.0,0,0,4,8
20150317,2008,0,306000.0,3,2.5,2588,5702,2.0,0,0,3,8
20140919,1978,0,495000.0,4,1.75,2570,12039,1.0,0,0,3,8
20140605,2001,0,499950.0,3,2.5,2370,12753,2.0,0,0,3,7
20140911,1988,0,599950.0,4,2.5,2290,6318,2.0,0,0,4,8
20141022,1992,0,360000.0,4,2.5,2050,9143,2.0,0,0,3,8
20140827,2001,0,699000.0,3,2.5,2680,5497,2.0,0,0,3,9
20141203,1992,0,575000.0,3,2.0,2690,435600,2.0,0,0,3,8
20140527,2005,0,345000.0,2,1.5,1180,844,2.0,0,0,3,7
20150430,1989,0,367950.0,4,2.5,3030,9500,2.0,0,0,3,8
20140625,1984,0,374500.0,3,2.25,1400,11400,2.0,0,0,3,8
20140804,1992,0,607500.0,4,2.5,3000,8100,2.0,0,0,3,8
20140530,1971,0,374000.0,3,1.0,1200,9800,1.0,0,0,4,7
20150407,2004,0,705000.0,4,3.25,2740,5339,2.5,0,0,3,9
20141029,2004,0,467000.0,3,2.5,1990,4978,2.0,0,0,3,8
20140814,1981,0,243500.0,3,3.0,2110,7794,1.0,0,0,3,6
20140707,2011,0,593000.0,3,2.75,1830,1850,2.0,0,0,3,10
20150420,2003,0,574000.0,4,2.5,2980,10179,2.0,0,2,3,9
20140604,1986,0,400000.0,3,2.0,2260,11305,1.0,0,0,3,7
20141223,1997,0,539500.0,4,3.5,2710,5722,2.0,0,0,4,8
20150401,2006,0,550000.0,3,2.5,2080,2625,2.0,0,0,3,8
20141002,1979,0,428000.0,3,1.75,2120,9350,1.0,0,0,3,7
20140701,2001,0,925000.0,5,5.5,5190,12637,2.0,0,2,3,11
20140820,1990,0,695000.0,4,2.5,2650,9990,2.0,0,0,3,10
20150414,2004,0,700000.0,4,2.75,3350,7857,2.0,0,2,3,9
20150403,2005,0,480000.0,3,2.5,2200,4692,2.0,0,0,3,8
20140724,1980,0,335000.0,3,1.75,1730,15003,1.0,0,0,3,7
20150324,1981,2004,810000.0,5,3.25,2950,67475,1.0,0,0,3,8
20140812,2006,0,589000.0,3,3.0,1720,954,3.0,0,0,3,8
20150311,1979,0,197000.0,4,2.25,1790,13200,1.0,0,0,3,7
20140825,1971,0,235500.0,3,1.5,1380,7600,1.0,0,0,4,7
20150407,2008,0,460000.0,3,2.25,1530,1840,2.0,0,0,3,8
20140813,1990,0,870000.0,3,2.5,3210,8630,2.0,0,0,4,10
20140507,1985,0,339950.0,3,2.25,1630,12295,2.0,0,0,4,7
20140813,2006,0,698000.0,3,2.5,2580,4636,2.0,0,0,3,9
20140822,1985,0,419000.0,2,2.5,1470,2034,2.0,0,0,4,8
20140911,2003,0,425000.0,3,2.5,1960,4709,2.0,0,0,3,7
20150424,1978,0,754000.0,5,3.5,3020,15305,2.0,0,0,3,10
20141211,1991,0,891500.0,3,2.5,3090,20785,2.0,0,0,4,10
20141201,2006,0,350000.0,4,2.25,2190,3850,2.0,0,0,3,7
20140909,1983,0,990000.0,3,1.75,1810,24586,1.0,0,4,4,9
20141201,1983,0,834000.0,3,2.25,2550,4089,2.0,0,0,3,9
20140506,1987,0,762300.0,4,2.5,3880,14550,2.0,0,0,3,10
20141008,1999,0,420000.0,3,2.5,1770,3993,2.0,0,0,3,8
20140718,1981,0,549000.0,3,2.25,1920,10961,2.0,0,0,3,8
20140603,1998,0,695000.0,4,2.5,2961,12146,2.0,0,0,3,9
20150105,1988,0,485000.0,3,2.5,1680,7385,2.0,0,0,3,8
20141118,2010,0,277500.0,3,2.5,2620,4558,2.0,0,3,3,7
20150325,1993,0,625000.0,4,2.75,2390,6979,2.0,0,0,3,8
20150325,2004,0,420000.0,3,2.5,1970,3667,2.0,0,0,3,7
20150403,1981,0,800000.0,4,2.25,2120,9921,2.0,0,0,3,8
20150506,1989,0,575000.0,3,2.5,1960,9535,2.0,0,0,3,8
20140620,2003,0,915000.0,3,3.25,2660,4000,2.0,0,0,3,9
20140903,1987,0,400000.0,3,2.25,1180,14258,2.0,0,0,3,7
20140619,1972,2003,1815000.0,5,3.0,3880,13000,2.0,0,0,3,10
20140709,1986,0,379000.0,3,2.5,1530,2913,2.0,0,0,4,7
20140609,1984,0,1225000.0,4,2.5,2740,16007,2.0,0,0,3,9
20140724,2001,0,410000.0,2,1.5,1180,1034,2.0,0,0,3,7
20141103,2005,0,370000.0,2,2.0,2100,58488,2.0,0,0,3,9
20140801,2006,0,190000.0,2,2.5,1100,1737,2.0,0,0,3,8
20150129,1983,0,160000.0,2,1.0,1070,4200,1.0,0,0,4,6
20140823,1989,0,625000.0,4,3.0,2190,12825,1.0,0,0,3,9
20150507,2004,0,590000.0,4,3.5,3450,6873,2.0,0,0,3,10
20140805,1999,0,575000.0,3,2.5,2070,3599,2.0,0,0,3,8
20141023,1989,0,399950.0,3,1.75,2450,15001,1.0,0,0,3,7
20140611,1977,0,214950.0,3,1.75,1570,4875,1.0,0,0,4,7
20140707,1984,0,681000.0,3,1.75,1880,10032,1.0,0,0,4,8
20150317,1984,0,295000.0,2,2.0,1590,8000,1.0,0,0,3,7
20140922,1992,0,315000.0,3,2.5,1950,9618,2.0,0,0,3,7
20140617,1999,0,449950.0,4,2.5,2470,3811,2.0,0,0,3,8
20140624,1988,0,289000.0,3,2.5,1970,9607,2.0,0,0,3,7
20141125,2005,0,1680000.0,4,3.75,7620,29536,2.0,0,3,3,11
20141229,2001,0,360000.0,4,2.5,2490,4751,2.0,0,0,3,7
20150427,1990,0,875000.0,4,2.5,3030,16000,2.0,0,0,3,11
20150213,1976,0,455000.0,4,1.75,1790,45738,1.0,0,0,3,8
20141117,1997,0,805000.0,3,2.5,2690,17461,2.0,0,3,3,10
20150413,1996,0,885000.0,4,2.5,2620,9157,2.0,0,0,3,8
20140624,2007,0,355000.0,2,2.25,930,747,2.0,0,0,3,8
20140820,1978,0,240000.0,3,1.0,1340,7000,1.0,0,0,4,7
20150328,1992,0,639900.0,3,2.5,2330,4160,2.0,0,0,4,8
20140604,1972,0,292000.0,3,1.75,1730,11325,1.0,0,0,5,7
20140922,2004,0,563500.0,4,2.5,2780,7838,2.0,0,3,3,9
20150126,2006,0,389000.0,2,2.0,1200,7131,1.0,0,0,3,8
20140821,1994,0,661000.0,3,2.0,1820,4418,2.0,0,0,4,8
20140912,2005,0,344000.0,2,2.0,1300,4659,1.0,0,0,3,8
20140827,1979,0,365000.0,3,2.25,2430,7614,1.5,0,0,3,8
20141113,1971,2002,397950.0,4,1.75,2120,7620,2.0,0,0,3,8
20140827,1978,0,284000.0,3,1.75,1430,4850,1.0,0,0,3,7
20150108,2002,0,357500.0,5,3.0,3270,9146,2.0,0,0,3,7
20141015,1975,0,550120.0,5,2.5,2620,8050,1.0,0,0,3,8
20150310,1988,0,300000.0,3,1.5,1810,8232,1.0,0,0,3,8
20140819,1992,0,374950.0,3,2.5,2120,9653,2.0,0,0,3,8
20150413,1980,0,602500.0,4,1.75,2190,41000,2.0,0,0,3,8
20140827,2005,0,599000.0,4,2.5,2120,3640,2.0,0,0,3,8
20140603,1983,0,562100.0,3,2.25,2090,12112,2.0,0,0,3,8
20150316,2009,0,640000.0,3,2.5,1620,1377,2.0,0,0,3,8
20141229,2005,0,714000.0,4,2.5,3230,7766,2.0,0,0,3,9
20150428,1991,0,280000.0,4,2.25,1600,7916,2.0,0,0,3,7
20141112,1993,0,260000.0,4,2.5,1790,4358,2.0,0,0,3,7
20140904,1989,0,3300000.0,5,4.75,6200,13873,2.0,1,4,4,11
20140502,1978,0,335000.0,3,2.25,1580,16215,1.0,0,0,4,7
20140617,1975,0,493000.0,4,1.75,2030,18295,1.5,0,0,4,7
20140815,1992,0,740000.0,4,2.5,2500,10330,2.0,0,0,3,10
20150313,1979,0,789800.0,3,2.5,2605,2216,2.0,0,2,3,9
20140730,2000,0,600000.0,4,2.5,3010,7953,2.0,0,0,3,9
20140609,1987,0,750000.0,4,3.25,2050,5000,2.0,0,0,4,8
20140812,1981,0,405000.0,2,1.0,1090,10481,1.0,0,0,2,7
20141203,1997,0,521900.0,3,2.5,2100,12338,2.0,0,0,3,9
20141015,2001,0,600000.0,5,3.25,4410,58157,2.0,0,0,4,9
20150120,1983,0,274950.0,3,2.0,1410,7265,1.0,0,0,4,7
20140709,1976,0,468000.0,4,2.5,2100,8400,1.0,0,0,4,7
20150122,1989,0,275000.0,2,2.5,1340,5995,2.0,0,0,3,7
20150323,1993,0,412950.0,4,2.5,2430,6796,2.0,0,0,3,8
20150429,1979,0,670000.0,5,2.25,2290,39000,2.0,0,0,3,8
20150113,1976,0,358000.0,3,1.5,1150,27319,1.0,0,0,4,6
20150424,2005,0,680000.0,3,2.5,2120,3600,2.0,0,0,3,9
20141205,1986,0,515000.0,3,2.5,2130,219978,2.0,0,0,3,8
20140611,2002,0,657500.0,4,2.75,4140,24190,2.0,0,0,3,11
20141021,1995,0,459000.0,3,2.5,1780,4000,2.0,0,0,4,8
20141112,1987,0,557865.0,4,2.5,3030,6813,2.0,0,0,3,9
20140620,1973,0,2110000.0,3,2.25,3230,17833,2.0,0,0,4,9
20140819,1999,0,307300.0,2,2.0,1520,1020,3.0,0,0,3,7
20141107,1979,0,290000.0,3,1.75,1390,13200,2.0,0,0,3,7
20140705,1972,0,825000.0,4,2.25,2110,12653,2.0,0,0,4,8
20150217,1977,0,590000.0,4,2.25,2530,10611,1.0,0,0,5,8
20140925,1998,0,664000.0,4,2.5,2390,8432,2.0,0,0,3,9
20141202,1998,0,290000.0,2,1.0,900,2728,2.0,0,0,3,7
20140702,1981,0,475000.0,4,2.5,1850,5444,2.0,0,0,5,7
20140707,1984,0,538250.0,3,2.25,2590,15229,2.0,0,3,3,8
20141125,2003,0,279000.0,3,2.0,1640,5650,1.0,0,0,3,7
20141015,1978,0,228950.0,4,3.0,2160,5200,1.0,0,0,3,7
20140729,1996,0,275000.0,3,2.25,1640,6044,2.0,0,0,3,7
20141027,2003,0,321500.0,4,2.5,2620,5457,2.0,0,0,3,8
20140818,1975,0,460000.0,3,2.25,1650,7313,1.0,0,0,3,7
20150226,2006,0,286000.0,3,2.5,1800,3980,2.0,0,0,3,7
20140624,2004,0,675000.0,3,3.5,2300,5611,1.0,0,0,3,8
20141122,1977,0,385000.0,4,1.75,1970,10358,1.0,0,0,3,8
20140729,2002,0,820000.0,4,2.5,2920,252648,2.0,0,0,3,10
20140822,1989,0,599000.0,4,2.5,2640,6738,2.0,0,0,4,8
20150421,1979,0,299000.0,1,2.5,1980,7521,1.0,0,0,4,7
20140623,2007,0,385000.0,3,3.25,1630,1677,3.0,0,0,3,8
20141110,2000,0,824000.0,2,1.0,1210,8400,1.0,0,0,3,8
20150403,2013,0,950000.0,4,2.25,2770,5320,2.0,0,1,3,9
20140923,1984,0,822000.0,3,2.5,2290,9158,2.0,0,0,4,8
20140505,1984,0,245000.0,3,1.75,1920,9306,1.0,0,0,3,7
20141017,1984,0,418000.0,3,1.75,1500,19113,1.0,0,0,3,7
20140718,1992,0,280000.0,3,2.5,1580,7000,2.0,0,0,3,8
20150303,1992,0,273000.0,3,2.25,1230,11601,1.0,0,0,4,7
20140505,2008,0,549000.0,4,2.5,2910,6338,2.0,0,0,3,8
20140625,1981,0,913888.0,5,2.25,2370,15512,2.0,0,0,4,9
20141212,1993,0,305000.0,4,2.0,1780,5043,1.0,0,0,3,7
20140529,1999,0,602500.0,4,2.5,2760,6850,2.0,0,0,3,9
20140821,1986,0,756000.0,3,2.5,2160,7525,2.0,0,0,3,9
20150423,1977,0,289950.0,4,2.25,2190,6906,1.0,0,0,4,7
20140505,1994,0,800000.0,3,2.5,3240,7857,2.0,0,0,3,10
20150326,2015,0,1285000.0,5,3.5,2980,5100,2.0,0,0,3,10
20141023,1975,0,234000.0,4,2.0,1710,7455,1.0,0,0,3,7
20141121,1987,0,441000.0,5,2.5,2000,3600,1.0,0,0,3,6
20150317,1987,0,474500.0,5,2.5,2000,3600,1.0,0,0,3,6
20150409,1994,0,517500.0,4,2.5,1520,3370,2.0,0,0,3,8
20141106,1981,0,310000.0,2,1.5,1010,10005,2.0,0,0,3,7
20141028,1987,0,749500.0,4,2.5,2440,9727,2.0,0,0,3,9
20150429,1999,0,360000.0,5,3.0,2480,7200,1.0,0,0,3,7
20150108,1988,0,2200000.0,5,4.0,5840,11652,2.0,0,1,3,11
20140703,1999,0,1625000.0,4,3.25,2980,3600,2.0,0,0,3,9
20140616,1973,0,175000.0,3,1.5,1220,7300,1.0,0,0,3,7
20141002,1977,0,429950.0,3,1.75,1830,9758,1.0,0,0,3,8
20140714,2002,0,675000.0,4,2.5,2900,5505,2.0,0,0,3,8
20140708,1987,0,580000.0,3,2.25,1940,5980,1.0,0,0,3,7
20140820,1982,0,374000.0,3,2.5,1850,17808,1.0,0,0,4,8
20150223,1979,0,275000.0,3,1.75,1290,9760,1.0,0,0,3,7
20140711,2006,0,489900.0,4,2.5,2090,4196,2.0,0,0,3,8
20140813,1996,0,545000.0,3,2.5,1900,3366,2.0,0,0,3,9
20140710,1980,0,655000.0,4,2.25,2170,4080,2.0,0,0,3,7
20140604,1986,0,572000.0,3,2.25,1830,7897,1.0,0,0,4,8
20150430,2001,0,615000.0,4,2.5,3010,6903,2.0,0,0,3,9
20140819,1989,0,375000.0,3,2.5,1520,5649,2.0,0,0,4,7
20140905,1971,0,295000.0,3,1.75,1250,9486,1.0,0,0,4,6
20150407,1978,0,347000.0,3,1.75,1330,7848,1.0,0,0,3,8
20140729,1978,0,625000.0,4,2.25,2100,8290,2.0,0,0,4,8
20141104,1976,0,349000.0,3,1.75,1690,5080,1.0,0,0,3,7
20140922,1983,0,365000.0,3,2.0,2140,26600,1.0,0,0,4,7
20150317,1997,0,487500.0,3,2.5,1810,1988,2.0,0,0,3,7
20140603,1989,0,475000.0,3,2.5,2600,7210,2.0,0,0,3,8
20141113,1973,2014,1100000.0,5,2.25,4320,7620,2.0,0,0,3,7
20150320,1978,0,428000.0,3,2.25,2600,15000,2.0,0,0,3,9
20150510,1988,0,435000.0,3,2.5,1930,5790,2.0,0,0,4,7
20141118,2005,0,352000.0,3,2.5,2090,3002,2.0,0,0,3,7
20140911,1983,2012,622500.0,3,2.5,2290,14374,2.0,0,0,3,8
20150212,1976,0,660000.0,3,3.0,2470,11900,2.0,0,0,3,9
20141215,2008,0,469950.0,4,2.75,2720,6427,1.0,0,0,3,8
20141016,1979,0,777000.0,4,2.5,3170,9900,2.0,0,0,4,8
20150311,2003,0,685000.0,3,2.5,2370,4950,2.0,0,0,3,8
20140624,1976,0,396500.0,3,2.5,2590,18980,1.0,0,0,4,10
20140504,1980,0,783500.0,3,2.5,2850,7130,2.0,0,0,3,10
20141106,2005,0,1500000.0,4,4.25,5550,12968,2.0,0,0,3,11
20140527,2003,0,355000.0,4,2.25,1810,4970,2.0,0,0,3,7
20140820,2003,0,397000.0,4,2.5,3000,8584,2.0,0,0,3,7
20141001,1988,0,1690000.0,3,3.25,5290,224442,2.0,0,0,4,11
20150326,1988,0,1800000.0,3,3.25,5290,224442,2.0,0,0,4,11
20150122,1985,0,577000.0,3,2.25,2370,7878,2.0,0,0,3,8
20140617,1998,0,250000.0,3,1.75,1160,6134,1.0,0,0,3,7
20141024,1990,0,567500.0,3,2.5,3090,67082,2.0,0,0,3,9
20140722,2004,0,337000.0,4,2.5,2610,5240,2.0,0,0,3,8
20140728,1985,0,167000.0,3,1.5,1280,5547,2.0,0,0,4,6
20140703,2006,0,405500.0,2,2.75,1350,1252,2.0,0,0,3,8
20150123,1995,0,495000.0,4,2.5,2370,15336,2.0,0,0,3,8
20150128,1987,0,691000.0,4,3.0,3040,11651,2.0,0,0,3,10
20150422,2005,0,750000.0,5,3.5,2980,5809,2.0,0,2,3,8
20150305,1988,0,412500.0,3,1.75,1660,10716,1.0,0,0,3,7
20140603,1978,0,425000.0,3,2.25,1870,9000,1.0,0,0,3,7
20141222,1975,0,340000.0,4,2.25,2180,8000,1.0,0,0,4,9
20150324,1990,0,537100.0,3,2.5,2450,7051,1.0,0,0,3,8
20150318,2007,0,353500.0,4,2.5,3250,4650,2.0,0,0,3,8
20141010,2001,0,710000.0,4,2.75,2780,6978,2.0,0,0,3,8
20150312,1985,0,329950.0,3,1.75,1360,13320,1.0,0,0,4,7
20150420,1979,0,830000.0,5,2.5,2810,14207,1.0,0,3,3,9
20140627,2000,0,490000.0,3,2.5,2230,5348,2.0,0,0,3,8
20141006,2003,0,579000.0,3,2.5,1710,1904,2.0,0,0,3,8
20140603,1987,0,600000.0,4,2.5,2620,9873,2.0,0,0,3,8
20140514,1975,0,234000.0,4,2.0,1630,9010,1.0,0,0,4,7
20140709,2008,0,321500.0,1,1.0,730,1942,1.0,0,0,3,7
20140731,1995,0,795000.0,4,2.5,2920,32219,2.0,0,0,5,10
20141208,2013,0,1010000.0,5,3.25,3510,10930,2.0,0,0,3,9
20140804,2006,0,475000.0,3,2.5,1320,1310,3.0,0,0,3,8
20140724,1975,0,375000.0,3,1.0,1610,11250,1.0,0,0,3,7
20150407,2007,0,800000.0,4,2.75,3260,5000,2.0,0,0,3,9
20150401,1984,0,436800.0,3,1.75,2080,12714,2.0,0,0,4,8
20140606,1993,0,570000.0,3,2.5,2400,6975,2.0,0,0,3,9
20150124,1992,0,615000.0,3,2.25,1870,4894,2.0,0,0,4,8
20150216,2004,0,550700.0,2,2.25,1190,1499,2.0,0,0,3,9
20150309,2010,0,546000.0,2,2.25,1530,1324,2.0,0,0,3,8
20150121,1983,2001,585000.0,3,2.5,2330,33750,2.0,0,0,3,9
20140617,1971,0,765000.0,3,2.0,1570,7000,2.0,0,2,4,8
20150102,1973,0,519000.0,3,1.75,1560,26099,1.0,0,3,4,8
20140702,1987,0,550000.0,4,2.75,2160,5005,1.0,0,0,3,7
20141023,1974,0,510000.0,4,2.0,2990,102366,1.0,0,0,4,8
20150407,1979,0,270000.0,3,1.75,1610,6205,1.0,0,0,4,7
20150403,1978,0,425000.0,3,2.5,1230,23522,1.0,0,0,4,7
20140721,1973,0,700000.0,3,2.75,2190,11060,1.0,0,0,4,7
20140826,2004,0,998000.0,5,4.5,4130,10404,2.0,0,0,3,10
20150508,1989,0,396000.0,3,2.25,1680,9766,2.0,0,0,3,7
20140703,1977,0,633000.0,4,2.5,2360,10000,1.0,0,3,3,8
20141211,1982,0,265800.0,3,1.75,1460,7361,1.0,0,0,3,6
20150421,2006,0,489000.0,4,2.5,2170,4587,2.0,0,0,3,7
20140716,2006,0,765000.0,4,2.5,2980,5000,2.0,0,0,3,10
20140724,1985,0,974350.0,4,2.5,3090,10730,2.0,0,0,5,8
20150327,1984,0,653675.0,4,2.25,2280,7229,2.0,0,0,4,8
20141015,1985,0,245000.0,3,1.75,1260,8614,1.0,0,0,4,7
20150430,1996,0,510000.0,3,2.5,1830,8133,1.0,0,0,3,8
20150504,2000,0,606500.0,3,2.5,2170,5500,2.0,0,0,3,8
20140909,1998,0,1500000.0,4,4.25,5020,26319,2.0,0,0,3,12
20150507,1988,0,290000.0,3,2.25,1620,7772,2.0,0,0,4,8
20150224,1981,0,115000.0,3,1.75,1080,7942,1.0,0,0,3,7
20140507,1987,0,500000.0,3,2.5,1940,37565,1.0,0,0,4,8
20140515,1996,0,580050.0,3,2.5,2360,4638,2.0,0,3,3,9
20150306,2014,0,550000.0,3,2.5,2010,2261,2.0,0,0,3,8
20141107,2007,0,980000.0,4,3.25,3720,7150,2.0,0,2,3,11
20140905,1985,0,500000.0,3,2.25,2010,7447,2.0,0,0,3,8
20150105,1989,0,276750.0,3,2.0,1620,12482,1.0,0,0,4,7
20140822,2009,0,760000.0,4,3.25,3140,3680,2.0,0,0,3,10
20140827,1987,0,234000.0,4,2.5,1820,8217,1.0,0,0,3,7
20141117,1974,0,234950.0,3,2.0,1510,9153,1.0,0,0,4,7
20150112,1989,0,495000.0,3,2.5,1800,7318,2.0,0,0,3,8
20150224,1981,0,260000.0,3,1.75,2160,22702,1.0,0,0,4,7
20141208,2004,0,697000.0,4,2.5,3220,6399,2.0,0,0,3,9
20141212,2003,0,410000.0,4,3.0,2430,7243,2.0,0,0,3,8
20140811,1992,0,290700.0,3,2.5,1670,6666,2.0,0,0,4,7
20150423,1988,0,765000.0,3,2.5,2310,11993,2.0,0,0,3,9
20140526,2009,0,346000.0,4,2.5,2100,3916,2.0,0,0,3,8
20140715,1982,0,607000.0,4,2.75,2150,16728,1.0,0,0,4,8
20140808,1986,0,610000.0,3,2.5,2260,33042,1.0,0,0,3,9
20150319,1979,0,414500.0,3,1.0,1350,9450,1.0,0,0,3,7
20141201,2001,0,645000.0,3,2.25,3280,79279,1.0,0,0,3,10
20140805,2003,0,785000.0,4,2.5,2990,9374,2.0,0,0,3,9
20140723,1980,0,325000.0,3,2.5,2330,8627,1.0,0,0,4,7
20140826,2015,0,500000.0,2,2.25,1570,1269,2.0,0,0,3,9
20140922,2002,0,470000.0,4,2.5,2470,8536,2.0,0,0,3,8
20150105,2013,0,299999.0,4,2.5,1981,4828,2.0,0,0,3,8
20140917,2001,0,635000.0,2,2.5,2470,8840,2.0,0,0,4,8
20141008,1982,0,479000.0,3,2.5,1710,8998,2.0,0,0,3,8
20141222,1986,0,462370.0,2,2.25,1860,2670,2.0,0,0,4,8
20140623,1974,0,320000.0,4,1.5,1890,43560,1.0,0,0,4,8
20140520,1989,0,499950.0,5,3.5,3200,43560,2.0,0,0,3,7
20140605,1999,0,359800.0,4,2.5,2390,6426,2.0,0,0,3,9
20140507,1985,0,239900.0,3,2.0,1410,7566,1.0,0,0,3,7
20150304,1980,2009,380000.0,3,2.5,2150,25705,1.5,0,0,3,6
20140620,1999,0,2400000.0,6,4.5,5480,10800,2.0,0,3,4,9
20140916,1978,0,234500.0,4,2.5,1960,7875,1.0,0,0,3,7
20140801,1977,0,230000.0,3,2.0,1710,5200,1.0,0,0,5,7
20140808,1999,0,345000.0,3,2.5,1540,3237,2.0,0,0,3,7
20141009,1977,0,400000.0,4,2.5,3140,12792,2.0,0,0,4,9
20140904,1987,0,770000.0,3,2.5,2900,23550,1.0,0,0,3,10
20140709,1989,0,443000.0,3,2.25,1920,8223,2.0,0,0,4,7
20150123,1992,0,760000.0,4,2.5,3120,8792,2.0,0,0,4,9
20140922,1988,0,996000.0,3,3.25,3620,8131,2.0,0,0,4,10
20141007,2009,0,717000.0,4,2.5,2540,4241,2.0,0,0,3,8
20141027,1991,0,325250.0,4,2.75,2130,9339,1.0,0,0,3,7
20140801,1990,0,1225000.0,3,2.5,3420,79279,2.0,0,0,3,11
20140714,1990,0,1260500.0,4,2.5,3730,16950,2.0,0,0,3,10
20140910,2006,0,249950.0,3,3.0,1790,2003,2.0,0,0,3,7
20140916,1984,0,260000.0,4,2.75,2250,7345,1.0,0,0,4,8
20140613,1981,0,475000.0,3,2.25,1580,12177,1.0,0,0,3,7
20140813,2004,0,365000.0,5,2.75,3260,9253,2.0,0,0,3,8
20150426,2002,0,780000.0,4,2.5,3180,9603,2.0,0,2,3,9
20141218,1983,0,357500.0,3,1.75,1630,9403,1.0,0,0,3,7
20140521,1992,0,520000.0,4,2.5,3290,11446,2.0,0,0,3,8
20140509,2003,0,330000.0,4,2.5,1940,3784,2.0,0,0,3,8
20140604,1995,0,310000.0,3,2.0,1350,11150,1.0,0,0,3,7
20140530,1994,0,322000.0,4,2.5,2280,7200,2.0,0,0,3,8
20150316,1981,0,589000.0,4,2.25,2390,57599,2.0,0,0,3,8
20140619,1996,0,505000.0,3,2.5,1610,4611,2.0,0,0,3,8
20140909,2001,0,796000.0,4,3.25,2110,3000,2.0,0,0,3,8
20140529,1989,0,525000.0,3,3.0,2600,5238,1.5,0,3,3,9
20150403,2009,0,325000.0,2,1.5,1180,834,3.0,0,0,3,8
20140923,1987,0,350000.0,3,2.25,1840,9929,1.0,0,0,3,7
20140710,1995,0,657000.0,4,2.5,2640,25038,2.0,0,0,4,8
20150408,1999,0,234950.0,2,2.5,1720,3132,2.0,0,0,3,8
20150423,1990,0,706000.0,5,2.5,2890,15891,2.0,0,0,3,9
20141016,1980,0,242050.0,3,2.5,2170,9900,1.0,0,0,3,7
20140922,2006,0,770000.0,3,3.25,3310,5000,2.0,0,0,3,9
20141124,2005,0,720000.0,3,2.5,3170,7187,2.0,0,0,3,9
20140619,1994,0,925000.0,4,2.5,3280,209088,2.0,0,0,3,10
20140603,1987,0,770000.0,3,2.5,2430,54059,2.0,0,0,3,10
20140718,2004,0,419000.0,3,2.5,1970,4058,2.0,0,0,3,7
20150411,1973,0,479000.0,4,2.5,2050,6705,1.0,0,0,4,7
20150205,2007,0,666000.0,3,2.5,2140,2868,2.0,0,0,3,8
20140725,1977,0,2230000.0,3,3.0,3620,28064,2.0,1,4,5,10
20140917,1989,0,310000.0,4,2.75,2370,7320,2.0,0,0,3,7
20141227,1992,0,350000.0,3,2.5,1860,21876,2.0,0,0,3,8
20141008,1991,0,564800.0,3,2.25,1990,8501,2.0,0,0,3,8
20140813,1978,0,855000.0,3,2.0,3120,9400,1.0,0,0,5,9
20140508,2002,0,229000.0,3,2.5,1190,3000,2.0,0,0,3,7
20140918,1989,0,609000.0,3,2.5,2630,10131,2.0,0,0,3,9
20140523,1983,0,335000.0,4,2.5,1750,8476,1.0,0,0,4,7
20141030,1990,0,415000.0,3,2.5,1710,4920,2.0,0,0,3,7
20140714,2004,0,335000.0,4,2.5,1830,4500,2.0,0,0,3,7
20140723,1987,0,835000.0,4,3.0,4480,42717,2.0,0,0,3,9
20150403,2003,0,1378000.0,5,3.5,3680,8680,2.0,0,0,3,9
20150326,2004,0,183750.0,3,2.5,1770,3451,2.0,0,0,3,7
20140522,1978,0,295000.0,4,2.0,980,10640,1.0,0,0,5,7
20140711,1976,0,625000.0,4,3.0,2530,5625,1.0,0,0,3,8
20140609,1974,0,290000.0,4,3.0,2390,4500,2.0,0,0,3,7
20150123,2004,0,760000.0,4,2.5,3600,155509,2.0,0,0,3,9
20150219,1979,0,560000.0,4,2.5,3270,24750,1.0,0,0,4,8
20140923,1994,0,475000.0,5,2.5,2300,28480,2.0,0,0,3,6
20140915,1996,0,525000.0,3,2.5,1740,2350,2.0,0,0,3,8
20140721,2005,0,802500.0,4,3.75,3320,8030,2.0,0,0,3,10
20140805,1979,0,454800.0,4,2.25,2490,10720,1.0,0,1,4,7
20140619,1971,0,275000.0,3,1.75,1860,15681,1.0,0,0,4,7
20150416,1990,0,460000.0,3,2.0,2930,29136,2.0,0,0,3,8
20141021,1995,0,935000.0,4,3.25,4110,15488,2.0,0,2,3,11
20140605,2008,0,499000.0,3,3.5,1690,1432,2.0,0,0,3,7
20140917,1979,0,696500.0,5,2.25,3210,61419,1.5,0,0,3,8
20140709,1979,0,470000.0,4,2.25,2380,17199,2.0,0,0,3,8
20141111,1983,0,220000.0,3,1.75,1290,8250,1.0,0,0,3,7
20150114,1990,0,1475000.0,5,4.0,4770,31570,2.0,0,0,3,12
20140821,1985,0,1295000.0,2,2.5,2910,19449,2.0,1,4,5,9
20150102,2004,0,1465000.0,4,4.0,4930,22093,2.0,0,3,3,12
20141013,1980,0,230000.0,3,2.0,1410,10625,1.0,0,0,3,7
20141218,2006,0,565000.0,3,2.5,4040,8653,2.0,0,0,3,9
20140917,1978,0,438000.0,3,1.75,1990,9885,1.0,0,0,4,7
20150402,1978,0,369900.0,3,1.75,2150,19127,1.0,0,0,3,7
20140905,1997,0,405000.0,4,2.5,1850,9136,2.0,0,0,3,8
20140527,1994,0,282000.0,3,2.5,1680,15711,1.0,0,0,3,7
20140526,2004,0,690000.0,4,2.5,2700,8810,2.0,0,0,3,9
20141028,1986,0,526500.0,3,2.5,1860,43170,2.0,0,0,3,8
20141017,2005,0,1040000.0,4,3.5,4320,8490,2.0,0,0,3,10
20140915,1994,0,570000.0,2,1.75,2870,102366,2.0,0,2,4,8
20150310,2013,0,1080000.0,5,3.5,3740,11340,2.0,0,0,3,10
20140922,1985,0,475000.0,3,2.5,2130,8022,2.0,0,0,3,8
20140506,1984,0,562000.0,5,2.25,3040,8111,2.0,0,0,3,8
20150424,1993,0,295000.0,3,2.5,1570,6932,2.0,0,0,3,7
20150413,1985,0,242000.0,3,2.25,1690,7292,1.0,0,0,3,7
20150402,1972,0,1160000.0,4,3.75,3560,13959,2.0,0,0,4,9
20141006,2004,0,730000.0,4,3.5,4420,7902,2.0,0,0,3,10
20140527,1971,0,244000.0,3,1.0,910,5250,1.0,0,0,4,6
20140520,1999,0,350000.0,4,2.25,2220,6953,2.0,0,0,4,8
20141119,1972,0,415000.0,3,1.75,1640,6435,1.0,0,0,3,7
20140708,2006,0,1195000.0,4,3.5,3960,6654,2.0,0,0,3,10
20140520,2004,0,620000.0,3,2.5,2480,9041,2.0,0,0,3,7
20140609,1999,0,270000.0,4,2.75,1990,7252,1.0,0,0,3,7
20140528,1989,0,236000.0,4,2.25,1830,9485,1.0,0,0,4,7
20141002,1977,0,299000.0,4,2.25,2050,26000,2.0,0,0,4,8
20140521,2001,0,712000.0,4,2.5,3400,247421,2.0,0,0,3,9
20150506,2000,0,475000.0,2,1.5,1170,1250,3.0,0,0,3,8
20150317,2001,0,410000.0,4,2.5,2510,5258,2.0,0,0,3,7
20150313,1977,0,588000.0,4,2.25,2510,19550,1.0,0,0,4,9
20141212,2006,0,420000.0,3,2.5,2390,3903,2.0,0,0,3,8
20150119,2005,0,355000.0,4,2.25,2200,3404,2.0,0,0,3,8
20140520,1976,0,765000.0,4,2.25,2560,12100,1.0,0,0,4,8
20140905,2004,0,381000.0,2,2.0,1340,4447,1.0,0,0,3,8
20150501,1983,0,490000.0,3,2.25,2840,107157,2.0,0,0,4,9
20140827,1975,0,716000.0,4,2.25,2480,9780,1.0,0,0,4,8
20150414,1989,0,605000.0,5,3.5,3060,8862,2.0,0,0,3,8
20140919,2004,0,312200.0,4,2.5,2910,8596,2.0,0,0,3,8
20140711,1980,0,160000.0,3,1.5,1480,7000,1.0,0,0,3,7
20140812,1972,0,255000.0,3,1.0,1250,9472,1.0,0,0,4,6
20141024,1971,0,239000.0,3,1.5,1330,6540,1.0,0,0,3,7
20150228,1983,0,285000.0,3,2.25,1840,6214,1.0,0,0,4,7
20140814,2006,0,530000.0,3,2.5,3150,21893,2.0,0,0,3,9
20140725,1990,0,213675.0,3,2.25,1560,6013,2.0,0,0,3,7
20150305,1994,0,780000.0,3,2.5,2940,15875,2.0,0,0,3,10
20150424,2002,0,807500.0,4,2.5,3190,24170,2.0,0,0,3,10
20141002,1977,0,179000.0,2,1.0,990,8760,1.0,0,0,3,7
20140710,1992,0,1612500.0,4,2.75,5470,18200,2.0,1,4,3,11
20150409,1981,0,655000.0,4,2.75,2890,46609,2.0,0,0,4,9
20141027,1998,0,299000.0,4,2.5,2350,6958,2.0,0,0,3,9
20140514,2000,0,740000.0,4,2.5,3430,10157,2.0,0,0,3,10
20141010,1982,0,410000.0,3,1.75,1660,5987,1.0,0,0,3,7
20140617,2006,0,465000.0,2,2.75,1430,1425,2.0,0,0,3,7
20150304,2002,0,273950.0,3,2.25,1570,3109,2.0,0,0,3,8
20150330,2014,0,255000.0,3,2.5,1720,6200,2.0,0,0,3,7
20140908,1998,0,250000.0,3,2.0,1140,11161,1.0,0,0,4,7
20140822,1978,0,635000.0,4,3.25,2690,7200,2.0,0,3,3,9
20150507,2012,0,670000.0,4,2.25,2040,7031,2.0,0,0,3,8
20141015,2002,0,270000.0,3,2.5,1660,5550,2.0,0,0,3,7
20140905,1978,0,998000.0,3,3.75,3710,34412,2.0,0,0,3,10
20140825,2007,0,513000.0,3,2.25,1500,1312,3.0,0,0,3,8
20140620,1995,0,330000.0,3,2.25,1860,11227,2.0,0,0,3,7
20141104,1978,0,410000.0,3,2.25,2280,200811,1.0,0,0,3,7
20150209,1979,0,925000.0,3,2.75,3640,10300,1.0,0,0,4,9
20140709,2002,0,545000.0,3,2.5,2760,17377,2.0,0,0,3,9
20140909,2005,0,660000.0,3,2.5,2650,11250,2.0,0,0,3,9
20150505,1996,0,1900000.0,5,4.5,5160,44315,2.0,0,0,3,12
20140502,1974,0,260000.0,4,2.0,1480,8625,1.0,0,0,4,7
20150325,2004,0,373500.0,4,2.5,2610,4978,2.0,0,0,3,8
20140701,1990,0,1060000.0,4,2.5,4570,16015,2.0,0,2,3,11
20150330,1973,0,2600000.0,3,3.0,3410,16015,2.0,1,4,4,10
20140723,1983,0,450000.0,3,2.25,1760,10013,2.0,0,0,4,8
20140716,1987,0,379950.0,3,1.75,2040,12065,1.0,0,0,3,8
20140820,2008,0,834800.0,3,3.5,3470,4171,3.0,0,0,3,9
20150304,1985,0,840000.0,3,3.0,3570,6250,2.0,0,2,3,10
20150507,2003,0,295000.0,3,2.5,2030,4867,2.0,0,0,3,7
20150105,1987,0,300523.0,3,2.5,2370,6840,2.0,0,0,3,9
20140805,1986,0,552500.0,5,3.0,2320,7229,1.0,0,0,4,8
20140612,1989,0,1070000.0,4,2.5,3270,35445,2.0,0,0,3,11
20140812,2009,0,305950.0,4,2.5,2007,4968,2.0,0,0,3,9
20150209,1991,0,220000.0,3,2.5,1430,9044,2.0,0,0,3,7
20150409,1980,0,289000.0,2,1.75,2056,52333,1.0,0,0,4,7
20141204,1982,0,400000.0,4,2.0,2070,10800,2.0,0,0,3,7
20140512,2009,0,420000.0,2,2.5,1480,1369,3.0,0,0,3,7
20150326,1995,0,700000.0,3,2.5,3110,123710,2.0,0,0,3,8
20150416,1982,0,550000.0,3,2.5,1680,10455,2.0,0,0,3,8
20141218,1984,0,327000.0,3,2.5,1810,7350,1.0,0,0,3,8
20150117,1978,0,235000.0,3,1.75,1480,6592,1.0,0,0,4,7
20140929,1994,0,240000.0,4,2.5,2040,11841,2.0,0,0,3,7
20141201,2003,0,1520000.0,6,3.5,3720,11690,2.0,0,0,3,10
20140702,2004,0,394500.0,4,2.5,3002,6042,2.0,0,0,3,8
20150318,1979,0,431000.0,3,2.5,1690,2752,2.0,0,0,3,8
20140707,1977,0,475000.0,5,2.5,2510,8050,1.0,0,0,4,7
20140516,1987,0,605000.0,3,2.25,1290,2500,2.0,0,0,4,8
20140613,1993,0,419000.0,4,2.5,2690,7947,2.0,0,0,3,8
20141203,1991,0,392000.0,4,2.5,2600,8921,2.0,0,0,3,8
20140825,2001,0,915000.0,3,2.5,3140,9808,2.0,0,0,3,9
20141114,1983,0,630000.0,3,3.25,3800,13995,2.0,0,3,3,9
20140826,1990,0,297950.0,3,2.0,1390,5127,1.0,0,0,3,8
20150402,2006,0,525000.0,3,3.0,1730,1074,3.5,0,0,3,8
20140516,1978,0,205000.0,5,1.75,1730,5200,1.0,0,0,4,7
20150508,2004,0,530000.0,3,3.0,2450,211266,1.5,0,3,3,8
20140724,1998,0,725000.0,4,2.5,3300,28433,2.0,0,0,3,9
20140701,1984,0,401000.0,3,2.0,1240,11172,1.0,0,0,3,7
20150403,1971,0,251000.0,3,1.5,1590,21600,1.5,0,0,4,7
20140623,2004,0,300000.0,4,2.5,1840,5550,2.0,0,0,3,8
20140814,1973,0,610000.0,4,2.25,1960,9021,2.0,0,0,4,8
20140703,1978,0,1042030.0,4,5.0,4110,43560,2.0,0,0,4,11
20141203,1976,0,430000.0,3,2.25,1830,19965,1.0,0,0,3,8
20150219,2004,0,638000.0,3,3.25,1720,1587,2.5,0,2,3,9
20141216,1977,0,625000.0,3,2.5,2180,5000,1.0,0,0,4,8
20150324,1977,0,263950.0,3,1.75,1700,11613,1.0,0,0,5,7
20141028,1978,0,740000.0,3,2.5,2960,9350,2.0,0,2,4,9
20150414,2004,0,380000.0,4,2.5,1940,3200,2.0,0,0,3,8
20140812,1989,0,329500.0,3,2.25,1500,9656,1.0,0,0,3,7
20140711,1978,0,464950.0,4,2.5,2230,64438,1.0,0,0,4,7
20150402,1985,0,500000.0,3,2.25,1700,9008,1.0,0,0,3,8
20140905,1983,0,437500.0,3,2.25,2100,205603,2.0,0,0,3,8
20141014,1997,0,367000.0,4,2.5,2350,8182,2.0,0,0,3,8
20140604,2003,0,989000.0,5,3.5,3280,4000,2.0,0,0,3,9
20150424,1973,2009,875000.0,3,2.5,1690,10592,1.0,0,0,3,8
20140722,1976,0,335000.0,3,2.25,2060,47318,1.0,0,2,4,8
20150323,2001,0,590000.0,3,2.5,2830,5788,2.0,0,0,3,9
20150421,2015,0,671000.0,4,2.75,1890,1475,2.0,0,0,3,9
20140828,1998,0,505000.0,4,2.0,2730,12000,1.0,0,0,4,8
20140819,2013,0,702000.0,4,2.5,2650,6240,2.0,0,0,3,8
20141229,1996,0,920000.0,4,2.5,3550,10233,2.0,0,0,3,9
20141110,1983,0,187000.0,2,1.75,1020,10346,1.0,0,0,4,6
20140617,1988,0,280000.0,4,2.25,1930,7207,1.0,0,0,4,7
20140628,1972,0,699900.0,4,2.5,2190,11500,1.0,0,0,4,8
20150507,1983,0,365000.0,3,2.25,2860,8458,2.0,0,0,3,7
20141104,1997,0,405000.0,4,2.5,2090,6667,2.0,0,0,3,8
20140515,1986,0,295000.0,3,1.5,850,2500,1.0,0,0,3,7
20140515,2004,0,275000.0,4,2.5,1840,1562,2.0,0,0,3,7
20140815,1990,0,1500000.0,5,3.5,4370,12240,2.0,0,0,3,11
20140902,1994,0,795000.0,3,3.5,3190,10223,2.0,0,0,3,10
20140506,1983,0,650000.0,5,3.5,3480,36615,2.0,0,0,4,8
20140806,2008,0,382000.0,2,2.5,1650,2710,2.0,0,2,3,8
20150421,1985,0,790100.0,4,2.5,2590,9341,2.0,0,0,3,8
20140521,1993,0,220000.0,4,2.5,2160,8005,2.0,0,0,3,7
20140605,1994,0,799000.0,4,3.5,3500,8547,2.0,0,0,3,9
20140609,1993,0,367300.0,4,2.75,2190,14937,2.0,0,0,3,8
20140530,1976,0,750000.0,4,2.75,2600,4674,1.0,0,0,3,8
20140730,1972,0,458000.0,3,1.5,1570,12196,1.0,0,0,4,7
20140828,1997,0,898000.0,3,2.5,3530,9753,2.0,0,0,3,10
20150323,1998,0,308000.0,4,2.5,1960,5642,2.0,0,0,3,7
20150506,2004,0,385000.0,3,2.5,2230,8296,2.0,0,0,3,7
20140723,1984,0,240000.0,3,1.75,1260,7362,1.0,0,0,3,7
20141105,1987,0,475000.0,3,2.5,2220,60984,2.0,0,0,4,8
20141027,1999,0,935000.0,5,4.5,4230,9701,2.0,0,0,3,10
20141208,2001,0,585000.0,3,2.5,2290,5089,2.0,0,0,3,9
20150423,2001,0,585000.0,3,2.5,2290,5089,2.0,0,0,3,9
20150327,2004,0,480000.0,5,3.5,3480,12821,2.0,0,2,3,10
20150204,2004,0,368750.0,3,2.5,2230,5717,2.0,0,0,3,7
20140903,2004,0,589000.0,3,2.5,2250,4337,2.0,0,0,3,8
20150414,2004,0,840000.0,4,3.25,3160,6327,2.0,0,0,3,9
20150305,2005,0,316500.0,3,2.5,1770,3873,2.0,0,0,3,7
20150213,2006,0,536000.0,4,2.5,2880,8833,2.0,0,0,3,7
20150420,1978,0,563750.0,4,2.75,2690,25000,1.0,0,0,3,8
20150413,1994,0,1640000.0,5,4.0,4780,118047,2.0,0,0,3,11
20140623,1977,0,269950.0,4,2.5,2540,8400,2.0,0,0,5,7
20140721,2006,0,731688.0,4,3.0,2630,5772,2.0,0,0,3,9
20140506,1995,0,525000.0,3,2.5,2970,11985,1.0,0,0,3,9
20141204,1995,0,745000.0,3,2.5,2970,11985,1.0,0,0,3,9
20141016,1979,0,625000.0,4,2.25,1920,8259,2.0,0,0,4,8
20140729,1988,0,535000.0,3,2.0,2740,23505,2.0,0,4,3,10
20150504,1973,0,270000.0,3,2.25,1740,7345,1.0,0,0,3,7
20140916,1976,0,426000.0,4,2.25,2120,7700,1.0,0,0,4,7
20141210,1978,0,266000.0,4,2.25,1860,12693,1.0,0,0,3,8
20150423,1979,0,310000.0,3,1.75,2130,7140,1.0,0,0,3,8
20140914,1973,0,340000.0,4,1.75,1900,7313,1.0,0,0,3,7
20140721,2010,0,447000.0,2,1.0,980,1600,2.0,0,0,3,8
20140930,1992,0,2450000.0,7,4.25,4670,23115,2.0,0,2,3,11
20150102,1990,0,633000.0,4,2.5,2020,8044,2.0,0,0,3,8
20150423,2004,0,310000.0,3,2.0,1290,886,3.0,0,0,3,7
20141110,1995,0,439000.0,2,1.75,1620,113862,1.5,0,0,3,7
20140820,2003,0,470000.0,3,3.25,1710,2381,2.0,0,0,3,8
20141219,1994,0,299500.0,3,1.75,1820,8813,2.0,0,0,3,7
20141110,2006,0,2000000.0,3,3.25,2610,16387,2.0,1,4,3,9
20150408,1971,0,352000.0,3,1.75,1260,7200,1.0,0,0,3,7
20140820,1993,0,267000.0,3,2.5,1580,12250,2.0,0,0,3,8
20140629,1974,0,402000.0,4,2.75,2950,15540,1.0,0,0,4,8
20141104,2007,0,429900.0,4,3.25,3760,4675,2.0,0,0,3,8
20150409,1988,0,360000.0,4,2.5,2610,7333,2.0,0,0,3,8
20141113,1978,0,725000.0,5,2.5,3780,20000,1.0,0,1,4,9
20140721,1976,0,840000.0,4,2.25,2720,8712,2.0,0,0,4,9
20150415,2011,0,499000.0,4,2.5,3100,5700,2.0,0,0,3,9
20150308,1987,0,340000.0,4,2.5,1910,7201,1.0,0,0,3,7
20140807,2003,0,464000.0,3,2.5,1690,4898,2.0,0,0,3,7
20141211,1979,0,430000.0,8,3.25,4300,10441,2.0,0,0,4,8
20150508,1979,0,1580000.0,4,2.75,3480,19991,2.0,0,2,4,10
20140709,1975,0,759000.0,4,1.75,2100,4750,1.0,0,0,3,7
20150326,1996,0,358800.0,4,2.5,2155,8140,2.0,0,0,3,8
20140822,1989,0,283748.0,3,2.25,1940,9560,2.0,0,0,3,7
20140731,1987,0,370000.0,3,2.25,1600,7620,1.0,0,0,3,7
20150327,1989,0,399950.0,4,2.75,3210,41689,1.0,0,0,4,8
20141212,1976,2007,360000.0,5,2.5,2880,6902,1.0,0,0,3,8
20141219,1989,0,396900.0,3,2.0,1360,3120,2.0,0,0,3,7
20150422,2005,0,321000.0,3,2.5,2014,4500,2.0,0,0,3,7
20150106,1985,0,245000.0,3,2.0,1440,7008,1.0,0,0,3,7
20140605,1990,0,257000.0,4,2.75,2330,7642,1.0,0,0,3,8
20140515,1976,0,423000.0,4,1.75,1880,7303,1.0,0,0,3,7
20141217,2002,0,500000.0,4,2.5,2230,8560,2.0,0,0,3,8
20150406,1986,0,625000.0,4,2.25,3230,9935,2.0,0,0,3,8
20140707,1989,0,410000.0,3,2.25,1450,19206,2.0,0,0,3,7
20140612,2003,0,1034500.0,4,2.5,2370,10858,2.0,0,0,3,9
20150324,2006,0,490000.0,4,2.5,2570,6157,2.0,0,0,3,7
20141209,1972,0,348500.0,4,1.75,1870,7575,1.0,0,0,3,7
20141211,1999,0,660000.0,3,2.0,1770,2150,3.0,0,0,3,8
20140717,1990,0,235000.0,3,2.0,1110,8724,1.0,0,0,4,7
20150422,2006,0,1210000.0,4,3.75,4980,18069,2.0,0,3,3,11
20141118,1999,0,268000.0,3,1.75,1600,7711,1.0,0,0,3,7
20141006,2001,0,549950.0,3,2.5,2680,5860,2.0,0,0,3,8
20140926,1996,0,299000.0,4,2.25,1870,6693,2.0,0,0,3,7
20150115,1977,0,715000.0,6,2.75,3400,5000,2.0,0,2,3,8
20150210,1975,0,345000.0,3,1.75,1860,7191,1.0,0,0,4,7
20140527,1985,0,1600000.0,3,3.25,3790,19000,2.0,0,4,3,10
20140518,1994,0,534640.0,3,2.5,2130,3500,1.0,0,0,4,8
20150413,1997,0,351000.0,4,2.5,2370,7274,2.0,0,0,3,7
20140715,1972,0,745000.0,4,2.25,2290,10409,2.0,0,0,3,8
20140708,1991,0,690000.0,4,2.5,3220,35400,2.0,0,0,3,9
20150305,2006,0,340000.0,4,2.5,2665,5868,2.0,0,0,3,9
20140506,1998,0,725126.0,4,2.5,3200,12369,2.0,0,0,3,10
20140917,1972,0,390000.0,3,2.0,1840,16815,1.0,0,0,5,7
20150102,1973,0,345000.0,4,2.25,2320,7350,2.0,0,0,3,8
20140826,1985,0,289000.0,3,2.5,2110,8304,1.0,0,0,4,7
20140518,1987,0,352500.0,3,2.25,1410,14110,1.0,0,2,3,7
20150505,1998,0,448000.0,5,3.5,3740,24684,2.0,0,0,3,9
20150401,1972,1989,375000.0,3,1.0,1310,8400,1.0,0,0,3,7
20141023,1978,0,169000.0,3,1.75,1720,9775,1.0,0,0,3,8
20150304,1978,0,279950.0,3,1.75,1720,9775,1.0,0,0,3,8
20150116,1989,0,1950000.0,4,2.75,4020,18745,2.0,0,4,4,10
20140805,2003,0,310000.0,3,2.25,1960,2345,2.0,0,0,3,7
20140730,1978,0,975000.0,4,2.5,3240,35083,2.0,0,0,4,9
20140619,2003,0,507000.0,3,2.5,2120,7201,2.0,0,0,3,8
20141117,1995,0,230000.0,3,2.5,1340,3011,2.0,0,0,3,7
20150223,2001,0,316000.0,1,2.0,1780,188465,2.0,0,0,3,10
20140910,2014,0,616200.0,5,3.25,3920,4832,2.0,0,0,3,9
20140829,1984,0,509900.0,3,1.75,1690,53578,1.0,0,0,3,8
20150316,1987,0,370000.0,4,2.5,2570,7753,2.0,0,0,3,8
20150306,1977,0,619100.0,3,1.75,1870,7030,1.0,0,0,3,7
20140912,2003,0,350000.0,2,1.5,1070,937,3.0,0,0,3,8
20141022,2008,0,335000.0,3,2.5,2588,5701,2.0,0,0,3,8
20150331,2001,0,972800.0,5,3.25,3500,10457,2.0,0,0,3,11
20150202,1973,0,500000.0,3,1.75,1690,48096,1.0,0,0,3,7
20141114,1997,0,490000.0,5,2.75,2990,7200,2.0,0,0,3,8
20140622,2004,0,374000.0,4,2.5,2580,6260,2.0,0,0,3,7
20141125,1987,0,473000.0,3,2.25,1620,12309,2.0,0,0,3,7
20150506,1979,0,435000.0,4,3.0,2270,7245,1.0,0,0,3,7
20140513,2010,0,450000.0,3,2.75,1250,892,2.0,0,0,3,8
20141217,1976,0,244000.0,3,1.75,1500,7475,1.0,0,0,4,8
20150211,2001,0,550000.0,3,2.5,2800,10603,2.0,0,0,3,9
20140905,2000,0,975000.0,4,2.5,3420,183387,2.0,0,0,3,10
20150205,1990,0,426500.0,4,2.75,2100,88426,1.0,0,0,3,6
20150223,1985,0,542000.0,3,2.25,2220,12056,2.0,0,0,3,8
20150501,1988,0,289950.0,3,2.5,1770,9450,1.0,0,0,3,8
20141203,2001,0,250000.0,4,2.75,1830,6643,2.0,0,0,3,8
20150305,1995,0,336600.0,3,2.25,1654,8464,2.0,0,0,3,7
20140715,1984,0,350000.0,2,1.75,1080,7242,2.0,0,0,4,7
20150430,2003,0,390000.0,2,1.0,670,11505,1.0,0,0,3,5
20140717,1995,0,645000.0,4,2.5,2860,14000,2.0,0,0,3,8
20150331,1997,0,480000.0,4,2.5,2180,9861,2.0,0,2,3,8
20140522,1996,0,1150000.0,6,4.5,6040,219542,2.0,0,0,3,11
20140923,2004,0,585000.0,4,2.5,1950,3720,2.0,0,0,3,8
20150213,1973,0,678700.0,3,1.75,1970,10548,1.0,0,0,4,8
20150417,1975,0,603000.0,4,2.25,2110,11155,2.0,0,0,3,9
20141028,1981,0,1395000.0,4,3.0,3520,128502,2.0,0,2,4,10
20150429,1997,0,1085000.0,3,2.5,2840,7500,2.0,0,3,3,11
20141013,1985,0,359000.0,3,2.25,1650,7218,1.0,0,0,3,7
20140513,1978,2000,450000.0,3,2.25,2450,42180,1.0,0,0,4,7
20140903,2009,0,615000.0,3,2.5,1980,3128,2.0,0,0,3,8
20140929,1976,0,1031000.0,3,2.5,4110,35741,2.0,0,0,3,7
20150106,1999,0,283500.0,4,2.5,1990,5577,2.0,0,0,3,7
20150225,1994,0,370000.0,4,2.5,2320,9264,2.0,0,0,3,8
20140820,1999,0,1150000.0,3,2.5,4190,9624,2.0,0,0,3,10
20150227,1989,0,1398000.0,3,2.5,2910,10044,2.0,0,0,4,10
20140808,2013,0,2300000.0,7,4.75,5310,8816,2.0,0,0,3,10
20140724,1976,0,775000.0,4,2.5,2070,8473,1.0,0,0,4,8
20140608,1979,0,684680.0,4,2.25,2370,9360,2.0,0,0,4,8
20150116,1990,0,910000.0,4,3.5,3570,27699,2.0,0,0,3,11
20140911,1990,0,3640900.0,4,3.25,4830,22257,2.0,1,4,4,11
20140617,1976,0,375000.0,3,1.75,1160,22470,1.0,0,0,4,7
20140911,1994,0,250000.0,3,2.5,1610,6600,2.0,0,0,3,7
20141125,1973,0,442500.0,4,2.25,1840,7575,1.0,0,0,4,7
20140523,2000,0,900000.0,3,3.5,4080,217697,1.5,0,3,3,10
20140909,1999,0,1675000.0,4,4.75,4790,25412,2.0,0,0,3,12
20140820,1998,0,392500.0,3,3.25,1600,1289,3.0,0,0,3,8
20141007,1993,0,518000.0,4,2.5,2830,13760,2.0,0,0,3,8
20140812,1985,0,237000.0,3,2.0,1210,6634,1.0,0,0,4,7
20150314,1988,0,399950.0,3,2.25,1560,11997,1.0,0,0,3,7
20150506,1990,0,605000.0,3,2.25,2260,17114,2.0,0,0,3,7
20140722,1993,0,295000.0,4,2.5,1850,8198,2.0,0,0,3,7
20150428,1978,0,513000.0,4,2.5,1930,8040,1.0,0,0,3,7
20141001,2004,0,772500.0,4,2.5,3230,4290,2.0,0,0,3,9
20141219,2004,0,765000.0,4,2.5,3230,4290,2.0,0,0,3,9
20141218,1995,0,339999.0,3,2.5,2360,8093,2.0,0,0,3,8
20150212,2013,0,1120280.0,4,4.0,2530,1774,3.0,0,2,3,9
20150413,1977,0,250000.0,3,2.0,1500,5200,1.0,0,0,3,7
20140715,1996,0,340000.0,3,2.0,1130,9879,2.0,0,0,3,6
20141013,1976,0,635250.0,3,2.25,2210,22040,1.0,0,0,5,8
20150409,1988,0,400000.0,4,1.75,1770,12875,1.0,0,0,3,8
20150403,1980,0,330490.0,3,2.75,1440,7350,1.0,0,0,4,7
20140819,1999,0,325000.0,3,2.5,1740,5267,2.0,0,0,3,7
20150421,1999,0,335000.0,3,2.5,1740,5267,2.0,0,0,3,7
20140617,1988,0,809000.0,3,2.5,2590,7720,2.0,0,0,3,9
20140818,1990,0,535000.0,3,2.5,2790,19485,2.0,0,0,3,9
20141022,2004,0,550000.0,3,2.5,1550,1092,3.0,0,0,3,8
20140728,2000,0,340000.0,4,2.5,2380,9362,2.0,0,0,3,8
20140725,2003,0,678000.0,3,2.5,2640,5964,2.0,0,0,3,9
20150204,1985,0,334000.0,3,2.25,2000,7225,2.0,0,0,4,7
20150427,1976,0,365000.0,3,1.75,1450,61419,1.0,0,0,4,8
20140917,1977,0,255000.0,3,2.25,1740,10378,1.0,0,0,5,7
20150206,1975,0,295000.0,4,1.75,1800,28650,1.0,0,0,4,7
20140627,2006,0,550000.0,4,3.5,4150,16197,2.0,0,0,3,10
20140731,2011,0,1305000.0,5,3.5,3270,4080,2.0,0,0,3,9
20140826,2000,0,345000.0,3,3.25,1600,1882,2.0,0,0,3,8
20141120,1990,0,649500.0,3,3.0,3730,383328,1.5,0,0,4,9
20140825,2003,0,734500.0,4,2.75,3280,6845,2.0,0,0,3,10
20140812,1974,0,325000.0,2,1.0,1400,10800,1.0,0,0,4,7
20140528,1979,0,425000.0,4,2.75,1680,9545,1.0,0,0,4,7
20140514,1973,0,223000.0,3,1.75,1340,7473,1.0,0,0,4,7
20150413,1994,0,425000.0,3,2.75,2600,10874,2.0,0,0,3,9
20150506,1989,0,190000.0,3,2.25,1640,7730,1.0,0,0,4,7
20140606,2005,0,450000.0,3,2.5,1480,1961,2.0,0,0,3,8
20140519,1988,0,1468000.0,4,3.25,5010,34460,2.0,0,0,3,12
20141124,1983,0,290000.0,2,2.0,1590,9375,1.0,0,0,3,7
20140808,2014,0,1035000.0,4,2.5,2910,9131,2.0,0,0,3,10
20150105,1976,0,780000.0,4,2.5,3020,15164,1.0,0,0,4,8
20141218,1979,0,572500.0,3,2.0,2290,11200,2.0,0,0,3,9
20140821,1972,0,350000.0,4,1.75,2740,10086,1.0,0,0,3,7
20140728,1993,0,476000.0,4,2.5,2740,33158,2.0,0,0,3,9
20141217,1978,0,287000.0,3,2.25,2300,7200,1.0,0,0,4,8
20141224,1994,0,319000.0,3,2.5,1610,8544,2.0,0,0,5,7
20140822,1972,0,436000.0,4,2.0,1600,15044,1.0,0,0,3,7
20140521,2008,0,1220000.0,4,2.5,3240,3600,2.0,0,0,3,9
20150408,2012,0,1950000.0,4,2.5,3440,14554,2.0,1,4,3,8
20150105,1976,0,344500.0,3,1.75,1890,9535,1.0,0,0,3,7
20150412,1982,0,375000.0,4,2.75,1430,7403,1.0,0,0,3,7
20140701,1975,0,500000.0,5,3.25,3130,12087,2.0,0,0,3,8
20140702,2003,0,330000.0,4,2.5,2105,6093,2.0,0,0,3,8
20150225,1972,0,450000.0,3,1.5,1340,7200,1.0,0,0,3,7
20150114,1977,0,757500.0,5,2.25,3160,8065,2.0,0,0,3,8
20141112,2005,0,524950.0,2,2.5,1830,2856,2.0,0,0,3,7
20141210,1977,0,325000.0,6,3.0,2650,12870,1.0,0,0,4,7
20150421,2012,0,281000.0,4,2.25,1677,3600,2.0,0,0,3,7
20141016,1977,0,850000.0,3,3.5,2620,11148,2.0,0,4,4,9
20141119,1990,0,246000.0,3,2.5,1650,6675,1.0,0,0,3,8
20141020,1998,0,813000.0,4,2.5,3430,7508,2.0,0,0,3,10
20141120,1988,0,990000.0,4,2.5,3140,11049,2.0,0,0,3,10
20141105,2003,0,650000.0,3,2.5,2350,3750,2.0,0,0,3,7
20140522,1990,0,273000.0,4,3.0,1990,6180,2.0,0,0,3,7
20140724,1989,0,398000.0,4,2.5,2050,14724,2.0,0,0,3,7
20141104,1984,0,502000.0,3,2.5,1870,9135,1.0,0,0,3,7
20140617,1973,0,305000.0,3,2.25,2110,7665,1.0,0,0,4,7
20140618,1980,0,574950.0,5,3.25,3160,10000,2.0,0,0,4,8
20140612,2003,0,248000.0,4,2.5,1770,5855,2.0,0,0,3,7
20140604,1989,0,685000.0,4,2.5,2770,45514,2.0,0,0,4,9
20140715,2004,0,645000.0,4,2.75,2330,3917,2.0,0,0,3,9
20141218,2003,0,279000.0,3,2.5,1660,7388,2.0,0,0,3,7
20150416,2008,0,479000.0,2,2.5,1730,1037,3.5,0,0,3,8
20150420,1995,0,361500.0,4,2.75,2190,6740,2.0,0,0,3,7
20141202,1995,0,404000.0,3,1.75,1720,7202,1.0,0,0,3,7
20150316,1990,0,319000.0,4,3.25,2360,8344,2.0,0,0,3,8
20141117,2014,0,1311000.0,4,3.75,3490,5625,2.0,0,0,3,9
20140923,1971,0,1000000.0,3,2.75,2370,8900,1.0,0,4,4,9
20141107,1977,0,660000.0,4,2.5,2290,9120,2.0,0,0,4,8
20140910,2003,0,381500.0,4,2.5,2430,5556,2.0,0,0,4,8
20150116,2006,0,278226.0,4,2.5,2390,4639,2.0,0,0,3,8
20140813,1977,0,305000.0,4,2.5,2510,12000,1.0,0,0,3,8
20141224,1977,0,539500.0,4,2.25,2280,8550,1.0,0,0,3,8
20141013,1993,0,290000.0,4,2.5,1850,5674,2.0,0,0,3,7
20140821,1985,0,518500.0,4,3.0,2120,5520,1.5,0,0,3,8
20140908,1982,0,657000.0,4,2.75,3060,35380,1.0,0,0,3,9
20140815,1984,0,590000.0,3,2.25,2680,41250,2.0,0,0,3,7
20150302,2009,0,365000.0,2,1.5,820,1270,2.0,0,0,3,7
20141110,1998,0,497950.0,4,2.5,1950,3000,2.0,0,0,3,7
20140910,2006,0,405000.0,5,3.5,3672,9742,2.0,0,0,3,9
20150311,1994,0,568000.0,3,2.5,2740,22499,2.0,0,0,3,9
20150122,1994,0,610000.0,4,3.0,2600,29539,1.0,0,0,3,8
20140718,1979,0,915000.0,3,2.75,3390,7000,1.0,0,3,4,8
20140619,1972,0,619850.0,4,2.5,2270,9247,1.0,0,0,5,8
20140514,1986,0,802000.0,3,2.5,2580,13096,2.0,0,0,3,9
20140630,1997,0,330000.0,4,2.5,2340,11784,2.0,0,0,3,9
20140818,1992,0,338000.0,3,2.5,1590,7819,2.0,0,0,3,7
20140812,1991,0,3200000.0,4,3.25,7000,28206,1.0,1,4,4,12
20140820,1972,0,480000.0,4,2.25,1770,7000,1.0,0,0,5,7
20150331,1975,0,257000.0,3,1.75,1430,7210,1.0,0,0,3,7
20150223,1996,0,335000.0,4,2.75,2190,9209,2.0,0,0,4,8
20150508,2012,0,422000.0,4,2.5,2310,6650,2.0,0,2,3,8
20150424,2006,0,680000.0,4,2.75,3620,35429,2.0,0,0,3,10
20140903,1996,0,665000.0,3,2.5,2330,15536,1.0,0,2,3,10
20150326,2002,0,751000.0,3,2.5,2840,6854,2.0,0,0,3,9
20150506,1976,0,601002.0,4,2.5,2050,8094,1.0,0,0,3,8
20150205,2002,0,352900.0,2,1.5,1240,1892,2.0,0,0,3,7
20140819,1995,0,509950.0,3,2.5,2210,70567,2.0,0,3,3,9
20150205,2009,0,360000.0,2,1.75,1340,1050,3.0,0,0,3,8
20140731,2002,0,349950.0,3,2.5,2390,6441,2.0,0,0,3,7
20141126,1987,0,395000.0,4,2.5,2250,6840,2.0,0,0,3,9
20150417,1985,0,699000.0,3,2.5,2370,10968,2.0,0,0,4,9
20150416,1980,0,537000.0,4,2.25,2640,8800,1.0,0,0,3,8
20150429,1977,0,405000.0,3,1.5,1240,9975,1.0,0,0,3,6
20140804,1999,0,269500.0,2,1.0,800,1200,2.0,0,0,3,7
20140904,1988,0,266750.0,3,2.25,1650,10000,2.0,0,0,3,7
20140619,1994,0,500000.0,3,2.5,2840,48716,1.0,0,3,3,9
20140811,1994,0,890000.0,4,2.75,3220,15467,2.0,0,0,3,11
20150416,1999,0,415000.0,4,2.5,2670,8279,2.0,0,0,3,7
20140814,1984,0,727160.0,7,3.75,2310,5000,2.0,0,0,3,8
20141211,1978,0,1110000.0,4,3.25,3520,19354,1.0,0,2,4,9
20150507,1992,0,295000.0,3,1.75,1520,6559,1.0,0,0,4,7
20150123,1978,0,615000.0,3,1.75,2110,56192,1.0,0,0,3,7
20140926,1992,0,575000.0,4,2.5,2630,6247,2.0,0,0,3,8
20150407,1999,0,388000.0,3,1.75,1350,2325,3.0,0,0,3,7
20141103,1989,0,750500.0,4,2.5,2860,9159,1.0,0,0,4,8
20140527,1977,0,527500.0,3,1.75,2310,78844,1.0,0,0,3,8
20140529,1988,0,503000.0,3,2.0,2590,108900,2.0,0,0,3,8
20141104,2000,0,1047000.0,4,3.5,3500,4000,2.0,0,0,3,10
20140620,1990,0,482500.0,4,3.0,1630,7626,1.0,0,0,5,7
20141027,1978,0,210000.0,3,2.25,2140,9775,1.0,0,0,4,7
20141009,2000,0,459000.0,4,2.75,2790,6600,2.0,0,0,3,9
20140701,1977,0,375000.0,3,1.75,2530,35150,1.0,0,0,4,7
20141022,1974,0,295000.0,3,2.25,1330,7200,1.0,0,0,3,7
20150115,1971,0,547000.0,5,3.0,2200,103237,1.0,0,0,3,7
20150430,1979,0,348000.0,3,2.5,2370,7500,1.0,0,3,3,8
20140502,1990,0,439950.0,3,2.5,1770,2875,2.0,0,0,3,8
20140902,2005,0,207000.0,3,2.5,1520,2550,2.0,0,0,3,7
20140602,1978,0,320000.0,5,2.5,3020,21441,1.0,0,0,4,8
20150406,1988,0,1089000.0,5,3.25,5600,107157,2.0,0,0,3,10
20140813,1976,0,750000.0,3,3.75,2460,7630,1.0,0,0,5,8
20140926,1990,0,560000.0,3,2.5,3440,103672,2.0,0,0,3,9
20140815,1991,0,1825000.0,3,3.75,6030,39317,2.0,0,0,3,11
20141231,1996,0,330000.0,3,2.5,1990,9995,2.0,0,0,3,7
20150401,1973,0,525000.0,4,1.75,1600,7400,1.0,0,0,3,7
20140607,1974,0,611000.0,6,2.5,3820,53173,1.0,0,0,4,9
20140612,1990,0,294000.0,4,2.5,2210,8465,1.0,0,0,3,8
20150421,1975,0,463000.0,3,1.75,2020,11095,1.0,0,0,4,7
20140714,1990,0,320900.0,3,2.0,1770,7251,1.0,0,0,4,8
20141028,2005,0,369950.0,4,2.5,2050,4502,2.0,0,0,3,7
20140616,1981,0,565000.0,4,2.75,3130,139392,2.0,0,0,4,9
20140812,1977,0,400000.0,4,1.75,1810,9750,2.0,0,0,4,7
20141022,1977,0,458000.0,3,2.25,2150,9900,1.0,0,0,3,8
20141202,2002,0,436000.0,4,2.5,2495,5751,2.0,0,0,3,7
20141023,2006,0,398000.0,5,2.5,3004,5700,2.0,0,0,3,9
20140815,1977,0,625000.0,4,2.25,2070,7200,1.0,0,0,5,8
20141216,1990,0,1005000.0,5,3.25,4050,35600,2.0,0,0,3,12
20140812,2014,0,790000.0,4,3.5,2720,3000,2.0,0,0,3,9
20150407,1992,0,250000.0,4,2.75,1920,7102,1.0,0,0,3,7
20150326,2004,0,330000.0,4,2.5,2210,5929,2.0,0,0,3,8
20140915,1975,0,624000.0,3,2.5,2510,47044,1.0,0,0,4,7
20140602,1993,0,687000.0,4,3.25,4400,186846,2.0,0,0,4,9
20150309,1997,0,558000.0,4,3.25,3160,8876,2.0,0,0,3,9
20140905,1971,0,275000.0,3,2.0,1380,3500,2.0,0,0,3,7
20140728,1989,0,275000.0,3,2.5,1870,6821,2.0,0,0,3,7
20141211,1971,2011,700000.0,3,3.5,3030,11550,2.0,0,2,3,8
20140624,1982,0,342500.0,2,1.75,1210,7507,1.0,0,0,3,7
20140506,1995,0,483500.0,4,2.5,2740,45732,2.0,0,0,3,8
20140521,2007,0,540000.0,3,2.0,1470,1691,2.0,0,0,3,8
20150211,1981,0,140000.0,3,1.75,1270,8991,2.0,0,0,3,7
20150213,1976,0,605000.0,4,1.75,3280,35160,1.0,0,0,3,7
20150302,1987,0,329950.0,3,2.25,2070,7995,1.0,0,0,3,7
20140813,1985,0,220000.0,3,2.25,1470,7518,1.0,0,0,3,7
20140805,1990,0,506000.0,3,2.5,2100,213008,1.0,0,0,3,8
20140604,1987,0,907500.0,4,2.5,2770,8642,2.0,0,0,4,9
20140709,1978,0,359000.0,3,1.5,1550,4980,1.0,0,0,3,7
20150213,1999,0,334950.0,4,2.5,2230,5500,2.0,0,0,3,7
20140514,2006,0,253000.0,4,2.5,2230,4541,2.0,0,0,3,7
20140612,2004,0,561000.0,3,2.25,1710,4140,2.0,0,0,3,8
20141106,2006,0,368000.0,4,2.5,2689,5724,2.0,0,0,3,9
20141118,1974,0,252000.0,4,1.75,1940,13370,1.0,0,0,4,8
20140922,2014,0,799950.0,4,3.5,3030,5494,3.0,0,0,3,9
20140617,1986,0,400000.0,3,2.25,2140,11266,2.0,0,0,3,7
20150504,2008,0,355900.0,3,2.5,2090,3821,2.0,0,0,3,7
20150120,1977,0,420000.0,3,2.25,2520,26943,1.0,0,0,3,7
20140825,1977,0,710000.0,4,2.5,2630,8580,1.0,0,0,4,9
20150407,1974,0,518000.0,4,1.75,2560,15000,1.0,0,0,3,7
20140829,1986,0,402000.0,3,2.5,1520,3425,2.0,0,0,3,7
20140829,1976,0,585000.0,3,1.75,2170,153767,1.0,0,0,3,7
20141001,1998,0,1680000.0,5,3.5,5170,7197,3.0,1,4,3,11
20150212,2014,0,570000.0,2,2.0,1140,690,2.0,0,0,3,8
20141209,1979,0,345000.0,3,2.25,1690,14615,2.0,0,0,4,7
20150422,2010,0,355000.0,4,2.5,2150,3600,2.0,0,0,3,7
20150218,1994,0,799990.0,3,2.5,2850,21780,2.0,0,0,3,10
20141010,2001,0,1075000.0,3,2.5,2830,56628,2.0,0,0,3,11
20140822,2000,0,371000.0,2,1.5,1110,1189,3.0,0,0,3,8
20140804,1998,0,1000000.0,5,2.5,4670,15857,2.0,0,0,3,11
20150414,2004,0,889000.0,4,3.5,4070,10976,2.0,0,0,3,10
20150415,1977,0,305000.0,3,2.25,1630,10962,1.0,0,0,4,8
20141030,1976,0,407000.0,2,2.5,1700,6635,2.0,0,0,4,8
20141201,1975,1990,1637500.0,3,3.5,4660,21164,2.0,1,4,3,12
20140618,2005,0,1160000.0,4,3.5,4680,9700,2.0,0,0,3,10
20140929,1980,0,610000.0,3,2.25,2320,38186,2.0,0,0,3,8
20150318,1994,0,450000.0,3,2.5,3800,13071,2.0,0,0,3,10
20150224,1992,0,418200.0,3,2.5,2260,74297,2.0,0,0,3,9
20140828,2004,0,250000.0,3,2.5,1650,2802,2.0,0,0,3,7
20140825,2002,0,619000.0,3,2.5,2560,43608,2.0,0,0,3,9
20140630,1979,2014,500000.0,4,3.0,3720,15048,3.0,0,0,3,7
20141107,1986,0,465000.0,4,2.5,2590,16437,2.0,0,0,3,8
20150128,1989,0,276900.0,3,2.5,1620,7320,2.0,0,0,3,7
20150318,1990,0,660000.0,3,2.25,1700,12615,1.0,0,0,4,7
20141029,1990,0,480000.0,3,2.5,2450,28185,2.0,0,0,3,9
20140724,1979,0,825000.0,3,3.0,3730,35900,1.0,0,0,3,9
20150429,2005,0,593567.0,3,2.5,1770,3205,2.0,0,0,3,9
20140814,1987,0,440000.0,3,2.5,2060,11231,2.0,0,0,3,8
20140716,1992,0,751000.0,3,2.5,3090,13316,2.0,0,0,3,10
20140904,1988,0,422500.0,3,2.0,1300,2250,2.0,0,0,3,7
20140725,2006,0,890900.0,4,2.5,3420,6233,2.0,0,0,3,9
20140529,2000,0,672500.0,4,2.75,2620,6707,2.0,0,0,3,9
20140926,1987,0,565000.0,4,2.5,2330,7936,2.0,0,0,3,9
20150506,1979,0,725000.0,4,1.75,2350,7574,1.0,0,0,3,8
20140731,2006,0,640000.0,3,3.0,1560,1466,3.0,0,0,3,8
20140929,1977,0,850000.0,4,2.5,3180,11652,2.0,0,1,3,9
20141002,2009,0,366000.0,3,2.5,1790,4065,2.0,0,0,3,8
20141211,1992,0,300000.0,4,2.5,2400,7215,2.0,0,0,3,8
20140603,1981,0,960000.0,4,3.0,4590,9150,2.0,0,0,3,10
20140509,1977,0,234950.0,3,1.0,1360,9948,1.0,0,0,3,6
20140703,1995,0,255000.0,2,1.5,920,1598,2.0,0,0,3,7
20141027,1998,0,546200.0,3,2.5,2678,6607,2.0,0,0,3,9
20140811,1979,0,295000.0,3,1.75,1440,4000,1.0,0,0,4,7
20141120,1992,0,560000.0,3,2.0,2090,15790,1.0,0,0,3,9
20150401,1997,0,912000.0,4,2.75,4030,10888,2.0,0,0,3,10
20140508,1976,0,437000.0,3,1.75,1310,9282,1.0,0,0,4,7
20150316,2003,0,447000.0,3,2.5,1800,3074,2.0,0,0,3,7
20140916,1977,0,356000.0,3,2.25,2280,8765,2.0,0,0,3,8
20150324,1999,0,962800.0,4,2.75,3630,11775,2.0,0,0,3,10
20141001,2003,0,315000.0,4,2.5,2040,6300,2.0,0,0,3,8
20140620,2001,0,525000.0,3,2.25,1750,1879,3.0,0,0,3,8
20150430,2007,0,325000.0,2,2.25,1550,2285,2.0,0,0,3,8
20140702,1998,0,480000.0,5,2.5,2160,7737,2.0,0,0,3,7
20141118,1989,0,525000.0,5,3.25,3960,321908,2.0,0,0,4,9
20150412,1988,0,407500.0,4,2.5,1900,9075,2.0,0,0,3,7
20150309,1987,0,443000.0,4,3.0,2620,35124,2.0,0,0,3,9
20150410,1991,0,894400.0,3,2.5,3100,45738,2.0,0,0,3,10
20141126,2007,0,699950.0,2,2.5,2390,7489,1.0,0,0,3,8
20141029,2007,0,359950.0,4,3.25,2290,4785,2.0,0,0,3,9
20141215,1976,2009,517000.0,3,1.75,1740,10000,1.0,0,0,3,7
20150414,1978,0,320000.0,4,2.5,2130,9653,1.0,0,0,3,7
20140916,1998,0,400000.0,4,2.5,2150,5397,2.0,0,0,3,8
20141113,2008,0,400000.0,2,2.5,1340,1240,2.0,0,0,3,8
20140627,1981,0,342000.0,3,1.75,1780,10409,1.0,0,0,3,7
20150325,2006,0,315000.0,4,2.5,3130,5999,2.0,0,0,3,7
20150428,1979,0,485000.0,4,2.75,1830,8384,1.0,0,0,3,7
20141204,1976,0,277500.0,4,2.5,2550,7500,1.0,0,0,3,8
20150312,1998,0,1295000.0,4,3.5,3790,90169,2.0,0,0,3,11
20150330,1976,0,1187500.0,3,2.25,2860,10625,1.0,0,4,3,10
20150414,1985,0,468000.0,3,2.25,1470,5597,2.0,0,0,3,7
20150403,2000,0,336000.0,1,1.0,1160,5000,2.0,0,0,3,7
20140610,1990,0,392000.0,4,2.75,1940,6555,2.0,0,0,3,8
20140807,1977,0,412500.0,4,2.25,1630,7969,1.0,0,0,3,7
20150325,2001,0,545000.0,4,2.5,2755,11612,2.0,0,0,3,8
20140826,1987,0,335000.0,4,2.5,2520,7205,2.0,0,0,3,8
20141028,1977,0,322000.0,3,1.75,1400,18002,1.0,0,0,3,6
20140611,2006,0,292000.0,4,2.75,2414,7693,2.0,0,0,3,8
20140704,2003,0,600000.0,3,2.5,2320,7609,2.0,0,0,3,8
20141027,1989,0,435000.0,3,2.5,2530,16102,2.0,0,0,3,9
20150312,2009,0,280000.0,3,2.0,1020,889,2.0,0,0,3,7
20141002,1997,0,655000.0,4,2.5,3110,24466,2.0,0,0,3,9
20150512,1992,0,2480000.0,4,5.0,5310,16909,1.0,0,4,3,12
20150224,2001,0,499950.0,3,2.5,2580,23925,2.0,0,0,3,9
20140805,2008,0,540000.0,3,2.5,1380,1021,2.0,0,0,3,8
20150306,2002,0,970000.0,4,2.75,3980,9209,2.0,0,0,3,11
20140813,1989,0,330000.0,4,2.5,2080,7000,1.0,0,0,4,8
20140703,1978,0,474000.0,3,1.75,1530,8000,2.0,0,0,3,7
20140730,1985,0,1160000.0,4,2.5,3860,10361,2.0,0,2,4,10
20150112,1988,0,440000.0,4,2.5,2880,8061,2.0,0,0,3,9
20140728,1997,0,411000.0,2,2.5,1590,2088,2.0,0,0,3,9
20141215,1977,0,696000.0,6,3.25,2900,6400,2.0,0,0,4,8
20140616,1976,0,518000.0,4,2.5,1740,7500,1.0,0,0,4,7
20150430,1978,0,255000.0,3,2.0,1290,13282,1.0,0,0,3,7
20140714,1996,0,1520000.0,5,3.5,5930,13288,2.0,0,2,3,11
20150109,2000,0,322000.0,4,2.5,1950,4553,2.0,0,0,3,7
20150326,1980,0,183000.0,2,1.0,760,7272,1.0,0,0,4,7
20140905,1978,0,583500.0,3,1.75,1720,7800,1.0,0,0,4,7
20140909,1978,0,539000.0,3,1.75,1790,9860,1.0,0,0,4,7
20150320,2002,0,409000.0,4,2.75,3230,12651,2.0,0,0,4,8
20140924,1996,0,280000.0,3,2.5,1600,7936,2.0,0,0,3,7
20150116,1999,0,570000.0,4,3.5,3990,23544,1.0,0,2,3,10
20141111,1986,0,362000.0,3,2.5,2310,7485,2.0,0,0,3,8
20140526,1972,0,172500.0,3,1.0,1140,8800,1.0,0,0,3,7
20150430,1980,0,840000.0,4,2.5,2170,9796,1.0,0,0,4,8
20141113,1980,0,1600000.0,3,2.25,3370,23065,1.0,1,4,3,10
20140912,2001,0,435000.0,2,1.5,901,1245,3.0,0,0,3,7
20141017,1987,0,265000.0,3,2.25,1380,7226,1.0,0,0,4,7
20150324,1988,0,400000.0,3,2.5,1950,18533,2.0,0,0,3,8
20141021,1990,0,300499.0,4,2.5,2150,7944,2.0,0,0,3,8
20140616,2006,0,899950.0,4,3.5,3290,5414,2.0,0,1,3,9
20150504,1980,0,442500.0,5,3.25,4240,226097,2.0,0,0,3,8
20140503,1973,0,310000.0,3,1.0,1010,9945,1.0,0,0,4,6
20140905,1986,0,245000.0,4,2.25,2190,9113,2.0,0,0,3,7
20140722,1980,0,510000.0,6,4.5,3300,7480,2.0,0,0,3,8
20150427,1990,0,299950.0,3,2.25,1370,5000,2.0,0,0,3,7
20140821,2011,0,379950.0,4,2.5,2680,4500,2.0,0,0,3,8
20140618,2000,0,300000.0,3,2.5,1700,3575,2.0,0,0,3,7
20140902,2003,0,728000.0,4,2.5,3290,5951,2.0,0,0,3,9
20140925,2002,0,415000.0,4,3.5,3040,7125,2.0,0,1,3,8
20140604,2003,0,427500.0,4,2.5,2460,5091,2.0,0,0,3,9
20141110,1972,0,339300.0,3,2.0,970,10000,1.0,0,0,5,7
20140522,2008,0,431500.0,3,3.5,1900,1612,2.0,0,0,3,8
20150316,1978,0,490000.0,3,1.75,1470,9750,1.0,0,0,4,7
20150324,2005,0,1425000.0,4,5.0,4630,24054,2.0,0,3,3,11
20140610,2004,0,1180000.0,5,3.75,3630,6000,1.5,0,0,3,9
20141030,1990,0,299250.0,3,2.5,2530,8669,2.0,0,0,3,9
20140527,1979,0,587000.0,3,2.25,2370,217800,2.0,0,0,3,7
20140701,2001,0,431000.0,4,2.5,2300,6087,2.0,0,0,3,7
20141106,1987,0,778000.0,3,3.0,2630,10156,1.0,0,0,4,9
20150112,2004,0,550285.0,2,1.75,1680,4500,1.0,0,0,3,8
20140529,1991,0,860000.0,3,2.5,2770,9136,2.0,0,0,3,10
20140509,1979,0,782000.0,4,2.5,2830,20345,2.0,0,0,3,10
20150310,2000,0,525000.0,3,3.5,1370,1764,2.0,0,0,3,8
20141222,1995,0,745000.0,3,2.5,2810,435600,2.0,0,0,3,9
20140725,2005,0,470000.0,3,3.5,3520,35512,2.0,0,2,3,8
20141209,1990,0,680000.0,4,2.5,2980,8770,2.0,0,0,3,10
20140605,1976,0,276000.0,4,2.5,2068,7242,2.0,0,0,4,7
20140506,2000,0,655500.0,4,3.5,3380,8330,2.0,0,0,3,8
20141110,1980,0,264500.0,3,1.5,1580,14040,1.0,0,0,3,7
20141110,1987,0,240000.0,3,2.5,1620,5250,2.0,0,0,3,8
20150220,2000,0,819000.0,3,2.5,2750,226512,2.0,0,0,3,9
20141215,1973,0,693000.0,3,2.25,2120,13644,2.0,0,1,4,9
20141015,1989,0,478000.0,4,2.5,2780,7290,2.0,0,0,3,8
20150408,1996,0,635000.0,4,2.5,2070,11286,2.0,0,0,3,8
20140930,2005,0,469000.0,3,3.25,1390,1278,2.0,0,0,3,8
20140725,2005,0,350000.0,4,2.5,2610,5866,2.0,0,0,3,8
20140618,1996,0,630000.0,4,2.5,2807,9430,2.0,0,0,3,8
20141027,1989,0,279950.0,3,2.25,1340,7202,2.0,0,0,4,7
20141016,1978,0,618000.0,4,2.25,2470,7350,1.0,0,0,3,7
20141016,1992,0,154000.0,3,3.0,1530,9997,1.0,0,0,3,6
20140619,1977,0,1190000.0,5,3.0,3330,19126,2.0,0,0,4,11
20141023,2012,0,376950.0,4,2.5,2643,5750,2.0,0,0,3,8
20150106,2014,0,652600.0,4,2.5,2220,5900,2.0,0,0,3,8
20141229,1978,0,185000.0,3,1.75,1130,7000,1.0,0,0,3,7
20150309,1996,0,265000.0,3,2.5,1890,6088,2.0,0,0,3,7
20150309,1984,0,765000.0,3,1.5,1500,5111,2.0,0,0,5,8
20141027,1986,0,415000.0,3,2.0,2010,33090,1.5,0,2,5,8
20140617,2001,0,465950.0,4,2.5,2340,6896,2.0,0,0,3,7
20140804,1979,0,325000.0,3,1.75,1780,11096,1.0,0,0,3,7
20150217,1979,0,500000.0,3,1.75,1780,11096,1.0,0,0,3,7
20141024,1978,0,450000.0,4,2.5,2450,20348,1.0,0,0,3,8
20141006,2005,0,505000.0,3,2.5,1995,1483,3.0,0,0,3,8
20150116,2000,0,775000.0,4,3.5,3970,210830,2.0,0,0,3,9
20141027,2013,0,540000.0,4,2.5,3000,5471,2.0,0,0,3,8
20141113,1987,0,252500.0,3,2.0,1810,10684,2.0,0,0,3,8
20150423,2000,0,730000.0,3,3.5,2440,3502,2.0,0,0,3,7
20140924,1998,0,640000.0,4,2.5,2970,34981,2.0,0,0,3,9
20140606,1999,0,1280000.0,4,3.5,3010,3600,2.0,0,0,3,9
20140812,2003,0,396500.0,3,1.5,1360,1488,2.0,0,0,3,7
20140731,1998,0,300000.0,4,2.5,2080,2999,2.0,0,0,3,8
20150113,2004,0,579000.0,2,1.75,1560,4500,1.0,0,0,3,8
20140718,1988,0,301950.0,3,1.75,1370,9288,1.0,0,0,4,7
20140611,2001,0,455000.0,4,2.5,3170,10688,2.0,0,2,3,9
20141216,1986,0,375000.0,3,1.75,1380,5060,1.0,0,0,3,7
20150115,1999,0,470000.0,4,2.5,2700,6769,2.0,0,0,3,9
20150331,1983,0,374990.0,3,2.5,1300,10484,2.0,0,0,3,8
20150417,2006,0,541500.0,2,2.5,1900,3690,2.0,0,0,3,8
20150424,2001,0,782500.0,3,2.5,3750,7821,2.0,0,0,3,9
20150507,2012,0,264000.0,3,2.25,1552,3677,2.0,0,0,3,7
20140715,1991,0,640000.0,4,2.5,2500,7417,2.0,0,0,3,9
20140611,1995,0,1365000.0,5,3.5,4210,17258,2.0,0,3,3,12
20150317,1994,0,389950.0,3,2.5,2170,8140,2.0,0,0,3,9
20150223,1984,0,485000.0,3,2.25,1570,8111,2.0,0,0,3,8
20150413,2000,0,840000.0,4,2.5,2480,4602,2.0,0,0,3,9
20141015,1993,0,300000.0,3,1.75,1700,8481,2.0,0,0,3,7
20150325,1977,0,247500.0,4,2.0,1710,5200,1.0,0,0,4,7
20140826,1972,0,500000.0,4,2.25,2350,7210,1.5,0,0,4,7
20140912,1993,0,560000.0,3,2.5,2780,32880,1.0,0,0,3,9
20150512,1993,0,270000.0,3,2.25,2080,26574,1.0,0,2,3,7
20141125,1988,0,437500.0,3,2.0,1760,2875,2.0,0,2,3,7
20141107,1990,0,278000.0,4,2.5,1940,6887,2.0,0,0,3,7
20140904,2000,0,568500.0,4,2.5,3010,6181,2.0,0,0,3,9
20150326,2012,0,280000.0,4,3.0,2460,9606,1.0,0,0,3,8
20141204,1977,0,1250000.0,5,2.75,3710,13874,1.5,0,3,4,9
20141015,1986,0,535000.0,4,2.5,2360,15008,1.0,0,0,3,9
20140711,2014,0,814842.0,3,2.5,3190,6899,2.0,0,0,3,9
20150213,2006,0,340000.0,4,2.5,2181,5521,2.0,0,0,3,8
20150415,1980,0,329950.0,3,1.0,1000,9170,1.0,0,0,3,7
20150102,1990,0,500000.0,3,2.5,2760,35171,2.0,0,0,3,9
20140918,1990,0,734000.0,4,2.5,3490,18521,2.0,0,0,4,9
20140616,2006,0,385000.0,4,2.5,2960,5054,2.0,0,0,3,9
20140730,2000,0,1385000.0,4,3.5,3230,7200,1.0,0,1,3,10
20140731,1974,0,293000.0,3,1.75,1420,13187,1.0,0,0,4,7
20150112,1984,0,449000.0,3,2.25,1960,44634,1.0,0,0,3,7
20150306,1975,0,588000.0,4,1.75,2170,5750,1.0,0,2,3,7
20141215,1986,0,499950.0,3,2.0,1360,2500,1.0,0,0,3,7
20150421,1976,0,549000.0,5,2.5,3440,12350,1.0,0,2,4,9
20150122,1990,0,465000.0,5,3.0,2010,7264,1.0,0,0,3,7
20140814,1990,0,450000.0,3,2.5,2450,19744,2.0,0,0,3,10
20150423,1991,0,799900.0,4,2.5,3030,7800,2.0,0,0,3,9
20150406,1973,0,495000.0,4,2.5,2480,91911,1.0,0,2,4,7
20140822,1988,0,1200000.0,3,3.5,4310,10842,2.0,0,2,3,10
20150223,1983,0,637000.0,4,2.5,2120,15000,2.0,0,0,4,8
20140724,1976,0,305000.0,3,1.75,1400,10350,1.0,0,0,4,7
20140531,1992,0,587000.0,4,2.5,2550,6256,2.0,0,0,3,9
20140505,2000,0,1425000.0,2,2.5,2220,4000,2.0,0,0,3,9
20150424,1982,0,515000.0,3,3.0,2440,3202,2.0,0,0,4,8
20140509,1999,0,833000.0,4,2.75,3780,10308,2.0,0,0,3,10
20140604,1998,0,860000.0,3,3.25,4720,32467,2.0,0,2,3,10
20140827,1994,0,427000.0,3,2.0,1720,128066,1.0,0,0,3,7
20141120,1999,0,616950.0,3,3.5,2490,2722,2.0,0,0,3,8
20150309,1997,0,329990.0,4,2.75,2420,8438,2.0,0,0,3,8
20140513,1982,0,1550000.0,5,3.25,3370,17458,1.0,0,2,5,10
20140522,1973,0,240000.0,4,2.25,1720,8300,1.0,0,0,4,8
20140513,1973,0,285000.0,3,1.0,1090,8640,1.0,0,0,4,6
20150414,1987,0,382500.0,3,1.5,1090,9862,1.0,0,0,3,8
20140821,1980,0,367500.0,4,2.0,1960,16015,1.0,0,0,3,7
20150313,1971,0,465000.0,3,1.75,1730,8073,1.0,0,0,3,8
20150327,1979,0,323000.0,3,2.0,1830,6925,1.0,0,0,4,8
20150105,2009,0,270000.0,4,2.5,1600,9921,2.0,0,0,3,7
20141219,1980,0,1320000.0,3,1.75,2040,42693,1.0,0,2,3,10
20140627,2003,0,560000.0,4,2.5,2710,6583,2.0,0,0,3,9
20140924,1980,0,354000.0,3,2.0,1010,21340,1.0,0,0,3,8
20140808,1977,0,445000.0,3,2.25,1860,7200,1.0,0,0,4,7
20150310,2001,0,610000.0,4,2.5,2980,5896,2.0,0,0,3,8
20141210,2000,0,535000.0,3,3.25,2670,5108,2.0,0,2,3,9
20140812,1978,0,540000.0,5,2.75,3160,10059,2.0,0,0,3,10
20141009,2004,0,533000.0,3,2.5,2810,4607,2.0,0,0,3,8
20150403,2004,0,555000.0,3,2.5,2690,4819,2.0,0,0,3,7
20140623,1984,0,239950.0,3,1.75,1230,9600,1.0,0,0,4,7
20150108,1977,0,350000.0,3,1.0,950,9451,1.0,0,0,4,7
20140813,1977,0,465000.0,4,2.25,2140,7701,1.0,0,0,4,7
20150107,2008,0,445000.0,2,1.75,1440,4660,1.0,0,2,3,8
20140930,1996,0,329000.0,5,2.75,2570,7260,2.0,0,0,3,8
20140515,1997,0,512500.0,3,2.5,1840,2875,2.0,0,0,4,7
20140811,1992,0,314000.0,4,2.5,1870,8449,2.0,0,0,3,8
20140620,1989,0,623000.0,3,2.5,1850,7777,2.0,0,0,5,8
20140619,1980,0,310000.0,4,1.5,1220,9600,1.0,0,0,3,6
20150304,1984,0,532500.0,3,3.25,3140,37120,1.0,0,0,3,9
20140628,1994,0,598000.0,4,2.5,3130,40918,2.0,0,0,3,9
20140814,1998,0,683000.0,3,2.5,2300,9218,2.0,0,2,3,9
20140604,1988,0,250500.0,3,2.0,1710,7225,2.0,0,0,4,7
20140914,2008,0,560000.0,2,2.0,1680,4647,1.0,0,0,3,8
20150211,2011,0,480000.0,4,2.5,2980,4074,2.0,0,0,3,8
20150426,1989,0,580000.0,3,2.75,2650,9752,1.0,0,0,3,9
20140628,1998,0,475000.0,3,2.5,1700,9100,1.0,0,0,3,8
20150327,1980,0,700000.0,3,2.5,2530,623779,1.0,0,0,4,8
20140917,1988,0,590000.0,3,2.5,2520,10223,2.0,0,0,3,10
20150222,1990,0,264500.0,3,2.5,1630,8346,1.0,0,0,3,8
20150323,1971,0,290000.0,3,1.0,910,7620,1.0,0,2,3,7
20141121,1998,0,1815000.0,4,4.5,4510,12873,2.0,0,2,3,12
20140602,1977,0,585083.0,5,2.75,2910,36250,1.0,0,0,3,8
20140723,1982,0,439950.0,3,2.5,1540,7773,2.0,0,0,4,8
20140618,1979,0,287500.0,4,2.5,2570,9000,1.0,0,0,4,8
20140708,1976,0,375000.0,3,1.75,1660,9673,1.0,0,0,3,7
20150219,2010,0,260000.0,4,3.0,1530,8306,2.0,0,0,3,7
20150326,1990,0,275000.0,3,2.5,1830,7062,2.0,0,0,3,7
20141202,1987,0,528000.0,3,2.75,2160,4086,1.0,0,0,3,7
20150331,1990,0,1490000.0,3,3.5,4560,14608,2.0,0,2,3,12
20140729,2004,0,590000.0,3,2.5,2110,3870,2.0,0,0,3,9
20140523,2001,0,300000.0,4,2.5,1960,9898,2.0,0,0,3,8
20150408,2003,0,485000.0,3,2.5,1650,3436,2.0,0,0,3,7
20150223,2007,0,710000.0,5,3.25,3920,8572,2.0,0,0,3,9
20150430,2009,0,535000.0,4,2.5,3250,6933,2.0,0,0,3,8
20140528,1992,0,254000.0,3,2.0,1480,7480,1.0,0,0,4,7
20140521,2001,0,600000.0,4,2.5,2360,5226,2.0,0,0,3,8
20140925,2001,0,285000.0,3,2.5,1800,2516,2.0,0,0,3,7
20141023,1998,0,800000.0,4,3.75,2540,20662,2.0,0,0,3,10
20140919,2011,0,387990.0,4,2.5,2640,5595,2.0,0,0,3,8
20141104,2006,0,500000.0,4,2.5,3010,5040,2.0,0,0,3,8
20141023,2001,0,650000.0,4,2.5,2770,5612,2.0,0,0,3,7
20140619,2008,0,646000.0,4,2.5,2310,4079,2.0,0,0,3,8
20150130,1992,0,323400.0,4,3.0,2060,9138,1.0,0,0,3,8
20140806,2007,0,300000.0,3,2.5,1880,4200,2.0,0,0,3,7
20141028,1977,0,255000.0,4,1.75,1650,7200,1.0,0,0,3,7
20140513,2001,0,1400000.0,5,4.25,3530,7924,2.0,0,0,3,10
20150203,1990,0,212000.0,3,1.75,1470,8350,1.0,0,0,3,7
20150213,1992,0,311500.0,4,2.5,1940,10133,2.0,0,0,3,8
20150326,2003,0,2328000.0,4,3.5,4420,20759,2.0,0,0,3,11
20140610,1988,0,1250000.0,4,2.5,3700,21755,1.0,0,4,3,11
20140708,1991,0,600000.0,4,2.5,2250,11370,2.0,0,0,3,8
20140521,1987,0,600000.0,3,2.25,2230,9053,2.0,0,0,4,9
20141218,2001,0,315000.0,3,2.5,1950,3000,2.0,0,0,3,7
20150409,1998,0,730000.0,4,2.5,2750,10351,2.0,0,0,3,10
20150513,1977,0,1620000.0,4,2.25,2350,17709,2.0,0,0,4,9
20150427,2007,0,454450.0,4,3.0,2810,6000,2.0,0,0,3,9
20140917,1981,0,160000.0,2,2.5,1660,2258,2.0,0,0,3,7
20140602,1998,0,270000.0,4,2.5,1920,8497,2.0,0,0,3,8
20150330,2006,0,850000.0,3,2.5,3360,8708,2.0,0,0,3,9
20140516,1983,0,645000.0,4,2.5,3160,11380,2.0,0,0,3,9
20150113,1973,0,855000.0,4,2.25,2480,36974,2.0,0,0,4,9
20141201,1994,0,632500.0,4,1.5,2720,37258,2.0,0,0,3,10
20140821,1987,0,289950.0,3,2.5,2070,5013,2.0,0,0,3,8
20140620,2013,0,565000.0,4,2.75,3260,4900,2.0,0,0,3,9
20150425,1999,0,792000.0,3,2.5,2250,19270,2.0,0,0,3,8
20141222,1987,0,260000.0,3,2.25,1950,9600,1.0,0,0,4,7
20150427,1991,0,585000.0,3,2.0,2220,209523,1.0,0,0,3,7
20140730,1981,0,295500.0,3,1.75,1330,10523,1.0,0,0,3,7
20150330,1976,0,750000.0,3,1.75,2770,15232,1.0,0,0,3,8
20150225,1997,0,495000.0,4,2.5,2310,7555,2.0,0,0,3,9
20140801,1994,0,405000.0,3,2.5,1500,9636,2.0,0,0,3,7
20140922,1973,0,615000.0,4,2.25,2330,7020,1.0,0,0,4,8
20140805,1974,0,753000.0,4,1.75,2160,39430,1.0,0,0,4,8
20140715,1975,0,1600000.0,3,2.25,3170,5000,2.0,0,0,5,10
20140530,2000,0,3710000.0,4,3.5,5550,28078,2.0,0,2,4,12
20140822,1982,0,870000.0,4,2.75,3410,23000,2.0,0,0,4,10
20140701,2003,0,321000.0,4,2.5,1830,9601,2.0,0,0,3,7
20150507,2000,0,280000.0,3,2.5,1550,4486,2.0,0,0,3,7
20140703,2004,0,288000.0,3,2.5,1520,3593,2.0,0,0,3,7
20140622,1999,0,330000.0,4,2.5,2380,13550,2.0,0,0,3,7
20140722,1988,0,740000.0,5,3.5,2720,11454,2.0,0,0,3,9
20140923,1998,0,445000.0,3,2.5,2210,8010,2.0,0,0,3,8
20140625,1994,0,280000.0,7,2.5,1940,5458,2.0,0,0,3,7
20140710,1981,0,336500.0,3,2.25,1420,3433,2.0,0,0,4,7
20150211,1989,0,267000.0,3,2.5,1690,10336,2.0,0,0,4,7
20140806,1988,0,545000.0,4,2.5,2040,7412,2.0,0,0,3,8
20140804,1989,0,274950.0,3,1.75,1840,16679,1.0,0,0,3,8
20150505,2005,0,420000.0,3,2.5,1470,1445,2.0,0,0,3,8
20150407,2006,0,620000.0,3,2.5,1776,1248,3.0,0,0,3,8
20140904,2000,0,666500.0,4,2.5,2860,6600,2.0,0,0,3,9
20140521,1986,0,625000.0,4,2.5,2630,48706,2.0,0,0,3,8
20141010,2009,0,257000.0,3,2.5,1740,3721,2.0,0,0,3,8
20141112,1990,0,745000.0,4,2.5,3130,10860,2.0,0,0,3,10
20140926,1999,0,1350000.0,4,3.5,3500,9525,2.0,0,0,3,10
20140619,2003,0,475000.0,3,2.5,950,1110,2.0,0,0,3,8
20140918,1987,1999,540000.0,3,2.5,1720,11656,2.0,0,0,3,8
20140528,1996,0,175000.0,2,1.0,830,2699,1.0,0,0,3,7
20140507,2000,0,280000.0,3,2.5,1600,4271,2.0,0,0,3,7
20140627,2003,0,1050000.0,4,4.25,4390,13833,2.0,0,3,3,10
20140709,1988,0,486000.0,4,2.5,3560,12047,2.0,0,0,3,10
20140723,1987,0,480000.0,3,2.5,1640,7847,2.0,0,0,3,8
20140609,1988,0,743700.0,4,2.5,2610,33206,2.0,0,0,3,10
20140814,1988,0,449950.0,3,1.75,1470,7590,1.0,0,0,3,7
20141201,2001,0,1185000.0,4,3.25,3960,12895,2.0,0,0,3,11
20150415,1979,0,295000.0,3,2.5,1940,10350,1.0,0,0,3,7
20150312,2001,0,875000.0,6,3.5,4430,11453,2.0,0,0,3,9
20150421,1990,0,1387000.0,4,3.5,4010,10880,2.0,0,3,4,11
20150421,2003,0,650000.0,4,2.75,3260,5335,2.0,0,0,3,9
20140826,1991,0,575000.0,3,2.5,1750,4797,2.0,0,0,4,7
20140725,2004,0,468000.0,3,2.25,1630,2490,2.0,0,0,3,7
20140507,1990,0,675000.0,4,4.0,3680,18804,2.0,0,0,3,10
20141008,1996,0,332100.0,5,3.5,2660,6978,2.0,0,0,3,8
20140805,1979,0,817000.0,4,2.25,2600,10660,2.0,0,0,4,8
20150305,2014,0,629950.0,3,2.5,1680,1683,2.0,0,0,3,9
20140912,1983,0,490000.0,3,2.25,1630,7573,1.0,0,2,3,7
20150218,1976,0,415000.0,3,1.75,1790,15142,1.0,0,0,3,7
20140620,1973,0,400000.0,4,2.25,2420,7927,1.0,0,0,4,7
20140820,2008,0,935000.0,4,3.0,3680,7105,2.0,0,2,3,10
20140515,1979,0,575000.0,4,2.5,3020,17810,1.0,0,0,3,9
20141015,2006,0,1660000.0,4,3.25,4240,11189,2.0,0,2,3,10
20141229,1973,0,302300.0,5,2.75,3130,9450,1.0,0,0,4,8
20140721,1978,0,361500.0,3,1.75,1070,9000,1.0,0,0,4,7
20150413,2014,0,395000.0,2,1.75,1210,1161,2.0,0,0,3,8
20141013,1972,0,706000.0,4,2.5,3280,16575,1.0,0,0,3,9
20140728,2005,0,341950.0,5,3.0,3070,5252,2.0,0,0,3,8
20150107,1972,0,445000.0,4,2.25,2130,7200,2.0,0,0,3,7
20140807,2005,0,598500.0,4,2.5,2520,3980,2.0,0,0,3,8
20140714,1998,0,570000.0,4,2.5,2640,4200,2.0,0,0,3,8
20150416,1977,0,779000.0,5,2.25,2830,7738,2.0,0,0,4,8
20150121,2004,0,760000.0,4,3.5,3720,13591,2.0,0,3,3,10
20140729,1998,0,595000.0,4,2.5,2910,7287,2.0,0,0,3,8
20150326,1985,0,653000.0,3,2.25,2770,57745,2.0,0,0,3,8
20140609,2008,0,352750.0,2,1.75,1060,1241,2.0,0,0,3,7
20150204,1992,0,424950.0,4,2.5,2480,8563,2.0,0,0,3,8
20140530,1973,0,427000.0,5,2.75,2220,4000,1.0,0,0,3,7
20140805,2000,0,558000.0,4,2.5,3220,5120,2.0,0,0,3,9
20140828,1994,0,830005.0,4,3.75,3610,7904,3.0,0,0,3,11
20140909,2008,0,548000.0,4,3.25,3420,5012,2.0,0,0,3,10
20141028,1999,0,865000.0,4,4.0,2790,16117,2.0,0,0,4,9
20150202,2013,0,1750000.0,6,4.25,5860,13928,2.0,0,3,3,10
20140618,1983,0,688000.0,3,3.0,3450,16200,2.0,0,0,3,10
20150317,2003,0,399950.0,4,2.5,2350,5100,2.0,0,0,3,8
20140606,1985,0,539000.0,3,2.0,2260,9568,1.0,0,0,3,8
20150310,1979,0,472000.0,2,2.25,1800,2748,2.0,0,0,4,9
20140722,1977,0,667400.0,4,2.5,2660,40312,2.0,0,0,4,8
20141030,1995,0,1220000.0,3,2.25,2640,7544,1.0,0,0,3,10
20140630,2007,0,544000.0,3,2.5,1460,1613,2.0,0,0,3,8
20140822,1975,0,315000.0,3,1.0,1010,7500,1.0,0,0,4,7
20141020,2000,0,765000.0,4,2.5,4040,25752,2.0,0,0,3,10
20140702,2006,0,625000.0,3,3.0,1820,1641,3.0,0,0,3,8
20140902,2004,0,1875000.0,4,5.0,5810,7440,2.0,0,0,3,10
20150211,1979,0,822600.0,4,2.5,3010,9600,1.0,0,2,3,9
20150512,1982,0,377000.0,4,2.0,1640,5014,1.0,0,0,4,7
20140814,1974,0,760000.0,4,3.0,2840,13554,1.0,0,2,4,9
20140619,1997,0,470000.0,3,2.0,1730,38884,1.0,0,0,3,8
20140725,1991,0,810000.0,3,2.5,3140,10983,2.0,0,0,3,10
20140620,2002,0,405000.0,3,1.0,1460,10000,1.5,0,0,3,7
20140919,2014,0,779950.0,4,2.75,2840,4864,3.0,0,0,3,9
20150112,1980,0,200000.0,4,2.75,1910,7210,1.0,0,0,4,7
20140717,1992,0,658100.0,4,2.5,2430,8509,2.0,0,0,3,9
20140714,1996,0,397000.0,2,1.75,1610,4104,1.0,0,0,3,7
20141015,1999,0,815000.0,3,3.75,2780,5002,2.0,0,0,3,10
20140924,1989,0,305500.0,4,2.5,1850,7199,2.0,0,0,4,7
20140708,1997,0,340000.0,3,2.25,2120,13090,1.0,0,0,3,8
20150226,1979,0,330000.0,5,2.5,2620,12763,1.0,0,0,3,7
20150421,2004,0,269000.0,4,2.5,2060,3608,2.0,0,0,3,7
20140717,1999,0,414000.0,5,3.0,3045,5030,2.0,0,0,3,8
20140520,1992,0,619500.0,3,2.5,1700,4105,2.0,0,0,3,8
20150423,1971,0,380500.0,3,1.0,1410,7854,1.0,0,0,4,7
20140609,1976,0,627000.0,4,2.0,2030,9300,1.0,0,0,4,8
20140924,2001,0,469500.0,4,2.5,2090,7241,1.0,0,0,4,7
20140628,1978,0,314500.0,3,1.75,1700,17355,1.0,0,0,3,7
20140825,1985,0,598000.0,4,2.5,2030,9825,1.0,0,0,3,8
20140616,2002,0,699850.0,4,3.5,2690,6164,2.0,0,0,3,9
20140508,1991,0,595000.0,3,2.5,1750,3354,2.0,0,0,4,7
20141218,1993,0,735000.0,4,2.5,3270,45537,2.0,0,0,3,9
20140509,1978,0,542500.0,4,2.5,2330,14289,2.0,0,0,4,8
20150512,1978,0,450000.0,3,1.75,1720,6960,1.0,0,0,3,7
20141216,1979,0,305000.0,2,2.25,1610,1968,2.0,0,0,5,7
20150317,2007,0,630000.0,3,3.0,1880,2200,2.0,0,0,3,8
20141017,1981,0,265000.0,3,2.5,1340,10290,1.0,0,0,4,7
20140917,2005,0,338500.0,4,2.5,2717,4513,2.0,0,0,3,8
20140512,1975,0,300000.0,2,1.75,1360,8100,1.0,0,0,3,7
20140620,1992,0,337000.0,4,3.0,2240,8504,2.0,0,0,3,7
20150416,1988,0,324900.0,3,2.25,2080,9740,2.0,0,0,3,8
20141212,1975,0,500000.0,4,2.75,3000,213008,1.0,0,0,4,8
20150302,2010,0,885000.0,4,3.5,3310,6000,2.0,0,2,3,8
20140527,1972,0,304000.0,3,1.0,900,7500,1.0,0,0,4,7
20140522,1973,0,1180500.0,3,1.75,1610,7200,1.0,0,0,3,8
20140722,2005,0,187000.0,3,2.5,1730,1803,2.0,0,0,3,7
20150325,1974,0,585000.0,3,1.75,1840,7350,1.0,0,0,3,8
20150409,2002,0,1400000.0,5,4.0,4700,22326,2.0,0,0,3,11
20150225,1990,0,1980000.0,4,3.5,4500,44384,1.0,0,0,3,12
20141226,1979,0,250000.0,3,1.75,1780,35233,1.0,0,0,4,8
20141218,1986,0,950000.0,4,2.75,3800,12200,2.0,0,3,4,10
20140902,1992,0,725000.0,3,2.5,2980,16996,2.0,0,0,3,10
20140512,1978,0,505000.0,4,2.5,2780,6369,1.0,0,0,3,8
20150205,1978,0,485000.0,3,2.25,2090,7450,1.0,0,0,3,7
20140916,1980,0,155000.0,2,1.0,810,4755,1.0,0,0,3,7
20150211,1988,0,419625.0,4,2.5,2680,11590,2.0,0,0,4,9
20150511,1977,0,379000.0,4,1.75,2180,7876,1.0,0,0,4,7
20150224,2009,0,293000.0,4,2.25,1870,5371,2.0,0,0,3,7
20140806,1989,0,592100.0,4,2.75,2310,7851,1.0,0,0,4,8
20140818,1977,0,213000.0,3,1.75,1200,55321,1.5,0,0,5,7
20150326,2004,0,338000.0,5,2.5,2400,4496,2.0,0,0,3,7
20150407,2005,0,320000.0,4,2.5,3130,5200,2.0,0,0,3,7
20141030,2005,0,249900.0,2,2.0,1470,2541,2.0,0,0,3,6
20150316,1977,0,445000.0,3,2.5,1740,22089,1.0,0,0,4,8
20141212,2003,0,365000.0,4,2.5,2905,4874,2.0,0,0,3,9
20141110,1998,0,1260000.0,3,3.0,3230,8625,2.0,0,3,3,10
20140925,2002,0,444500.0,3,2.5,2600,4724,2.0,0,0,3,7
20141113,1972,0,340000.0,4,1.0,1200,11834,1.0,1,3,3,6
20140909,1982,0,420000.0,3,1.75,1140,8558,1.0,0,0,4,7
20141229,1988,0,438500.0,3,2.25,3050,10689,2.0,0,0,4,9
20150302,1984,0,1810000.0,5,2.5,4250,20441,1.0,0,1,4,11
20140620,1975,0,885000.0,3,2.25,2060,9552,1.0,0,0,4,9
20150423,1971,0,455000.0,3,2.0,1640,9825,1.0,0,0,4,7
20141217,2007,0,740000.0,4,3.5,3060,4777,2.0,0,0,3,9
20150312,2008,0,326000.0,2,1.5,1030,798,3.0,0,0,3,8
20140607,1998,0,568500.0,4,2.5,2460,4200,2.0,0,0,3,8
20140922,2013,0,620000.0,4,2.5,2500,8282,2.0,0,0,3,9
20141023,2003,0,289950.0,3,2.5,2070,6145,2.0,0,0,3,7
20141114,1974,0,252500.0,3,2.5,1780,7192,1.0,0,0,4,7
20140522,1977,0,635700.0,4,2.5,3240,13978,1.0,0,0,3,9
20141028,1996,0,710000.0,4,2.5,2880,12349,2.0,0,0,3,10
20140630,2006,0,439000.0,3,2.5,3180,7904,1.0,0,0,3,8
20140519,1981,0,225000.0,2,1.0,910,9612,1.0,0,0,4,7
20150407,1992,0,585000.0,4,3.25,3410,34939,2.0,0,0,4,9
20141029,1986,0,270000.0,3,2.0,2330,8000,1.0,0,0,3,7
20141021,1997,0,767250.0,4,3.0,2170,2500,2.0,0,0,3,8
20150323,1988,0,500000.0,4,2.25,2060,44431,2.0,0,0,3,7
20141205,1998,0,369000.0,4,2.5,2370,6557,2.0,0,0,3,9
20150304,1994,0,470000.0,3,2.5,1980,9725,2.0,0,0,3,8
20141110,1997,0,369950.0,4,2.75,2760,7533,1.0,0,0,3,8
20140915,2005,0,615000.0,5,3.5,2950,7980,2.0,0,3,3,9
20150505,1996,0,1200690.0,5,3.0,3640,28531,2.0,0,0,3,10
20141021,1993,0,799500.0,4,2.5,2760,5750,2.0,0,0,3,8
20140520,1977,0,598000.0,5,2.25,2890,12478,2.0,0,0,3,9
20140509,1987,0,851000.0,3,2.5,3560,107290,2.0,0,0,3,10
20150327,1979,0,225000.0,3,2.25,1590,9200,1.0,0,0,4,7
20141006,1979,0,705000.0,4,2.25,2620,10536,1.0,0,0,3,8
20150505,2003,0,535000.0,5,2.5,3190,6178,2.0,0,0,3,8
20150121,1990,0,222500.0,3,2.0,1450,9044,2.0,0,0,3,7
20150424,2006,0,313500.0,2,1.5,1270,1282,2.0,0,0,3,8
20150317,1992,0,632000.0,3,2.25,2730,7521,2.0,0,2,3,9
20150322,2012,0,467000.0,3,2.0,1840,3432,2.0,0,0,3,7
20150424,1978,0,339000.0,3,2.25,1970,7210,1.0,0,0,4,8
20140619,2004,0,712000.0,3,2.75,3200,6699,2.0,0,0,3,9
20140717,2007,0,470000.0,3,3.25,1740,1693,2.0,0,0,3,8
20140524,2007,0,440500.0,3,2.5,2460,4399,2.0,0,0,3,7
20140602,2005,0,342000.0,2,2.5,1175,1366,2.0,0,0,3,8
20141111,1978,0,283000.0,3,2.25,2130,8800,1.0,0,0,3,8
20150424,1978,0,430000.0,4,2.75,2470,50123,1.0,0,0,3,8
20140808,2000,0,245000.0,4,2.5,1700,4268,2.0,0,0,3,7
20140605,2004,0,355500.0,3,2.5,2600,5540,2.0,0,0,3,8
20141216,1988,0,324900.0,4,2.25,2010,7280,2.0,0,0,4,8
20140811,1990,0,570000.0,3,2.5,3150,20189,2.0,0,0,3,10
20141106,1984,0,552321.0,3,2.5,1960,8469,2.0,0,0,4,8
20141015,1997,0,795000.0,4,2.75,2890,16397,2.0,0,0,3,10
20140812,1980,0,190500.0,3,2.0,1390,10155,1.0,0,0,3,7
20141120,1996,0,808000.0,4,2.75,3340,7230,2.0,0,0,3,9
20140826,1998,0,500000.0,4,2.5,2040,6685,2.0,0,0,3,8
20140619,1996,0,775000.0,4,2.75,3010,15992,2.0,0,0,3,11
20140620,2006,0,448000.0,4,2.5,2510,6853,2.0,0,2,3,9
20141007,2004,0,399000.0,3,2.5,1800,3300,2.0,0,0,3,7
20141121,1976,0,478000.0,3,1.75,1210,6175,1.0,0,0,3,7
20140603,1973,0,430000.0,4,2.25,1790,7203,1.0,0,0,4,7
20140508,1989,0,347500.0,4,2.5,2460,7350,2.0,0,0,3,9
20140814,1987,0,900000.0,4,2.5,3690,11468,2.0,0,0,3,11
20140930,1982,0,425000.0,3,1.75,1960,43332,1.0,0,0,4,7
20140519,1995,0,429000.0,3,2.5,1920,15124,2.0,0,0,3,8
20150224,2002,0,540000.0,3,2.25,1670,3135,2.0,0,0,3,8
20150127,1974,0,324950.0,3,2.0,1340,9750,1.0,0,0,4,7
20140822,1972,0,588000.0,4,1.75,1930,7245,1.0,0,0,4,8
20140909,1994,0,234950.0,3,2.0,1430,10850,1.0,0,0,3,7
20140716,1991,0,637000.0,5,3.0,2460,7240,1.0,0,0,3,9
20140516,2000,0,772000.0,4,2.5,2110,3750,2.0,0,0,3,8
20141017,1978,0,423500.0,3,2.0,2000,10490,1.0,0,0,3,8
20140908,1977,0,550000.0,3,2.75,2230,14400,1.0,0,0,4,8
20150121,1997,0,795000.0,3,2.75,1820,7517,1.0,0,0,3,9
20140815,2003,0,495000.0,4,3.0,2740,2811,2.0,0,0,3,8
20150302,1997,0,455000.0,4,2.5,2710,6558,2.0,0,0,3,9
20150421,1979,0,386000.0,4,2.25,2810,8560,1.0,0,0,3,8
20140604,1999,0,415000.0,4,2.5,2000,5962,2.0,0,0,3,8
20140808,1994,0,442000.0,3,2.5,1980,39932,2.0,0,0,3,8
20140703,2000,0,1150000.0,5,2.5,3580,8921,2.0,0,0,3,9
20141110,1990,0,279000.0,3,2.5,2010,11618,2.0,0,0,3,7
20140529,1984,0,1355000.0,5,3.5,5960,13703,2.0,0,2,3,10
20140708,1993,0,336000.0,4,2.5,2530,8169,2.0,0,0,3,8
20150426,1995,0,290000.0,3,2.5,1580,6860,2.0,0,0,3,7
20150325,1975,0,146300.0,3,1.0,1200,9668,1.0,0,0,5,6
20140609,1977,0,554000.0,3,1.75,1760,10780,1.0,0,0,3,8
20140618,1972,0,424000.0,3,2.0,1670,7700,1.0,0,0,3,7
20150429,2007,0,1348000.0,4,3.5,4640,9827,2.0,0,2,3,10
20150501,1985,0,244500.0,3,1.75,1210,8864,1.0,0,0,3,7
20141120,2005,0,206000.0,2,2.5,1280,1566,2.0,0,0,3,7
20140710,2005,0,418000.0,2,2.5,1500,3608,2.0,0,0,3,8
20150225,2006,0,425000.0,4,2.5,2689,6688,2.0,0,0,3,9
20150205,2007,0,800000.0,4,2.75,3250,5500,2.0,0,0,3,9
20140714,1977,0,476000.0,3,1.75,1650,9600,1.0,0,0,4,7
20150202,2003,0,277500.0,3,2.5,1690,5171,2.0,0,0,3,8
20140708,1979,0,890000.0,4,2.75,2310,4020,3.0,0,0,5,8
20150323,2000,0,450000.0,3,3.5,1790,1288,3.0,0,0,3,8
20140924,1979,0,465000.0,4,2.25,2100,7350,2.0,0,0,3,8
20140617,2003,0,330000.0,3,2.5,3040,7232,2.0,0,0,3,7
20141226,2007,0,449400.0,4,3.0,2490,5064,2.0,0,0,3,7
20150206,2007,0,829000.0,3,2.75,2690,10443,1.0,0,0,3,9
20140908,1985,0,615000.0,3,2.25,2530,45234,2.0,0,0,4,9
20140502,1977,0,437500.0,3,2.25,1970,35100,2.0,0,0,4,9
20140717,1985,0,770000.0,3,2.5,3680,35617,1.0,0,0,3,10
20140703,1975,0,600000.0,5,2.25,3000,13899,2.0,0,0,4,8
20150130,2004,0,1920000.0,5,5.75,7730,230868,2.0,0,0,3,12
20140507,1985,0,560000.0,3,2.0,1860,13374,1.0,0,0,3,8
20140624,2006,0,589950.0,4,2.5,3190,8195,2.0,0,0,3,10
20140603,2007,0,425000.0,2,2.5,1140,1182,3.0,0,0,3,8
20140801,1973,0,350000.0,3,1.0,860,7030,1.0,0,0,3,7
20150311,1978,0,273000.0,3,1.75,1540,10545,2.0,0,0,4,6
20150320,1978,0,400000.0,3,1.75,1830,9620,1.0,0,0,4,8
20141003,1980,0,230000.0,3,1.5,1630,6625,1.0,0,0,5,7
20150413,1990,0,372000.0,4,2.5,2500,8215,2.0,0,0,3,8
20140705,1984,0,459500.0,3,1.75,1470,4950,1.0,0,0,3,7
20140805,1995,0,582000.0,3,2.5,2380,19860,2.0,0,0,4,8
20140530,1991,0,386000.0,3,2.0,2120,7560,1.0,0,0,3,9
20140609,1998,0,546000.0,3,2.5,1530,3464,2.0,0,0,3,8
20140918,2004,0,540000.0,3,2.5,2860,8935,2.0,0,0,3,8
20140715,1990,0,561600.0,4,2.5,2350,6624,2.0,0,0,3,9
20140520,1978,0,300000.0,6,5.25,2860,5682,2.0,0,0,3,7
20140609,2002,0,1017100.0,4,3.75,4060,19290,2.0,0,0,3,10
20150121,1985,0,620000.0,4,2.25,2210,8101,2.0,0,0,3,9
20140731,1989,0,305000.0,3,2.0,1830,10873,1.0,0,0,3,8
20140923,1999,0,2574000.0,4,3.75,4475,20424,2.0,1,4,3,12
20140731,1993,0,610000.0,3,2.5,2910,12283,2.0,0,2,3,10
20140812,2003,0,381000.0,5,2.75,3060,6895,2.0,0,0,3,8
20140522,1978,0,482000.0,5,2.25,2230,9600,1.0,0,0,3,8
20141022,1977,0,379950.0,3,1.0,1270,6900,1.0,0,0,3,7
20141009,1985,1999,2500000.0,4,4.5,4300,19844,2.0,0,0,3,11
20140623,1992,0,425000.0,3,2.25,1580,39189,1.0,0,0,3,7
20140910,1980,0,580000.0,4,2.25,2570,36465,2.0,0,0,4,8
20140520,2007,0,194000.0,1,1.0,820,1060,1.0,0,0,3,8
20150401,1987,0,546200.0,4,2.25,2090,8579,2.0,0,0,3,8
20140815,2014,0,1395000.0,4,3.5,3560,16782,2.0,0,0,3,10
20140808,1998,0,795000.0,4,2.75,3100,7501,2.0,0,0,3,10
20140826,1977,0,265000.0,4,2.25,2300,9100,1.0,0,0,3,7
20150112,1990,0,1300000.0,4,2.5,3110,11857,2.0,0,4,3,11
20140805,2004,0,760000.0,4,2.5,2920,7901,2.0,0,0,3,9
20140903,2009,0,540000.0,2,1.25,1230,1569,2.0,0,0,3,9
20140519,1978,0,446000.0,5,2.75,2190,12687,1.0,0,0,5,7
20141023,1972,0,379000.0,3,2.5,1500,7420,1.0,0,0,3,7
20140620,2004,0,800000.0,4,2.75,3150,7035,2.0,0,0,3,9
20150414,1999,0,449950.0,3,1.75,2070,96703,1.0,0,3,4,7
20140902,1974,0,392000.0,3,2.25,1790,7125,1.0,0,0,3,7
20150422,1999,0,465000.0,3,2.5,1650,4636,2.0,0,0,3,8
20140822,1977,0,449950.0,4,2.5,2070,7312,1.0,0,0,4,7
20140828,1975,0,546800.0,4,2.25,2170,10000,1.0,0,0,3,8
20150422,1985,0,337000.0,3,1.75,1440,11364,1.0,0,0,3,7
20141111,2004,0,380000.0,2,2.0,1120,780,2.0,0,0,3,8
20150428,1992,0,280000.0,3,2.5,1970,8426,2.0,0,0,3,8
20141120,1990,0,202000.0,3,1.5,1420,9081,1.0,0,0,4,6
20150427,2001,0,585000.0,4,2.5,2250,4119,2.0,0,0,3,8
20140523,2003,0,1200000.0,4,3.5,4740,172497,2.0,0,0,3,11
20140924,1992,0,364000.0,2,2.25,1280,2574,2.0,0,0,3,7
20150317,2006,0,558000.0,2,1.75,1930,4601,1.0,0,0,3,8
20141107,2004,0,590000.0,4,2.5,2380,4950,2.0,0,0,3,8
20150423,1992,0,725000.0,4,2.5,2700,25870,2.0,0,0,4,8
20150428,1971,0,490000.0,3,2.25,2330,3600,1.5,0,0,3,8
20140827,1994,0,277000.0,3,2.25,2160,9612,2.0,0,0,3,7
20140509,1976,0,325000.0,4,1.5,1470,70800,1.0,0,0,3,7
20140925,1995,0,649800.0,4,2.5,2280,9827,2.0,0,0,3,8
20150329,1975,0,460000.0,2,1.0,850,4650,1.0,0,0,3,7
20140805,1984,0,750000.0,3,3.25,4610,81935,2.0,0,0,4,9
20140502,1996,0,407500.0,3,2.5,1930,10460,2.0,0,0,3,8
20140508,1974,0,524000.0,3,2.25,2430,73151,1.0,0,0,3,8
20140822,1994,0,264950.0,4,2.5,1990,9656,2.0,0,0,3,7
20141028,1990,0,547500.0,3,2.5,2550,10355,2.0,0,0,3,9
20141117,1993,0,264500.0,3,2.25,1370,7087,2.0,0,0,3,7
20141008,2006,0,560000.0,3,3.5,1560,2198,2.0,0,0,3,8
20141216,1996,0,995000.0,5,4.0,5610,22529,2.0,0,0,3,11
20140812,1996,0,320000.0,4,2.5,2070,7007,2.0,0,0,3,7
20141204,2003,0,972000.0,4,3.25,4010,13797,2.0,0,0,3,11
20140826,1975,0,474950.0,5,2.5,2080,8347,1.0,0,0,4,7
20140827,1977,0,470000.0,4,2.0,2180,17180,2.0,0,0,4,7
20140711,1972,0,162950.0,2,1.0,950,2784,1.0,0,0,4,8
20140808,1980,0,635000.0,3,2.5,1780,11000,1.0,0,0,4,8
20140918,1992,0,910000.0,2,2.5,2000,5150,2.0,0,4,3,9
20141021,2006,0,346500.0,3,3.25,1570,2048,2.0,0,0,3,8
20140905,1984,0,655000.0,4,2.5,2370,9517,1.0,0,0,3,9
20141110,1977,0,425000.0,3,1.75,1610,144619,1.0,0,0,3,7
20140715,1988,0,557500.0,3,2.5,2620,11056,2.0,0,0,3,9
20140509,1992,0,415000.0,4,2.25,3060,48787,2.0,0,0,3,8
20140620,1978,0,830000.0,5,2.25,2780,10192,2.0,0,0,4,9
20150415,1991,0,949000.0,4,3.0,4270,85643,2.0,0,0,3,11
20141014,1986,0,420000.0,3,1.0,1310,3963,1.0,0,0,5,7
20140904,1980,0,560000.0,3,1.75,1480,383328,1.5,0,0,3,8
20140502,2001,0,445700.0,3,2.5,1270,1180,3.0,0,0,3,8
20150321,1972,0,609000.0,4,2.5,3240,23870,1.0,0,0,3,9
20140709,2002,0,734950.0,4,3.25,4280,47179,2.0,0,0,3,10
20140811,1975,0,350500.0,3,2.25,1870,7200,1.0,0,0,3,7
20150421,1981,0,550000.0,3,2.25,1850,37264,2.0,0,0,3,8
20141007,2003,0,335000.0,2,1.75,1060,1202,2.0,0,0,3,7
20141124,1994,0,240000.0,3,2.0,1190,10299,1.0,0,0,3,7
20140701,2005,0,920000.0,4,3.5,4080,10666,2.0,0,0,3,9
20141124,1977,0,480000.0,4,2.5,2870,35757,2.0,0,0,4,9
20140505,1977,0,615000.0,4,1.75,2300,11700,1.0,0,0,4,9
20141119,2004,0,542500.0,3,2.5,1920,1649,2.5,0,0,3,8
20140718,1991,0,730000.0,4,2.5,2740,11975,2.0,0,0,4,8
20150321,2003,0,645000.0,3,2.5,2490,5978,2.0,0,0,3,9
20141009,1999,0,675000.0,4,3.5,3190,6875,2.0,0,2,3,8
20141229,1984,0,575000.0,3,2.5,1590,2910,2.0,0,0,3,7
20150408,1989,0,626000.0,3,2.25,1810,5107,2.0,0,0,3,8
20150319,2001,0,499950.0,4,2.5,2910,20067,2.0,0,0,3,9
20140716,1994,0,325000.0,4,2.5,2160,6825,2.0,0,0,3,8
20140729,2006,0,3100000.0,5,5.25,5090,23669,2.0,0,0,3,12
20150108,1977,0,288000.0,3,2.25,2090,7500,1.0,0,0,4,7
20141111,1985,0,632000.0,5,3.0,3520,36558,2.0,0,0,4,8
20140613,1992,0,580000.0,3,2.5,2040,4627,2.0,0,0,3,8
20150327,1998,0,325000.0,4,2.25,1770,7799,2.0,0,0,3,7
20150120,1998,0,316000.0,3,2.5,1490,4078,2.0,0,0,3,8
20140922,2003,0,401000.0,3,2.25,1350,2839,2.0,0,0,3,7
20140707,2004,0,339000.0,3,2.5,1450,3748,2.0,0,0,3,7
20141203,1994,0,445000.0,3,2.5,2690,21883,2.0,0,0,3,8
20150320,1974,0,295000.0,3,2.25,1850,7800,2.0,0,0,3,9
20141021,1979,0,440000.0,4,2.75,2030,56192,1.0,0,0,3,8
20140723,1994,0,302000.0,3,2.5,2140,9492,2.0,0,0,3,8
20150409,1986,0,350000.0,4,1.75,1770,7336,1.0,0,0,4,8
20141111,1988,0,430000.0,4,2.75,1820,5400,1.0,0,0,4,7
20141029,1979,0,495000.0,3,2.25,1780,8050,1.0,0,0,4,7
20140812,2004,0,2187730.0,4,4.5,4240,13162,2.0,0,0,3,10
20150426,1990,0,965000.0,4,2.5,3570,17411,2.0,0,0,3,10
20141201,2008,0,500000.0,4,2.5,1900,5001,1.0,0,0,3,8
20140603,1986,0,720000.0,4,2.5,2870,12648,2.0,0,0,4,9
20141226,2005,0,370000.0,4,2.5,2650,5706,2.0,0,0,3,9
20150219,1977,0,420000.0,4,2.25,2930,9840,1.0,0,0,4,8
20140722,1995,0,917000.0,4,2.5,3500,10891,2.0,0,2,3,10
20140625,2005,0,957000.0,5,3.25,3160,5000,2.0,0,2,3,10
20140701,1989,0,482000.0,3,2.25,1710,21485,2.0,0,0,3,7
20141121,1990,0,488000.0,3,1.75,2180,14734,2.0,0,0,3,9
20141017,2014,0,760369.0,5,2.5,2870,4712,2.0,0,0,3,9
20150429,1976,0,625000.0,3,2.5,2120,10021,1.0,0,0,4,8
20141202,1976,0,357000.0,3,1.5,1590,6750,1.0,0,0,3,7
20150407,1989,0,583000.0,3,2.25,1830,8276,1.0,0,0,3,8
20150327,1982,0,537000.0,3,2.0,1550,27003,1.5,0,0,3,8
20140606,1977,0,465000.0,4,2.25,2070,7500,2.0,0,0,4,7
20150421,1996,0,275000.0,3,2.5,1710,7230,2.0,0,0,3,7
20140715,1994,0,190000.0,4,2.5,1840,13493,2.0,0,0,3,7
20140506,1982,0,385000.0,3,1.75,1900,5520,1.0,0,0,3,7
20140718,1978,0,710000.0,3,2.25,3130,65775,2.0,0,0,4,8
20150327,1990,0,875000.0,5,3.25,4230,21455,2.0,0,0,3,10
20140902,1996,0,269950.0,3,2.5,1480,9743,2.0,0,0,4,7
20140502,2001,0,838000.0,4,2.5,3310,42998,2.0,0,0,3,9
20141003,1991,0,562500.0,4,2.5,2320,8721,2.0,0,0,3,8
20140521,2003,0,389999.0,3,2.25,1445,1471,2.0,0,0,3,7
20141226,1993,0,455000.0,3,2.5,1980,7309,2.0,0,0,3,7
20140821,1977,0,326188.0,3,1.0,1300,8800,1.0,0,0,3,7
20140522,1998,0,168000.0,2,2.5,1160,2174,2.0,0,0,3,7
20140516,2003,0,314000.0,4,2.5,2340,8990,2.0,0,0,3,8
20140502,2000,0,630000.0,4,2.75,2710,37277,2.0,0,0,3,9
20140630,1981,0,530000.0,4,2.25,1980,15086,2.0,0,0,3,8
20150428,1999,0,400000.0,3,2.5,1390,2815,2.0,0,0,3,8
20141114,1991,0,272000.0,3,2.5,1680,8512,2.0,0,0,3,7
20150417,2004,0,600000.0,4,2.5,2710,6474,2.0,0,0,3,8
20141028,1988,0,550000.0,3,2.25,2090,8095,2.0,0,2,3,10
20150123,1987,0,225000.0,3,1.0,1120,8407,1.0,0,0,5,6
20140722,1980,0,568000.0,3,1.75,1930,213008,1.0,0,2,3,7
20150402,1990,0,406000.0,3,1.75,1270,6017,1.0,0,0,4,7
20140610,2000,0,415000.0,3,2.5,2090,6045,2.0,0,0,3,8
20150312,2001,0,750000.0,3,2.5,3280,6750,2.0,0,1,3,9
20150407,1988,0,845000.0,4,2.5,2390,5071,2.0,0,0,3,9
20150507,2010,0,664500.0,4,2.25,3070,9210,2.0,0,0,3,8
20140605,2006,0,268500.0,4,2.5,2100,4237,2.0,0,0,3,8
20140529,2001,0,295000.0,4,2.5,2290,4539,2.0,0,0,3,7
20140725,1977,0,780000.0,3,2.25,2130,11782,1.0,0,0,4,8
20150428,1999,0,354000.0,3,2.5,2160,15817,2.0,0,0,3,8
20150401,2005,0,733000.0,5,2.75,2880,4425,2.0,0,0,3,8
20150417,1973,0,840000.0,4,2.5,2360,9600,1.0,0,2,3,8
20140617,2015,0,350000.0,3,2.0,1380,3600,3.0,0,0,3,8
20141124,1983,0,272000.0,3,3.0,2430,10500,1.0,0,0,4,8
20150115,1979,0,233000.0,3,1.75,1460,7800,1.0,0,0,2,7
20150402,1977,0,540000.0,4,1.75,2040,9322,1.0,0,0,3,8
20140701,2002,0,712000.0,3,2.5,2375,4094,2.0,0,0,3,9
20140925,2005,0,425000.0,4,2.5,2480,4504,2.0,0,0,3,7
20140703,1977,0,515000.0,5,3.25,2740,9629,1.0,0,0,5,7
20141210,1977,0,375000.0,3,2.75,2200,9600,1.0,0,3,4,8
20141027,1971,0,182500.0,3,1.0,910,7194,1.0,0,0,4,7
20150408,2004,0,889000.0,4,3.5,3920,9555,2.0,0,0,3,9
20150422,2013,0,342000.0,4,2.25,1964,3541,2.0,0,0,3,9
20140714,1996,0,413000.0,3,2.0,1520,3451,1.0,0,0,3,8
20140527,2005,0,960000.0,5,4.0,3720,15200,2.0,0,0,3,10
20140618,1995,0,770000.0,4,2.5,3210,14910,2.0,0,0,3,10
20140813,1994,0,224400.0,3,1.75,1070,7200,1.0,0,0,3,7
20150319,2000,0,500000.0,3,2.5,1670,2575,2.0,0,0,3,8
20150409,2004,0,315000.0,4,3.0,2210,4191,2.0,0,0,3,7
20140617,1994,0,294999.0,4,2.5,1660,9760,2.0,0,0,3,7
20140808,2005,0,1776000.0,3,3.25,3230,7800,2.0,0,3,3,10
20150327,1994,0,535000.0,4,2.5,2750,15099,2.0,0,0,3,8
20140805,1998,0,334999.0,3,2.5,1650,13816,2.0,0,0,3,7
20140603,1985,0,1298000.0,4,3.5,2790,10125,1.5,0,0,5,8
20150321,1977,0,480000.0,4,2.25,2230,11200,1.0,0,0,4,7
20150120,1984,0,204250.0,3,2.25,1960,7708,1.0,0,0,4,7
20140716,1994,0,500000.0,3,2.25,1710,4561,2.0,0,0,4,8
20140917,1977,0,490000.0,4,2.5,3480,12696,1.0,0,0,4,9
20140729,1990,0,750000.0,3,2.5,2960,69351,2.0,1,3,4,9
20150409,2002,0,405000.0,4,2.5,2670,20894,2.0,0,0,3,9
20141016,1998,0,680000.0,4,2.5,2830,8399,2.0,0,0,3,9
20140605,1978,0,385000.0,3,2.25,1710,11500,1.0,0,0,3,7
20140822,1991,0,429900.0,4,3.25,3310,8897,2.0,0,0,3,9
20140721,1989,0,560000.0,4,2.5,2280,9874,2.0,0,0,3,9
20140929,1977,0,231000.0,3,2.0,1640,4875,1.0,0,0,4,7
20141220,2002,0,420000.0,3,2.5,2720,8622,2.0,0,0,3,8
20140530,1992,0,642000.0,4,2.5,2560,8780,2.0,0,0,3,9
20150406,1985,0,379950.0,3,2.0,1080,5077,1.0,0,0,3,7
20150505,1985,0,250000.0,3,2.5,1730,7200,2.0,0,0,4,7
20140627,1989,0,399950.0,3,2.5,2570,10431,2.0,0,0,3,9
20140617,1991,0,752000.0,4,2.5,2940,10382,2.0,0,0,4,9
20150423,2003,0,1200000.0,4,3.5,3930,43560,2.0,0,0,3,10
20141111,2003,0,640000.0,5,2.5,3220,4759,2.0,0,0,3,8
20150402,1998,0,564450.0,3,2.5,2710,6174,2.0,0,0,3,9
20150317,2003,0,286000.0,3,2.5,1680,4226,2.0,0,0,3,8
20150219,2004,0,531800.0,3,2.5,1930,5344,2.0,0,0,3,7
20141024,1977,0,502000.0,4,2.25,2140,10943,1.0,0,0,3,7
20141027,2008,0,997950.0,4,3.5,4270,117176,2.0,0,0,3,9
20140821,1994,0,305000.0,3,2.0,1490,7697,1.0,0,0,3,7
20150512,1979,0,1380000.0,5,4.25,4050,18827,1.0,0,2,4,10
20150316,1977,0,525000.0,3,1.75,1330,8136,1.0,0,0,4,7
20140514,2004,0,707000.0,4,3.25,3200,7081,2.0,0,0,3,9
20140626,1993,0,695000.0,3,2.75,2590,12063,2.0,0,0,3,10
20141201,1993,0,796500.0,3,2.75,2590,12063,2.0,0,0,3,10
20140723,1973,0,420000.0,4,2.5,2030,8100,1.0,0,0,3,7
20150409,1984,0,549950.0,5,2.5,2650,54380,2.0,0,0,3,9
20140924,1979,0,705000.0,3,2.5,2820,7200,1.0,0,3,3,9
20140506,1976,0,197000.0,3,1.75,1690,7735,1.0,0,0,4,7
20150505,1991,0,265000.0,3,1.75,1420,8126,1.0,0,0,3,8
20140819,2014,0,410000.0,3,2.5,1509,1418,3.0,0,0,3,8
20141003,1994,0,268000.0,3,2.0,1610,8416,1.0,0,0,3,7
20140804,1979,0,760000.0,4,2.25,2500,8500,2.0,0,0,4,8
20140705,1995,0,499000.0,3,2.5,1540,1326,3.0,0,0,3,8
20140618,1987,0,620000.0,4,2.5,1910,7683,2.0,0,0,3,8
20140710,1992,0,315000.0,3,2.5,2340,6837,2.0,0,0,3,7
20150409,1994,0,624950.0,3,2.5,2060,4730,2.0,0,0,4,8
20140808,1982,0,300000.0,2,1.5,1150,3927,2.0,0,0,3,7
20150310,1977,0,299900.0,4,2.75,2330,7200,1.0,0,0,4,8
20140528,1978,0,124740.0,3,1.0,1340,15600,1.0,0,0,4,6
20140618,1971,0,300000.0,3,1.0,910,7700,1.0,0,0,4,7
20150310,2014,0,629950.0,3,2.5,1680,1683,2.0,0,0,3,9
20140812,2001,0,690000.0,4,2.5,2780,6235,2.0,0,0,3,8
20150225,2014,0,1454000.0,5,4.0,4070,11334,2.0,0,0,3,10
20150121,1987,0,1288000.0,3,2.5,3240,12625,2.0,0,0,3,11
20140709,1996,0,696000.0,4,3.5,3650,38546,2.0,0,0,3,9
20150330,1976,0,650000.0,3,2.25,2180,60112,2.0,0,0,3,8
20140812,1998,0,640000.0,3,3.5,2480,10800,2.0,0,0,3,8
20140808,1978,0,499950.0,5,2.5,3180,23809,1.0,0,0,3,9
20141223,1997,0,490000.0,4,2.5,3630,8387,2.0,0,0,3,10
20141010,2003,0,685000.0,5,2.5,3160,5635,2.0,0,0,3,9
20150421,2005,0,401750.0,2,1.5,1070,1236,2.0,0,0,3,8
20140826,1977,0,254950.0,4,2.0,2180,8800,1.0,0,0,5,7
20150320,1977,0,500000.0,4,2.25,2420,36680,2.0,0,0,4,8
20140715,2003,0,856500.0,4,2.5,3290,8147,2.0,0,0,3,10
20140910,1978,0,506500.0,4,2.5,1890,7200,1.0,0,0,4,7
20140527,1988,0,500000.0,3,2.25,1760,4539,2.0,0,0,3,8
20150306,1979,0,308000.0,3,1.75,1630,11475,1.0,0,0,4,7
20150205,1989,0,613500.0,3,2.5,2350,7035,2.0,0,0,3,8
20140708,1976,0,255000.0,3,1.75,1550,9720,1.0,0,0,3,7
20141028,1977,0,545000.0,3,2.5,3550,136343,2.0,0,0,3,10
20150508,1976,0,279000.0,4,1.75,1840,7275,1.0,0,0,3,7
20150123,2009,0,625000.0,3,2.5,2010,3200,2.0,0,0,3,9
20140527,1987,0,274950.0,3,1.75,1670,7415,1.0,0,0,3,7
20140926,1984,0,232000.0,3,1.75,1290,6604,1.0,0,0,3,7
20141126,2000,0,250000.0,4,3.0,1800,2500,2.0,0,0,3,7
20140813,1986,0,435000.0,3,2.0,1380,2500,1.0,0,0,3,7
20150304,1999,0,640000.0,4,2.5,2210,7722,2.0,0,0,3,9
20141106,2004,0,735000.0,4,2.5,2470,2550,3.0,0,0,3,8
20150128,2014,0,1350000.0,4,4.5,3420,7440,3.0,0,0,3,9
20141107,2005,0,379770.0,3,2.5,1470,1779,2.0,0,0,3,8
20141203,1976,0,340000.0,3,1.75,1280,16200,1.0,0,0,3,8
20150115,2005,0,515500.0,4,2.75,2830,8126,2.0,0,0,3,8
20140626,1989,0,440000.0,4,2.5,2250,7526,2.0,0,0,3,8
20150105,1981,0,317000.0,3,1.5,1060,5750,1.0,0,0,2,7
20150422,2012,0,1070000.0,4,2.5,2740,5000,2.0,0,0,3,9
20140630,2008,0,427500.0,2,2.0,1090,934,3.0,0,0,3,8
20140613,1982,0,1735000.0,3,2.5,4310,32093,1.5,0,4,5,10
20140717,2002,0,265950.0,3,2.5,1490,3840,2.0,0,0,3,7
20150323,1989,0,578550.0,3,2.5,2120,6602,2.0,0,0,4,8
20140617,2005,0,451000.0,4,2.5,1670,3315,2.0,0,0,3,7
20140826,2004,0,489000.0,2,1.75,1810,4220,2.0,0,0,3,8
20150305,1978,0,475000.0,3,3.0,2540,18900,1.0,0,0,3,7
20141016,1987,0,530000.0,3,2.75,2440,45738,2.0,0,0,3,8
20150128,1994,0,379000.0,4,2.5,2570,10155,2.0,0,0,3,9
20141222,1999,0,637500.0,4,3.0,2320,4468,2.0,0,0,3,8
20141020,1998,0,543500.0,4,2.5,2550,5835,2.0,0,0,3,8
20140605,2005,0,376000.0,4,2.75,2420,5773,2.0,0,0,3,8
20141028,2005,0,430000.0,3,2.25,1470,1703,2.0,0,0,3,8
20150203,1998,0,600000.0,5,3.5,3370,16846,2.0,0,1,3,9
20140527,1998,0,455600.0,3,2.5,2420,8252,2.0,0,0,3,7
20140814,1974,2008,1200000.0,5,4.0,2710,2800,3.0,0,0,3,10
20140528,1979,0,242000.0,3,1.75,1310,9645,1.0,0,0,3,7
20150402,1999,0,475000.0,3,2.75,1890,3938,2.0,0,0,3,8
20141111,1999,0,370000.0,4,3.0,2580,5511,2.0,0,0,3,8
20140523,2005,0,788600.0,4,2.75,3500,7200,2.0,0,0,3,9
20140924,1992,0,520000.0,4,3.0,2190,5085,2.0,0,0,4,8
20140718,1985,0,725000.0,3,1.75,1530,4000,2.0,0,0,3,8
20150116,1993,0,919000.0,4,2.5,3620,17133,1.0,0,4,3,10
20150513,1986,0,425000.0,3,2.75,3370,13929,2.0,0,0,3,9
20150314,1983,0,420000.0,5,2.5,2100,14395,1.0,0,0,3,7
20141124,1981,0,905000.0,4,3.0,3370,47959,2.0,0,0,4,10
20140717,2003,0,438000.0,3,2.5,1650,3031,2.0,0,0,3,7
20140617,1994,0,725000.0,4,2.75,2630,7505,2.0,0,0,3,8
20140715,1978,0,425500.0,3,2.5,1970,2752,2.0,0,0,3,8
20140912,1985,0,853505.0,3,2.5,2820,14890,1.0,0,4,3,9
20140522,1983,0,398000.0,2,1.0,590,10945,1.5,0,0,3,5
20140604,2007,0,418500.0,3,2.5,2060,4399,2.0,0,0,3,7
20140611,1997,0,742000.0,4,2.5,2810,10986,2.0,0,0,3,10
20150114,1978,0,286000.0,4,1.75,2190,8400,2.0,0,0,2,8
20141001,2003,0,421200.0,3,2.5,1440,3060,2.0,0,0,3,7
20140731,1994,0,390000.0,3,3.0,2480,14141,1.0,0,0,3,8
20140919,2002,0,739000.0,4,2.5,2780,6737,2.0,0,0,3,9
20141208,1978,0,492500.0,2,2.25,1600,80400,2.0,0,0,4,7
20140903,1996,0,836500.0,3,2.5,2230,7200,3.0,0,3,3,9
20140828,1977,0,179900.0,3,1.0,1010,9920,1.0,0,0,3,6
20150303,2003,0,310000.0,3,2.5,1890,6300,2.0,0,0,3,7
20141029,1999,0,297000.0,2,1.5,1430,1650,3.0,0,0,3,7
20141205,1983,0,780000.0,3,2.25,2206,82031,1.0,0,2,3,6
20140613,2005,0,330000.0,3,2.5,1070,1155,2.0,0,0,3,7
20150210,1990,0,525000.0,3,2.5,2320,9610,1.0,0,0,3,9
20140806,1982,0,365000.0,2,1.75,1270,7500,1.0,0,0,4,7
20140722,2007,0,440000.0,3,2.0,1790,32379,1.0,0,0,3,7
20150422,2005,0,331000.0,4,3.0,2483,5701,2.0,0,0,3,8
20141014,1986,0,225000.0,3,2.25,1650,7739,1.0,0,0,3,8
20140502,1979,0,550000.0,3,1.75,2910,35200,1.5,0,0,3,8
20140604,1983,0,261000.0,3,1.5,1810,29308,1.0,0,0,3,7
20140619,1979,0,390000.0,3,2.25,1600,10240,1.0,0,0,3,7
20141110,2000,0,436000.0,4,2.5,2640,3899,2.0,0,0,3,7
20150331,1977,0,1802750.0,5,3.25,3890,20005,1.0,0,0,3,10
20140723,2004,0,557000.0,3,2.5,1630,1587,3.0,0,0,3,8
20150325,1993,0,425000.0,3,2.5,1800,14036,2.0,0,0,3,8
20140626,1972,2001,1388000.0,4,3.0,4040,20001,1.0,0,0,3,9
20150324,1977,0,630100.0,4,2.75,1910,11356,1.0,0,0,5,7
20140609,1999,0,739000.0,4,2.5,2800,246114,2.0,0,0,3,9
20140818,1986,0,269000.0,3,1.5,1320,2625,2.0,0,0,3,7
20150320,2007,0,475000.0,5,2.75,3100,5298,2.0,0,0,3,7
20140715,1988,0,302000.0,4,2.75,2030,9120,1.0,0,0,4,7
20141013,1988,0,775000.0,4,2.5,3180,15358,2.0,0,0,3,9
20141013,1979,0,345000.0,3,1.5,1390,13860,2.0,0,0,3,7
20150223,1977,0,300000.0,3,3.0,2850,9375,1.0,0,0,3,8
20150422,2002,0,364950.0,4,2.5,2070,2992,2.0,0,0,3,8
20150414,1978,0,231000.0,3,1.75,1220,8817,1.0,0,0,3,7
20140523,1987,0,445000.0,3,2.0,1630,8702,1.0,0,0,3,9
20140708,1975,0,530000.0,2,2.5,1785,779,2.0,0,0,3,7
20141226,2008,0,353500.0,3,2.5,1260,972,2.0,0,0,3,8
20140828,1978,0,257000.0,3,2.25,1730,9516,1.0,0,0,3,8
20140630,2002,0,337000.0,4,2.5,2230,5970,2.0,0,0,4,7
20140926,2005,0,541000.0,3,2.5,1790,4038,2.0,0,0,3,8
20141114,1984,0,577500.0,3,2.5,2280,10879,2.0,0,0,3,9
20141124,1978,0,560000.0,3,2.5,2430,5128,1.0,0,1,3,8
20150406,1977,0,235000.0,4,1.75,1920,9350,1.0,0,0,4,7
20140513,1990,0,287600.0,3,2.5,1950,8251,2.0,0,0,3,7
20141230,1982,0,630000.0,6,3.0,2470,9328,2.0,0,0,3,8
20150401,1986,0,445000.0,3,2.25,1630,6449,1.0,0,0,3,7
20150105,1978,0,490000.0,4,2.25,2110,16200,1.0,0,0,3,8
20140819,2008,0,330000.0,3,2.5,1740,1844,2.0,0,0,3,8
20140528,2000,0,474800.0,2,3.25,1400,1243,3.0,0,0,3,8
20141024,1984,0,650000.0,4,2.5,2620,19864,2.0,0,0,4,8
20140905,2003,0,395000.0,3,2.0,1500,2506,1.0,0,0,3,7
20141219,2001,0,304500.0,4,2.5,2030,5202,2.0,0,0,3,8
20150202,1986,0,960000.0,4,2.5,3180,10105,2.0,0,0,4,9
20150213,1997,0,710000.0,3,2.5,2330,9160,2.0,0,0,3,9
20141020,2002,0,597500.0,3,2.5,2620,4800,2.0,0,0,3,7
20140827,1997,0,365000.0,4,2.5,2800,6820,2.0,0,0,4,7
20140609,1986,0,428000.0,3,2.0,1310,2550,1.0,0,0,3,7
20150401,1988,0,600000.0,3,1.75,2340,57499,1.0,0,0,3,8
20140711,1981,0,339900.0,4,2.5,2340,9748,1.0,0,1,3,8
20141201,1998,0,258000.0,3,2.0,1790,7879,1.5,0,0,3,7
20150513,1998,0,500000.0,3,2.5,2300,4307,2.0,0,0,3,8
20141017,1996,0,431000.0,3,2.5,2440,71002,1.0,0,0,4,9
20150223,1995,0,241500.0,3,2.0,1310,7349,1.0,0,0,3,7
20141107,1987,0,982000.0,4,2.5,2790,10289,2.0,0,0,3,9
20150106,1988,0,248500.0,3,2.5,1360,7293,2.0,0,0,3,8
20141231,1998,0,665000.0,4,2.5,2510,5936,2.0,0,0,3,9
20140714,2001,0,1215000.0,3,3.0,4560,16339,2.0,0,2,3,10
20141219,1972,0,386100.0,3,2.0,1270,6760,1.0,0,0,5,7
20141010,1984,0,870000.0,4,2.5,2650,12001,2.0,0,0,4,9
20140817,1973,0,380000.0,3,1.75,1240,8611,1.0,0,0,4,7
20150217,1995,0,1200000.0,4,2.5,3350,11688,1.0,0,2,3,10
20141204,1998,0,340000.0,4,2.5,2690,6099,2.0,0,0,3,9
20140910,1990,0,870000.0,4,2.0,3090,41147,1.0,0,0,3,7
20150506,1994,0,500000.0,4,2.25,2050,7201,2.0,0,0,3,8
20140626,1981,0,220000.0,3,1.5,1660,15600,2.0,0,0,3,7
20140929,1977,0,439950.0,4,2.25,2460,14600,1.0,0,0,4,8
20140528,2003,0,490000.0,4,2.5,2360,4367,2.0,0,0,3,8
20140829,1991,0,533300.0,4,2.5,2770,21806,2.0,0,0,3,9
20140723,1980,0,768000.0,5,2.75,3030,13640,2.0,0,0,4,8
20140509,1979,0,336900.0,3,1.75,1780,120661,1.0,0,0,4,6
20140723,1994,0,500000.0,3,2.25,1580,4379,2.0,0,0,4,8
20141103,2003,0,337000.0,4,2.5,3200,5772,2.0,0,0,3,8
20140919,2002,0,419950.0,4,2.5,2220,6800,2.0,0,0,3,7
20140609,1981,0,965000.0,4,2.25,3160,34560,1.0,0,0,4,10
20141031,1986,0,515000.0,3,2.5,2100,7851,2.0,0,0,3,8
20140522,1996,0,665000.0,4,2.5,2600,17388,2.0,0,0,3,9
20140826,1985,0,265000.0,3,1.75,1630,5999,1.5,0,0,4,7
20140917,2004,0,545400.0,3,2.0,2850,19200,1.0,0,3,3,8
20140624,2004,0,350000.0,4,3.0,2560,5606,2.0,0,0,3,9
20141113,2001,0,260000.0,2,1.5,980,1296,2.0,0,0,3,7
20150407,1991,0,2510000.0,3,3.25,5480,57990,2.0,1,4,3,11
20140926,2000,0,355000.0,3,2.0,2160,8091,1.5,0,0,3,8
20140818,2006,0,833000.0,4,3.5,3560,7178,2.0,0,3,3,10
20141006,1995,0,417500.0,5,3.0,2270,6664,1.0,0,0,3,7
20140812,1992,0,316000.0,3,2.25,1900,7479,2.0,0,0,4,7
20150306,1989,0,397500.0,4,3.0,2350,9952,1.0,0,0,3,9
20140821,1997,0,840000.0,4,2.5,3730,9847,2.0,0,0,3,10
20140527,2003,0,312900.0,4,2.5,1630,4473,2.0,0,0,3,7
20150304,1994,0,763000.0,4,2.5,3220,7873,2.0,0,0,3,10
20150408,2004,0,475000.0,3,2.5,1800,3300,2.0,0,0,3,7
20141121,2003,0,219000.0,2,2.5,809,940,2.0,0,0,3,7
20150323,1977,0,415000.0,3,2.25,1820,9694,1.0,0,0,3,7
20150429,2000,0,840000.0,4,2.5,3450,43216,2.0,0,0,3,9
20141217,2005,0,800000.0,4,3.75,3370,6766,2.0,0,0,3,9
20150414,1992,0,754999.0,4,2.5,3010,9323,2.0,0,0,3,10
20150331,1988,0,982218.0,3,1.75,2340,5500,2.0,0,2,3,9
20140927,1992,0,406500.0,3,2.0,1780,8621,1.0,0,0,3,8
20150401,1993,0,1650000.0,4,3.25,4200,210394,2.0,0,0,4,10
20150213,2004,0,1284000.0,5,4.25,5040,9466,2.0,0,0,3,11
20140909,2000,0,527000.0,4,2.5,2830,6163,2.0,0,0,3,9
20140606,1978,0,407193.0,4,2.0,1880,14653,2.0,0,0,3,8
20150313,2004,0,970000.0,4,2.75,3600,5040,2.0,0,0,3,9
20140623,1993,0,337000.0,3,1.75,1310,12750,1.0,0,0,3,7
20140606,1983,0,320000.0,3,1.75,1370,9900,1.0,0,0,4,7
20150223,1990,0,293000.0,3,2.5,1990,7577,2.0,0,0,3,7
20140507,1988,0,226500.0,3,1.75,1640,10762,1.0,0,0,3,7
20141209,1976,0,436000.0,3,2.25,1770,8000,1.0,0,0,4,7
20140804,2005,0,451000.0,3,2.5,2050,4876,2.0,0,0,3,8
20150408,1986,0,315000.0,3,1.0,1170,62290,2.0,0,0,3,5
20140520,2004,0,329900.0,3,2.5,2170,4905,2.0,0,0,3,8
20150427,1996,0,280000.0,3,2.5,1610,10022,2.0,0,0,3,7
20140630,1995,0,1095000.0,4,2.75,3330,9143,2.0,0,0,4,10
20140804,2001,0,440000.0,4,2.5,2800,28254,2.0,0,0,3,9
20141124,2011,0,858450.0,5,2.75,3460,7977,2.0,0,0,3,9
20150205,1990,0,239950.0,2,1.5,1068,1452,2.0,0,0,3,7
20141103,1978,0,253000.0,3,1.0,1580,8240,1.0,0,0,4,7
20150206,2008,0,1550000.0,3,4.0,5120,4600,3.0,0,2,3,11
20141112,2000,0,805000.0,4,2.5,3960,38615,2.0,0,0,3,10
20141105,1988,0,496600.0,3,2.5,1910,5562,2.0,0,0,3,8
20141016,1983,0,246000.0,3,2.25,1440,10500,1.0,0,0,3,8
20140512,1992,0,746000.0,3,2.5,2620,8950,2.0,0,0,3,9
20141027,2004,0,598555.0,3,2.5,3040,7880,2.0,0,0,3,9
20141030,1976,1991,820000.0,3,2.5,2990,10711,1.0,1,4,3,9
20141021,1998,0,266500.0,3,2.25,1740,5460,1.0,0,0,3,7
20141210,1979,0,243500.0,4,2.0,1610,6200,1.0,0,0,4,7
20140918,2014,0,559950.0,5,3.0,2730,9519,1.0,0,0,3,8
20150219,1980,0,315000.0,3,2.75,1780,15114,1.0,0,0,3,7
20150428,2003,0,753000.0,3,2.5,3070,223463,2.0,0,0,3,9
20140528,2003,0,465000.0,3,2.25,1840,5752,2.0,0,0,3,7
20150410,1976,0,710000.0,4,2.25,2000,8068,2.0,0,0,5,8
20141216,1988,0,505000.0,3,2.5,1820,11012,2.0,0,0,3,8
20141121,1980,0,217500.0,2,2.0,1070,8400,1.0,0,0,4,7
20140825,1984,0,500000.0,4,2.25,1960,12436,2.0,0,0,3,8
20150331,1991,0,721500.0,3,3.25,2970,234788,2.0,0,3,3,9
20150415,2009,0,345000.0,2,1.5,830,1034,2.0,0,0,3,8
20150316,1999,0,825000.0,4,3.5,3920,11086,2.0,0,0,3,10
20140926,1980,0,560000.0,3,2.0,2870,95396,1.0,0,0,4,9
20140708,1987,0,599000.0,3,2.0,2560,14680,1.0,0,0,3,8
20150424,1974,0,425000.0,4,2.25,1240,21190,1.0,0,0,3,8
20150107,1976,0,750000.0,4,2.75,3210,8520,1.0,0,2,4,7
20150116,2003,0,479000.0,3,2.5,1690,3322,2.0,0,0,3,7
20150227,1992,0,612500.0,4,2.5,2550,10623,2.0,0,0,3,9
20150223,2001,0,1364000.0,4,2.5,3560,8960,2.0,0,0,3,10
20141202,2007,0,389900.0,3,2.5,2160,59241,1.0,0,0,3,7
20141215,2006,0,710000.0,4,2.5,3060,5000,2.0,0,0,3,9
20150505,1992,0,295000.0,3,2.5,1690,8564,2.0,0,0,4,7
20140702,1992,0,275250.0,3,2.25,1520,7199,2.0,0,0,4,7
20140912,1994,0,250000.0,4,2.5,2040,5770,2.0,0,0,3,7
20140509,1992,0,225000.0,3,2.5,2000,9202,2.0,0,0,4,7
20150112,2001,0,500000.0,3,2.5,1650,4648,2.0,0,0,3,8
20140609,1997,0,364900.0,3,3.0,2500,8304,2.0,0,0,3,8
20141113,1976,0,356000.0,3,1.5,1140,7500,1.0,0,0,3,7
20150202,1978,0,616750.0,3,1.5,2140,47743,1.5,0,0,3,9
20141202,1984,0,755000.0,3,2.75,2870,6600,2.0,0,2,3,8
20150415,1984,0,605000.0,3,2.25,1960,10139,2.0,0,0,3,8
20141219,2000,0,633000.0,5,2.75,3630,30570,2.0,0,0,3,11
20150430,2002,0,425000.0,3,2.5,2650,12247,2.0,0,0,3,9
20140917,1979,0,990000.0,3,2.75,2500,6350,2.0,0,0,5,9
20141111,1975,0,590000.0,3,2.25,2490,8800,2.0,0,0,4,8
20150408,1979,0,242000.0,3,1.75,1500,7560,1.0,0,0,3,7
20150327,2002,0,217000.0,3,2.5,1340,4200,2.0,0,0,3,7
20150421,1999,0,395000.0,3,2.5,1960,3953,2.0,0,0,3,8
20140519,1984,0,572500.0,3,2.25,2030,9791,1.0,0,0,4,8
20140909,1987,0,559900.0,5,3.0,2200,6380,1.0,0,0,3,7
20140728,1993,0,241000.0,3,2.0,1520,7131,1.0,0,0,3,8
20140624,2000,0,839000.0,3,2.5,3200,203425,1.0,0,0,3,10
20150318,1977,0,425000.0,3,2.25,1890,8400,1.0,0,0,3,8
20140715,1979,0,263000.0,3,1.75,1790,7485,1.0,0,0,4,8
20140611,2001,0,809950.0,4,2.5,3280,6181,2.0,0,0,3,10
20141009,1984,0,969500.0,3,3.25,2080,3025,2.0,0,2,4,8
20140613,1989,0,665000.0,4,2.5,2790,43091,2.0,0,0,4,9
20150206,2006,0,635000.0,5,3.5,4150,13232,2.0,0,0,3,11
20141029,1987,0,272450.0,3,2.25,1780,7332,2.0,0,0,3,7
20140620,1976,0,488800.0,4,2.25,2170,9665,1.0,0,0,4,8
20140811,2003,0,398950.0,4,3.0,3000,10297,2.0,0,0,3,8
20150316,1978,0,799000.0,4,2.5,3170,94855,1.0,0,0,4,9
20140620,1989,0,1320000.0,4,3.5,4410,36200,2.0,0,0,3,11
20140822,2004,0,445000.0,4,2.5,2790,8111,2.0,0,0,3,9
20140617,1975,0,345000.0,4,2.75,2250,7412,1.0,0,0,4,8
20140627,1978,0,530000.0,4,1.75,2860,48351,1.0,0,0,3,8
20150409,1978,0,583500.0,4,1.75,2860,48351,1.0,0,0,3,8
20140703,1999,0,345000.0,4,2.5,2040,5523,2.0,0,0,3,7
20141024,1973,0,590000.0,4,2.5,3700,12500,1.0,0,0,5,8
20140815,1974,0,187000.0,2,1.75,1050,2926,1.0,0,0,4,8
20140702,2008,0,520000.0,3,1.75,1490,1036,2.0,0,0,3,10
20140626,2008,0,900000.0,4,3.5,3370,5000,2.0,0,2,3,8
20150429,1974,0,399000.0,3,1.0,1340,7191,1.0,0,0,3,7
20150330,2004,0,740000.0,5,3.5,3990,5000,2.0,0,0,3,8
20140613,2000,0,799000.0,3,2.5,2860,4442,2.0,0,0,3,8
20150423,2003,0,390000.0,4,2.5,1940,3864,2.0,0,0,3,8
20150128,1987,0,296500.0,3,2.5,1770,6033,2.0,0,0,4,7
20140811,2003,0,386000.0,4,2.5,2810,11897,2.0,0,0,3,8
20141028,1998,0,389000.0,4,2.5,2420,9147,2.0,0,0,3,10
20140905,1979,0,287500.0,4,2.5,2240,6944,1.0,0,2,3,7
20140924,1993,0,345000.0,2,2.5,2550,216344,2.5,0,0,3,7
20141029,1977,0,550000.0,1,1.5,1900,40600,1.5,0,0,5,9
20140729,2001,0,539900.0,3,2.5,2500,4203,2.0,0,0,3,8
20141007,1992,0,510000.0,4,4.0,3530,10935,2.0,0,0,3,10
20141023,1981,0,744000.0,3,2.5,2020,7512,2.0,0,0,4,8
20141027,1989,0,334500.0,3,2.5,1990,3694,2.0,0,0,3,8
20141021,1973,0,600000.0,4,2.5,2360,13500,1.0,0,0,4,8
20150422,1999,0,850000.0,3,2.0,2740,101930,1.0,0,2,3,9
20150421,1978,0,480000.0,4,2.5,2700,9700,1.0,0,0,3,8
20140514,1995,0,950000.0,4,2.5,3320,7644,2.0,0,0,3,10
20140916,1977,0,623000.0,4,2.5,2980,9235,1.0,0,0,4,8
20140519,2005,0,477000.0,3,2.5,1350,2053,3.0,0,0,3,8
20140528,2004,0,515000.0,4,2.5,2680,7178,2.0,0,0,3,8
20150206,1997,0,555000.0,4,2.5,2920,24074,2.0,0,0,3,9
20150204,1985,0,245000.0,3,2.25,1780,9598,2.0,0,0,4,7
20140718,1978,0,638150.0,4,2.5,2170,7275,1.0,0,0,3,8
20150501,2003,0,1650000.0,4,4.5,5550,16065,2.0,0,0,3,9
20150121,2014,0,1375000.0,4,3.5,3130,4500,2.0,0,0,3,9
20140923,1977,0,480000.0,3,2.25,1820,13362,1.0,0,0,3,8
20150407,1977,0,515000.0,3,2.25,1820,13362,1.0,0,0,3,8
20140514,1999,0,420000.0,4,2.5,3040,24123,2.0,0,0,3,8
20140506,1974,0,295000.0,3,2.25,1980,8000,1.0,0,0,4,9
20140811,1994,0,340000.0,3,2.0,1140,11620,1.0,0,0,3,7
20140710,2006,0,675000.0,4,2.5,2390,5249,2.0,0,0,3,9
20140822,1987,0,752888.0,3,2.5,2420,9000,2.0,0,0,4,9
20140825,2001,0,335000.0,4,2.5,2370,6000,2.0,0,0,3,8
20150327,1973,0,731000.0,5,2.5,3670,8960,1.5,0,0,3,8
20150310,1985,0,335000.0,3,1.5,1140,15890,1.0,0,0,3,7
20150323,1980,0,334200.0,3,1.75,1410,45302,1.0,0,0,3,7
20140910,1981,0,440000.0,3,1.75,1550,7820,1.0,0,0,4,7
20140721,1987,0,625000.0,3,2.5,2360,12164,2.0,0,0,3,10
20140618,1978,0,615000.0,5,2.25,2480,12070,2.0,0,0,3,9
20150413,1985,0,462500.0,3,2.5,1656,108900,1.0,0,0,4,7
20140724,1988,0,985000.0,4,3.25,4030,36762,2.0,0,0,3,11
20140708,2001,0,2458000.0,4,5.25,6500,14986,2.0,0,0,3,11
20140728,1990,0,219000.0,3,2.0,1090,7350,1.0,0,0,4,7
20141124,1977,0,428000.0,2,1.75,1980,44550,2.0,0,1,5,7
20150126,1990,0,415000.0,4,4.0,2740,8250,2.0,0,0,4,9
20140717,1977,0,675000.0,3,2.25,2260,13209,1.0,0,0,3,9
20141006,2007,0,397500.0,3,2.25,1350,980,2.0,0,0,3,8
20140730,2008,0,1190000.0,3,3.5,3380,3333,3.0,0,0,3,10
20141008,2010,0,427500.0,4,2.5,2430,3249,2.0,0,0,3,8
20141106,1982,0,550000.0,4,1.75,2550,39460,1.0,0,0,3,8
20141002,2004,0,428000.0,3,2.5,2340,3466,2.0,0,0,3,7
20141015,2007,0,319950.0,3,3.25,1510,1245,3.0,0,0,3,7
20140609,1978,0,213000.0,4,1.75,1980,9000,1.0,0,0,2,7
20141121,1989,0,390000.0,4,2.5,2560,43560,2.0,0,0,3,8
20141028,1988,0,424000.0,3,2.0,1330,5632,1.0,0,0,3,8
20150309,1988,0,610000.0,4,2.5,2110,6360,2.0,0,0,3,8
20140729,1989,0,1320000.0,4,3.25,3470,11843,1.0,0,3,3,11
20150311,2013,0,906000.0,3,2.5,2030,1800,3.0,0,0,3,9
20150406,1987,0,330000.0,3,2.0,1500,11233,1.0,0,0,3,7
20140924,1986,1998,550000.0,4,3.0,4180,35169,2.0,0,0,3,11
20140722,1987,0,289000.0,3,1.75,1690,3449,1.0,0,0,3,7
20140602,1976,0,411000.0,4,2.75,2150,9915,1.0,0,0,5,8
20140814,2008,0,342000.0,3,2.5,1740,2226,2.0,0,0,3,8
20140708,2014,0,1205000.0,4,3.5,3150,5500,2.0,0,0,3,9
20150108,1971,0,185000.0,3,1.0,1010,6400,1.0,0,0,3,7
20140515,1999,0,765000.0,5,3.75,3580,14275,2.0,0,0,3,10
20141022,1981,0,525000.0,3,1.75,1710,7350,1.0,0,0,3,8
20150422,1988,0,260000.0,3,3.0,2390,8993,2.0,0,0,3,8
20150330,1988,0,450000.0,3,2.75,2840,39324,1.0,0,0,3,9
20140623,1990,0,560000.0,4,2.5,2300,7989,2.0,0,0,3,9
20150414,1989,0,310000.0,5,3.0,2270,5001,1.0,0,0,3,7
20150413,1997,0,440000.0,3,2.5,2290,6302,2.0,0,0,3,9
20141206,1987,0,430000.0,3,2.25,2160,6527,2.0,0,0,4,7
20140722,2003,0,615000.0,3,3.25,1470,1152,3.0,0,0,3,8
20141126,1979,0,575000.0,3,1.75,2270,10136,2.0,0,0,3,8
20140912,2002,0,440000.0,4,2.5,2400,8038,2.0,0,0,3,8
20150422,1999,0,298000.0,4,2.5,1960,11798,2.0,0,0,3,8
20141023,2001,0,310000.0,3,2.25,1590,3056,2.0,0,0,3,7
20140808,1993,0,500000.0,4,2.5,2590,9354,2.0,0,0,4,9
20140617,2004,0,343000.0,3,2.5,1270,2509,2.0,0,0,3,8
20141229,2010,0,415000.0,2,2.25,1130,2191,2.0,0,0,3,8
20141007,1997,0,410000.0,3,2.5,1860,15457,2.0,0,0,3,8
20140702,1980,0,253000.0,2,1.0,1310,7128,1.0,0,0,4,7
20140915,1992,0,630000.0,3,2.5,2320,32772,2.0,0,0,3,9
20150427,1983,0,540000.0,3,2.5,2180,11100,1.0,0,0,3,8
20150129,1978,0,300000.0,3,2.75,2340,12282,1.0,0,2,3,8
20140827,2014,0,969950.0,3,2.5,2830,3750,3.0,0,0,3,10
20141204,2006,0,458000.0,3,4.0,1390,1569,2.0,0,0,3,9
20140604,2011,0,742000.0,3,3.25,1540,704,3.0,0,0,3,9
20140702,1979,0,630000.0,4,2.5,2190,9880,1.0,0,0,4,8
20150223,1999,0,340000.0,3,2.5,3040,6255,2.0,0,0,3,7
20140813,1997,0,285000.0,3,2.5,1690,7460,1.0,0,0,3,7
20140728,1993,0,315000.0,3,2.5,1600,7982,2.0,0,0,3,8
20141217,1978,0,830000.0,6,3.0,2530,9000,1.0,0,0,3,6
20150210,2014,0,539950.0,3,2.25,1860,1558,3.0,0,0,3,8
20140718,1990,0,735000.0,4,2.5,3100,8529,2.0,0,0,3,9
20140514,1973,0,498000.0,4,2.75,2270,7375,1.0,0,0,4,7
20150323,1975,0,607000.0,4,2.5,2100,8220,1.0,0,0,4,8
20140624,1991,0,199000.0,3,1.0,1000,8512,1.0,0,0,3,6
20140721,1978,0,492500.0,4,2.75,2760,18306,1.0,0,0,3,7
20140619,2001,0,585000.0,4,2.5,2840,11044,2.0,0,0,3,8
20141208,2000,0,326995.0,3,2.5,1860,5321,2.0,0,0,3,7
20140924,1975,2007,400000.0,3,1.5,2390,32109,1.0,0,0,3,7
20141029,1993,0,344000.0,4,2.5,2100,8501,2.0,0,0,5,7
20140902,2003,0,409950.0,4,3.0,2430,7163,2.0,0,0,3,8
20150512,1987,0,304950.0,3,1.75,1350,9000,1.0,0,0,3,7
20140929,1985,0,381500.0,2,2.0,2160,35183,1.0,0,0,3,9
20150204,2005,0,548050.0,2,2.0,1930,5479,1.0,0,0,3,8
20140626,1990,0,800000.0,4,2.5,2990,16809,2.0,0,0,3,11
20140718,1995,0,410000.0,4,2.5,1900,15123,2.0,0,0,3,8
20141002,1981,0,525000.0,3,1.75,2120,9146,1.0,0,0,3,8
20141202,1977,0,446950.0,5,2.5,2250,7945,1.0,0,0,4,7
20140729,2004,0,457000.0,3,2.5,2050,5694,2.0,0,2,3,8
20140922,1978,0,220000.0,4,2.5,2130,9100,1.0,0,0,3,8
20141017,2007,0,1735000.0,4,3.5,4010,9654,2.0,0,0,3,10
20141211,2005,0,545000.0,2,1.75,1660,5581,1.0,0,0,3,8
20141022,1983,0,970000.0,3,2.25,3400,10000,2.0,0,0,3,10
20150316,1984,0,915557.0,5,3.25,3740,11536,2.0,0,0,4,9
20150212,1995,0,363000.0,3,2.5,2390,8000,2.0,0,0,3,8
20140818,1997,0,230000.0,4,3.0,1680,6003,1.0,0,0,3,7
20140924,1991,0,207200.0,4,2.0,1260,8400,1.0,0,0,3,6
20150305,1985,0,525000.0,3,2.0,1790,11430,1.0,0,0,3,7
20150508,2003,0,455000.0,4,2.5,1780,2992,2.0,0,0,3,7
20140922,2004,0,343500.0,3,2.5,1900,5194,2.0,0,0,3,7
20150316,1976,0,180500.0,2,1.0,850,5000,1.0,0,0,3,6
20150128,2005,0,315000.0,4,2.5,2780,3969,2.0,0,0,3,7
20141009,1977,0,279950.0,3,1.75,1930,7267,1.0,0,0,4,7
20140818,1998,0,828000.0,4,2.5,3520,9901,2.0,0,0,3,10
20140513,1989,0,1680000.0,5,3.25,4860,23723,2.0,0,2,4,11
20141218,2004,0,677000.0,4,2.5,2820,4174,2.0,0,0,3,9
20150427,2004,0,361000.0,2,2.5,1320,48787,1.0,0,0,3,8
20140609,2004,0,620000.0,3,2.5,2590,7237,2.0,0,0,3,8
20141210,1989,0,176000.0,3,2.25,1540,5449,1.0,0,0,2,7
20141029,1986,0,290000.0,3,2.5,1190,8175,1.0,0,0,3,7
20140715,1988,0,711000.0,4,2.5,2770,9532,2.0,0,0,4,9
20150422,1983,0,295000.0,3,1.75,1060,8100,2.0,0,0,4,7
20141111,2003,0,1096500.0,5,3.25,4010,12110,2.0,0,0,3,11
20140925,1991,0,257500.0,3,2.0,1140,7078,1.0,0,0,4,7
20141212,1990,0,645000.0,4,2.5,2340,8955,2.0,0,0,3,9
20140822,1998,0,449000.0,3,2.5,1810,1658,3.0,0,0,3,8
20141002,1978,0,456000.0,4,1.5,2220,12385,1.0,0,0,3,8
20140723,1977,1999,865000.0,3,3.75,3830,219106,2.0,0,0,3,9
20140618,2003,0,515500.0,4,2.5,2920,7700,2.0,0,0,3,9
20141119,2004,0,576925.0,4,2.5,2630,6100,2.0,0,0,3,8
20150102,1996,0,243000.0,3,1.75,1320,10416,1.0,0,0,3,7
20150413,2000,0,292000.0,3,2.5,1600,3580,2.0,0,0,3,7
20141203,1976,0,271500.0,3,2.5,1490,8005,1.0,0,0,3,7
20140827,2012,0,765000.0,2,2.5,2170,6750,1.0,0,0,3,8
20150312,2005,0,375000.0,3,3.25,1280,1730,2.0,0,0,3,8
20140725,1978,0,473000.0,3,2.25,1890,12236,1.0,0,0,3,8
20140623,1972,0,449500.0,3,2.25,1780,7280,1.0,0,2,3,7
20140521,1998,0,744000.0,4,2.75,2830,13059,2.0,0,0,3,10
20140916,2012,0,317950.0,3,2.5,1980,4500,2.0,0,0,3,7
20141014,1988,0,542950.0,3,2.5,2070,39768,2.0,0,0,3,8
20140815,1975,0,490000.0,3,1.75,1490,11360,1.0,0,0,3,8
20150219,1992,0,760000.0,4,3.5,3090,4060,2.0,0,0,3,8
20140509,1987,2000,1702500.0,5,4.5,5190,23716,2.0,0,2,3,11
20150326,2007,0,435000.0,3,2.75,2692,6197,2.0,0,0,3,9
20141101,2000,0,399000.0,3,2.5,1740,3690,2.0,0,0,3,8
20141002,1991,0,346500.0,4,2.5,2150,5100,1.5,0,0,3,7
20150203,1994,0,845000.0,4,2.5,3360,40471,2.0,0,0,4,10
20140521,1996,0,700000.0,4,2.5,3010,46173,2.0,0,0,3,9
20141104,1984,0,660000.0,3,2.25,2280,6150,2.0,0,2,3,8
20150413,2006,0,340000.0,4,2.5,2450,6941,2.0,0,0,3,7
20140922,1993,0,417000.0,3,2.25,1840,11403,2.0,0,0,3,8
20140917,2008,0,590000.0,3,3.25,1290,1230,2.0,0,2,3,9
20150414,1981,0,510000.0,4,2.5,2600,118666,1.0,0,0,3,7
20140707,1987,0,542500.0,3,2.5,2040,10086,2.0,0,0,3,8
20150102,1980,0,262500.0,3,1.0,970,7854,1.0,0,0,4,7
20141014,1995,0,1100000.0,4,3.5,4560,41636,2.0,0,0,3,9
20141022,2003,2009,825000.0,4,3.5,3620,6499,2.5,0,0,3,9
20150114,2002,0,343500.0,3,2.0,1660,7509,1.0,0,0,3,7
20150120,1996,0,1000000.0,3,2.5,2044,5610,2.0,0,0,4,9
20141001,2001,0,450000.0,3,2.5,2530,8116,2.0,0,0,3,8
20141121,1997,0,760000.0,5,3.5,3180,14000,2.0,0,0,5,10
20140804,2001,0,488000.0,3,2.5,1940,5660,2.0,0,0,3,8
20150222,1990,0,1063000.0,5,4.5,4820,13165,2.0,0,0,4,11
20150322,1975,0,608000.0,3,2.0,2400,217800,2.0,0,0,3,8
20140822,2000,0,1385000.0,3,2.25,2930,6000,2.0,0,2,3,11
20140528,1990,0,355000.0,3,2.5,2400,9701,1.0,0,0,3,9
20140623,1987,0,660000.0,3,3.25,1980,2850,3.0,0,0,3,7
20150424,1984,0,1211000.0,4,2.5,3430,35120,2.0,0,0,3,10
20140625,1992,0,255950.0,3,2.5,1720,3676,2.0,0,0,3,7
20140821,1983,0,475000.0,3,1.5,1930,11092,1.0,0,0,3,7
20150129,2003,0,330950.0,3,2.5,1630,2844,2.0,0,0,3,7
20140611,1978,0,535000.0,5,2.25,2520,49222,2.0,0,0,4,8
20140616,2004,0,340000.0,3,2.5,1212,1174,3.0,0,0,3,7
20150318,1993,0,305000.0,3,2.25,1370,6600,2.0,0,0,4,7
20141202,1996,0,270000.0,3,2.5,1770,7336,2.0,0,0,3,7
20140605,2003,0,529999.0,3,2.5,1710,1664,2.0,0,0,5,8
20141118,1984,0,459800.0,3,2.0,1690,16061,1.0,0,0,3,7
20140617,1993,0,2475000.0,3,3.25,4340,4947,2.0,0,3,3,11
20141222,1983,0,525000.0,3,2.25,2040,435600,2.0,0,2,4,7
20141219,1979,0,750000.0,4,2.25,3140,12150,2.0,0,0,3,9
20150501,1995,0,712000.0,4,2.5,3140,32336,1.5,0,0,3,10
20150406,1981,0,510000.0,3,2.5,2310,53578,1.0,0,0,4,8
20150102,2001,0,476000.0,3,2.5,1440,3840,2.0,0,0,3,7
20150207,1981,0,270000.0,3,2.25,1810,8262,2.0,0,0,4,8
20141119,1978,0,740000.0,3,2.5,2710,18480,2.0,0,2,3,10
20141013,1990,0,395000.0,4,2.5,2740,8336,2.0,0,0,4,9
20150410,2004,0,498000.0,3,2.5,1690,4088,2.0,0,0,3,7
20150130,1999,0,339900.0,3,2.5,1470,4675,2.0,0,0,3,7
20140902,2006,0,539000.0,3,2.5,2830,9972,2.0,0,0,3,9
20150226,1983,0,400000.0,3,1.0,1410,9704,1.0,0,0,3,8
20150430,1986,0,490000.0,3,2.75,1990,31200,1.0,0,0,3,8
20140627,1991,0,469900.0,4,2.5,2990,8913,2.0,0,0,4,9
20140528,1998,0,740000.0,4,2.25,2920,46355,2.0,0,0,4,9
20141118,1981,0,475000.0,2,2.5,1620,14467,2.0,0,0,3,7
20140814,2001,0,1355000.0,5,3.75,4960,13990,2.0,0,2,3,11
20141022,1998,0,449000.0,4,2.5,1980,5400,2.0,0,0,3,8
20140521,1978,0,318989.0,4,2.25,2000,9000,1.0,0,0,4,8
20141010,2002,0,445000.0,3,1.5,1310,1266,2.0,0,0,3,8
20150306,1979,0,959000.0,3,2.5,3320,11875,1.0,0,0,5,10
20141202,1990,0,330000.0,3,2.5,2370,9102,2.0,0,0,3,9
20150216,2005,0,425000.0,2,1.5,830,1241,2.0,0,0,3,7
20141023,1998,0,476500.0,4,2.5,2250,50155,2.0,0,0,3,8
20140521,1998,0,556000.0,3,2.25,2020,3600,2.0,0,0,3,8
20140729,2006,0,1862000.0,4,5.25,5240,320917,2.0,0,2,3,10
20140919,2005,0,637000.0,4,3.5,4083,68377,2.0,0,0,3,10
20140724,2014,0,895990.0,4,2.75,3555,6565,2.0,0,0,3,9
20140519,2008,0,518000.0,3,2.5,1680,2096,2.0,0,0,3,8
20140808,1973,0,182500.0,2,1.0,1040,13920,1.0,0,0,3,6
20140916,1980,0,445000.0,3,1.75,1850,16863,1.0,0,0,4,7
20140911,1989,0,559000.0,3,2.5,2010,5200,2.0,0,0,3,8
20140702,2001,0,3300000.0,5,6.25,8020,21738,2.0,0,0,3,11
20141015,1977,0,250000.0,4,1.75,1860,7350,1.0,0,0,4,7
20140923,2008,0,1230000.0,5,4.0,4390,6656,2.0,0,0,3,9
20141114,1987,0,440000.0,4,2.5,2880,7386,2.0,0,0,4,9
20140728,1977,2003,625000.0,4,2.5,1750,9000,1.0,0,0,3,8
20140721,2014,0,549900.0,2,1.75,1140,936,2.0,0,0,3,8
20141210,2009,0,835000.0,3,2.5,2960,6856,2.0,0,0,3,10
20150414,1984,0,579950.0,4,2.5,2880,213444,1.0,0,0,5,8
20140529,2008,0,658000.0,4,2.75,3310,6166,2.0,0,0,3,9
20140522,1999,0,655000.0,4,2.5,2860,12394,2.0,0,0,3,10
20150305,1990,0,255000.0,3,2.0,1490,7599,1.0,0,0,3,7
20140605,2003,0,560000.0,4,2.5,2260,3713,2.0,0,0,3,9
20141003,2001,0,372000.0,3,2.5,2430,5000,2.0,0,0,3,8
20140827,1974,0,442200.0,4,1.75,1620,8132,1.0,0,0,3,8
20140825,1991,2012,330000.0,4,2.5,2510,8580,2.0,0,0,4,8
20141114,1995,0,280000.0,3,2.0,1640,13249,1.0,0,0,3,7
20140903,2003,0,345000.0,3,2.5,1870,3584,2.0,0,0,3,8
20140902,1974,0,273148.0,3,1.75,1710,7210,1.0,0,0,4,7
20140625,1989,0,246500.0,3,2.5,1620,7686,2.0,0,0,3,7
20150406,1983,0,349950.0,5,2.5,2250,7176,1.0,0,0,3,7
20150227,2005,0,403000.0,3,2.5,1502,1400,3.0,0,0,3,7
20150211,2003,0,299950.0,4,2.5,1900,4054,2.0,0,0,3,7
20150501,1990,0,792000.0,3,2.5,3320,12840,1.0,0,0,3,10
20150127,1975,0,337000.0,3,2.5,2235,43560,1.0,0,0,5,7
20150310,1979,0,542000.0,2,2.25,1800,2819,2.0,0,2,4,9
20140522,2000,0,622500.0,4,2.5,2980,8107,2.0,0,0,3,9
20140829,1985,0,260000.0,3,1.75,1670,8511,1.0,0,0,3,7
20150505,1977,0,525000.0,3,1.75,2620,38350,1.0,0,0,4,8
20141114,1976,0,975000.0,5,3.5,5470,35071,2.0,0,0,3,11
20140605,2004,0,343000.0,4,2.5,2070,4500,2.0,0,0,3,7
20150424,2009,0,515000.0,2,1.75,950,15219,1.0,0,0,3,8
20150213,1984,0,655000.0,4,3.0,2570,8022,1.0,0,0,4,8
20150506,2000,0,290000.0,3,2.5,1600,6848,2.0,0,0,3,7
20140506,2008,0,1050000.0,3,2.5,2200,1970,2.0,0,0,3,9
20141029,2003,0,265000.0,0,0.75,384,213444,1.0,0,0,3,4
20150310,1980,0,1500000.0,3,3.0,3110,9015,1.0,0,4,4,10
20140812,1987,0,455000.0,3,2.5,1600,7829,2.0,0,0,3,7
20150325,1996,0,660000.0,3,3.5,3600,37982,2.0,0,0,4,8
20141223,1981,0,390000.0,3,1.75,2092,250905,1.0,0,0,3,7
20141114,1994,0,551000.0,3,2.5,2010,17362,2.0,0,0,3,8
20150211,1984,0,230000.0,3,2.25,1500,7210,1.0,0,0,3,7
20140711,2004,0,790000.0,4,2.5,3500,9198,2.0,0,0,3,9
20150326,2007,0,1230000.0,3,2.5,2660,1967,3.0,0,3,3,9
20141223,1995,0,325000.0,3,2.25,1440,6443,2.0,0,0,3,7
20140801,2001,0,705000.0,4,2.75,2780,6207,2.0,0,0,3,8
20141211,1979,0,259000.0,4,1.75,1580,8856,2.0,0,0,3,7
20140716,1999,0,350500.0,2,2.5,1290,1445,3.0,0,0,3,8
20150302,1976,0,650000.0,3,2.0,2660,257875,1.0,0,2,4,8
20140508,1990,0,1250000.0,4,3.25,3820,24166,2.0,0,1,4,11
20150112,1976,0,359000.0,4,2.5,1820,11325,1.0,0,0,3,8
20150316,1993,0,784500.0,4,5.0,5820,13906,2.0,0,0,3,11
20140903,2005,0,410000.0,3,2.5,3040,6054,2.0,0,0,3,9
20141222,1980,0,274000.0,2,2.0,1700,7992,1.0,0,0,4,7
20150223,2003,0,420000.0,5,3.0,2150,6117,1.0,0,0,3,7
20140605,1989,0,1415000.0,4,5.25,4670,43950,2.0,0,0,3,12
20150316,1980,0,400000.0,3,2.0,1010,12252,1.0,0,0,3,8
20150326,2002,0,595000.0,3,2.5,2550,6677,2.0,0,0,3,8
20140617,1976,0,1728000.0,4,3.0,3700,20570,1.0,0,0,4,10
20141231,1987,0,261000.0,3,1.75,1350,7686,1.0,0,0,3,7
20150305,1981,0,230000.0,3,1.75,1720,9125,1.0,0,0,4,7
20141018,2006,0,690000.0,4,3.5,2980,2147,2.5,0,0,3,10
20150129,1981,0,524000.0,4,2.25,2190,15491,2.0,0,0,3,8
20140522,2011,0,380000.0,2,2.5,1230,987,2.0,0,0,3,7
20141027,1994,0,330000.0,3,2.0,2500,10697,1.0,0,0,3,8
20150128,2005,0,358500.0,2,1.75,1400,865,2.0,0,0,3,8
20150109,1992,0,270000.0,3,2.0,1820,7750,1.0,0,0,3,8
20141030,1988,0,325000.0,3,2.0,1670,17071,1.0,0,0,3,7
20141006,1992,0,829950.0,4,2.5,3430,42775,2.0,0,0,3,10
20150330,2002,0,353000.0,3,2.5,2550,6021,2.0,0,0,3,7
20140707,1981,0,170500.0,2,1.0,1060,7700,1.0,0,0,3,7
20140716,1999,0,885250.0,4,2.5,3670,49658,2.0,0,0,3,10
20140608,2001,0,2700000.0,4,3.25,4420,7850,2.0,1,4,3,11
20141017,2008,0,469000.0,3,2.5,1190,1290,3.0,0,0,3,8
20141121,2002,0,305000.0,4,2.5,2430,5959,2.0,0,0,3,8
20140530,1982,0,840000.0,7,4.5,4290,37607,1.5,0,0,5,10
20140623,1996,0,905000.0,5,3.5,3500,10155,2.0,0,0,3,10
20140922,1979,0,300000.0,3,1.5,1320,15053,1.0,0,0,3,7
20140603,1986,0,174500.0,2,2.5,1240,2689,2.0,0,0,3,7
20150427,1987,0,695000.0,4,2.5,2960,10760,2.0,0,0,3,9
20150225,1973,0,539000.0,5,2.25,2590,7245,1.0,0,0,3,8
20140528,1986,0,186950.0,2,2.0,1390,1302,2.0,0,0,3,7
20141110,1985,0,520000.0,3,1.75,1430,53628,2.0,0,0,3,8
20150511,2007,0,3650000.0,5,3.75,5020,8694,2.0,0,1,3,12
20140811,1983,0,543000.0,4,2.25,2060,8767,2.0,0,0,3,8
20141015,2005,0,473000.0,3,3.0,1380,1081,3.0,0,0,3,8
20140701,1987,0,808000.0,4,2.25,2500,8866,2.0,0,0,4,9
20140925,1987,0,340000.0,3,1.75,1210,9635,1.0,0,0,4,7
20141012,1986,0,475000.0,3,2.5,1630,7586,2.0,0,0,3,8
20140730,1976,0,432100.0,3,1.75,1840,7350,1.0,0,0,3,8
20140730,2003,0,300000.0,3,2.25,1960,1585,2.0,0,0,3,7
20150417,1999,0,1137500.0,4,3.5,3160,4200,2.0,0,4,3,8
20141219,1981,0,245000.0,4,1.75,1930,7650,1.0,0,0,4,8
20140925,1971,0,319000.0,3,1.0,960,8556,1.0,0,0,3,7
20150224,2000,0,1450000.0,3,3.5,4110,15720,1.0,0,1,3,10
20140710,1992,0,695000.0,4,3.5,3310,21050,2.0,0,0,5,9
20141027,1985,0,287500.0,4,2.25,2250,12000,2.0,0,0,3,8
20141112,2001,0,465000.0,3,3.25,1510,1850,2.0,0,2,3,8
20140925,1981,0,335000.0,3,1.0,1350,14212,1.0,0,0,4,6
20140627,1981,0,602000.0,4,1.75,2420,37800,1.0,0,0,4,8
20150225,2003,0,482000.0,3,2.5,2950,6545,2.0,0,0,3,8
20140520,1978,0,206000.0,4,2.0,1700,6025,1.0,0,0,3,6
20150320,2003,0,491150.0,3,2.5,1470,3971,2.0,0,0,3,7
20140812,1975,0,390000.0,4,2.75,2500,12848,1.0,0,1,3,8
20150507,1998,0,393000.0,4,2.5,2641,8091,2.0,0,0,3,7
20140717,1992,0,635000.0,4,2.0,2260,8457,2.0,0,0,3,9
20140530,1983,0,475000.0,2,2.0,1540,54450,2.0,0,0,3,7
20141014,2001,0,387500.0,3,3.25,1860,2218,3.0,0,0,3,8
20140621,2000,0,930000.0,3,2.5,3290,6830,2.0,0,0,3,10
20141203,1999,0,325000.0,3,2.0,1570,5600,1.0,0,0,3,8
20140508,2008,0,413450.0,3,2.5,1540,1614,3.0,0,0,3,8
20140811,2005,0,720000.0,5,2.75,2860,5379,2.0,0,0,3,9
20150416,1973,0,339000.0,3,1.5,1740,21980,1.0,0,0,4,7
20140811,1996,0,839000.0,5,4.0,4280,11307,2.0,0,0,3,10
20150406,1994,0,269000.0,3,2.0,1410,10577,1.0,0,0,3,7
20150406,1974,0,382000.0,2,2.0,1350,2560,1.0,0,0,4,8
20150413,2009,0,574000.0,2,2.25,1100,1114,2.0,0,0,3,8
20140922,2002,0,405000.0,3,2.5,2070,4697,2.0,0,0,3,7
20140728,1987,0,572000.0,3,2.5,2360,9938,1.0,0,0,3,8
20141205,1976,0,675000.0,4,2.25,2760,12100,2.0,0,0,4,9
20150224,2003,0,515000.0,3,2.5,3020,12184,2.0,0,0,3,8
20141203,1979,0,810000.0,4,3.5,3470,7396,2.0,0,3,3,8
20150311,1977,0,365650.0,4,2.25,2380,7700,2.0,0,0,4,8
20140728,2002,0,651000.0,3,3.0,2260,1834,2.0,0,0,3,8
20141029,2004,0,299000.0,3,2.0,1730,6007,1.0,0,0,3,8
20140804,1988,0,768000.0,3,2.5,2660,10928,2.0,0,0,3,9
20140926,1980,0,240000.0,3,2.25,1410,7290,1.0,0,0,3,7
20141008,1990,0,160000.0,3,1.75,1370,8006,2.0,0,0,3,7
20150109,2007,0,435000.0,3,2.5,2260,5100,2.0,0,0,3,8
20150417,1984,0,450000.0,5,2.5,2510,10240,1.0,0,0,4,8
20140820,2006,0,530000.0,3,3.25,1510,1125,3.0,0,0,3,8
20150128,1977,0,1100000.0,3,2.25,1560,8570,1.0,0,0,5,7
20141112,1988,0,732500.0,3,2.5,2470,10321,2.0,0,0,3,9
20141030,1987,0,194250.0,3,2.25,2190,8834,1.0,0,0,3,7
20140708,1992,0,1135250.0,5,4.0,7320,217800,2.0,0,0,3,11
20141112,2000,0,645500.0,4,2.5,2990,8622,2.0,0,0,3,9
20141216,2007,0,725000.0,2,1.0,2410,5930,2.0,0,0,3,9
20141126,1987,0,192000.0,3,1.75,1240,10361,1.0,0,0,3,6
20141201,1979,0,283450.0,5,2.75,2770,6116,1.0,0,0,3,7
20141028,1986,0,815000.0,4,2.0,1400,4800,2.0,0,0,3,7
20141107,1994,0,1156000.0,4,3.5,4270,12305,2.0,0,2,3,10
20140903,1999,0,480000.0,3,2.5,2270,4488,2.0,0,0,3,7
20140606,2001,0,600000.0,4,2.5,2560,5593,2.0,0,0,3,7
20140822,1986,0,299500.0,4,2.5,2010,12085,2.0,0,0,3,8
20150415,2000,0,515000.0,5,3.5,2310,5249,2.0,0,0,3,8
20140623,2004,0,405000.0,3,2.25,1520,1245,3.0,0,0,3,8
20150203,1992,0,377000.0,4,2.5,2170,11511,2.0,0,0,3,8
20150114,2005,0,559950.0,5,3.5,2450,8193,2.0,0,0,3,9
20140722,1977,0,588000.0,4,2.25,2580,7344,2.0,0,0,3,8
20140908,1983,0,260000.0,3,1.5,1750,7000,2.0,0,0,3,8
20150217,2005,0,1600000.0,4,3.5,3890,3600,2.0,0,0,3,9
20140602,2003,0,802000.0,2,2.5,2210,6327,1.0,0,0,3,8
20140609,2004,0,600000.0,3,2.5,2630,77972,2.0,0,0,3,9
20141120,1982,0,179950.0,2,1.0,1100,7323,1.0,0,0,3,7
20140914,1990,0,683000.0,4,2.5,2620,10489,2.0,0,0,3,9
20140603,1995,0,222400.0,3,2.0,1200,9566,1.0,0,0,3,7
20141029,1985,0,410000.0,3,2.75,1690,5763,1.0,0,0,5,7
20150224,1974,0,430000.0,3,1.75,3440,10428,1.5,0,0,5,8
20150427,1979,0,439950.0,5,1.75,2190,7500,1.0,0,0,3,7
20150421,1998,0,797500.0,4,2.5,3270,8223,2.0,0,0,3,10
20140623,1984,0,385000.0,4,2.75,2700,37011,2.0,0,0,3,9
20150427,2004,0,280000.0,3,2.5,1020,2217,2.0,0,0,3,7
20141118,1992,0,1388000.0,3,1.25,2400,6653,3.0,0,2,3,11
20150130,1972,0,665000.0,6,3.0,2480,9720,2.0,0,0,3,8
20141218,1979,0,249000.0,3,2.5,1850,7200,1.0,0,0,3,7
20141021,2011,0,825000.0,5,3.0,3070,8474,2.0,0,0,3,9
20141208,1989,0,475000.0,3,2.5,2680,87117,1.0,0,0,3,7
20140521,1993,0,275000.0,3,2.5,2030,6326,2.0,0,0,3,7
20141023,1985,0,300000.0,3,2.25,1730,10030,1.0,0,0,4,8
20150402,1972,0,525000.0,3,2.5,1720,7950,1.5,0,0,4,7
20150424,1977,0,570000.0,3,1.75,1210,7350,1.0,0,0,3,7
20141103,2003,0,699950.0,3,2.5,2510,4106,2.0,0,0,3,9
20140616,1973,0,375000.0,4,2.5,2040,109336,1.5,0,0,4,8
20140502,1976,0,470000.0,5,2.5,2210,9655,1.0,0,0,3,8
20150305,1976,0,250000.0,3,2.0,1560,32137,1.0,0,0,5,7
20150112,1986,0,835000.0,4,2.5,2950,48351,2.0,0,0,3,10
20140724,1978,0,415000.0,5,2.75,2060,8906,1.0,0,0,4,7
20141119,1977,0,788000.0,4,2.5,2680,8778,2.0,0,0,4,8
20140523,1993,0,388000.0,4,2.5,2440,7155,2.0,0,0,3,8
20150105,1984,0,713000.0,4,3.25,2840,54400,1.0,0,0,4,8
20140521,1994,0,430000.0,3,2.75,2550,11160,2.0,0,0,3,8
20150306,1974,0,280000.0,3,2.25,1700,7210,1.0,0,0,4,7
20150226,1986,0,215000.0,3,2.0,1470,2052,1.5,0,0,3,7
20140528,1984,0,306000.0,3,2.5,1680,11193,2.0,0,0,3,8
20140625,1979,0,299900.0,3,1.0,1110,8593,1.0,0,0,3,7
20140812,1989,0,946000.0,4,3.0,3140,9058,1.0,0,0,3,9
20150429,1994,0,750000.0,5,3.5,2990,212137,2.0,0,0,3,8
20141028,1974,1989,1225000.0,4,2.5,3120,49456,2.0,1,4,4,9
20150323,1975,0,183500.0,3,1.0,1010,7520,1.0,0,0,4,6
20141017,2005,0,309000.0,3,2.5,1990,3614,2.0,0,0,3,7
20150427,2002,0,1115000.0,4,3.75,4040,14212,2.0,0,0,3,11
20141020,1999,0,399950.0,2,2.25,1140,1184,2.0,0,0,3,8
20140721,2007,0,512000.0,2,2.25,1170,1313,3.0,0,0,3,8
20140725,2006,0,410000.0,5,2.75,2910,5802,2.0,0,0,3,7
20140925,1975,0,325000.0,4,2.25,2130,8499,1.0,0,0,4,7
20150406,1979,0,685000.0,3,2.5,2520,10175,1.0,0,0,3,8
20150302,1998,0,247500.0,3,2.25,1620,6000,1.0,0,0,3,7
20150401,1973,0,670000.0,5,3.0,2520,13001,2.0,0,1,3,8
20140523,1984,0,255000.0,3,2.0,1490,8371,1.5,0,0,3,7
20150211,2012,0,259000.0,3,1.75,1260,3604,1.0,0,0,3,7
20141121,2008,0,695000.0,3,3.5,2630,4713,2.0,0,2,3,9
20150501,1976,0,505000.0,3,1.75,1800,7210,1.0,0,0,3,7
20140616,1992,0,999000.0,4,2.75,2800,19168,2.0,0,0,3,10
20140805,2004,0,554000.0,2,2.0,1870,5580,1.0,0,0,3,8
20140909,2006,0,731781.0,3,3.0,2630,4972,2.0,0,0,3,9
20140910,1975,0,585000.0,4,2.5,2370,15200,1.0,0,0,3,8
20140619,1989,0,1027000.0,3,2.5,2430,10500,2.0,0,1,3,9
20140612,1993,0,315000.0,3,2.5,1880,7000,2.0,0,0,3,8
20140513,1989,0,322500.0,3,2.0,1350,14200,1.0,0,0,3,7
20140602,1981,0,568500.0,3,2.75,2180,7519,1.0,0,0,4,7
20150414,1976,0,1085000.0,5,2.25,3650,13068,1.0,0,0,4,10
20140522,1982,0,432000.0,3,2.75,2200,14925,1.0,0,0,3,6
20150504,1990,0,1268890.0,5,3.25,4410,35192,2.0,0,2,3,12
20150320,1998,0,650000.0,3,2.5,2180,37042,2.0,0,0,3,9
20150428,1981,0,330000.0,5,1.75,2100,7347,1.0,0,0,3,7
20141204,1982,0,510000.0,3,1.75,2060,58341,1.0,0,4,3,8
20140627,2012,0,465000.0,4,2.5,3060,6000,2.0,0,0,3,9
20140623,1974,0,1700000.0,3,2.75,2810,18731,2.0,1,4,4,10
20140827,1989,0,490000.0,3,2.25,2550,8588,1.0,0,4,3,9
20140709,1985,0,2680000.0,5,3.0,4290,20445,2.0,0,0,4,11
20141130,2005,0,1000000.0,3,2.25,3040,52302,1.0,0,0,3,9
20140708,1997,0,469950.0,4,2.75,2530,14178,2.0,0,0,3,8
20150325,1984,0,361000.0,5,2.75,2380,7500,1.0,0,0,3,7
20140527,1973,0,293000.0,4,2.5,3250,235063,1.0,0,2,3,9
20140516,2010,0,445000.0,3,3.0,1970,24318,1.0,0,0,3,8
20140716,1985,0,520000.0,3,2.25,1850,10855,1.0,0,0,3,8
20140805,1991,0,780000.0,4,3.25,3900,40962,2.0,0,0,3,10
20140709,1978,0,625000.0,3,1.75,3160,76230,1.0,0,0,4,8
20150410,1986,0,239950.0,3,1.75,1440,7200,1.0,0,0,3,7
20150417,1989,0,612000.0,3,2.5,2120,7401,2.0,0,0,3,8
20140710,1985,0,345000.0,3,1.75,3140,8571,1.0,0,0,4,8
20150128,1974,0,520000.0,4,2.5,2410,6440,1.0,0,0,3,8
20140728,1988,0,555000.0,3,3.0,2410,12183,2.0,0,0,3,9
20140905,1979,0,519000.0,5,2.75,2620,8861,1.0,0,0,5,8
20141203,2013,0,474950.0,3,2.25,1850,2575,2.0,0,0,3,9
20150121,1990,0,419000.0,3,2.25,1760,16418,1.0,0,0,3,7
20141028,2004,0,760000.0,3,2.5,4040,147856,2.0,0,0,3,9
20140903,2014,0,919950.0,5,2.75,3170,7062,2.0,0,0,3,9
20140610,1978,0,400000.0,4,2.5,2530,7563,1.0,0,0,3,7
20140729,1993,0,785000.0,4,2.5,3230,21781,2.0,0,0,3,9
20150316,1988,0,310000.0,4,2.5,2130,9013,2.0,0,0,3,8
20150505,1998,0,540000.0,3,2.5,2400,5817,2.0,0,0,3,8
20141117,1999,0,295000.0,4,2.5,1810,4871,2.0,0,0,3,8
20150501,2005,0,250000.0,2,1.75,1350,4023,1.0,0,0,3,7
20140508,1972,0,330000.0,2,2.0,1550,435600,1.5,0,0,2,7
20141023,1977,0,898000.0,3,2.25,2650,12845,1.0,0,3,3,9
20150307,1997,0,475000.0,4,2.5,2040,16200,2.0,0,0,3,8
20150209,1988,0,265000.0,3,2.5,1660,5250,2.0,0,0,4,8
20140918,1984,0,380000.0,3,2.5,1980,17342,2.0,1,4,3,10
20140819,1987,0,790000.0,4,2.5,2690,8036,2.0,0,0,4,9
20150312,1985,0,620000.0,2,2.25,2910,6110,2.0,0,2,4,9
20140819,1997,0,709050.0,4,3.5,2720,9000,2.0,0,0,3,8
20140813,1982,0,475000.0,3,2.5,2160,35912,2.0,0,0,3,8
20141022,1976,0,440000.0,3,2.25,1760,10835,1.0,0,0,4,8
20141021,1998,0,680000.0,4,2.75,3310,50951,2.0,0,0,3,9
20150313,2008,0,1389000.0,4,3.5,3130,3900,2.0,0,0,3,9
20141104,1991,0,925850.0,6,3.25,3140,14923,2.0,0,0,3,10
20140514,1989,0,450000.0,3,2.5,2910,17172,2.0,0,0,3,10
20150317,1972,0,344950.0,3,1.0,1090,6712,1.0,0,0,4,7
20141230,2001,0,1945000.0,4,4.0,4690,6900,2.0,0,0,3,11
20140619,1976,0,232603.0,3,1.75,1750,11461,2.0,0,0,4,7
20140811,1977,0,600000.0,4,1.75,1810,7700,1.0,0,0,5,8
20141105,1994,0,239000.0,3,2.5,1360,5754,2.0,0,0,3,7
20140905,1983,0,562000.0,3,2.5,2400,97138,2.0,0,0,5,8
20141014,2004,0,680000.0,4,2.5,2520,5000,2.0,0,0,3,9
20140726,2002,0,350000.0,3,3.25,1210,941,2.0,0,0,3,8
20150219,1980,0,410000.0,5,2.5,2670,184140,1.0,0,0,3,8
20140522,1988,0,1050000.0,4,2.5,3030,12590,1.5,0,0,4,10
20141028,2002,0,391265.0,3,2.0,1440,3900,1.0,0,0,3,8
20140626,1979,0,1410000.0,4,2.25,3250,16684,2.0,0,0,3,9
20150508,1974,0,316000.0,4,1.5,2120,46173,2.0,0,0,3,7
20140824,1975,0,325000.0,4,2.5,1820,9161,1.0,0,0,4,7
20150407,1989,0,682000.0,4,2.5,2390,53941,2.0,0,0,3,8
20140718,1987,0,430000.0,3,2.5,1400,7508,2.0,0,0,4,7
20140721,1978,0,503000.0,4,2.75,2100,7350,1.0,0,0,5,7
20140819,2003,0,676000.0,4,2.5,2800,5368,2.0,0,0,3,8
20140729,2003,0,920000.0,3,3.25,3660,66211,2.0,0,0,3,10
20140825,1980,0,268000.0,3,1.75,1480,8009,1.0,0,0,3,7
20140915,1976,0,675000.0,4,2.25,2260,8715,1.0,0,0,4,8
20140821,1984,0,716125.0,3,2.25,2110,7279,1.0,0,0,4,9
20140711,1986,0,640000.0,4,2.75,3040,7274,2.0,0,3,3,9
20140819,1993,0,592500.0,4,2.5,3370,35150,1.0,0,0,5,8
20140904,2003,0,365000.0,3,2.5,1484,1761,3.0,0,0,3,7
20140914,1981,0,600000.0,4,2.5,2230,12753,1.0,0,0,4,7
20141216,1989,0,465000.0,4,2.5,2820,39413,2.0,0,0,4,9
20150422,1976,0,254999.0,3,1.0,1580,7560,1.0,0,0,4,7
20140916,1994,0,279000.0,4,2.5,2040,8076,2.0,0,0,3,7
20141231,2001,0,460000.0,3,2.5,2720,40813,2.0,0,0,3,8
20140728,2005,0,507000.0,4,2.25,1490,956,2.0,0,0,3,7
20141202,2006,0,350000.0,2,1.5,830,1077,2.0,0,0,3,7
20140806,1977,0,329000.0,3,1.75,1980,7000,1.0,0,0,4,8
20140814,1986,0,909000.0,4,2.5,3680,11648,2.0,0,0,3,10
20140903,2001,0,345000.0,3,2.5,1620,5992,2.0,0,0,3,7
20140515,1995,0,497000.0,4,2.5,2240,7200,2.0,0,0,3,8
20141119,1974,0,313500.0,3,1.75,1610,7350,1.0,0,0,3,8
20150402,1990,0,910000.0,3,2.5,2720,7250,2.0,0,0,3,9
20140609,2006,0,410000.0,3,2.5,1960,4400,2.0,0,0,3,7
20141124,1982,0,394250.0,3,2.0,2620,10107,1.0,0,3,3,7
20140804,1994,0,556000.0,3,2.5,2750,35440,2.0,0,0,3,9
20141027,2002,0,450000.0,3,2.5,2480,5647,2.0,0,0,3,7
20141006,1975,0,295000.0,4,2.0,1710,8814,1.0,0,0,5,7
20140911,1976,0,410000.0,4,2.25,2150,27345,2.0,0,0,5,8
20140611,1994,0,308900.0,3,2.5,2250,7294,2.0,0,0,3,8
20150128,2006,0,665000.0,2,2.5,2300,6984,1.0,0,0,3,8
20140917,2014,0,959000.0,3,2.5,2830,3750,3.0,0,0,3,10
20150421,1990,0,560000.0,3,2.5,2180,7169,2.0,0,0,3,8
20140514,1972,0,955000.0,5,2.25,2510,9887,2.0,0,0,3,8
20140620,2004,0,1240000.0,7,5.5,6630,13782,2.0,0,0,3,10
20150428,1978,0,335000.0,4,2.25,3220,7889,2.0,0,0,3,8
20140915,2004,0,485000.0,3,2.5,2270,7887,2.0,0,2,3,8
20140702,1978,0,552000.0,3,2.5,1840,9900,1.0,0,0,3,9
20140714,2003,0,950000.0,4,3.25,3820,15293,2.0,0,0,3,10
20150316,1983,0,203700.0,3,2.0,1660,7958,1.0,0,0,3,7
20140709,1990,0,412000.0,4,3.5,3360,9767,2.0,0,0,3,9
20150106,1986,0,237500.0,3,2.0,1350,8960,1.0,0,0,4,7
20140815,2001,0,866800.0,4,3.5,2970,5000,2.0,0,2,3,9
20140625,1995,0,200000.0,3,2.0,1190,6833,1.0,0,0,3,7
20141114,1973,0,370000.0,5,2.5,2250,10400,1.0,0,0,3,8
20140702,1985,0,1411600.0,2,2.5,3180,9400,2.0,0,4,5,10
20150322,1985,0,1505000.0,2,2.5,3180,9400,2.0,0,4,5,10
20141217,1974,0,270000.0,3,1.0,1010,14510,1.0,0,0,5,7
20141229,1981,0,540000.0,3,2.5,3100,100188,1.0,0,0,4,7
20141205,2012,0,565000.0,5,3.0,2560,12480,1.0,0,0,3,8
20150409,1980,0,940000.0,4,1.5,2430,3600,2.5,0,0,3,8
20140822,2001,0,400000.0,3,3.0,2090,7634,1.0,0,0,3,8
20150321,1998,0,365000.0,3,2.0,2030,8649,1.0,0,0,3,7
20140522,1979,0,353250.0,2,1.0,1060,1600,2.0,0,0,3,7
20140527,1991,0,475000.0,4,3.5,3400,234352,2.0,0,0,3,8
20150409,1987,0,550000.0,3,2.25,1880,11556,2.0,0,0,3,8
20150224,1989,0,375000.0,3,1.75,2190,17550,1.0,0,0,3,7
20150205,1995,0,717500.0,3,2.5,2530,9932,2.0,0,0,3,8
20140911,1997,0,3800000.0,3,4.25,5510,35000,2.0,0,4,3,13
20140618,1993,0,315000.0,3,2.5,1730,6368,2.0,0,0,3,7
20150310,2005,0,425000.0,3,2.5,1480,1386,3.0,0,0,3,8
20150209,1977,0,565000.0,3,1.75,2380,10450,1.0,0,0,3,8
20140708,1973,0,623000.0,3,1.75,2050,16313,1.0,0,0,2,8
20140521,2006,0,700000.0,4,3.25,2780,7875,2.0,0,0,3,9
20150408,2000,0,482000.0,2,1.5,1300,1229,2.0,0,0,3,8
20140821,1995,0,770000.0,3,2.5,2730,11380,2.0,0,0,3,10
20140729,2005,0,512000.0,4,2.5,2600,4506,2.0,0,0,3,9
20141216,1999,0,303000.0,2,1.5,1400,1650,3.0,0,0,3,7
20140623,2003,0,285000.0,3,2.5,1660,6263,2.0,0,0,3,8
20141125,1977,0,707000.0,4,2.25,2920,17023,1.0,0,0,4,9
20150422,1983,0,872000.0,4,2.25,2860,40284,2.0,0,0,3,10
20150417,1981,0,425000.0,4,1.75,1910,16785,1.0,0,0,4,7
20150126,1979,0,925000.0,3,2.75,3280,10558,1.0,0,2,4,9
20140702,1977,0,811000.0,3,3.0,2470,7410,2.0,0,0,5,8
20140512,1976,0,1225000.0,4,2.25,3070,16028,1.0,0,3,3,9
20150327,1995,0,289999.0,3,2.0,1490,9285,1.0,0,0,3,8
20140725,1976,0,324950.0,3,1.0,1240,7500,1.0,0,0,4,7
20140521,1977,0,260000.0,6,2.0,2220,8797,1.0,0,0,3,7
20140603,2009,0,402500.0,3,3.25,2780,4002,2.0,0,0,3,8
20141028,1987,0,275000.0,3,2.25,1820,9766,1.0,0,0,4,7
20140603,1996,0,250000.0,3,2.25,1765,7652,2.0,0,0,3,7
20140814,2003,0,447000.0,3,2.5,1650,3076,2.0,0,0,3,7
20150316,1983,0,350000.0,2,1.75,1430,7921,1.0,0,0,3,7
20150330,2001,0,789888.0,5,3.5,3300,7860,2.0,0,0,3,9
20140929,2000,0,695000.0,4,3.5,3530,7202,2.0,0,0,3,9
20140724,2004,0,850000.0,2,2.5,3360,6750,2.0,0,0,3,9
20150420,1977,0,352750.0,4,2.75,2270,24237,1.0,0,0,4,7
20140818,2001,0,550000.0,4,2.5,2890,9045,2.0,0,0,3,8
20140825,1997,0,962800.0,4,2.5,3780,23623,2.0,0,0,3,9
20150116,1975,0,745000.0,5,4.0,4720,493534,2.0,0,0,5,9
20141202,1987,0,450000.0,3,2.25,2530,27227,2.0,0,0,3,8
20140724,1999,0,375000.0,3,2.75,1890,3930,2.0,0,0,3,8
20150303,1990,0,420000.0,4,2.5,3360,11637,2.0,0,0,3,11
20141022,1989,0,570000.0,4,2.5,3420,115434,2.0,0,0,3,9
20150323,1988,0,853000.0,4,2.25,3440,35025,2.0,0,0,3,10
20150421,2003,0,359500.0,6,3.75,3190,4700,2.0,0,0,3,8
20141107,1998,0,715000.0,4,2.5,2570,7980,2.0,0,0,3,9
20150325,1980,0,240000.0,3,1.75,1420,6984,1.0,0,0,4,7
20141017,2000,0,610000.0,3,2.5,2080,167270,1.0,0,0,3,7
20150311,2004,0,675000.0,3,2.75,2740,5735,2.0,0,0,3,9
20150129,1985,0,283500.0,3,1.75,1250,5375,1.0,0,0,3,7
20140626,1977,0,827000.0,4,2.5,3230,12100,1.0,0,0,3,9
20140923,1993,0,747500.0,4,2.5,2810,11902,2.0,0,0,4,9
20141202,2003,0,250000.0,3,2.0,1470,2781,2.0,0,0,3,6
20140521,1994,0,655000.0,4,3.5,2350,13402,2.0,0,3,3,8
20140818,1975,0,390000.0,4,1.75,2020,9750,1.0,0,0,3,7
20140604,1989,0,791000.0,3,2.25,2430,5500,2.0,0,0,3,8
20140508,1979,0,424500.0,3,1.75,1460,7700,1.0,0,0,3,7
20150505,1992,0,865000.0,4,2.5,2580,10631,2.0,0,2,4,9
20140724,1983,0,325000.0,3,1.75,1810,8048,1.0,0,0,4,7
20140603,1998,0,315000.0,5,2.5,2090,4698,2.0,0,0,3,7
20140911,1971,0,227000.0,4,1.0,1120,8763,1.0,0,0,3,6
20141009,2004,0,276000.0,2,1.0,870,2676,1.0,0,0,3,7
20141114,1981,0,430000.0,3,2.0,2350,12480,1.0,0,0,3,7
20141118,2004,0,266490.0,3,2.5,1810,4113,2.0,0,0,3,7
20140626,1979,0,235000.0,5,2.5,2500,9583,1.0,0,0,3,7
20150427,1986,0,885000.0,3,2.5,2880,11443,2.0,0,0,4,9
20140709,1983,0,450000.0,3,2.5,1460,7573,2.0,0,0,3,8
20141011,2005,0,3635000.0,5,6.0,5490,19897,2.0,0,0,3,12
20141121,1999,0,476000.0,2,2.25,1140,1332,3.0,0,0,3,8
20140507,1990,0,375000.0,3,2.5,1830,13042,2.0,0,0,3,8
20140909,2014,0,600600.0,4,3.5,3110,6829,2.0,0,0,3,8
20140725,1979,0,650000.0,4,1.75,2390,12000,1.0,0,0,3,8
20141001,1978,0,858000.0,4,3.5,4370,422967,1.0,0,2,4,10
20150311,1979,0,685000.0,3,2.0,2500,6733,1.0,0,0,3,8
20141119,1984,0,252000.0,3,2.0,1540,7210,2.0,0,0,4,7
20140912,1975,0,512500.0,4,2.25,2200,6900,2.0,0,0,4,8
20150504,1986,0,460000.0,3,2.25,1453,2225,2.0,0,0,4,8
20140722,1991,0,434000.0,3,2.75,1830,3200,2.0,0,0,3,8
20140509,1982,0,585000.0,4,3.25,2400,29252,2.0,0,0,4,8
20150304,1991,0,890000.0,2,1.75,3050,50965,2.0,0,0,3,10
20150224,1997,0,873000.0,3,2.25,2720,54450,2.0,0,0,3,11
20141118,1983,0,475000.0,4,2.25,1970,7532,1.0,0,0,3,8
20140814,1994,0,500000.0,3,2.25,2990,216057,2.0,0,0,3,9
20150120,1987,0,279000.0,4,2.75,2180,8475,1.0,0,0,4,7
20150414,1988,0,350000.0,3,2.0,1440,5469,1.0,0,0,3,8
20150421,1978,0,660000.0,4,2.25,3180,13653,2.0,0,0,3,9
20150122,2009,0,935000.0,5,3.0,2700,5001,2.0,0,0,3,10
20140609,1977,0,328000.0,3,1.75,1440,45302,2.0,0,0,3,7
20140826,1981,0,257500.0,3,2.0,1300,9334,1.0,0,0,5,7
20140626,1980,0,216500.0,2,1.75,1390,4482,1.0,0,0,4,8
20140521,1978,0,1185000.0,3,2.25,2760,40946,2.0,0,0,5,10
20140730,2007,0,360000.0,4,2.5,3200,7282,2.0,0,0,3,9
20141002,1978,0,535000.0,3,2.5,1960,47044,2.0,0,0,4,8
20150319,1994,0,464950.0,3,2.0,2190,19800,1.0,0,0,3,7
20141202,1996,0,925000.0,4,2.5,3540,18168,2.0,0,0,3,10
20150312,1976,0,325000.0,4,1.75,1670,9500,1.0,0,0,3,7
20140905,1984,0,695000.0,3,3.25,3080,12100,2.0,0,0,3,8
20140625,1973,0,585000.0,4,2.75,2890,6825,1.0,0,0,3,8
20140516,1991,0,2000000.0,5,4.25,6490,10862,2.0,0,3,4,11
20140731,2003,0,589000.0,3,2.5,2320,5663,2.0,0,0,3,8
20150323,2014,0,539950.0,3,2.5,1330,2183,3.0,0,0,3,8
20141020,2002,0,640000.0,4,2.5,3420,21344,2.0,0,0,3,9
20150225,1997,0,675000.0,4,3.5,2550,3600,2.0,0,2,3,8
20140717,1980,0,338000.0,5,2.0,1860,9000,2.0,0,0,3,7
20150331,1981,0,231750.0,3,1.0,1020,7615,1.0,0,0,3,7
20141001,2001,0,1059000.0,4,3.5,4460,16271,2.0,0,2,3,11
20141002,1979,0,263000.0,4,2.75,1830,7315,1.0,0,0,5,7
20140820,1990,0,279950.0,3,1.5,1520,7200,1.0,0,0,4,7
20140626,1991,0,252500.0,3,2.0,1900,8002,1.0,0,0,3,7
20150312,1989,0,1150000.0,4,3.75,5300,37034,2.0,0,0,3,11
20140722,2004,0,700000.0,3,2.5,2190,7982,2.0,0,0,3,8
20141003,1989,0,2720000.0,4,3.25,3990,18115,2.0,0,0,4,11
20150406,2010,0,270000.0,3,2.5,1780,5015,2.0,0,0,3,7
20141029,1988,0,340000.0,3,2.25,2630,9916,2.0,0,0,4,9
20140724,1975,0,580000.0,4,2.75,3210,6825,1.0,0,0,5,7
20140818,2003,0,690000.0,4,2.5,2780,4688,2.0,0,0,3,9
20140617,1988,0,720000.0,4,2.5,2650,11520,2.0,0,0,3,8
20150217,1980,0,403000.0,3,2.25,1840,13020,1.0,0,0,3,8
20140612,1972,0,440000.0,3,2.75,1560,7392,1.0,0,0,5,7
20150218,1987,0,260000.0,3,1.75,1360,15210,1.0,0,0,3,7
20140829,1990,0,339950.0,5,2.5,2990,7292,2.0,0,0,4,8
20140822,1975,0,250000.0,3,1.0,1640,26127,2.0,0,0,3,6
20150114,2011,0,680000.0,3,3.5,3650,103672,1.0,0,0,3,10
20140716,1999,0,1225000.0,3,3.5,3680,11491,2.0,0,2,3,11
20150102,1987,0,675000.0,5,2.75,2570,12906,2.0,0,0,3,8
20150410,1984,0,981000.0,3,3.25,2730,9588,2.0,0,1,3,10
20140522,1996,0,1000000.0,4,3.0,4260,18687,2.0,0,0,3,11
20140707,1993,0,391500.0,3,2.5,1920,9625,2.0,0,0,3,8
20141103,2012,0,495000.0,3,3.5,1650,1577,2.0,0,0,3,7
20140904,1998,0,504500.0,3,2.5,1820,1545,3.0,0,2,3,8
20150213,1992,0,685000.0,3,2.5,3290,90796,2.0,0,0,4,10
20150223,1980,0,365000.0,4,2.5,1620,219542,2.0,0,0,3,7
20150218,2001,0,781500.0,4,2.5,3440,6332,2.0,0,0,3,10
20150322,1979,0,300000.0,3,1.75,1420,7200,1.0,0,0,3,7
20140603,2006,0,930000.0,2,2.5,2680,11214,1.0,0,0,3,9
20140623,1990,0,249900.0,3,2.0,1310,6738,1.0,0,0,4,7
20140731,1989,0,675000.0,3,2.25,1780,4252,2.0,0,0,4,8
20141030,1985,0,447000.0,3,2.25,1440,4667,2.0,0,0,3,7
20150421,2008,0,546000.0,4,2.5,2100,1397,3.0,0,0,3,8
20141231,2003,0,310000.0,3,2.0,1310,1361,3.0,0,0,3,7
20141002,1995,0,585000.0,3,2.5,1740,2350,2.0,0,0,3,8
20141106,2003,0,1430800.0,4,2.5,2910,7364,2.0,0,0,3,10
20150112,1983,0,565000.0,4,2.5,2500,12090,1.0,0,0,3,9
20140924,2007,0,360000.0,3,2.25,1381,1180,3.0,0,0,3,8
20150303,2004,0,315000.0,3,2.5,2200,5954,2.0,0,0,3,7
20140603,1983,0,272500.0,3,2.0,1410,7622,1.0,0,0,4,7
20150323,1992,0,475000.0,3,1.75,1680,3420,1.0,0,0,3,7
20141104,1972,0,345000.0,3,1.0,960,3844,1.0,0,0,3,7
20141120,1993,0,342000.0,4,2.5,2380,7792,2.0,0,0,3,8
20140731,1990,0,539950.0,4,2.5,2960,37430,2.0,0,0,3,9
20140718,2000,0,330000.0,3,2.5,1870,4657,2.0,0,0,3,8
20140718,1977,0,279000.0,4,2.5,1810,13000,1.0,0,0,4,8
20140820,1996,2006,2160000.0,3,3.5,3080,6495,2.0,0,3,3,11
20141023,2000,0,820000.0,3,3.0,3850,38830,2.0,0,1,3,10
20140925,2014,0,812000.0,4,2.5,2270,5000,2.0,0,0,3,9
20141215,1975,0,242000.0,4,2.5,1750,11400,2.0,0,0,4,7
20140520,2007,0,625000.0,4,2.5,3550,8048,2.0,0,0,3,9
20140922,1990,0,289000.0,3,2.25,1670,6600,2.0,0,0,4,7
20140804,2002,0,400000.0,3,2.0,1860,12944,1.0,0,0,3,9
20140521,1992,0,1550000.0,3,2.5,4460,26027,2.0,0,0,3,12
20150310,1996,0,628990.0,4,2.5,2540,32647,2.0,0,0,3,9
20141007,1979,0,770126.0,4,2.75,2390,9300,1.0,0,0,3,8
20140815,1994,0,820000.0,3,2.5,2970,9600,2.0,0,0,3,9
20150423,1975,0,365000.0,3,2.25,1800,9010,1.0,0,0,3,7
20150220,2005,0,708000.0,4,2.5,3090,5600,2.0,0,0,3,9
20140725,1987,0,1950000.0,4,3.5,4065,18713,2.0,0,0,4,10
20140625,1977,0,383000.0,3,1.75,1500,13430,1.0,0,0,3,7
20150409,2005,0,370000.0,4,3.0,2490,5706,2.0,0,0,3,9
20150211,2000,0,454000.0,4,2.5,3040,12522,2.0,0,0,3,7
20150324,1973,0,1400000.0,5,3.25,4140,32700,1.0,0,4,3,10
20140728,1977,0,371000.0,4,1.75,1690,10854,1.0,0,0,3,7
20140610,1983,0,608000.0,4,2.75,2490,9714,1.0,0,0,4,8
20140730,1994,0,780000.0,4,2.5,3140,14421,2.0,0,0,3,10
20140829,1978,0,290000.0,4,2.5,2340,52272,2.0,0,0,2,8
20140916,1978,0,225000.0,3,1.75,1610,14182,1.0,0,0,4,7
20140911,1991,0,805000.0,4,2.5,3320,38032,2.0,0,0,4,10
20150407,1991,0,660000.0,3,2.5,2390,15669,2.0,0,0,3,9
20140919,2007,0,530000.0,2,2.25,1260,1312,3.0,0,0,3,8
20140829,1980,0,244000.0,3,1.75,1540,8885,1.0,0,0,4,7
20150112,1994,0,330000.0,4,2.5,2240,7589,2.0,0,0,3,8
20141117,1989,0,440000.0,4,2.5,2350,7203,2.0,0,0,3,8
20141210,1998,0,244000.0,3,2.0,1350,8587,1.0,0,0,3,7
20140902,1999,0,410000.0,3,2.5,1830,2839,2.0,0,0,3,8
20140910,1978,0,133400.0,3,1.0,900,2550,1.0,0,0,4,6
20140604,2005,0,539000.0,3,2.5,1710,2300,2.0,0,0,3,8
20140814,1998,0,688000.0,4,3.0,3400,292723,2.0,0,0,3,10
20141230,2003,0,620000.0,4,2.5,3040,9606,2.0,0,0,3,7
20140707,2004,0,296475.0,3,2.5,1520,4170,2.0,0,0,3,7
20140730,1979,0,445000.0,3,2.25,1800,11200,1.0,0,0,3,8
20140801,2014,0,846000.0,4,3.25,2720,4000,2.0,0,1,3,10
20150504,1989,0,369000.0,4,2.5,2550,7349,2.0,0,0,3,9
20140618,2003,0,535000.0,3,2.0,2120,4080,2.0,0,0,3,7
20150423,1974,0,229999.0,3,1.75,1310,6960,1.0,0,0,4,7
20140610,2001,0,589900.0,4,4.5,3870,35889,2.0,0,0,3,10
20140905,2006,0,260000.0,3,2.5,1440,2500,2.0,0,0,3,7
20150320,1977,0,470000.0,3,3.5,2070,11658,1.0,0,0,4,8
20150210,1979,0,620000.0,3,2.25,2010,7495,1.0,0,0,4,8
20140811,1979,0,229000.0,3,1.5,1200,5000,1.0,0,0,3,6
20140729,2005,0,504975.0,2,2.5,1900,4871,2.0,0,0,3,8
20140801,1980,0,495000.0,4,2.25,2350,10072,2.0,0,0,3,8
20150311,1976,0,205000.0,3,1.0,1120,8342,1.0,0,0,4,7
20141017,2002,0,779950.0,2,2.5,2680,7625,1.0,0,0,3,9
20141218,1983,0,557000.0,4,1.75,2660,11315,2.0,0,0,4,8
20140509,1980,0,320000.0,4,2.25,2310,7490,2.0,0,0,3,8
20140508,1988,0,349000.0,3,1.75,1590,9620,1.0,0,0,3,7
20140604,1991,0,549000.0,4,2.25,2740,88426,2.0,0,0,3,7
20141016,1977,0,700000.0,3,1.5,2240,7227,2.0,0,1,3,9
20150324,1998,0,523000.0,3,2.5,2400,6182,2.0,0,0,3,8
20150505,2000,0,500000.0,4,2.5,2960,5027,2.0,0,0,3,7
20150219,1995,0,710000.0,6,3.5,3830,68825,2.0,0,0,3,9
20141015,2008,0,333000.0,4,2.0,2750,9001,1.0,0,0,3,8
20140926,1984,0,505000.0,2,3.0,2770,10800,1.5,0,0,5,8
20140620,1993,0,595000.0,3,2.75,3290,22649,2.0,0,0,4,8
20141216,2001,0,1900000.0,4,3.25,5080,27755,2.0,0,0,3,11
20141023,1974,0,539000.0,3,1.5,1740,12000,2.0,0,0,3,9
20140707,1989,0,888550.0,3,2.5,3540,38322,2.0,0,0,3,10
20140714,1981,0,269950.0,3,2.5,1520,8720,1.0,0,0,3,7
20140715,1992,0,545000.0,3,2.5,2660,20369,2.0,0,0,3,8
20150415,1994,0,278000.0,3,2.25,2120,9804,2.0,0,0,3,7
20141201,1986,0,342000.0,3,2.25,1200,2845,2.0,0,0,3,7
20141121,1999,0,387000.0,2,1.5,1010,948,3.0,0,0,3,8
20150304,1978,0,279950.0,3,2.25,1850,7480,2.0,0,0,3,7
20140520,2003,0,439000.0,3,2.0,2010,251341,2.0,0,0,3,8
20140610,1975,0,480000.0,5,2.5,2732,9500,1.0,0,2,4,8
20150303,2008,0,1500000.0,5,3.5,3520,5400,2.0,0,0,3,9
20140910,1971,0,216500.0,3,1.0,1020,11652,1.0,0,0,4,6
20150122,2004,0,370000.0,3,2.5,1070,1219,2.0,0,0,3,7
20150409,1990,0,277500.0,4,2.0,1700,12048,2.0,0,0,3,7
20140616,2003,0,850000.0,4,3.5,4140,7089,2.0,0,0,3,10
20140715,1998,0,399950.0,3,2.0,1590,87120,1.0,0,3,3,8
20140925,1979,0,440000.0,5,3.0,2730,6000,1.0,0,0,3,8
20140828,1980,0,299500.0,3,1.75,1810,34500,1.0,0,0,3,8
20140609,1994,0,649950.0,4,2.5,2350,63162,2.0,0,0,4,8
20150427,2010,0,840000.0,4,3.25,3500,5960,2.0,0,0,3,9
20141107,1991,0,370000.0,3,2.5,1980,6922,2.0,0,0,5,8
20140527,1985,0,488000.0,3,2.5,1590,2550,3.0,0,0,3,7
20141112,2013,0,445000.0,5,3.0,2420,11250,2.0,0,0,3,8
20140813,2005,0,518000.0,4,2.5,2560,5672,2.0,0,1,3,8
20141031,1996,0,565000.0,4,2.5,2620,10016,2.0,0,0,3,8
20150410,2001,0,445000.0,4,2.5,2760,8558,2.0,0,0,3,7
20140826,1977,0,315500.0,3,1.75,1870,8400,1.0,0,0,3,7
20140505,1977,0,487585.0,4,1.75,2010,9211,1.0,0,0,3,7
20141218,2004,0,349900.0,5,2.5,2530,4229,2.0,0,0,3,7
20150513,1978,0,480000.0,3,2.25,1820,15000,1.0,0,0,3,7
20140625,1996,0,578000.0,4,2.5,2070,5415,2.0,0,0,3,8
20150506,2000,0,345000.0,3,2.5,1380,1547,3.0,0,0,3,8
20141027,1988,2013,268000.0,4,3.0,1840,7510,2.0,0,0,5,8
20141204,1971,0,240000.0,3,1.0,1600,12566,1.0,0,0,4,7
20150309,1995,0,991500.0,4,3.0,3820,26895,2.0,0,2,3,11
20140801,2007,0,1980000.0,4,4.0,4360,12081,2.0,0,0,3,10
20140702,2014,0,484998.0,4,2.5,1540,1870,2.0,0,0,3,8
20140625,2003,0,1280000.0,4,3.5,4660,17398,2.0,0,2,3,11
20140529,1986,0,210000.0,3,1.75,1590,7617,2.0,0,0,3,7
20140723,1979,0,415000.0,3,1.75,1470,4000,1.0,0,0,3,7
20140519,1997,0,530000.0,3,3.5,2320,3174,2.0,0,0,3,9
20140829,1975,0,419000.0,3,2.25,1700,7650,1.0,0,0,4,7
20140620,1973,0,359900.0,5,2.25,2290,7420,1.0,0,0,3,7
20140807,1996,0,419950.0,4,2.5,2260,5164,2.0,0,0,3,8
20150305,1989,0,255000.0,3,2.25,1850,7151,2.0,0,0,3,7
20140620,1989,0,1080000.0,3,3.0,4910,43560,2.0,0,0,4,10
20140903,2004,0,321000.0,4,2.25,1800,4500,2.0,0,0,4,8
20140707,1987,0,1360000.0,4,3.0,5430,108900,2.0,0,0,4,10
20150224,1989,0,323000.0,3,1.75,1950,15037,1.0,0,0,3,7
20140721,1972,0,226000.0,4,1.5,1200,10890,1.0,0,0,5,7
20140822,1982,0,640000.0,4,2.5,2320,11259,2.0,0,0,3,9
20140630,2001,0,383962.0,4,2.5,2700,6998,2.0,0,0,3,8
20140815,2002,0,373000.0,3,2.0,1400,2445,1.0,0,0,3,7
20141210,1977,0,541338.0,3,2.5,2060,8123,2.0,0,0,3,8
20141229,1988,0,495000.0,3,2.75,2430,14861,1.0,0,0,3,9
20140524,2005,0,820000.0,4,2.5,3670,7000,2.0,0,0,3,10
20140930,2014,0,555000.0,2,2.25,1160,954,2.0,0,0,3,8
20140612,1999,0,312500.0,2,1.5,1070,1200,2.0,0,0,3,7
20150105,2003,0,739000.0,3,2.75,2950,6667,2.0,0,0,3,9
20150413,2003,0,320000.0,3,2.0,1420,1716,2.0,0,0,3,7
20140618,2004,0,564000.0,2,2.0,1690,4500,1.0,0,0,3,8
20150319,1991,0,725000.0,4,2.5,3750,218506,2.0,0,0,3,10
20141211,1979,0,300000.0,3,2.25,2000,7560,1.0,0,0,3,7
20140707,1998,0,328000.0,3,2.0,2250,7904,1.5,0,0,3,8
20140717,2012,0,669000.0,4,2.5,2470,4945,2.0,0,0,3,8
20150424,1989,0,279900.0,3,3.25,2240,5000,2.0,0,0,3,9
20141231,2014,0,689000.0,4,2.75,3250,10000,2.0,0,0,3,9
20150421,1980,0,413100.0,3,2.25,1790,231303,1.0,0,0,3,7
20150327,2000,0,506950.0,3,2.5,2080,4931,2.0,0,0,3,8
20140506,2006,0,500000.0,3,2.5,1480,1171,3.0,0,0,3,8
20140613,2003,0,540000.0,5,3.0,3610,9775,2.0,0,0,3,8
20140822,1998,0,812000.0,3,2.5,2040,4559,2.0,0,0,3,9
20140828,1989,0,1200000.0,4,3.25,3850,19842,2.0,0,3,3,11
20141215,1987,0,370000.0,3,2.25,3230,35306,2.0,0,0,3,9
20150421,1984,0,785000.0,4,2.5,3210,24527,1.5,0,0,3,11
20140516,2005,0,377500.0,3,2.25,1410,1377,2.0,0,0,3,7
20140530,2009,0,825500.0,3,2.5,2780,11964,2.0,0,0,3,9
20140610,2014,0,1059500.0,5,3.25,3230,3825,2.0,0,0,3,9
20141120,2007,0,880000.0,5,3.5,4600,8764,2.0,0,0,3,10
20140521,2007,0,413800.0,3,2.0,1440,4421,1.0,0,0,3,8
20140627,2008,0,504200.0,2,1.5,1200,1687,3.0,0,0,3,8
20150422,2009,0,421500.0,4,3.0,2793,5703,2.0,0,0,3,9
20150305,2014,0,855169.0,4,2.5,2970,5050,2.0,0,0,3,8
20150207,2008,0,380000.0,3,2.0,1440,3218,1.0,0,0,3,7
20140804,2014,0,580000.0,3,2.25,1480,1026,3.0,0,0,3,8
20150409,2012,0,377000.0,3,2.5,1870,5333,2.0,0,0,3,8
20140930,2014,0,329900.0,4,2.75,2475,4000,2.0,0,0,3,7
20140828,2012,0,921800.0,4,2.5,2950,7024,2.0,0,0,3,10
20150304,2014,0,529500.0,3,2.25,1410,905,3.0,0,0,3,9
20140603,2014,0,363990.0,4,2.5,2240,3712,2.0,0,0,3,8
20150115,2014,0,834950.0,5,2.75,3230,6500,2.0,0,0,3,9
20140819,2010,0,399000.0,3,2.0,2100,31550,1.0,0,0,3,8
20141114,2013,0,338900.0,3,2.25,1936,9495,1.0,0,0,3,8
20150311,2007,0,419950.0,3,2.5,3120,6000,2.0,0,0,3,9
20150413,2010,0,493000.0,4,2.5,2070,4270,2.0,0,0,3,8
20141211,2007,0,650000.0,4,2.5,3700,4500,2.0,0,0,3,9
20140909,2013,0,456000.0,3,2.5,2130,5205,2.0,0,0,3,8
20140918,2010,0,425000.0,3,2.25,1620,997,2.5,0,0,3,8
20150209,2009,0,348000.0,3,2.5,1490,2478,3.0,0,0,3,8
20141029,2014,0,1040890.0,5,4.0,4180,7232,2.0,0,0,3,9
20141118,2008,0,299000.0,2,2.5,1400,1262,2.0,0,0,3,8
20140512,2012,0,1264000.0,4,3.75,3490,9170,2.0,0,0,3,9
20141112,2013,0,155000.0,3,1.0,1300,6098,1.0,0,0,3,7
20150225,2006,0,319500.0,4,2.5,2730,4962,2.0,0,0,3,8
20141222,2005,0,274000.0,3,2.5,1830,2517,2.0,0,0,3,8
20140616,2009,0,429000.0,5,2.5,2340,4500,2.0,0,0,3,7
20141202,2014,0,267800.0,3,1.75,1410,1899,2.0,0,0,3,8
20150408,2014,0,369950.0,3,2.5,1930,8254,2.0,0,0,3,7
20150109,2005,0,480000.0,6,5.0,3028,18055,2.0,0,0,3,7
20140915,2007,0,440000.0,4,3.5,3180,4869,2.0,0,0,3,8
20150324,2014,0,839704.0,4,3.25,2950,4161,2.0,0,0,3,10
20150129,2007,0,535000.0,3,3.25,1430,1276,3.0,0,0,3,8
20140825,2008,0,290000.0,2,1.5,1020,1275,3.0,0,0,3,8
20140721,2007,0,370000.0,3,2.5,1650,1793,3.0,0,0,3,8
20150303,2007,0,405000.0,3,2.0,1060,651,3.0,0,0,3,7
20140530,2013,0,499431.0,4,2.75,2620,6019,2.0,0,0,3,8
20140710,2007,0,275000.0,4,2.5,1830,3868,2.0,0,0,3,7
20140522,2007,0,320000.0,3,2.25,998,844,2.0,0,0,3,7
20140805,2007,0,425000.0,4,2.5,2070,4427,2.0,0,0,3,7
20150227,2013,0,1450000.0,4,3.5,2860,2199,3.0,0,0,3,10
20150210,2007,0,340000.0,3,2.0,1920,5688,1.0,0,3,3,9
20141001,2008,0,299900.0,3,2.5,1210,2046,2.0,0,0,3,9
20141226,2014,0,865950.0,5,3.5,4890,12039,2.0,0,0,3,9
20140815,2007,0,720000.0,4,2.5,3420,17038,2.0,0,0,3,9
20141002,2006,0,460000.0,4,3.5,2870,3225,2.0,0,3,3,9
20141119,2005,0,375000.0,3,2.5,1600,2042,2.0,0,0,3,8
20150511,2005,0,386180.0,2,1.5,960,1829,2.0,0,0,3,7
20150114,2010,0,280000.0,3,2.75,1740,5639,1.0,0,3,3,7
20140808,2011,0,359000.0,4,2.5,2575,4725,2.0,0,0,3,8
20140502,2006,0,785000.0,5,3.25,3660,11995,2.0,0,2,3,10
20150206,2009,0,425000.0,3,2.25,1420,1230,2.0,0,0,3,8
20150504,2005,0,575000.0,5,2.5,3070,7200,2.0,0,0,3,8
20150303,2014,0,465000.0,3,2.5,1920,144619,1.0,0,0,3,8
20150506,2014,0,1850000.0,4,3.25,4160,10335,2.0,0,0,3,10
20150218,2008,0,720000.0,4,3.25,3276,10801,2.0,0,0,3,9
20140506,2006,0,390000.0,5,3.75,2890,5000,1.0,0,0,3,7
20150429,2014,0,2205000.0,3,2.5,3430,10177,2.0,0,0,3,10
20140702,2014,0,1054690.0,4,3.5,3390,3979,2.0,0,0,3,9
20140610,2013,0,915000.0,6,3.75,2930,14980,2.0,0,3,3,9
20150422,2008,0,562000.0,2,2.25,1300,1314,3.0,0,0,3,8
20141120,2007,0,349000.0,2,1.75,1250,1208,2.0,0,0,3,7
20140814,2011,0,375000.0,4,2.5,2310,7800,2.0,0,0,3,8
20141212,2008,0,479950.0,2,2.25,1360,1336,3.0,0,0,3,8
20150109,2010,0,319000.0,4,2.5,2020,5100,2.0,0,0,3,7
20141003,2009,0,325000.0,3,1.5,1270,1067,3.0,0,0,3,8
20140821,2013,0,505657.0,4,2.75,2790,8092,2.0,0,0,3,8
20150305,2010,0,340000.0,4,2.5,2320,4142,2.0,0,0,3,7
20150123,2012,0,250000.0,3,2.5,1750,6351,2.0,0,0,3,7
20140926,2014,0,349500.0,4,2.5,2030,4596,2.0,0,0,3,8
20150424,2008,0,290750.0,3,2.5,1270,865,2.0,0,0,3,7
20150505,2013,0,715000.0,5,3.25,2710,2356,2.0,0,0,3,8
20140811,2014,0,689950.0,4,2.75,2520,8433,2.0,0,0,3,8
20140924,2008,0,425000.0,2,2.5,1340,1263,3.0,0,0,3,8
20150119,2014,0,657000.0,2,3.0,1570,1281,3.0,0,0,3,8
20141120,2007,0,359950.0,4,3.5,2690,5564,2.0,0,0,3,7
20140731,2014,0,319900.0,4,2.75,2475,4276,2.0,0,0,3,7
20150416,2010,0,532000.0,3,3.75,2260,2050,2.0,0,0,3,9
20150330,2008,0,291000.0,2,1.0,840,863,3.0,0,0,3,8
20140721,2004,0,675000.0,3,3.25,1720,1330,2.0,0,0,3,8
20150121,2014,0,885000.0,3,2.25,2940,6500,3.0,0,0,3,9
20141021,2008,0,1450000.0,5,3.5,4170,9090,2.0,0,0,3,10
20141016,2008,0,780000.0,6,4.25,4310,10000,2.0,0,0,3,8
20140712,2014,0,839950.0,4,2.75,3010,7200,2.0,0,0,3,9
20150424,2008,0,645000.0,3,2.5,2170,1984,2.5,0,0,3,8
20141223,2011,0,263000.0,3,2.5,1584,3200,2.0,0,0,3,7
20141030,2006,0,345000.0,2,2.25,1110,1290,3.0,0,0,3,8
20141125,2013,0,505000.0,4,2.5,2420,5006,2.0,0,0,3,8
20140903,2005,0,522500.0,2,2.25,1430,1210,2.0,0,0,3,8
20140811,2012,0,400000.0,3,2.5,2393,4788,2.0,0,0,3,8
20140619,2008,0,543000.0,3,2.25,1240,949,3.0,0,0,3,8
20141013,2007,0,495000.0,4,2.5,2980,12075,1.0,0,0,3,8
20140911,2014,0,549995.0,4,3.5,2970,6587,2.0,0,0,3,8
20150211,2010,0,327555.0,3,2.5,2329,5720,2.0,0,0,3,8
20150409,2005,0,690000.0,5,3.25,3340,9075,2.0,0,0,3,8
20150318,2015,0,673000.0,4,2.25,2580,2875,2.0,0,0,3,9
20140721,2014,0,384435.0,3,2.5,2029,3906,2.0,0,0,3,9
20140815,2006,0,780000.0,4,2.75,3430,6500,2.0,0,0,3,9
20141029,2014,0,1375000.0,5,3.75,3330,5042,2.0,0,2,3,9
20150324,2013,0,950968.0,5,3.5,3220,5081,2.0,0,0,3,8
20150329,2008,0,334950.0,2,2.25,1240,750,2.0,0,0,3,7
20140609,2004,0,489000.0,3,3.5,1500,1249,2.0,0,0,3,8
20150420,2006,0,600000.0,3,3.0,3530,8345,2.0,0,0,3,10
20140822,2007,0,282000.0,3,2.25,1260,915,2.0,0,0,3,8
20140801,2007,0,442000.0,4,4.0,4168,8485,2.0,0,0,3,10
20150512,1995,0,220000.0,2,1.5,1030,2850,2.0,0,0,3,7
20150218,2006,0,489000.0,3,2.5,3080,5598,2.0,0,0,3,8
20141223,2009,0,250000.0,3,1.5,1072,4339,2.0,0,0,3,7
20140724,2014,0,484259.0,4,2.75,2790,5000,2.0,0,0,3,8
20150302,2007,0,1680000.0,3,2.5,4090,16972,2.0,0,2,3,11
20150424,2013,0,450000.0,3,2.5,1800,4357,2.0,0,0,3,8
20141114,2005,0,299000.0,2,1.5,830,1276,2.0,0,0,3,7
20141029,2010,0,450000.0,3,2.5,2280,4557,2.0,0,0,3,8
20150123,2007,0,585000.0,4,3.0,2110,1286,2.0,0,0,3,9
20141103,2014,0,660000.0,3,2.25,1570,1680,3.0,0,0,3,8
20140512,2005,0,301500.0,2,1.5,830,1333,2.0,0,0,3,7
20140915,2012,0,949950.0,4,3.75,4120,8258,2.0,0,0,3,10
20141030,2009,0,759990.0,4,2.5,2540,5760,2.0,0,0,3,9
20150316,2014,0,355000.0,4,2.75,2050,4000,2.0,0,0,3,8
20140723,2014,0,889950.0,4,2.75,3080,7242,2.0,0,0,3,9
20140701,2008,0,629800.0,3,2.5,2390,1984,2.0,0,0,3,8
20150424,2012,0,745000.0,4,2.5,3170,5100,2.0,0,0,3,9
20141103,2007,0,379900.0,2,1.5,1240,1331,2.0,0,0,3,7
20141114,2009,0,335000.0,3,2.5,1090,1139,2.0,0,0,3,8
20140512,2006,0,809000.0,5,4.5,4630,6324,2.0,0,0,3,9
20140826,2012,0,569950.0,4,2.5,3230,5899,2.0,0,0,3,8
20140808,2001,0,723000.0,4,3.5,3510,9263,2.0,0,0,3,10
20141110,2009,0,282000.0,4,2.5,1785,2552,2.0,0,0,3,8
20141030,2006,0,569900.0,5,3.25,2360,3873,2.0,0,0,3,8
20150121,2009,0,385000.0,4,2.0,2340,9716,1.0,0,0,3,7
20140707,2009,0,420000.0,3,2.25,1620,1075,3.0,0,0,3,8
20140806,2006,0,2250000.0,3,3.25,3890,3452,2.0,0,0,3,12
20140915,2006,0,1205000.0,4,3.5,3590,5335,2.0,0,2,3,9
20141208,2012,0,292000.0,4,3.0,1984,4460,2.0,0,0,3,7
20150316,2014,0,645000.0,3,2.25,1640,1023,3.0,0,0,3,8
20150319,2008,0,304500.0,4,2.0,1350,942,3.0,0,0,3,7
20150507,2011,0,489500.0,4,3.5,2730,5707,2.0,0,0,3,8
20150424,2006,0,1583000.0,4,4.0,5610,11063,3.0,0,0,3,11
20150106,2012,0,390000.0,2,1.0,962,1992,2.0,0,0,3,7
20141002,2013,0,815000.0,4,3.5,3040,4006,2.0,0,0,3,8
20150403,2014,0,719000.0,3,3.5,2540,10578,2.0,0,1,3,9
20150403,2014,0,331210.0,4,2.5,2240,4800,2.0,0,0,3,8
20140507,2005,0,245000.0,3,1.5,1260,1270,2.0,0,0,3,7
20140909,2011,0,465000.0,5,4.0,3210,7200,2.0,0,0,3,8
20140930,2008,0,580000.0,3,2.5,1620,1171,3.0,0,4,3,8
20150414,2007,0,540000.0,3,2.0,1580,1972,2.5,0,2,3,8
20141118,2007,0,399000.0,3,2.5,1430,1250,3.0,0,0,3,7
20140804,2009,0,328000.0,4,2.5,1850,5388,2.0,0,0,3,8
20150511,2010,0,701000.0,4,2.5,3340,5314,2.0,0,0,3,10
20141022,2014,0,408000.0,3,2.75,2670,4800,2.0,0,0,3,8
20150212,2005,0,2641100.0,5,4.25,4660,16200,2.0,0,2,3,11
20140814,2006,0,445000.0,3,2.5,1550,930,2.0,0,0,3,8
20141021,2005,0,672500.0,4,2.5,3470,6651,2.0,0,0,3,9
20140709,2009,0,538000.0,3,2.5,3010,7014,2.0,0,0,3,8
20140904,2014,0,450000.0,5,3.5,3931,9497,2.0,0,0,3,10
20140619,2011,0,362500.0,3,2.5,1800,2700,2.0,0,0,3,8
20141015,2008,0,414950.0,3,2.5,1570,1551,3.0,0,0,3,8
20150127,2014,0,679950.0,3,2.5,2230,3939,2.0,0,0,3,8
20141112,2005,0,290000.0,4,2.5,2423,7292,2.0,0,0,3,8
20141023,2007,0,230000.0,3,2.0,1160,1174,2.0,0,0,3,7
20150220,2010,0,439950.0,2,2.0,1440,4666,1.0,0,0,3,8
20140522,2014,0,349900.0,4,2.5,2052,3723,2.0,0,0,3,8
20141222,2014,0,550000.0,5,2.5,2780,9272,2.0,0,0,3,8
20150430,2006,0,1050000.0,4,4.25,3720,5750,2.0,0,2,3,9
20150319,2014,0,655000.0,2,2.25,1460,1851,2.0,0,0,3,9
20141110,2006,0,385000.0,3,3.5,1370,1540,2.0,0,0,3,8
20150410,2012,0,729999.0,6,4.5,3600,6110,2.0,0,0,3,9
20140616,2006,0,523950.0,3,2.25,1420,1282,3.0,0,0,3,8
20140512,2009,0,369000.0,2,2.5,980,895,2.0,0,0,3,8
20140505,2010,0,509900.0,3,2.5,1790,2700,2.0,0,0,3,8
20140715,2006,0,282000.0,3,2.5,2010,5399,2.0,0,0,3,7
20140827,2014,0,387865.0,3,2.5,2370,4200,2.0,0,0,3,8
20141120,2007,0,385000.0,4,2.5,2560,6238,2.0,0,0,3,8
20140609,2005,0,536000.0,3,2.5,1900,6224,2.0,0,0,3,7
20140625,2007,0,395000.0,2,2.25,1350,1493,2.0,0,0,3,8
20141117,2014,0,545000.0,4,2.75,2650,6717,2.0,0,0,3,10
20150413,2001,0,715000.0,4,2.5,3020,7035,2.0,0,4,3,9
20140710,2005,0,348000.0,3,2.5,1500,2255,2.0,0,0,3,7
20140801,2015,0,455000.0,3,1.75,1320,1014,3.0,0,0,3,9
20140603,2010,0,575000.0,4,2.75,3120,7644,2.0,0,0,3,10
20141007,2014,0,449950.0,3,2.25,1540,1270,3.0,0,0,3,7
20140625,2011,0,364000.0,3,2.5,1800,2790,2.0,0,0,3,8
20141201,2014,0,932990.0,4,2.5,3640,6389,2.0,0,0,3,9
20140627,2003,0,710000.0,3,2.5,2440,4153,2.0,0,0,3,9
20150213,2014,0,949990.0,4,4.0,3970,7314,2.0,0,0,3,9
20140731,2014,0,326989.0,3,2.5,2060,4200,2.0,0,0,3,8
20140708,2013,0,335606.0,3,2.5,2538,4600,2.0,0,0,3,8
20140507,2007,0,1532500.0,5,4.5,4270,8076,2.0,0,0,3,11
20141126,2005,0,299950.0,3,2.5,1320,3150,2.0,0,0,3,7
20141014,2013,0,962000.0,4,2.75,3340,5700,2.0,0,0,3,11
20140813,2012,0,395825.0,2,2.5,1590,1679,2.0,0,0,3,8
20141014,2014,0,419354.0,5,2.75,2710,4500,2.0,0,0,3,8
20140826,2006,0,920000.0,4,2.75,3140,7258,2.0,0,1,3,10
20140829,2005,0,366000.0,3,2.25,1445,1028,2.0,0,0,3,7
20140516,2009,0,480000.0,4,2.5,2430,5000,2.0,0,0,3,7
20141120,2006,0,388000.0,3,3.25,1370,915,2.0,0,0,3,8
20150421,2007,0,2320000.0,4,3.5,5050,9520,2.0,0,0,3,11
20150121,2010,0,730000.0,3,2.5,1860,1290,2.0,0,0,3,9
20140521,2006,0,950000.0,5,3.75,5330,6000,2.0,0,2,3,10
20140728,2014,0,358990.0,3,3.25,1710,2171,2.0,0,0,3,7
20141016,2014,0,398651.0,4,2.5,2650,4120,2.0,0,0,3,8
20141114,2006,0,530000.0,4,2.5,2590,7891,2.0,0,0,3,9
20140723,2013,0,610360.0,4,2.5,2610,5562,2.0,0,0,3,9
20140502,2007,0,436110.0,3,2.5,1770,1235,3.0,0,0,3,8
20140620,2012,0,925000.0,4,2.75,3730,8014,2.0,0,0,3,10
20150313,2007,0,449950.0,4,2.5,2420,5244,2.0,0,0,3,9
20140527,2009,0,760000.0,4,2.5,3330,7399,2.0,0,0,3,9
20140708,2009,0,293000.0,3,2.25,1910,3481,2.0,0,0,3,8
20150212,2013,0,695000.0,2,2.5,2170,7665,1.0,0,2,3,8
20140604,2011,0,285000.0,3,2.5,2437,5136,2.0,0,0,3,7
20141230,2014,0,1255780.0,5,4.0,4180,12042,2.0,0,0,3,10
20140714,2011,0,379900.0,3,2.5,1800,2791,2.0,0,0,3,8
20150427,2006,0,472000.0,5,2.5,2570,7412,2.0,0,0,3,8
20140707,2007,0,300000.0,4,2.5,2090,5195,2.0,0,0,3,7
20141120,2007,0,272000.0,4,2.5,2789,3960,2.0,0,0,3,7
20141120,2014,0,418395.0,4,2.5,2906,5893,2.0,0,0,3,9
20141222,2008,0,465000.0,5,2.5,2550,6405,2.0,0,0,3,7
20140716,2014,0,659950.0,4,2.75,3550,9400,2.0,0,0,3,9
20150107,2014,0,484950.0,3,2.25,1590,926,3.0,0,0,3,8
20150426,1979,0,359000.0,3,2.25,1950,1968,2.0,0,0,4,7
20140617,2009,0,519000.0,4,2.5,3250,4500,2.0,0,0,3,8
20140527,2009,0,1710000.0,5,4.5,4590,14685,2.0,0,0,3,10
20140617,2006,0,535000.0,4,2.75,3070,7201,2.0,0,0,3,9
20150409,2006,0,622950.0,4,3.25,3030,7644,2.0,0,0,3,8
20140811,2005,0,515000.0,3,2.5,2610,5845,2.0,0,0,3,8
20140522,2005,0,330000.0,4,3.5,3150,6202,2.0,0,0,3,7
20150213,2009,0,318000.0,3,1.5,1240,983,3.0,0,0,3,8
20141007,2011,0,439000.0,3,2.5,1680,2801,2.0,0,0,3,7
20150324,2006,0,540000.0,3,2.5,2220,5279,2.0,0,0,3,8
20140717,2011,0,1079000.0,4,3.25,4800,12727,2.0,0,0,3,10
20150326,2010,0,435000.0,4,2.5,3100,4699,2.0,0,0,3,9
20150122,2006,0,2700000.0,4,4.0,7850,89651,2.0,0,0,3,12
20141017,2012,0,1100000.0,4,2.75,3590,5625,2.0,0,0,3,10
20150206,2008,0,293467.0,4,2.0,1590,942,3.0,0,0,3,7
20150512,2013,0,328000.0,3,2.5,2242,4800,2.0,0,0,3,8
20140708,2005,0,550000.0,3,3.5,2490,3582,2.0,0,0,3,8
20150402,2015,0,649000.0,3,2.0,1530,1442,3.0,0,0,3,9
20140708,2010,0,435000.0,4,2.5,2150,3143,2.0,0,0,3,7
20140620,2014,0,625000.0,3,2.5,2440,4800,2.0,0,0,3,10
20150429,2007,0,415000.0,3,1.5,1270,1483,3.0,0,0,3,8
20140603,2009,0,400000.0,3,2.25,1450,4706,2.0,0,0,3,7
20140506,2014,0,979000.0,3,2.5,2690,4047,3.0,0,0,3,10
20150220,2003,0,625250.0,4,2.5,2755,4831,2.0,0,0,3,7
20140909,2011,0,665000.0,4,3.5,2650,3474,2.0,0,0,3,8
20140627,2005,0,589500.0,3,3.25,2310,3075,2.0,0,0,3,8
20150309,2007,0,437000.0,2,3.0,1460,1452,2.0,0,0,3,8
20150114,2006,0,333500.0,3,2.5,2196,7475,2.0,0,0,3,8
20141124,2008,0,430000.0,3,2.25,2020,2750,2.0,0,0,3,8
20140805,2014,0,995500.0,5,4.5,4280,8465,2.0,0,0,3,10
20140603,2013,0,427874.0,3,3.0,2340,5002,2.0,0,0,3,8
20140521,2014,0,334990.0,4,2.5,2220,4228,2.0,0,0,3,8
20150211,2006,0,909500.0,4,4.0,4420,5940,2.0,0,0,3,10
20150319,2006,0,210000.0,3,2.0,1580,4961,2.0,0,0,3,7
20150123,2013,0,952990.0,4,2.75,3550,6558,2.0,0,0,3,9
20150218,2013,0,622500.0,2,1.75,1510,851,3.0,0,0,3,8
20140618,2007,0,515000.0,3,3.5,1360,1419,2.0,0,0,3,8
20150126,2009,0,350000.0,3,2.5,2040,13590,2.0,0,0,3,8
20141016,2011,0,310000.0,1,1.5,1120,912,3.0,0,0,3,7
20140528,2006,0,700000.0,4,3.5,4490,5099,2.0,0,0,3,9
20140715,2014,0,907687.0,4,2.5,3560,6786,2.0,0,0,3,9
20140709,2010,0,741500.0,2,2.5,2150,5760,1.0,0,0,3,8
20140724,2011,0,395000.0,3,2.5,2130,5088,2.0,0,0,3,8
20150223,2014,0,559950.0,5,2.75,2990,6370,2.0,0,0,3,8
20140725,2008,0,215000.0,4,2.5,1847,8000,2.0,0,0,3,7
20150222,2011,0,390000.0,4,2.5,2610,7227,2.0,0,0,3,9
20150303,2007,0,425000.0,3,2.25,1670,107157,1.0,0,0,3,7
20150507,2006,0,472000.0,3,2.5,1860,415126,2.0,0,0,3,7
20150407,2006,0,1330000.0,4,3.5,3440,9776,2.0,0,0,3,10
20140610,2001,0,695000.0,4,3.5,3510,9364,2.0,0,0,3,10
20150120,2008,0,545000.0,3,2.5,1740,1279,3.0,0,0,3,8
20140711,2013,0,389950.0,4,2.5,2240,5500,2.0,0,0,3,8
20150330,2011,0,380000.0,3,2.25,1550,1485,3.0,0,0,3,8
20141117,2008,0,288790.0,4,2.0,1390,745,3.0,0,0,3,7
20150401,2012,0,432500.0,3,3.0,2500,6000,2.0,0,0,3,8
20141206,2005,0,615000.0,3,3.5,2710,3326,2.0,0,0,3,8
20140707,2011,0,500000.0,3,2.5,1720,3012,2.0,0,0,3,9
20140531,2014,0,615000.0,3,2.25,1760,1146,3.0,0,0,3,9
20141015,2006,0,622000.0,3,3.5,1690,1765,2.0,0,0,3,8
20150409,2015,0,802945.0,5,3.5,4000,9234,2.0,0,0,3,9
20140731,2008,0,1260000.0,4,2.5,2880,9003,2.0,0,0,3,10
20150224,2014,0,598950.0,3,2.5,1480,1531,3.0,0,0,3,8
20150102,2009,0,430000.0,3,2.5,1950,4949,2.0,0,0,3,7
20141124,2009,0,515000.0,4,2.75,2700,5150,2.0,0,0,3,9
20140717,2008,0,1262000.0,2,3.0,2210,3917,2.0,0,0,3,10
20140609,2013,0,400000.0,4,3.5,2370,3692,2.5,0,0,3,8
20150422,2007,0,390000.0,3,2.5,1310,1254,2.0,0,0,3,7
20141001,2007,0,450000.0,3,2.5,2410,4293,2.0,0,0,3,7
20140516,2014,0,804995.0,5,1.5,3360,5402,2.0,0,0,3,9
20150326,2013,0,825000.0,4,3.25,3040,4155,2.0,0,0,3,8
20140513,2002,0,435000.0,4,2.25,2140,6355,2.0,0,0,3,7
20140609,2004,0,398000.0,3,2.5,1720,1715,2.0,0,0,3,7
20140605,2014,0,411605.0,4,2.5,2658,3960,2.0,0,0,3,9
20141208,2013,0,315000.0,3,3.25,1480,983,2.0,0,0,3,8
20141120,2013,0,455000.0,2,2.0,1350,1209,3.0,0,0,3,8
20150501,2006,0,452950.0,3,2.5,1150,1194,2.0,0,0,3,8
20140520,2008,0,380000.0,3,1.75,1690,1468,2.0,0,0,3,8
20141124,2012,0,340000.0,2,1.75,1270,1916,2.0,0,0,3,8
20141103,2013,0,409950.0,3,2.5,2655,5080,2.0,0,0,3,8
20150504,2005,0,360000.0,2,1.0,880,1165,2.0,0,0,3,8
20150403,2006,0,1595000.0,4,4.25,4645,7757,2.0,0,0,3,10
20140520,2007,0,440000.0,3,1.5,1270,1443,3.0,0,0,3,8
20140910,2012,0,730000.0,2,1.75,1728,95950,1.0,0,3,3,9
20140522,2006,0,408000.0,3,2.25,1950,7221,1.0,0,0,4,8
20140825,2008,0,820000.0,4,2.5,3170,3862,3.0,0,0,3,8
20140731,2007,0,360000.0,2,2.5,1233,1244,2.0,0,0,3,7
20140620,2014,0,339990.0,3,2.5,2570,4600,2.0,0,0,3,8
20141008,2014,0,515000.0,3,2.0,1560,1020,3.0,0,0,3,8
20150121,2013,0,541000.0,3,1.75,1630,1166,2.0,0,0,3,8
20150406,2007,0,375000.0,4,2.5,2510,7245,2.0,0,0,3,9
20141020,2010,0,320000.0,4,2.5,2223,5780,2.0,0,0,3,8
20150227,2008,0,325000.0,2,2.25,1230,1058,2.0,0,0,3,7
20150318,2014,0,740000.0,5,2.75,3050,7520,2.0,0,0,3,8
20141030,2014,0,450000.0,5,2.75,2710,6220,2.0,0,0,3,8
20140723,2011,0,455000.0,4,2.5,2090,4400,2.0,0,0,3,8
20150203,2006,0,292500.0,3,2.5,1440,1068,2.0,0,0,3,8
20140806,2013,0,650000.0,3,2.5,2500,51836,1.0,0,0,3,9
20150306,2015,0,530000.0,4,2.75,2740,7872,2.0,0,0,3,10
20140804,2014,0,829995.0,5,3.25,3360,6120,2.0,0,0,3,9
20141223,2009,0,395000.0,4,2.75,2280,5013,2.0,0,0,3,8
20140711,2014,0,859990.0,4,2.75,3520,5500,2.0,0,0,3,9
20140710,2008,0,342500.0,2,1.5,1320,826,2.0,0,0,3,8
20141205,2012,0,743000.0,4,2.75,3410,5838,2.0,0,0,3,9
20141215,1975,0,345000.0,3,2.25,2730,9388,1.0,0,0,3,7
20141231,2007,0,443000.0,3,2.5,1780,2778,2.0,0,0,3,8
20140929,2009,0,260000.0,3,2.5,1427,4337,2.0,0,0,3,7
20140722,2005,0,810000.0,4,2.5,2910,6555,2.0,0,0,3,9
20141222,2011,0,570000.0,4,2.75,3250,5600,2.0,0,0,3,8
20150303,2008,0,1563100.0,5,3.5,3630,8100,2.0,0,0,3,10
20141113,2009,0,840000.0,2,2.5,1680,975,3.0,0,0,3,9
20150414,2013,0,950000.0,3,2.5,2280,2296,3.0,0,0,3,9
20150127,2015,0,572800.0,3,2.5,3310,4682,2.0,0,0,3,9
20141001,2008,0,305000.0,3,3.0,1290,1112,3.0,0,0,3,7
20140730,2008,0,1695000.0,5,4.75,3940,7067,2.0,0,0,3,10
20140827,2008,0,445000.0,4,2.5,2170,6000,2.0,0,0,3,7
20140902,2012,0,801000.0,4,3.5,3290,8059,2.0,0,0,3,9
20140714,2004,0,711000.0,3,2.5,2550,5376,2.0,0,0,3,9
20140827,2008,0,268500.0,3,2.25,1140,977,2.0,0,0,3,7
20141006,2012,0,320000.0,4,2.5,2300,3825,2.0,0,0,3,7
20140921,2013,0,500000.0,4,3.25,2670,5001,1.0,0,0,3,9
20140505,2014,0,631625.0,4,2.5,2440,6651,2.0,0,0,3,9
20150127,2005,0,850000.0,2,2.5,1611,2210,2.0,0,2,3,10
20141027,2006,0,600000.0,3,3.5,2710,3290,2.0,0,0,3,8
20140508,2007,0,988500.0,3,2.75,2015,16807,2.0,1,4,3,9
20150327,2014,0,430236.0,4,3.25,3444,5166,2.0,0,0,3,8
20140915,2005,0,1266520.0,3,2.5,3060,9576,2.0,0,0,3,10
20150428,2013,0,689500.0,4,2.5,2050,2772,2.0,0,0,3,8
20141201,2014,0,175003.0,3,1.5,1390,1882,2.0,0,0,3,7
20140915,2006,0,459000.0,2,2.5,1240,1249,3.0,0,0,3,8
20150424,2013,0,1180000.0,4,3.25,3750,74052,2.0,0,0,3,10
20140902,2006,0,358000.0,3,3.25,1410,1442,3.0,0,0,3,8
20140714,2014,0,447055.0,4,2.5,2448,4949,2.0,0,0,3,9
20140627,2009,0,415000.0,3,2.75,2600,64626,1.5,0,0,3,8
20141013,2004,0,1210000.0,4,3.25,3330,9000,2.0,0,0,3,9
20141021,2006,0,495000.0,2,2.25,1160,1010,2.0,0,0,3,8
20141120,2005,0,479000.0,2,2.25,1330,1380,2.0,0,0,3,8
20150317,2006,0,1898000.0,3,2.5,2830,4334,3.0,1,4,3,10
20141016,2005,0,249900.0,3,2.5,1610,3517,2.0,0,0,3,8
20141030,2011,0,1465000.0,4,2.5,2800,4000,2.0,0,0,3,9
20150410,2006,0,1037000.0,5,3.75,4570,10194,2.0,0,0,3,11
20141020,2014,0,897000.0,4,2.5,2820,6120,2.0,0,0,3,9
20150327,2006,0,1100000.0,4,2.5,2570,9470,2.0,0,0,3,9
20141113,2014,0,685000.0,3,2.25,1710,1193,2.0,0,0,3,9
20140930,1982,0,295000.0,3,1.5,1220,3286,2.0,0,0,3,7
20140804,2014,0,619000.0,3,2.25,1650,946,3.0,0,0,3,8
20141125,2008,0,439108.0,2,1.5,1130,1340,2.0,0,0,3,8
20150220,2011,0,260000.0,3,2.25,1489,2800,2.0,0,0,3,7
20140606,2012,0,279000.0,5,2.5,2690,5557,2.0,0,0,3,7
20150330,2007,0,380000.0,3,2.25,1530,1305,2.0,0,0,3,7
20141107,2013,0,287000.0,3,2.5,1600,6315,2.0,0,0,3,8
20141211,2006,0,377000.0,2,1.5,1000,1251,2.0,0,0,3,7
20150223,2005,0,649950.0,4,3.5,2440,3012,3.0,0,1,3,8
20141024,2007,0,445000.0,3,2.5,1260,1102,3.0,0,0,3,8
20150504,2005,0,605000.0,3,2.5,1660,1692,3.0,0,0,3,7
20140923,1999,0,475000.0,3,2.25,1190,1137,2.0,0,0,3,7
20140828,2009,0,399000.0,3,3.0,1520,1884,3.0,0,0,3,8
20150420,2014,0,718000.0,5,2.75,3250,8100,2.0,0,0,3,8
20140528,2005,0,1400000.0,4,3.25,4700,9160,1.0,0,4,3,11
20140516,2012,0,341000.0,3,2.5,1480,1663,2.0,0,0,3,9
20140519,2011,0,818000.0,2,2.5,2380,9374,1.0,0,2,3,8
20141202,2014,0,759000.0,3,2.25,1640,1873,3.0,0,0,3,8
20140611,2010,0,547500.0,3,3.5,1650,2262,3.0,0,0,3,8
20140521,2005,0,2700000.0,5,4.75,5305,8401,2.0,0,2,3,11
20140722,2007,0,358000.0,2,2.5,1278,987,2.0,0,0,3,7
20141001,2010,0,412000.0,3,2.5,1200,813,3.0,0,0,3,9
20150130,2005,0,245000.0,2,1.5,690,1058,2.0,0,0,3,7
20141007,2014,0,460940.0,4,2.5,3202,4964,2.0,0,0,3,9
20140522,2010,0,321000.0,3,2.25,1347,1292,3.0,0,0,3,7
20140623,2014,0,633634.0,4,3.5,2960,6000,2.0,0,0,3,9
20150401,2007,0,445000.0,2,2.25,1200,1137,3.0,0,0,3,7
20150407,2012,0,887250.0,5,3.5,4320,7502,2.0,0,0,3,9
20140911,2010,0,739000.0,3,2.5,2310,7348,1.0,0,3,3,8
20141216,2014,0,429900.0,3,2.0,1490,1286,3.0,0,0,3,8
20150106,2014,0,459000.0,3,2.0,1480,800,2.0,0,0,3,8
20140625,2012,0,240000.0,3,2.25,1481,2820,2.0,0,0,3,7
20140910,2014,0,566950.0,3,3.0,1730,1902,3.0,0,0,3,8
20140507,2006,0,1040000.0,4,3.5,3900,8391,2.0,0,0,3,10
20150310,2005,0,343000.0,3,3.5,1130,1449,3.0,0,0,3,7
20141111,2014,0,572115.0,4,3.25,3230,4838,2.0,0,0,3,9
20150108,2004,0,918000.0,5,3.5,3920,5150,2.0,0,0,3,9
20150505,2007,0,555000.0,2,1.5,1190,1361,2.0,0,0,3,8
20140716,2014,0,399440.0,4,2.5,2311,4396,2.0,0,0,3,9
20140711,2008,0,450000.0,3,2.5,1810,914,3.0,0,0,3,8
20140604,2008,0,648000.0,4,2.5,3290,6203,2.0,0,0,3,9
20140618,2008,0,580000.0,4,2.5,3250,5000,2.0,0,0,3,8
20150331,2013,0,415000.0,4,2.5,2544,4071,2.0,0,0,3,9
20141021,2008,0,527500.0,3,2.5,1380,1389,3.0,0,0,3,8
20140730,2011,0,384000.0,3,2.25,1430,800,2.0,0,0,3,8
20140820,2009,0,692000.0,3,2.5,3490,28213,1.5,0,2,3,9
20140822,2006,0,455000.0,2,1.5,910,966,2.0,0,0,3,8
20150403,2014,0,1280000.0,4,3.25,3080,4120,2.0,0,0,3,9
20140624,2011,0,415000.0,3,2.5,2280,6031,2.0,0,0,3,8
20141222,2008,0,975000.0,3,2.5,1660,1344,3.0,0,0,3,8
20141006,2014,0,799950.0,4,2.5,3320,7429,2.0,0,0,3,9
20150405,2008,0,545000.0,5,4.0,1680,7268,1.0,0,0,3,8
20141003,2014,0,429900.0,4,3.5,2584,5005,2.0,0,0,3,8
20140729,2009,0,275000.0,3,2.5,2217,8019,2.0,0,0,3,7
20140718,2009,0,498000.0,3,2.5,2480,4136,2.0,0,0,3,8
20140527,2014,0,754950.0,3,2.5,2610,7256,2.0,0,0,3,9
20140606,2013,0,895000.0,4,3.0,3240,5562,2.0,0,0,3,10
20140506,2013,0,580000.0,4,3.25,3569,8327,2.0,0,0,3,10
20150222,2014,0,379900.0,4,2.5,3181,5831,2.0,0,0,3,8
20150310,2009,0,245000.0,4,2.5,1921,4888,2.0,0,0,3,7
20140826,2014,0,417000.0,3,2.5,1570,4926,2.0,0,0,3,8
20140505,2009,0,555000.0,3,2.5,1940,3211,2.0,0,0,3,8
20140826,2009,0,555000.0,3,2.5,1940,3211,2.0,0,0,3,8
20140910,2009,0,353000.0,4,2.5,2210,13721,2.0,0,0,3,8
20150425,2008,0,539000.0,3,2.25,1280,1187,2.0,0,0,3,8
20140904,1977,2006,434900.0,3,2.0,1520,5040,2.0,0,0,3,7
20141202,2008,0,325000.0,2,2.25,1230,1078,2.0,0,0,3,7
20150409,2007,0,650000.0,3,2.5,1480,2159,3.0,0,0,3,8
20150225,2014,0,379950.0,4,2.5,2612,5850,2.0,0,0,3,8
20141119,2012,0,700000.0,3,2.5,2350,4975,2.0,0,0,3,8
20141215,2014,0,675000.0,3,2.5,1300,1590,2.0,0,0,3,8
20150330,2005,0,571000.0,3,2.5,2140,2867,2.0,0,0,3,8
20141024,2007,0,475000.0,3,2.25,1380,1621,2.0,0,0,3,8
20140509,2006,0,769900.0,4,3.5,2730,3047,2.0,0,0,3,8
20141222,2006,0,633000.0,4,3.5,4220,5817,2.0,0,0,3,9
20140512,2010,0,635000.0,3,2.5,1570,1433,3.0,0,0,3,8
20140725,2007,0,1238000.0,4,3.5,4670,6000,2.0,0,3,3,11
20150108,2009,0,524000.0,3,2.25,1370,1007,3.0,0,0,3,8
20141126,2014,0,485000.0,4,3.5,3273,5115,2.0,0,0,3,8
20140521,2009,0,1030000.0,3,4.0,3880,13095,2.0,0,3,3,11
20141024,2011,0,650000.0,3,3.5,1494,1262,3.0,0,0,3,8
20141001,2013,0,754842.0,3,2.5,2930,5641,2.0,0,0,3,8
20140924,2014,0,428900.0,4,2.5,2598,5553,2.0,0,0,3,9
20140623,2011,0,329900.0,3,2.5,2242,4995,2.0,0,0,3,8
20141218,2014,0,1035290.0,4,2.5,2830,5932,2.0,0,0,3,9
20140909,2009,0,544999.0,4,2.5,2710,6937,2.0,0,0,3,7
20140529,2012,0,449950.0,4,2.75,2320,4344,2.0,0,0,3,8
20150113,2006,0,635000.0,4,2.5,2720,7991,2.0,0,0,3,9
20141103,2014,0,599000.0,3,1.75,1650,1180,3.0,0,0,3,8
20141103,2008,0,478000.0,3,3.25,1430,1348,2.0,0,0,3,8
20140929,2014,0,388000.0,4,2.5,2090,5040,2.0,0,0,3,9
20140804,2014,0,809950.0,4,3.5,3660,4903,2.0,0,0,3,9
20150415,2012,0,1060000.0,4,3.5,4220,8417,3.0,0,0,3,10
20150422,2015,0,659000.0,2,2.5,1450,1213,2.0,0,0,3,9
20140626,2013,0,971971.0,4,3.75,3460,6738,2.0,0,0,3,11
20150115,2006,0,389000.0,3,2.5,1350,874,3.0,0,0,3,8
20140708,2005,0,355000.0,4,2.75,3000,5470,2.0,0,0,3,8
20141208,2006,0,551500.0,4,2.5,2950,10003,2.0,0,0,3,9
20140701,2014,0,417838.0,4,2.5,2530,5048,2.0,0,0,3,8
20140714,2008,0,1750000.0,4,4.5,4650,7660,2.0,0,0,3,11
20140715,2007,0,740000.0,4,2.5,3050,8000,2.0,0,0,3,9
20150223,2013,0,335000.0,3,2.5,1150,683,2.0,0,0,3,7
20150421,2006,0,2250000.0,5,5.25,3410,8118,2.0,0,0,3,11
20150420,2007,0,667000.0,3,1.75,1370,1921,3.0,0,0,3,8
20150312,2007,0,920000.0,4,2.5,3540,7009,2.0,0,0,3,9
20140511,2007,0,368000.0,3,2.5,1370,1350,2.0,0,0,3,7
20140710,2009,0,307000.0,4,2.5,1714,3080,2.0,0,0,3,8
20150116,2014,0,550000.0,4,2.75,3650,4534,2.0,0,0,3,7
20150113,2013,0,594491.0,4,2.5,2990,6037,2.0,0,0,3,9
20140929,2014,0,460458.0,4,2.5,3284,6516,2.0,0,0,3,8
20140624,2010,0,859000.0,4,2.25,3550,13900,1.0,0,0,3,8
20141211,2009,0,399950.0,3,3.0,1860,2875,2.0,0,0,3,8
20150401,2007,0,547500.0,3,3.25,1720,1977,2.0,0,0,3,8
20140623,2006,0,310000.0,3,2.5,2540,4775,2.0,0,0,3,7
20140602,2014,0,939000.0,4,2.75,3270,12880,2.0,0,0,3,9
20141014,2008,0,329900.0,2,2.5,980,1021,3.0,0,0,3,8
20141222,2006,0,436000.0,3,2.5,1150,1193,2.0,0,0,3,8
20140716,2008,0,320000.0,3,2.5,1820,1855,2.0,0,0,3,8
20140926,2011,0,375000.0,3,2.5,1580,3825,2.0,0,0,3,8
20150324,2010,0,392137.0,3,2.0,1460,3696,2.0,0,0,3,7
20140826,2004,0,520000.0,4,2.5,2900,4950,2.0,0,0,3,8
20141016,2007,0,535000.0,5,2.75,2620,6389,2.0,0,0,3,9
20150324,2008,0,407000.0,2,2.5,1340,999,2.0,0,0,3,8
20141125,2014,0,424950.0,4,3.25,3266,5398,2.0,0,0,3,8
20140811,2006,0,290000.0,2,1.5,1076,1060,3.0,0,0,3,7
20141029,2009,0,399000.0,3,3.25,1680,1478,2.0,0,0,3,8
20140703,2005,0,439990.0,3,2.5,1930,1348,2.0,0,0,3,8
20150222,2014,0,635000.0,4,2.5,2880,3091,2.0,0,0,3,9
20140717,2013,0,635000.0,4,2.25,2240,5000,2.0,0,0,3,8
20150429,2012,0,351000.0,3,2.5,2594,4455,2.0,0,0,3,8
20140822,2007,0,437500.0,2,1.5,1210,1232,3.0,0,0,3,8
20140530,2014,0,919204.0,4,3.5,3760,5000,2.0,0,0,3,9
20140908,2014,0,923990.0,4,2.5,3600,6055,2.0,0,0,3,9
20140624,2012,0,639888.0,4,2.5,2050,2772,2.0,0,0,3,8
20150114,2008,0,675000.0,3,3.25,1510,2064,2.0,0,0,3,8
20140610,2013,0,899900.0,4,2.5,2580,3909,2.0,0,0,3,8
20150130,2009,0,252000.0,3,2.5,1670,4020,2.0,0,0,3,7
20150317,2007,0,925000.0,4,2.5,3190,10034,2.0,0,0,3,9
20141029,2009,0,552000.0,3,2.5,1280,1920,3.0,0,0,3,8
20150407,2006,0,388500.0,4,2.5,2718,6197,2.0,0,0,3,8
20140829,2004,0,548000.0,2,2.0,1370,1878,3.0,0,0,3,8
20140922,2005,0,254950.0,3,2.5,1794,4769,2.0,0,0,3,7
20141208,2008,0,1237500.0,4,4.5,5120,41327,2.0,0,0,3,10
20140930,2014,0,629000.0,3,2.5,2160,1912,2.0,0,0,3,9
20150303,2014,0,734000.0,4,2.5,2180,7204,2.0,0,0,3,8
20140618,2010,0,309000.0,3,2.25,1490,1294,2.0,0,0,3,7
20140703,2006,0,554950.0,3,2.5,2950,10254,2.0,0,0,3,9
20150506,2000,0,785000.0,3,2.75,2990,207781,2.0,0,0,3,9
20140605,2007,0,550000.0,4,2.5,2700,5150,2.0,0,0,3,9
20140811,2014,0,1010000.0,4,3.5,3130,5000,3.0,0,0,3,10
20141028,2007,0,1575000.0,3,2.0,3620,14250,2.0,0,0,3,8
20140603,2014,0,309000.0,5,2.75,2481,4045,2.0,0,0,3,8
20140625,2014,0,328423.0,3,2.5,1730,3600,2.0,0,0,3,8
20140623,2008,0,345000.0,3,1.5,1420,1192,2.0,0,0,3,8
20141121,2014,0,660000.0,5,3.5,3160,5175,2.0,0,0,3,9
20140502,2008,0,385000.0,3,3.25,1320,1327,2.0,0,0,3,8
20150318,2006,0,459000.0,2,2.25,1010,1107,2.0,0,0,3,8
20150114,2007,0,248000.0,3,2.5,1870,4046,2.0,0,0,3,7
20140820,2006,0,1481000.0,4,3.5,5220,15411,2.0,0,3,3,11
20140801,2011,0,379000.0,4,2.5,2260,5824,2.0,0,0,3,8
20150304,2010,0,2945000.0,5,4.5,4340,5722,3.0,0,4,3,10
20140926,2004,0,395000.0,2,2.25,1620,1841,2.0,0,0,3,8
20140507,2006,0,535000.0,3,2.5,2280,2289,2.0,0,0,3,8
20141022,2008,0,970000.0,5,3.5,3400,9804,2.0,0,0,3,9
20150201,2006,0,205000.0,2,1.5,830,1020,2.0,0,0,3,7
20141015,2010,0,310000.0,4,2.5,2310,7384,2.0,0,0,3,8
20140702,2005,0,334500.0,2,1.5,830,1858,2.0,0,0,3,7
20140828,2012,0,995000.0,5,3.25,4130,7197,2.0,0,0,3,10
20150401,2014,0,370228.0,4,3.0,2050,4000,2.0,0,0,3,8
20150304,2014,0,383000.0,4,2.5,2050,4953,2.0,0,0,3,9
20140804,2005,0,384500.0,3,2.5,1600,2610,2.0,0,0,3,8
20140718,2014,0,865000.0,5,2.5,3190,8160,2.0,0,0,3,9
20140522,2007,0,1051000.0,4,3.75,3860,5474,2.5,0,0,3,10
20140513,2012,0,502000.0,4,2.5,2040,5616,2.0,0,0,3,8
20140924,2013,0,1750000.0,4,3.5,3845,8400,2.0,0,0,3,10
20140912,2014,0,569995.0,4,2.5,2650,6875,2.0,0,0,3,8
20140519,2013,0,749950.0,4,2.5,3430,64441,2.0,0,0,3,8
20141230,2007,0,550000.0,3,2.5,2430,5400,2.0,0,0,3,8
20140513,2007,0,525000.0,3,3.5,2876,5086,2.0,0,0,3,8
20140611,2007,0,516000.0,4,3.5,2550,8698,2.0,0,0,3,7
20140805,2014,0,1350000.0,4,3.75,4100,61419,2.0,0,0,3,9
20150428,2009,0,440000.0,4,2.5,2730,4526,2.0,0,0,3,7
20150414,2008,0,660000.0,3,2.5,1780,1729,2.0,0,0,3,8
20141209,2010,0,261950.0,3,2.5,1880,5000,2.0,0,0,3,7
20140827,2010,0,551000.0,5,3.75,3090,4943,2.0,0,0,3,10
20150225,2014,0,665000.0,3,3.5,2460,14155,2.0,0,0,3,8
20140604,2012,0,610000.0,4,3.5,2910,5260,2.0,0,0,3,9
20150219,2012,0,645000.0,4,3.5,2910,5260,2.0,0,0,3,9
20140618,2013,0,536751.0,3,1.75,1930,6360,1.0,0,0,3,9
20150426,2009,0,260000.0,3,2.25,1413,3403,2.0,0,0,3,8
20150121,2006,0,1312000.0,3,3.25,4030,6300,2.0,0,0,3,10
20150220,2014,0,429900.0,4,3.25,2880,5929,2.5,0,0,3,8
20140820,2014,0,535000.0,4,2.75,2360,15100,1.0,0,0,3,8
20150414,2006,0,462550.0,2,1.75,1070,1276,3.0,0,0,3,8
20150310,2008,0,602000.0,3,3.25,1460,1367,3.0,0,0,3,8
20141208,2008,0,730000.0,4,2.75,3800,9606,2.0,0,0,3,9
20150423,2010,0,300500.0,2,1.5,1190,801,3.0,0,0,3,8
20140516,2009,0,675000.0,5,2.5,3200,6455,2.0,0,0,3,9
20140520,2008,0,415000.0,3,2.25,1970,2377,2.0,0,0,3,8
20141117,2010,0,614000.0,3,2.5,2830,5831,2.0,0,0,3,9
20141204,2010,0,385000.0,4,2.5,2630,5701,2.0,0,0,3,7
20140625,2005,0,594000.0,4,2.75,2720,4613,2.0,0,0,3,9
20140520,2014,0,860000.0,4,2.75,3160,8097,2.0,0,0,3,9
20140909,2006,0,1104500.0,4,4.0,3770,8899,2.0,0,0,3,10
20141024,2004,0,775000.0,4,2.75,3500,6226,2.0,0,0,3,9
20140806,2014,0,430760.0,5,2.75,2710,4685,2.0,0,0,3,8
20150427,2009,0,755000.0,2,2.5,2170,6361,1.0,0,2,3,8
20140519,2007,0,640000.0,2,2.25,1540,958,3.0,0,0,3,9
20150501,2009,0,613500.0,3,3.25,1876,1531,3.0,0,0,3,9
20141017,2007,0,780000.0,4,3.5,3720,213073,1.0,0,2,3,10
20150304,2014,0,550000.0,4,2.5,3148,9612,2.0,0,3,3,9
20141008,2010,0,789500.0,4,3.25,3240,4852,2.0,0,0,3,9
20140710,2012,0,592000.0,5,3.5,3340,5000,2.0,0,0,3,8
20150410,2014,0,454950.0,4,2.5,2413,5701,2.0,0,0,3,8
20150413,2010,0,475000.0,4,2.5,2500,4500,2.0,0,0,3,7
20141229,2014,0,659000.0,2,1.75,1180,904,2.0,0,0,3,10
20141124,2005,0,570000.0,4,2.5,2890,5801,2.0,0,0,3,9
20150226,2014,0,347500.0,5,3.0,2230,6551,1.0,0,0,3,7
20150402,2006,0,205000.0,4,2.5,1767,4500,2.0,0,0,3,8
20140903,2009,0,380000.0,3,3.25,1450,1468,2.0,0,0,3,8
20141003,2013,0,718000.0,5,2.75,2930,7663,2.0,0,0,3,9
20140724,2014,0,515805.0,5,2.75,2710,4136,2.0,0,0,3,8
20140714,2013,0,1029280.0,4,3.25,3600,18645,2.0,0,1,3,10
20141113,2014,0,437718.0,3,2.5,1800,3265,2.0,0,0,3,8
20140814,2006,0,450000.0,4,2.5,2290,5515,2.0,0,0,3,8
20141028,2007,0,515000.0,3,2.5,1510,1178,2.0,0,0,3,8
20150302,2007,0,204000.0,2,2.5,1090,13444,2.0,0,0,3,7
20140523,2006,0,360000.0,3,2.0,1270,1323,3.0,0,0,3,8
20141203,2008,0,550000.0,3,2.25,1540,1005,3.0,0,0,3,8
20140529,2008,0,650880.0,3,2.5,2930,6050,2.0,0,0,3,9
20150225,2014,0,1789950.0,5,3.75,4360,8504,2.0,0,4,3,10
20150225,2014,0,895900.0,4,3.5,3640,4983,2.0,0,3,3,9
20140606,2008,0,585000.0,4,2.5,2430,4747,2.0,0,0,3,8
20150508,2010,0,380000.0,3,2.25,1520,1464,2.0,0,0,3,8
20141118,2014,0,565997.0,5,2.75,2730,5820,2.0,0,0,3,8
20150504,2006,0,459000.0,3,3.0,2440,2076,2.0,0,0,3,8
20150421,2010,0,550000.0,3,3.75,1580,1303,2.0,0,0,3,8
20140725,2006,0,500000.0,3,2.25,1420,983,3.0,0,0,3,8
20150327,2006,0,461500.0,5,3.25,2820,3275,2.0,0,0,3,8
20140522,2008,0,2150000.0,4,5.5,5060,10320,2.0,0,0,3,11
20150421,2007,0,790000.0,4,2.5,2650,5000,2.0,0,0,3,8
20140627,2011,0,735000.0,3,2.25,1490,1212,2.0,0,0,3,9
20150330,2009,0,588000.0,4,2.5,3060,7710,2.0,0,0,3,9
20150513,2011,0,724500.0,3,3.25,3240,4185,2.0,0,0,3,8
20140709,2008,0,749000.0,3,2.75,2820,5348,2.0,0,0,3,9
20140918,2003,0,720000.0,5,3.5,4140,7642,2.0,0,0,3,8
20140611,2006,0,250000.0,2,1.5,982,846,2.0,0,0,3,8
20150327,2007,0,790000.0,3,2.75,2460,3600,2.0,0,0,3,9
20150121,2014,0,392440.0,4,2.5,2547,4800,2.0,0,0,3,9
20140725,2012,0,280000.0,4,2.25,1834,7460,2.0,0,0,3,8
20141113,2014,0,1333000.0,4,4.5,3130,5126,3.0,0,0,3,10
20141217,2008,0,649000.0,4,2.5,2730,4847,2.0,0,0,3,9
20141031,2008,0,457000.0,2,2.5,1380,1329,2.0,0,0,3,8
20150323,2002,0,2225000.0,4,4.25,4700,10800,2.0,0,1,3,11
20140823,2004,0,453000.0,3,3.0,2330,4284,2.0,0,0,3,9
20140922,2014,0,329780.0,3,2.5,1730,3600,2.0,0,0,3,8
20141112,2007,0,1050000.0,2,2.5,2350,2390,3.0,0,2,3,10
20150505,2015,0,771005.0,5,4.5,4000,6713,2.0,0,0,3,9
20140725,2009,0,1300000.0,3,2.5,3350,7752,1.0,0,0,3,9
20140619,2006,0,607500.0,3,3.25,1530,1612,3.0,0,0,3,8
20150116,1979,0,278000.0,2,2.25,1610,1968,2.0,0,0,4,7
20140702,2013,0,475000.0,4,2.75,2620,6178,2.0,0,0,3,8
20140814,2006,0,270000.0,3,2.0,1300,1920,2.0,0,0,3,8
20150423,2006,0,1302000.0,4,3.5,3590,5334,2.0,0,2,3,9
20140811,2014,0,778983.0,4,2.5,2490,5647,2.0,0,0,3,8
20141022,2005,0,221000.0,3,2.5,1320,1780,2.0,0,0,3,7
20140821,2014,0,338800.0,4,2.25,1800,2752,2.0,0,0,3,8
20140804,2014,0,834995.0,5,1.5,3360,5225,2.0,0,0,3,9
20150501,2006,0,550000.0,4,2.5,3220,9328,2.0,0,0,3,8
20141031,2007,0,575000.0,3,3.5,2514,1559,2.0,0,0,3,8
20140923,2014,0,649000.0,4,2.75,3130,9711,2.0,0,0,3,9
20140530,2012,0,545000.0,4,2.5,2720,4738,2.0,0,0,3,8
20141120,2007,0,625000.0,2,2.25,1390,916,2.0,0,0,3,8
20141223,2006,0,1042000.0,4,4.5,4920,270236,2.0,0,3,3,10
20140516,2008,0,611000.0,3,2.5,2134,1984,2.5,0,0,3,8
20150317,2012,0,300000.0,3,2.5,1741,5701,2.0,0,0,3,8
20141229,2001,0,577000.0,3,2.5,2560,5238,2.0,0,0,3,8
20141020,2014,0,349990.0,4,2.5,2220,3561,2.0,0,0,3,8
20140714,2006,0,650000.0,3,2.5,1910,4363,2.0,0,0,3,9
20150328,2009,0,378000.0,2,1.5,980,853,2.0,0,0,3,7
20150205,2013,0,313200.0,3,2.5,1950,4197,2.0,0,0,3,7
20140912,2014,0,1206690.0,5,4.25,4150,12015,2.0,0,0,3,10
20150506,2009,0,252500.0,2,1.5,1110,986,2.0,0,0,3,7
20150305,2009,0,308000.0,3,2.5,1250,1150,2.0,0,0,3,8
20140515,2004,0,803100.0,4,2.5,3310,5404,2.0,0,0,3,9
20140618,2010,0,415000.0,4,2.5,2020,5501,2.0,0,0,3,7
20140814,2010,0,785000.0,4,3.5,3310,4850,2.0,0,0,3,9
20140528,2012,0,499950.0,4,2.5,2798,4473,2.0,0,0,3,9
20150317,2008,0,216000.0,4,2.5,1847,8000,2.0,0,0,3,7
20150226,2009,0,380000.0,4,2.5,2420,4981,2.0,0,0,3,9
20141106,2012,0,345000.0,4,2.5,2020,3600,2.0,0,0,3,7
20141104,2007,0,456500.0,4,2.5,2400,6811,2.0,0,0,3,8
20141104,2014,0,382495.0,3,2.5,1760,5390,1.0,0,0,3,8
20150306,2013,0,324950.0,4,2.5,2110,4178,2.0,0,0,3,7
20140811,2014,0,436472.0,4,2.5,2692,8392,2.0,0,0,3,9
20140530,2009,0,365250.0,3,2.25,1490,4522,2.0,0,0,3,7
20150324,2014,0,919990.0,5,3.25,3960,6352,2.0,0,0,3,10
20150429,2012,0,316475.0,4,2.5,1740,4642,2.0,0,0,3,7
20150324,2010,0,425000.0,4,2.5,1940,4517,1.0,0,0,3,8
20150311,2007,0,302860.0,2,1.0,970,3279,2.0,0,0,3,7
20140722,2014,0,298000.0,3,2.5,1852,4000,2.0,0,0,3,7
20140826,2007,0,3204000.0,4,4.0,4810,18851,2.0,0,3,3,11
20141201,2011,0,950000.0,4,4.0,5635,9695,2.0,0,3,3,10
20141121,2009,0,333000.0,3,2.5,1520,3041,2.0,0,0,3,7
20150305,2010,0,289950.0,3,2.5,2099,4275,2.0,0,0,3,7
20150506,2014,0,419950.0,3,2.25,1250,811,3.0,0,0,3,8
20140715,2008,0,306000.0,2,1.5,1090,1183,3.0,0,0,3,8
20141129,2014,0,498445.0,4,2.5,3216,5902,2.0,0,0,3,9
20140620,2014,0,775950.0,4,2.5,2970,4400,2.0,0,0,3,8
20140703,2001,0,605000.0,3,2.5,2610,6405,2.0,0,0,3,8
20140909,2006,0,520000.0,2,1.75,1340,1368,2.0,0,0,3,7
20141028,2014,0,849990.0,4,2.75,3300,4987,2.0,0,0,3,9
20140604,2006,0,767450.0,3,2.0,1630,7599,1.0,0,0,3,10
20140808,2014,0,665000.0,3,2.25,1590,929,2.0,0,0,3,9
20140918,2007,0,525000.0,2,2.75,1310,1268,3.5,0,0,3,8
20140722,2014,0,870515.0,4,3.5,3600,5697,2.0,0,0,3,9
20140721,2012,0,390000.0,4,2.5,2154,4153,2.0,0,0,3,9
20150411,2015,0,500000.0,3,1.75,1530,825,3.0,0,0,3,8
20140805,2006,0,399950.0,3,2.25,1360,1041,2.0,0,0,3,8
20150209,2005,0,305000.0,3,2.5,1320,2480,2.0,0,0,3,7
20150123,2009,0,255000.0,4,2.5,1660,6724,2.0,0,0,3,7
20140930,2014,0,415000.0,4,2.5,2891,6499,2.0,0,0,3,9
20150327,2012,0,716500.0,3,2.5,2340,2155,2.0,0,0,3,10
20140625,2009,0,425000.0,3,2.5,2320,2267,3.0,0,0,3,8
20150217,2010,0,540000.0,4,2.5,2190,3855,2.0,0,0,3,8
20140804,2014,0,324747.0,3,2.5,2060,4742,2.0,0,0,3,8
20150128,2010,0,385000.0,3,2.5,1740,4145,2.0,0,0,3,7
20140812,2012,0,270000.0,3,2.25,1400,3825,2.0,0,0,3,7
20140612,2006,0,1240000.0,5,4.0,4410,14380,2.0,0,0,3,11
20150416,2008,0,672000.0,3,2.5,1780,1647,2.0,0,0,3,8
20150129,2010,0,310000.0,3,2.5,1760,10137,2.0,0,0,3,8
20140811,2014,0,3000000.0,3,3.5,4410,10756,2.0,1,4,3,11
20150225,2014,0,2350000.0,6,4.25,5550,11547,2.0,0,2,3,11
20140627,2005,0,427000.0,3,2.5,2432,9391,2.0,0,2,3,9
20150423,2008,0,389950.0,3,2.5,2283,3996,2.0,0,0,3,8
20140625,2012,0,309620.0,3,2.5,1860,3730,2.0,0,0,3,8
20140701,2014,0,399895.0,4,2.5,2701,4500,2.0,0,0,3,9
20150202,2014,0,442515.0,4,2.5,2930,4875,2.0,0,0,3,9
20141202,2010,0,375000.0,3,2.25,1540,1561,3.0,0,0,3,8
20140702,2014,0,309780.0,3,2.5,2242,4500,2.0,0,0,3,8
20150312,2007,0,425000.0,3,2.5,1950,4345,2.0,0,0,3,7
20150501,2007,0,405000.0,2,3.0,1160,1073,2.0,0,0,3,7
20140719,2014,0,356250.0,3,2.5,2060,5115,2.0,0,0,3,9
20150219,2013,0,550000.0,3,2.25,1230,875,3.0,0,0,3,8
20140505,2001,0,340000.0,2,1.5,1160,1438,2.0,0,0,3,7
20140823,2014,0,362865.0,4,2.5,2245,4301,2.0,0,0,3,8
20150323,2014,0,1360000.0,4,3.5,4120,12626,2.0,0,1,3,11
20140505,2007,0,830000.0,4,2.5,3400,9692,2.0,0,0,3,9
20140801,2014,0,1598000.0,5,3.75,4270,7500,2.0,0,0,3,10
20150304,2014,0,855000.0,4,3.5,2890,5911,2.0,0,0,3,9
20140819,2008,0,1205000.0,5,3.5,3220,8000,2.0,0,0,3,9
20140811,2006,0,1385000.0,4,3.5,4010,15365,2.0,0,1,3,11
20150326,2013,0,400200.0,4,3.5,2260,30250,2.0,0,0,3,7
20140523,2007,0,235000.0,2,1.0,1140,1730,1.5,0,0,3,8
20150507,2009,0,349950.0,3,2.0,1640,4714,1.0,0,0,3,8
20140709,2014,0,659950.0,4,2.75,3510,9400,2.0,0,0,3,9
20140508,2011,0,785000.0,3,2.75,3010,1842,2.0,0,0,3,9
20150416,2006,0,475000.0,2,2.25,1060,925,2.0,0,0,3,8
20140527,2014,0,263900.0,3,2.5,1658,2700,2.0,0,0,3,8
20150501,2012,0,342000.0,3,2.5,1960,3540,2.0,0,0,3,8
20140918,2014,0,367899.0,3,2.5,2420,4725,2.0,0,0,3,8
20150204,2014,0,657044.0,3,3.5,3420,23786,1.5,0,0,3,9
20141113,2007,0,359950.0,2,1.5,893,965,2.0,0,0,3,8
20140723,2014,0,879950.0,4,2.75,3020,7203,2.0,0,0,3,9
20140826,2013,0,550000.0,4,2.5,2470,5954,2.0,0,0,3,8
20141209,2012,0,279000.0,4,2.5,2009,4800,2.0,0,0,3,8
20140718,2005,0,255000.0,3,2.5,1530,1116,2.5,0,0,3,7
20150224,2014,0,609500.0,3,1.75,1590,1113,3.0,0,0,3,8
20140620,2013,0,420000.0,5,3.0,2630,3149,2.0,0,0,3,8
20141008,2008,0,570000.0,4,2.5,3230,7187,2.0,0,0,3,9
20150512,2012,0,439000.0,3,2.25,1430,2343,2.0,0,0,3,8
20141108,2012,0,310000.0,3,2.5,2242,5744,2.0,0,0,3,8
20150209,2014,0,635000.0,4,2.5,2500,4000,2.0,0,0,3,8
20141128,2009,0,399950.0,3,2.5,1230,922,2.0,0,0,3,8
20140805,2009,0,805000.0,4,2.5,3020,3600,2.5,0,0,3,9
20150407,2015,0,1800000.0,4,3.5,3480,4000,2.0,0,0,3,9
20150403,2008,0,1205000.0,4,3.0,3330,7650,1.0,0,0,3,9
20141015,2006,0,745000.0,4,2.5,3400,4840,2.0,0,0,3,10
20140624,2005,0,329445.0,2,1.5,830,1119,2.0,0,0,3,7
20141015,2007,0,588000.0,5,3.0,3110,4464,2.0,0,0,3,8
20140707,2014,0,494815.0,3,2.5,1910,2091,2.0,0,0,3,8
20141014,2014,0,591975.0,3,2.75,3230,5250,2.0,0,0,3,9
20150108,2011,0,600000.0,5,2.75,3380,8179,2.0,0,0,3,9
20140708,2012,0,673000.0,3,2.75,2830,3496,2.0,0,0,3,8
20150211,2014,0,889950.0,5,3.5,3700,7055,2.0,0,0,3,9
20150325,2002,0,500000.0,4,3.0,2520,4104,2.0,0,0,3,7
20141001,2007,0,500000.0,3,2.25,1530,1396,2.0,0,0,3,8
20140505,2006,0,890000.0,4,4.25,4420,5750,2.0,0,0,3,10
20150429,2006,0,437000.0,3,3.0,1460,1180,3.0,0,0,3,8
20140905,2006,0,419700.0,3,2.25,1450,1486,2.0,0,0,3,8
20140806,2010,0,342000.0,3,2.0,1640,4802,1.0,0,0,3,8
20140626,2008,0,420000.0,3,1.75,1444,249126,1.5,0,0,3,7
20140523,2008,0,580000.0,3,2.5,1620,1173,3.0,0,4,3,8
20150327,2007,0,343000.0,2,1.5,1100,1228,2.0,0,0,3,7
20150402,2008,0,390000.0,2,1.5,1340,1402,2.0,0,0,3,8
20140811,2011,0,274000.0,3,1.5,1450,4694,2.0,0,0,3,7
20150114,2008,0,700000.0,4,2.5,3040,7200,2.0,0,0,3,9
20150416,2006,0,838000.0,4,2.5,2560,7210,2.0,0,0,3,9
20140917,2006,0,300000.0,6,3.0,2744,9926,2.0,0,0,3,7
20140903,2008,0,467000.0,3,2.25,1420,990,3.0,0,0,3,8
20140924,2000,0,734000.0,5,4.25,4110,42755,2.0,0,2,3,10
20150106,2013,0,480000.0,5,2.75,2670,4780,2.0,0,0,3,8
20150217,2010,0,539000.0,3,2.75,2130,1400,2.0,0,0,3,9
20150505,2014,0,459950.0,5,2.75,3078,6371,2.0,0,0,3,9
20141030,2006,0,306500.0,2,1.0,840,892,2.0,0,0,3,7
20150326,2014,0,408474.0,3,2.5,1800,2731,2.0,0,0,3,8
20140514,2008,0,437000.0,3,2.75,2580,5200,2.0,0,0,3,8
20140623,2012,0,160797.0,3,1.5,1270,2356,2.0,0,0,3,7
20150107,2014,0,729000.0,4,3.5,3065,5440,3.0,0,0,3,9
20141031,2007,0,499000.0,3,2.5,1861,1587,2.0,0,0,3,8
20141016,2014,0,359950.0,4,2.75,2260,5705,2.0,0,0,3,8
20141210,2013,0,929000.0,5,3.25,4150,7100,2.0,0,0,3,10
20141006,2014,0,529950.0,2,2.5,1500,1174,2.0,0,0,3,8
20150403,2012,0,461000.0,3,2.25,1620,998,2.5,0,0,3,8
20141014,2005,0,271115.0,2,1.5,830,1325,2.0,0,0,3,7
20150106,2003,0,653000.0,4,2.5,3120,5137,2.0,0,0,3,7
20141024,2007,0,565000.0,3,2.5,1870,1058,3.0,0,0,3,8
20141204,2014,0,529950.0,3,2.25,1240,1250,3.0,0,0,3,8
20150326,2007,0,585000.0,4,2.5,2820,5612,2.0,0,0,3,9
20140703,2014,0,609000.0,3,1.75,1630,1526,3.0,0,0,3,8
20140618,2012,0,267000.0,3,2.25,1584,2800,2.0,0,0,3,7
20140509,2012,0,557000.0,4,2.5,2840,4500,2.0,0,0,3,8
20141117,2006,0,709950.0,4,3.25,3910,6293,2.0,0,0,3,9
20140718,2011,0,625000.0,3,2.5,1730,1301,3.0,0,0,3,9
20141223,2013,0,599000.0,3,2.75,1840,2060,2.0,0,0,3,10
20150506,2008,0,920000.0,4,3.75,4030,503989,2.0,0,0,3,10
20141016,2014,0,1285000.0,4,3.5,3440,3800,3.0,0,0,3,9
20150330,2012,0,324500.0,4,2.5,2110,3825,2.0,0,0,3,7
20150116,2009,0,471500.0,3,2.5,2430,5866,2.0,0,0,3,7
20140808,2007,0,1015000.0,4,3.75,4690,207141,2.0,0,0,3,10
20141111,2014,0,998000.0,4,3.5,3500,43560,2.0,0,0,3,9
20150129,2006,0,262000.0,4,2.5,2070,8685,2.0,0,0,3,7
20150401,2009,0,844000.0,4,3.5,3350,6350,2.0,0,2,3,8
20140624,2013,0,745641.0,4,2.5,2440,4850,2.0,0,0,3,8
20141212,2008,0,659950.0,5,3.0,3010,7357,2.0,0,0,3,9
20140804,2014,0,339989.0,3,2.5,2060,4200,2.0,0,0,3,8
20150504,2009,0,352500.0,2,2.5,1570,2399,2.0,0,0,3,7
20140513,2008,0,525000.0,3,2.5,1580,1161,2.0,0,0,3,8
20140929,2014,0,1138990.0,5,3.5,4280,6530,2.0,0,3,3,10
20140812,2011,0,491000.0,5,3.5,2815,4900,2.0,0,0,3,9
20140718,2011,0,675000.0,4,2.5,2620,6114,2.0,0,0,3,9
20150106,2007,0,344000.0,3,2.25,1250,1033,3.0,0,0,3,8
20141104,2008,0,530000.0,4,2.5,3250,4500,2.0,0,0,3,8
20141210,2003,0,290500.0,4,3.25,2510,7686,2.0,0,0,3,9
20150113,2012,0,335000.0,2,1.75,1270,1685,2.0,0,0,3,8
20150507,2007,0,2998000.0,5,4.0,6670,16481,2.0,0,0,3,12
20140919,2013,0,379000.0,3,2.5,1580,3075,2.0,0,0,3,8
20140717,2008,0,385000.0,3,1.5,1360,2030,3.0,0,0,3,8
20140505,2008,0,366750.0,3,3.0,1571,2017,3.0,0,0,3,8
20140606,2007,0,405000.0,2,2.0,1405,1073,2.0,0,0,3,8
20150212,1971,2014,356999.0,3,1.5,1010,1546,2.0,0,0,3,8
20150417,2006,0,590000.0,2,2.5,1450,1281,2.0,0,0,3,8
20141104,2014,0,294000.0,3,1.75,1420,1361,2.0,0,0,3,7
20150426,2013,0,731500.0,4,2.5,2650,4644,2.0,0,0,3,8
20140606,2014,0,837219.0,5,2.75,3030,7679,2.0,0,0,3,9
20150415,2008,0,1600000.0,4,5.5,6530,871200,2.0,0,2,3,11
20140616,2013,0,798800.0,3,2.75,2670,3738,1.0,0,0,3,10
20141008,2007,0,482500.0,2,2.5,1170,809,2.0,0,0,3,9
20150306,2007,0,820000.0,4,2.5,3260,26772,2.0,0,0,3,9
20140711,2007,0,319000.0,3,1.5,1480,1722,3.0,0,0,3,7
20140813,2013,0,950000.0,3,2.5,2700,6947,2.0,0,3,3,9
20150507,2007,0,1267500.0,4,3.5,4640,13404,2.0,0,0,3,10
20140707,2007,0,378000.0,3,2.5,1601,2491,3.0,0,0,3,7
20150402,2008,0,3345000.0,5,3.75,5350,15360,1.0,0,1,3,11
20141027,2011,0,489950.0,3,2.5,2540,5237,2.0,0,0,3,8
20150427,2006,0,345000.0,2,1.75,1030,1106,2.0,0,0,3,7
20150226,2012,0,510000.0,3,2.5,2730,7136,2.0,0,0,3,8
20140729,2014,0,432500.0,4,2.5,3172,5033,2.0,0,0,3,8
20150420,2006,0,650000.0,4,2.5,3160,8530,2.0,0,0,3,9
20141003,2008,0,750000.0,4,2.5,2850,12429,2.0,0,0,3,9
20150427,2014,0,870000.0,4,3.5,2780,3100,2.0,0,0,3,8
20141215,2014,0,900000.0,4,3.5,3860,6543,2.0,0,0,3,10
20141216,2014,0,664950.0,2,1.75,1180,900,2.0,0,0,3,10
20140602,2004,0,391000.0,3,2.25,1410,1290,2.0,0,0,3,7
20150123,2008,0,1800000.0,4,3.5,6370,205603,2.0,0,0,3,12
20150514,2014,0,479349.0,5,3.0,3223,6371,2.0,0,0,3,9
20141223,2011,0,661000.0,4,3.25,2600,2074,2.0,0,0,3,8
20141002,2006,0,379000.0,3,3.25,1380,1234,3.0,0,0,3,8
20140505,2010,0,415000.0,3,2.25,1620,998,2.5,0,0,3,8
20141201,2007,0,375000.0,3,3.25,1370,1227,3.0,0,0,3,8
20140523,2007,0,355000.0,3,2.0,1220,1186,3.0,0,0,3,8
20140905,2009,0,540000.0,3,2.5,1280,1889,3.0,0,0,3,8
20140724,2006,0,290000.0,2,1.5,770,850,2.0,0,0,3,7
20140520,2008,0,500000.0,3,2.5,1210,1200,3.0,0,0,3,8
20140902,2011,0,416000.0,4,2.5,2890,6322,2.0,0,0,3,8
20140811,2011,0,349900.0,3,2.5,1580,2765,2.0,0,0,3,8
20140605,2014,0,465000.0,3,2.25,1530,1245,2.0,0,0,3,9
20140630,2007,0,950000.0,4,2.5,3670,7680,2.5,0,0,3,10
20150326,2014,0,496800.0,4,2.25,1850,2340,2.5,0,0,3,8
20150320,2014,0,680000.0,4,2.5,2440,6581,2.0,0,0,3,8
20150424,2015,0,920000.0,4,3.25,2190,4265,2.0,0,0,3,9
20150202,2015,0,1289990.0,5,4.0,4360,8030,2.0,0,0,3,10
20140701,2003,0,825000.0,4,2.75,3990,6637,2.0,0,0,3,9
20141002,2007,0,292000.0,3,2.5,1270,1283,3.0,0,0,3,7
20150409,2009,0,576000.0,4,2.5,3340,6924,2.0,0,0,3,8
20150313,2008,0,670000.0,2,2.0,1500,761,3.0,0,3,3,8
20140520,2008,0,953007.0,4,3.5,3120,5086,2.0,0,0,3,9
20150223,2012,0,399000.0,4,2.5,2480,4334,2.0,0,0,3,8
20150427,2008,0,399000.0,2,2.0,1110,1155,3.0,0,0,3,7
20141117,2014,0,847093.0,4,2.75,2760,5670,2.0,0,0,3,10
20150206,2014,0,599950.0,3,2.5,1510,1493,3.0,0,0,3,8
20140813,2007,0,499000.0,3,2.5,1460,1614,2.0,0,0,3,8
20141015,2006,0,760000.0,4,2.75,3980,285318,2.0,0,2,3,9
20141029,2014,0,1699990.0,4,3.75,3320,8234,2.0,0,0,3,10
20140512,2014,0,1033890.0,4,3.25,3270,5187,2.0,0,0,3,9
20140520,2006,0,515000.0,4,2.5,2670,8765,2.0,0,0,3,9
20141209,2004,0,355000.0,3,2.25,1410,1332,2.0,0,0,3,7
20140805,2014,0,319900.0,4,2.75,2475,4000,2.0,0,0,3,7
20140527,2006,0,460000.0,3,3.5,1600,1431,2.0,0,0,3,8
20150108,2008,0,305000.0,2,1.0,1290,3383,2.0,0,0,3,7
20150317,2012,0,280000.0,3,2.5,1608,4818,2.0,0,0,3,8
20150227,2011,0,394950.0,2,2.25,1300,2104,2.0,0,0,3,8
20140821,2014,0,382000.0,4,3.5,2530,3000,2.0,0,0,3,8
20150422,2008,0,560000.0,3,2.5,1390,1411,3.0,0,0,3,8
20140520,2014,0,772000.0,3,2.25,1640,1204,3.0,0,0,3,8
20140722,2012,0,324950.0,4,2.5,2229,5723,2.0,0,0,3,7
20140709,2010,0,530000.0,3,2.5,1790,3078,2.0,0,0,3,8
20141024,2009,0,384000.0,3,2.25,990,736,2.5,0,0,3,8
20140611,2013,0,719950.0,5,2.75,3240,6863,2.0,0,0,3,10
20140811,2006,0,319950.0,2,2.5,1280,819,2.0,0,0,3,8
20150128,2006,0,292000.0,3,2.5,1610,3848,2.0,0,0,3,8
20150428,2008,0,1500000.0,6,3.5,3670,3959,2.0,0,0,3,10
20140507,2008,0,425000.0,2,2.5,1150,1027,3.0,0,0,3,8
20141010,2014,0,799950.0,5,3.75,3760,4702,2.0,0,0,3,9
20140825,2014,0,499000.0,2,2.5,1320,1157,2.0,0,0,3,8
20150327,2012,0,572000.0,4,2.75,2700,7992,2.0,0,0,3,9
20140722,2008,0,459000.0,2,2.0,1480,804,3.0,0,0,3,8
20150318,2014,0,529500.0,3,2.25,1410,905,3.0,0,0,3,9
20140909,2005,0,374500.0,4,2.5,3135,5811,2.0,0,0,3,9
20140605,2007,0,584000.0,3,2.5,1480,1485,2.0,0,0,3,8
20150115,2007,0,1898000.0,4,4.5,4020,9656,2.0,0,0,3,10
20140707,2006,0,505000.0,2,2.25,1060,1209,2.0,0,0,3,8
20141114,2009,0,565000.0,2,2.5,1950,2457,3.0,0,0,3,8
20150325,2011,0,799000.0,4,2.75,3340,5677,2.0,0,0,3,9
20150429,2007,0,547000.0,3,2.5,1570,1452,2.5,0,0,3,9
20150227,2014,0,550000.0,3,2.5,1930,6604,2.0,0,0,3,7
20140918,1996,0,250000.0,3,2.0,1590,8100,1.0,0,0,3,7
20150105,2014,0,960000.0,4,4.5,3720,7746,2.0,0,0,3,10
20141030,2010,0,2950000.0,4,4.25,4470,5884,2.0,0,1,3,11
20150327,2005,0,441000.0,2,1.0,1290,1289,2.0,0,0,3,7
20150407,2012,0,265000.0,3,2.25,1489,2800,2.0,0,0,3,7
20150409,2012,0,430000.0,3,2.5,2075,39553,1.0,0,0,3,7
20140617,2011,0,286800.0,3,2.5,1413,3600,2.0,0,0,3,8
20150416,2008,0,375000.0,3,2.5,1300,1362,2.0,0,0,3,8
20141215,2013,0,312500.0,3,3.25,1480,983,2.0,0,0,3,8
20150107,2012,0,850000.0,4,2.75,3320,5559,2.0,0,0,3,9
20150325,2007,0,390500.0,3,2.25,1530,1279,2.0,0,0,3,7
20141029,2010,0,455000.0,3,2.5,1180,932,3.0,0,0,3,8
20150406,2009,0,455000.0,2,2.0,1190,1303,2.0,0,0,3,8
20141203,2008,0,515000.0,3,2.25,1300,1180,3.0,0,0,3,8
20150401,2013,0,362500.0,3,3.5,1710,2212,2.0,0,0,3,7
20140924,2007,0,460000.0,3,2.5,2390,47480,2.0,0,0,3,9
20140904,2010,0,540000.0,4,3.5,3510,6005,2.0,0,0,3,8
20140731,2014,0,230000.0,3,1.75,1140,1165,2.0,0,0,3,8
20140929,2007,0,425000.0,2,2.5,1320,1329,2.0,0,0,3,8
20140519,2007,0,298450.0,5,3.0,2100,9752,1.0,0,0,3,8
20141222,2004,0,344000.0,4,2.5,2400,4848,2.0,0,0,3,8
20140505,2005,0,416286.0,3,2.5,1408,989,3.0,0,0,3,8
20150223,2013,0,379500.0,4,2.5,2560,5102,2.0,0,0,3,8
20140617,2005,0,350000.0,2,2.5,1260,1347,3.0,0,0,3,8
20150408,2014,0,258800.0,2,1.75,1290,1624,2.0,0,0,3,8
20141218,2008,0,620000.0,4,2.5,2730,9260,2.0,0,0,3,8
20140502,2009,0,295000.0,2,2.5,1630,1368,2.0,0,0,3,7
20150227,2014,0,908990.0,4,2.75,3530,6844,2.0,0,0,3,10
20141117,2014,0,485230.0,4,2.5,2714,12558,2.0,0,0,3,9
20140611,2005,0,475000.0,3,2.25,1630,2520,2.0,0,0,3,7
20140804,2014,0,1240420.0,5,3.25,5790,13726,2.0,0,3,3,10
20140819,2013,0,635000.0,3,3.0,2230,1407,2.5,0,0,3,8
20141105,2012,0,350000.0,3,2.5,1380,1590,2.0,0,0,3,9
20141229,2010,0,345000.0,3,3.5,1320,1161,3.0,0,0,3,8
20140921,2014,0,700000.0,2,2.0,1490,713,3.0,0,0,3,9
20140821,2008,0,490000.0,3,2.25,1280,1520,2.0,0,0,3,8
20140805,2014,0,1299890.0,5,4.0,3870,5929,2.0,0,0,3,10
20140910,2009,0,579000.0,2,2.5,1280,1051,2.0,0,0,3,8
20150327,2007,0,552500.0,3,1.5,1300,1435,2.0,0,0,3,8
20150204,2012,0,467000.0,4,2.75,2170,5024,2.0,0,0,3,8
20141113,2012,0,305000.0,4,2.25,1763,3717,2.0,0,0,3,8
20140509,2004,0,212000.0,2,1.5,1020,1525,2.0,0,0,3,7
20140821,2010,0,429000.0,4,2.5,1840,4593,2.0,0,0,3,7
20140925,2014,0,479950.0,3,2.0,1820,1358,3.0,0,0,3,9
20141218,2014,0,825000.0,3,3.5,2670,3000,2.0,0,0,3,9
20150328,2007,0,1180000.0,6,6.5,6260,10955,2.0,0,0,3,11
20140613,2012,0,250000.0,3,2.25,1400,3814,2.0,0,0,3,7
20141027,1982,0,289000.0,2,1.5,1160,2158,2.0,0,0,3,7
20141002,2013,0,265000.0,3,2.5,1400,3368,2.0,0,0,3,7
20140515,2007,0,344000.0,3,2.5,1232,1130,3.0,0,0,3,7
20140908,2007,0,492000.0,4,2.5,2550,6382,2.0,0,0,3,7
20150119,2008,0,552500.0,4,2.5,3260,6902,2.0,0,0,3,8
20141112,2014,0,653500.0,2,2.5,1680,1240,2.0,0,0,3,8
20150402,2006,0,855000.0,4,3.25,2630,2550,2.0,0,0,3,10
20141119,1999,0,333000.0,3,1.5,1260,5758,2.0,0,0,3,7
20140611,2009,0,415000.0,4,2.5,2550,4500,2.0,0,0,3,7
20141107,2008,0,445000.0,4,3.25,3450,5000,2.0,0,0,3,8
20140710,2009,0,273500.0,3,2.5,1550,3402,2.0,0,0,3,7
20140606,2014,0,969990.0,4,2.5,4150,8436,2.0,0,0,3,10
20141008,2014,0,1200000.0,5,3.5,3900,4400,2.0,0,0,3,9
20140806,2006,0,430000.0,3,3.25,1550,1444,3.0,0,0,3,8
20150323,2014,0,392000.0,4,2.5,2130,4000,2.0,0,0,3,8
20140702,2005,0,795000.0,4,2.5,2890,7798,2.0,0,0,3,9
20140630,2008,0,457000.0,3,2.5,1220,1330,2.0,0,0,3,8
20150320,2013,0,453000.0,4,2.5,2502,8306,2.0,0,0,3,9
20140509,2008,0,376000.0,3,2.0,1340,1384,3.0,0,0,3,8
20140804,2014,0,469995.0,4,2.5,2350,3800,2.0,0,0,3,8
20150504,2008,0,540000.0,3,2.5,1810,3930,2.0,0,0,3,8
20140502,2012,0,555000.0,4,2.5,3310,6500,2.0,0,0,3,8
20140725,2006,0,445000.0,3,2.0,1620,5101,1.0,0,0,3,7
20141215,2008,0,256950.0,2,2.0,1070,635,2.0,0,0,3,9
20141006,2011,0,297000.0,4,2.5,2230,4952,2.0,0,0,3,8
20141017,2005,0,320000.0,4,2.5,1970,4558,2.0,0,0,3,8
20141114,2006,0,805000.0,5,4.5,4600,7810,2.0,0,0,3,9
20140801,2014,0,799990.0,4,2.75,3110,6050,2.0,0,0,3,9
20150409,2007,0,680000.0,4,2.5,3490,3677,2.0,0,0,3,9
20140624,2007,0,395000.0,3,2.5,1600,1936,2.0,0,0,3,7
20141202,2010,0,732000.0,3,2.5,1960,3060,2.0,0,0,3,8
20140802,2004,0,163800.0,2,2.5,1000,1092,2.0,0,0,3,7
20141201,2004,0,220000.0,2,2.5,1000,1092,2.0,0,0,3,7
20141106,1999,0,308625.0,2,2.0,1500,1408,3.0,0,0,3,7
20150331,2014,0,375000.0,3,2.5,2424,5931,2.0,0,0,3,9
20140701,2006,0,300000.0,4,2.5,2303,3826,2.0,0,0,3,8
20140616,2009,0,284000.0,3,2.5,1880,6008,2.0,0,0,3,7
20150220,2014,0,610000.0,2,2.0,1210,740,2.0,0,0,3,8
20150324,2012,0,955000.0,4,3.25,3720,6765,2.0,0,0,3,9
20140627,2014,0,982000.0,4,2.75,3610,8580,2.0,0,0,3,9
20140522,2008,0,359000.0,3,1.5,1360,885,3.0,0,0,3,8
20140718,2014,0,779380.0,5,2.5,2590,7084,2.0,0,0,3,8
20140630,2007,0,1510000.0,5,3.25,4390,11250,2.0,0,0,3,10
20150223,2014,0,635000.0,3,3.0,2290,1407,2.5,0,0,3,8
20140826,2007,0,1060000.0,4,3.75,3880,9979,2.5,0,0,3,10
20140716,2006,0,389500.0,3,2.5,1350,874,3.0,0,0,3,8
20140807,2014,0,359800.0,5,2.5,2170,2752,2.0,0,0,3,8
20140527,2009,0,399950.0,3,3.0,1296,1051,3.0,0,0,3,8
20140603,2013,0,320000.0,3,3.25,1530,1602,2.0,0,0,3,8
20140725,2014,0,255900.0,3,2.5,1489,3266,2.0,0,0,3,7
20150209,2014,0,380000.0,4,2.5,2130,4467,2.0,0,0,3,8
20140918,2009,0,580000.0,3,2.75,1430,1521,2.0,0,0,3,9
20150429,2008,0,545000.0,5,3.75,2380,7268,1.0,0,0,3,8
20140725,2008,0,451300.0,3,2.5,1420,814,2.0,0,0,3,8
20140616,2014,0,852880.0,4,3.25,3450,6184,2.0,0,0,3,9
20140919,2009,0,305000.0,4,2.5,1914,3150,2.0,0,0,3,8
20150430,2007,0,295000.0,2,1.5,988,1080,3.0,0,0,3,7
20141016,2012,0,261000.0,3,2.25,1584,2800,2.0,0,0,3,7
20150317,2001,0,560000.0,4,2.5,2630,5710,2.0,0,0,3,8
20140919,2012,0,795000.0,4,3.25,3520,5250,2.0,0,0,3,9
20140929,2006,0,384950.0,4,2.5,2380,4913,2.0,0,0,3,8
20140508,2012,0,500000.0,3,1.75,1410,1197,3.0,0,0,3,8
20150205,2013,0,640000.0,4,3.5,3220,5741,2.0,0,0,3,9
20141121,2014,0,418000.0,4,3.25,3266,5969,2.0,0,0,3,8
20141010,2007,0,799000.0,3,2.0,2550,4794,2.0,0,0,3,9
20150320,2014,0,552900.0,4,3.5,3828,18900,2.5,0,0,3,9
20141219,2014,0,539950.0,3,2.25,1670,1596,3.0,0,0,3,8
20150120,2014,0,524225.0,4,2.5,3056,11385,2.0,0,0,3,9
20150202,2005,0,424950.0,2,1.5,1000,1188,3.0,0,0,3,8
20141125,2007,0,560000.0,3,3.25,1530,1786,2.0,0,0,3,8
20150429,2009,0,715000.0,5,3.0,3490,6091,2.0,0,0,3,9
20140522,2006,0,300000.0,5,2.5,2760,6000,2.0,0,0,3,8
20150224,2005,0,405000.0,3,2.5,1440,2163,2.0,0,0,3,7
20141007,2009,0,327000.0,3,3.0,1370,1001,3.0,0,0,3,8
20141209,2014,0,859950.0,6,4.0,3180,6551,2.0,0,0,3,9
20150113,2008,0,560000.0,4,3.0,2720,7570,2.0,0,0,3,9
20140907,2011,0,379900.0,3,2.5,1800,2792,2.0,0,0,3,8
20150501,2008,0,625000.0,3,2.5,3220,6409,2.0,0,0,3,9
20150423,2014,0,398096.0,3,2.5,2370,5321,2.0,0,0,3,8
20141120,2007,0,315000.0,3,2.5,1410,1325,2.0,0,0,3,7
20141212,2014,0,939000.0,4,3.5,3640,6049,2.0,0,0,3,9
20140725,2003,0,674000.0,3,2.5,1920,3624,2.0,0,0,3,9
20140814,2014,0,306000.0,4,2.5,2267,3577,2.0,0,0,3,7
20140709,2006,0,2321000.0,5,4.75,5780,17004,2.0,0,0,3,11
20150202,2011,0,394950.0,2,1.0,1131,1304,3.0,0,0,3,7
20140918,2014,0,914154.0,3,3.5,2940,6431,2.0,0,0,3,10
20141117,2010,0,496000.0,3,2.5,2180,4533,2.0,0,0,3,7
20150417,2009,0,430100.0,3,2.25,1400,1078,2.0,0,0,3,8
20140708,2013,0,449990.0,4,2.5,2680,5539,2.0,0,0,3,8
20150330,2013,0,502000.0,4,2.5,2680,5539,2.0,0,0,3,8
20150311,2005,0,310000.0,3,2.5,1300,3612,2.0,0,0,3,7
20150323,2013,0,349950.0,4,3.5,2796,3520,2.5,0,0,3,8
20140919,2008,0,625000.0,2,1.75,1460,1500,2.0,0,0,3,8
20140827,2014,0,1054710.0,4,3.5,4210,6481,2.0,0,3,3,9
20140707,2005,0,680000.0,4,2.75,2330,3920,2.0,0,0,3,9
20140515,2013,0,828950.0,4,3.5,3930,5680,2.0,0,1,3,9
20150403,2014,0,274950.0,3,2.5,1608,4000,2.0,0,0,3,8
20150312,1979,0,293000.0,2,2.25,1610,1968,2.0,0,0,4,7
20140613,2007,0,795000.0,4,3.5,3200,3250,2.0,0,0,3,9
20140922,2014,0,282900.0,4,2.5,1710,3500,2.0,0,0,3,7
20150416,2014,0,909950.0,5,3.75,3050,8972,2.0,0,0,3,9
20141104,2014,0,922755.0,4,3.5,3560,4951,2.0,0,0,3,9
20150416,2006,0,424000.0,4,2.5,2650,8685,2.0,0,0,3,9
20150423,2009,0,630000.0,3,2.5,3490,12410,2.0,0,0,3,8
20141222,2007,0,810000.0,4,3.25,4140,46173,2.0,0,0,3,9
20140730,2014,0,256703.0,3,2.0,1670,4441,1.0,0,0,3,7
20140515,2010,0,386380.0,3,2.5,1720,3600,2.0,0,0,3,7
20140916,2010,0,485000.0,2,2.0,1510,3961,1.0,0,0,3,8
20150211,2010,0,275000.0,3,2.25,1450,4040,2.0,0,0,3,7
20150302,2011,0,370000.0,4,2.5,1812,5026,2.0,0,0,3,8
20140610,2005,0,499950.0,2,2.25,1060,1208,2.0,0,0,3,8
20150424,2009,0,502000.0,3,2.5,1600,3073,3.0,0,0,3,8
20140620,2005,0,654000.0,3,3.25,1530,1565,2.0,0,0,3,8
20140714,2013,0,575000.0,4,2.25,2070,1230,3.0,0,0,3,9
20150415,2008,0,500000.0,4,2.5,3630,7482,2.0,0,0,3,10
20150114,2005,0,554000.0,3,2.5,2140,4126,2.0,0,0,3,8
20150429,2015,0,619990.0,4,2.75,2630,4501,2.0,0,0,3,8
20150312,2012,0,317500.0,4,2.5,2233,6025,2.0,0,0,3,7
20140828,2014,0,564950.0,4,2.75,2990,4521,2.0,0,0,3,7
20140611,2014,0,545000.0,2,1.25,1240,2150,2.0,0,0,3,8
20150501,2006,0,333700.0,3,2.5,2230,5050,2.0,0,0,3,7
20140711,1998,0,1480000.0,3,3.25,3700,2264,2.0,0,0,3,11
20150408,2012,0,530000.0,4,3.0,2290,5105,2.0,0,0,3,8
20150413,2006,0,396000.0,2,1.5,950,865,3.0,0,0,3,8
20141016,2012,0,305000.0,2,1.75,1120,758,2.0,0,0,3,7
20140522,2013,0,380000.0,5,3.5,2420,4670,2.0,0,0,3,7
20150303,2010,0,305000.0,4,2.5,1714,3250,2.0,0,0,3,8
20140928,2011,0,440000.0,4,2.5,2230,5650,2.0,0,0,3,7
20140627,2013,0,459000.0,4,3.0,2530,10000,2.0,0,0,3,7
20150306,2005,0,530000.0,3,3.5,1550,1233,2.0,0,0,3,8
20150416,2012,0,600000.0,4,2.75,3110,11225,2.0,0,0,3,8
20140718,2008,0,515000.0,3,3.0,2100,2409,2.0,0,0,3,8
20150408,2007,0,275000.0,4,2.5,2150,3721,2.0,0,0,3,8
20150112,2014,0,540000.0,3,1.75,1630,1404,2.0,0,0,3,8
20140805,2005,0,445000.0,3,2.5,2230,7934,2.0,0,0,3,7
20150407,2009,0,285000.0,3,2.5,1320,955,3.0,0,0,3,7
20140731,2010,0,480000.0,3,2.5,1590,1431,2.0,0,0,3,8
20150120,2005,0,440000.0,5,3.25,2610,3642,2.0,0,0,3,8
20150211,2008,0,287450.0,3,2.5,1440,2500,2.0,0,0,3,7
20150401,2006,0,507950.0,4,2.5,2630,6283,2.0,0,0,3,9
20140619,2012,0,750000.0,3,3.5,3390,10078,2.0,0,0,3,10
20140703,2007,0,425000.0,3,1.5,1400,1022,3.0,0,0,3,8
20141202,2009,0,420000.0,3,3.5,1900,2133,2.0,0,0,3,8
20140510,2006,0,394950.0,3,2.5,1350,1250,3.0,0,0,3,8
20140711,2012,0,635000.0,4,3.25,3420,6752,2.0,0,2,3,9
20150506,1995,0,513000.0,3,2.5,2150,161607,2.0,0,0,3,7
20150505,2012,0,380000.0,4,2.5,2110,5306,2.0,0,0,3,8
20140521,2007,0,1130000.0,4,3.25,3810,8519,1.0,0,1,3,10
20140608,2007,0,540000.0,5,3.0,2870,4369,2.0,0,0,3,8
20150427,2009,0,352499.0,2,2.25,1240,705,2.0,0,0,3,7
20150505,2008,0,603000.0,4,3.5,3610,6345,2.0,0,0,3,9
20140530,2013,0,685000.0,4,2.5,2310,5100,2.0,0,0,3,9
20140626,2006,0,330675.0,4,3.0,1930,3031,1.0,0,0,3,7
20140605,2006,0,275000.0,3,3.0,1390,1080,2.0,0,0,3,7
20140716,2010,0,259950.0,3,2.5,1578,7340,2.0,0,0,3,7
20140729,2011,0,441000.0,3,2.0,1720,15000,1.0,0,0,3,9
20141203,2006,0,1135000.0,5,3.75,4700,11237,2.0,0,0,3,10
20141205,2007,0,590000.0,3,3.5,1970,5079,2.0,0,0,3,8
20140918,2012,0,497000.0,3,2.25,1460,1353,2.0,0,0,3,8
20141121,2014,0,345500.0,3,2.5,1930,4000,2.0,0,0,3,8
20140623,2006,0,562500.0,3,2.25,1300,907,2.0,0,0,3,8
20140904,2005,0,355000.0,3,2.25,1445,1087,2.0,0,0,3,7
20140905,2009,0,345000.0,2,2.25,860,696,2.0,0,0,3,9
20140505,2007,0,478000.0,3,2.5,3040,4535,2.0,0,0,3,9
20150402,2014,0,391500.0,3,2.5,2424,6143,2.0,0,0,3,9
20150412,1976,0,265000.0,2,1.5,1084,3427,2.0,0,0,3,7
20141030,2005,0,395000.0,3,2.5,2510,5320,2.0,0,0,3,8
20140727,2006,0,286308.0,2,1.5,1220,1036,3.0,0,0,3,7
20140527,2009,0,370000.0,2,2.25,1280,835,2.0,0,0,3,7
20140923,2014,0,1079000.0,5,3.5,3740,5610,2.0,0,0,3,9
20141015,2014,0,298900.0,3,2.5,1852,4000,2.0,0,0,3,7
20150421,2007,0,775000.0,4,2.5,2580,5787,2.0,0,0,3,9
20140624,2010,0,790000.0,4,3.5,3190,31450,2.0,0,0,3,9
20140827,2014,0,1050000.0,3,2.5,3400,5119,2.0,0,0,3,8
20140708,1982,0,249000.0,2,1.5,1090,2686,2.0,0,0,3,7
20140929,2011,0,348000.0,3,2.0,2360,6145,1.0,0,0,3,8
20141114,2011,0,358000.0,5,2.5,2460,5604,2.0,0,0,3,8
20140625,2007,0,260000.0,5,2.5,2025,7760,2.0,0,0,3,7
20140604,2006,0,765000.0,4,3.0,4410,5104,2.0,0,0,3,9
20140528,2005,0,739000.0,3,2.5,2810,5400,2.0,0,0,3,9
20140505,2006,0,890000.0,5,3.5,4490,6000,2.0,0,0,3,10
20140607,2006,0,462000.0,4,2.5,3070,6432,2.0,0,0,3,9
20150511,2013,0,770000.0,5,3.5,4750,8234,2.0,0,2,3,10
20140818,2014,0,641000.0,4,3.25,2760,4104,2.0,0,0,3,8
20150417,2007,0,2300000.0,4,4.0,4360,8175,2.5,1,4,3,10
20150504,2008,0,369000.0,4,2.5,3060,27251,1.5,0,0,3,8
20140916,2014,0,1112000.0,4,3.0,2770,2650,2.0,0,0,3,9
20140828,2015,0,357000.0,5,2.5,2990,9240,2.0,0,0,3,8
20141126,2002,0,650000.0,3,2.75,1540,1251,2.0,0,0,3,8
20140625,2007,0,563500.0,3,2.5,1400,1312,3.5,0,0,3,8
20140617,2007,0,345000.0,3,2.5,1680,2229,2.0,0,0,3,7
20140725,2012,0,479950.0,3,2.0,2260,7163,1.0,0,0,3,9
20140513,2012,0,660000.0,4,3.5,3400,5196,2.0,0,0,3,9
20140729,2007,0,800000.0,4,2.5,2930,5000,2.0,0,0,3,9
20140724,2009,0,253101.0,3,2.0,1239,6036,1.0,0,0,3,7
20140929,2011,0,555000.0,3,3.5,2100,2479,2.0,0,0,3,9
20141117,2005,0,239000.0,2,1.5,680,772,2.0,0,0,3,7
20150318,2014,0,760000.0,4,3.25,2690,3995,2.0,0,0,3,9
20140826,2011,0,430000.0,4,2.5,2750,7200,2.0,0,0,3,8
20140522,2010,0,660000.0,3,2.5,2450,4332,2.0,0,0,3,8
20140820,2014,0,399963.0,4,2.5,2620,4050,2.0,0,0,3,8
20140718,2007,0,411000.0,2,2.0,1130,1148,2.0,0,0,3,9
20140627,2014,0,483453.0,4,2.75,2790,5527,2.0,0,0,3,8
20141110,2014,0,469950.0,3,2.0,1820,1357,3.0,0,0,3,9
20140715,2013,0,504058.0,4,2.75,2910,7467,2.0,0,0,3,8
20150428,2014,0,425996.0,4,2.5,2568,5000,2.0,0,0,3,9
20140708,2010,0,760005.0,4,2.75,3090,5859,2.0,0,0,3,9
20150420,2014,0,699999.0,2,2.0,1460,1085,2.0,0,0,3,8
20140716,2014,0,749950.0,3,2.5,2010,2263,2.0,0,0,3,8
20140708,2006,0,674600.0,4,2.5,2610,5140,2.0,0,0,3,8
20150224,2008,0,450000.0,2,1.5,960,1000,2.0,0,0,3,8
20150407,2011,0,272000.0,3,2.5,1528,7616,2.0,0,0,3,7
20140714,2006,0,450000.0,2,1.5,1310,1264,2.0,0,0,3,8
20150505,2015,0,643950.0,3,2.25,1760,2122,3.0,0,0,3,9
20141110,2007,0,290000.0,3,2.5,1420,3542,2.0,0,0,3,8
20141008,2007,0,378000.0,3,2.5,1650,2082,3.0,0,0,3,8
20140619,2008,0,728050.0,3,2.5,2320,6775,1.0,0,0,3,8
20150426,2014,0,499160.0,4,2.5,2628,11466,2.0,0,0,3,9
20141201,2009,0,536000.0,4,2.5,2520,4831,2.0,0,0,3,8
20150205,2012,0,419900.0,5,3.5,2880,5000,2.0,0,0,3,8
20141210,2014,0,469000.0,3,2.25,1440,1362,3.0,0,0,3,7
20150408,2009,0,374000.0,3,2.5,2185,6042,2.0,0,0,3,9
20140728,2014,0,182568.0,4,1.5,1500,2106,2.0,0,0,3,7
20140626,2012,0,334888.0,3,2.5,1769,7324,2.0,0,0,3,9
20140917,2013,0,799900.0,4,4.0,3650,18223,2.0,0,3,3,9
20140512,2010,0,383000.0,4,2.5,2160,6223,2.0,0,0,3,8
20141218,1999,0,580000.0,3,2.5,1820,374616,2.0,0,0,3,7
20140707,2014,0,351999.0,3,2.5,2370,4200,2.0,0,0,3,8
20150223,2008,0,1325000.0,3,3.0,3180,2758,2.0,0,2,3,11
20150125,2011,0,312000.0,3,2.5,1780,4077,2.0,0,0,3,8
20140912,2011,0,674950.0,4,3.5,2650,3127,2.0,0,0,3,8
20141229,2007,0,1105000.0,5,2.75,3300,7560,2.0,0,0,3,10
20150313,2007,0,415000.0,2,2.5,1160,1219,3.0,0,0,3,8
20140710,2007,0,1250000.0,3,3.0,3460,5353,2.0,0,0,3,10
20140919,2009,0,208800.0,3,2.5,1390,2450,2.0,0,0,3,7
20141029,2006,0,452000.0,2,2.5,1260,1131,3.0,0,0,3,8
20150422,2010,0,837000.0,5,2.75,2940,5225,2.0,0,0,3,8
20150224,2013,0,780000.0,5,3.5,3190,4247,2.0,0,0,3,8
20141002,2007,0,1485000.0,4,3.5,3930,6120,2.0,0,0,3,10
20140926,2014,0,1600000.0,5,3.75,3570,10125,2.0,0,0,3,10
20140918,2014,0,369946.0,3,2.5,2420,4725,2.0,0,0,3,8
20140608,2009,0,530000.0,3,2.75,3400,7200,2.0,0,2,3,9
20150320,2012,0,386000.0,4,2.5,2478,6079,2.0,0,0,3,8
20150218,2009,0,1900000.0,4,2.5,3070,7830,2.0,0,2,3,11
20140911,2013,0,735000.0,4,3.5,3200,7605,2.0,0,2,3,9
20141002,2014,0,1750000.0,5,3.25,5790,12739,2.0,0,3,3,10
20150223,2014,0,489950.0,3,2.25,1590,926,3.0,0,0,3,8
20150413,2008,0,357500.0,3,3.0,1730,1442,2.0,0,0,3,8
20140520,2013,0,329995.0,4,2.5,2303,3680,2.0,0,0,3,8
20140925,2013,0,414000.0,3,2.5,1790,3754,2.0,0,0,3,8
20141210,2005,0,533500.0,3,3.5,2490,3517,2.0,0,0,3,8
20150305,2014,0,402395.0,4,2.5,2669,5385,2.0,0,0,3,9
20150410,2008,0,725000.0,4,3.25,2610,2552,2.0,0,0,3,10
20140828,2007,0,1275000.0,6,5.25,6160,27490,2.0,0,0,3,11
20140917,2014,0,239800.0,2,1.75,1290,1493,2.0,0,0,3,8
20140904,2013,0,616950.0,5,3.5,3560,5008,2.0,0,0,3,8
20141001,2007,0,1258000.0,4,3.25,4360,6000,2.0,0,3,3,11
20140617,2009,0,435000.0,3,2.25,1230,1238,2.0,0,0,3,8
20140815,2005,0,925000.0,4,3.25,3640,60086,2.0,0,0,3,10
20150428,1981,0,631500.0,2,2.5,1780,2493,3.0,0,0,3,8
20150330,2005,0,399995.0,3,1.5,1140,1069,3.0,0,0,3,8
20140506,2006,0,369950.0,3,2.0,1270,1320,3.0,0,0,3,8
20150423,2005,0,475000.0,5,3.5,2780,3583,2.0,0,0,3,8
20141125,2012,0,353000.0,4,2.5,1912,5000,2.0,0,0,3,8
20150225,2006,0,329950.0,4,2.5,2300,9690,2.0,0,0,3,8
20150313,2013,0,367000.0,3,2.5,2828,4050,2.0,0,0,3,8
20140905,2013,0,447500.0,4,2.5,2425,9017,2.0,0,0,3,9
20140709,2015,0,595000.0,4,3.25,3730,4560,2.0,0,0,3,9
20140904,2009,0,325000.0,1,1.0,730,1942,1.0,0,0,3,7
20150203,2005,0,690000.0,2,2.5,1990,1756,3.0,0,0,3,9
20141111,2008,0,329950.0,3,2.5,1300,812,2.0,0,0,3,8
20150128,2014,0,399500.0,4,2.5,2560,7492,2.0,0,0,3,8
20150121,2007,0,555000.0,5,2.5,2450,5047,2.0,0,0,3,8
20141001,2011,0,427000.0,2,1.5,1440,725,2.0,0,0,3,8
20141020,2007,0,375000.0,3,2.25,1140,1557,3.0,0,0,3,8
20140508,2005,0,499000.0,2,1.5,1110,957,2.0,0,0,3,8
20140718,2013,0,750000.0,3,2.5,2620,43832,2.0,0,0,3,8
20141229,2014,0,336900.0,3,2.5,1690,1200,2.0,0,0,3,8
20140919,2009,0,555000.0,2,2.75,1950,1610,3.0,0,0,3,8
20141106,2007,0,1275000.0,4,3.5,3530,8126,2.0,0,0,3,10
20141014,2014,0,999950.0,4,3.5,3310,4684,2.0,0,0,3,9
20140625,2009,0,975000.0,5,3.0,2620,5477,2.0,0,0,3,10
20150219,2010,0,299000.0,3,2.25,1350,3582,2.0,0,0,3,8
20150417,2007,0,479000.0,2,2.5,1741,1439,2.0,0,0,3,8
20150417,2007,0,428000.0,3,2.5,1650,2201,3.0,0,0,3,8
20140829,2012,0,409000.0,3,2.5,1890,6500,2.0,0,0,3,7
20150326,2009,0,798500.0,3,3.0,1950,1833,3.0,0,0,3,9
20141212,2006,0,689000.0,4,3.5,4490,5805,2.0,0,0,3,9
20140508,2012,0,375000.0,6,2.25,3206,5793,2.0,0,0,3,7
20140717,2011,0,775000.0,4,3.5,4130,77832,2.0,0,2,3,10
20141014,2014,0,639983.0,5,3.0,2800,5700,2.0,0,0,3,8
20150326,2010,0,300000.0,4,3.0,1984,4419,2.0,0,0,3,7
20141222,2014,0,627000.0,4,2.5,2750,11830,2.0,0,0,3,9
20150415,2010,0,275000.0,3,2.75,1740,5757,1.0,0,0,3,7
20140926,2014,0,352800.0,4,2.25,1800,2752,2.0,0,0,3,8
20150312,2008,0,565000.0,3,2.25,1540,1005,3.0,0,0,3,8
20150414,2015,0,765000.0,4,2.25,2030,2222,2.0,0,0,3,9
20150409,2007,0,644000.0,4,2.5,3310,4839,2.0,0,0,3,9
20150223,2007,0,461000.0,3,1.5,1270,1416,3.0,0,0,3,8
20141223,2006,0,270500.0,5,2.5,2406,7093,2.0,0,0,3,8
20140701,2007,0,640000.0,2,2.25,1540,965,3.0,0,0,3,9
20140805,2013,0,457000.0,4,2.5,2820,6983,2.0,0,0,3,9
20141201,2014,0,355000.0,5,2.5,2540,5100,2.0,0,0,3,7
20141215,2007,0,356000.0,2,2.25,1230,989,3.0,0,0,3,8
20140805,2014,0,425000.0,4,2.5,1900,2766,2.0,0,0,3,8
20140923,2007,0,562500.0,5,2.75,2920,6327,2.0,0,0,3,8
20140701,2008,0,460000.0,3,2.5,1450,1053,2.0,0,0,3,8
20150406,2005,0,790000.0,4,3.0,5370,69848,2.0,0,0,3,10
20150318,2006,0,401000.0,3,2.0,1270,1333,3.0,0,0,3,8
20140828,2014,0,1095000.0,3,2.5,2550,5100,2.0,0,0,3,9
20150403,2007,0,850000.0,4,3.0,3070,7150,2.0,0,0,3,9
20140702,2010,0,274500.0,3,2.25,1450,4050,2.0,0,0,3,7
20150415,2008,0,1940000.0,5,3.5,4230,16526,2.0,0,0,3,10
20140804,2003,0,808000.0,4,2.5,3480,6262,2.0,0,0,3,9
20140515,2009,0,312000.0,3,2.25,1490,974,2.0,0,0,3,7
20140616,2005,0,320000.0,3,2.25,1200,1400,3.0,0,0,3,8
20150113,2013,0,410000.0,3,2.5,2150,4332,2.0,0,0,3,8
20140620,2001,0,725000.0,3,3.5,3690,8837,2.0,0,0,3,10
20141015,2007,0,335000.0,4,2.5,1900,3301,2.0,0,0,3,7
20150120,2014,0,519990.0,4,3.25,1690,1321,2.0,0,0,3,8
20140610,2013,0,533112.0,4,2.75,2790,8853,2.0,0,0,3,8
20141028,2014,0,274900.0,3,2.0,1936,6612,2.0,0,0,3,7
20141222,2013,0,325000.0,2,2.25,1150,711,2.0,0,0,3,7
20140529,2011,0,350000.0,4,2.5,2040,22653,2.0,0,0,3,7
20140923,2006,0,550000.0,4,2.5,2470,7539,2.0,0,0,3,9
20150309,2014,0,311850.0,4,2.5,1890,4158,2.0,0,0,3,8
20150210,2007,0,526000.0,3,2.5,1626,1583,2.5,0,0,3,8
20141001,2012,0,375000.0,4,2.5,2250,5306,2.0,0,0,3,8
20150223,2007,0,299999.0,3,2.25,1350,1234,2.0,0,0,3,7
20140919,2008,0,436000.0,3,2.5,1460,1238,2.0,0,0,3,8
20141212,2014,0,303000.0,3,2.5,2056,3564,2.0,0,0,3,7
20140701,2012,0,525000.0,2,2.5,1160,1458,2.0,0,0,3,8
20140613,2006,0,575000.0,3,3.0,1384,1287,2.0,0,0,3,8
20141024,2008,0,420000.0,2,1.5,1100,1107,3.0,0,0,3,8
20140611,2012,0,329950.0,3,2.5,2456,7566,2.0,0,0,3,8
20141021,2009,0,1830000.0,4,4.25,4500,215186,2.0,0,3,3,11
20150408,2006,0,1175000.0,4,3.25,3780,10099,1.0,0,1,3,11
20140911,2014,0,499950.0,2,2.5,1320,1157,2.0,0,0,3,8
20140527,2004,0,1149000.0,4,3.0,5940,11533,2.0,0,4,3,11
20150218,2009,0,400000.0,3,2.0,1650,5027,1.5,0,0,3,7
20140627,2014,0,246950.0,3,3.0,1670,4440,1.0,0,0,3,7
20140806,2005,0,630000.0,3,3.25,1610,1275,2.0,0,0,3,8
20140912,2006,0,561000.0,5,2.75,3370,10315,2.0,0,0,3,9
20141208,2010,0,287000.0,4,2.5,2660,4082,2.0,0,0,3,7
20150331,2008,0,600000.0,3,3.25,1690,1473,2.0,0,0,3,8
20140828,2014,0,490000.0,3,2.25,1620,1062,3.0,0,0,3,8
20150330,2011,0,330000.0,3,1.75,1300,958,2.0,0,0,3,7
20141201,2013,0,286950.0,4,2.5,1610,4052,2.0,0,0,3,7
20150423,2015,0,1550000.0,3,3.25,3530,4920,2.0,0,0,3,9
20150212,2007,0,880000.0,4,2.5,3550,8618,2.0,0,0,3,10
20141013,2014,0,577450.0,3,3.0,1730,1755,3.0,0,0,3,8
20150430,2011,0,405000.0,5,2.75,2400,4900,2.0,0,0,3,8
20140707,2014,0,510000.0,3,2.5,1420,1237,3.0,0,0,3,8
20140812,2008,0,465000.0,2,1.5,1220,1120,2.5,0,0,3,8
20140707,2013,0,1300000.0,4,2.25,2360,4000,2.0,0,0,3,9
20150408,2007,0,609000.0,4,3.5,3990,11270,2.0,0,3,3,9
20140911,2004,0,336000.0,3,2.5,1260,1211,3.0,0,0,3,8
20150108,2013,0,375000.0,3,2.5,1580,2407,2.0,0,0,3,8
20141204,2005,0,294500.0,3,2.5,1760,2688,2.0,0,0,3,7
20141125,2008,0,925000.0,5,3.5,3420,4216,2.0,0,0,3,9
20141215,2006,0,730000.0,5,2.75,2870,6593,2.0,0,0,3,9
20140919,2013,0,280000.0,4,2.5,1934,5677,2.0,0,0,3,8
20140815,2014,0,500000.0,3,1.5,1220,962,3.0,0,0,3,8
20150324,2013,0,605000.0,3,2.75,2450,5750,2.0,0,0,3,9
20140516,2007,0,379950.0,3,3.25,1860,1787,3.0,0,0,3,8
20150323,2008,0,605000.0,3,2.5,1500,1119,3.0,0,2,3,7
20150501,2007,0,720000.0,2,1.75,1570,1108,3.0,0,0,3,9
20141103,2014,0,549900.0,3,2.0,1280,960,2.0,0,0,3,9
20150121,2014,0,427000.0,3,2.5,3192,5653,2.0,0,0,3,8
20141028,2005,0,492000.0,3,2.5,1690,1479,3.0,0,0,3,8
20140505,2014,0,419190.0,2,2.5,1590,1426,2.0,0,0,3,8
20141112,2012,0,650000.0,3,2.5,2870,7288,2.0,0,0,3,9
20141124,2005,0,379950.0,4,2.5,2580,4818,2.0,0,0,3,8
20140728,2012,0,269800.0,4,2.75,1830,3420,2.0,0,0,3,8
20140813,2011,0,407000.0,4,2.5,2927,6000,2.0,0,0,3,7
20150415,2008,0,580000.0,3,1.5,1320,1250,3.0,0,0,3,8
20150116,2011,0,389700.0,3,2.5,1720,3581,2.0,0,0,3,7
20140731,2015,0,230000.0,3,1.5,1040,1264,2.0,0,0,3,9
20140829,2014,0,533380.0,4,2.75,2790,6685,2.0,0,0,3,8
20140918,2014,0,295500.0,3,2.5,1410,1332,2.0,0,0,3,7
20141007,2006,0,860000.0,4,4.5,4040,8400,2.0,0,0,3,9
20140708,2007,0,812000.0,4,3.5,3370,3634,2.0,0,0,3,9
20140605,2009,0,324500.0,3,2.5,1660,3990,2.0,0,0,3,7
20150326,2004,0,193000.0,2,1.75,910,2550,1.0,0,0,3,6
20140522,2005,0,355000.0,3,2.25,1280,959,3.0,0,0,3,8
20140614,2008,0,525000.0,4,2.75,2360,4924,2.0,0,0,3,8
20150227,2012,0,370950.0,3,2.5,2529,9653,2.0,0,0,3,7
20141107,2002,0,1242000.0,4,3.5,4700,10183,1.0,0,2,3,11
20150504,2006,0,950000.0,3,2.5,2780,275033,1.0,0,0,3,10
20140918,2014,0,888990.0,4,2.75,3540,5500,2.0,0,0,3,9
20150319,2014,0,705000.0,3,2.5,1580,1321,2.0,0,2,3,8
20140826,2014,0,268000.0,3,2.5,1700,2250,2.0,0,0,3,7
20140507,2013,0,305450.0,3,2.5,1600,3573,2.0,0,0,3,7
20140703,2011,0,399900.0,2,1.75,1410,1005,1.5,0,0,3,9
20141229,2014,0,495000.0,3,1.5,1580,1228,3.0,0,0,3,8
20141104,2014,0,857326.0,3,3.5,3940,11632,2.0,0,0,3,10
20140911,2014,0,845950.0,5,2.75,4450,9600,2.0,0,0,3,9
20140610,2014,0,303210.0,4,2.5,2009,5000,2.0,0,0,3,8
20141015,2009,0,343000.0,6,5.0,2732,7655,2.0,0,0,3,7
20140716,2005,0,300000.0,3,2.5,2090,4590,2.0,0,0,3,7
20141122,2008,0,334900.0,2,2.5,980,1013,3.0,0,0,3,8
20150416,2012,0,477500.0,5,3.5,2815,5619,2.0,0,0,3,9
20140618,2008,0,820000.0,4,2.5,3170,8523,2.0,0,0,3,9
20140805,2014,0,580000.0,5,3.25,3030,7410,2.0,0,0,3,8
20140722,2006,0,350000.0,2,2.5,1280,940,2.0,0,0,3,8
20150226,2007,0,910000.0,3,2.5,2030,1160,3.0,0,0,3,9
20140626,2012,0,414000.0,3,2.5,2490,4540,2.5,0,0,3,8
20150330,2009,0,525000.0,3,2.5,3030,4500,2.0,0,0,3,8
20150409,2008,0,650000.0,2,2.5,1470,690,3.0,0,3,3,8
20141210,2012,0,450000.0,3,2.25,1620,997,2.5,0,0,3,8
20140516,2008,0,1270000.0,4,3.0,5520,8313,2.0,0,3,3,9
20150412,2007,0,699000.0,3,3.5,3200,10344,2.0,0,0,3,10
20140723,2013,0,899000.0,4,2.5,2580,3943,2.0,0,0,3,8
20140808,2014,0,353500.0,4,3.0,2050,4000,2.0,0,0,3,8
20140908,2011,0,485000.0,3,2.5,2430,5867,2.0,0,0,3,7
20140626,2014,0,782900.0,4,3.25,3060,3898,2.0,0,0,3,10
20150428,2008,0,529000.0,2,2.0,1540,9714,2.0,0,0,3,8
20150416,2008,0,514700.0,3,3.25,1310,1072,2.0,0,0,3,8
20140520,2014,0,409316.0,3,2.5,1800,3168,2.0,0,0,3,8
20150506,2014,0,388598.0,3,2.5,2370,4200,2.0,0,0,3,8
20150227,2004,0,415000.0,3,2.25,1445,1512,2.0,0,0,3,7
20150407,2006,0,521500.0,3,2.25,1450,1619,2.0,0,0,3,8
20140820,2008,0,580000.0,3,2.5,1740,1236,3.0,0,2,3,8
20140630,2014,0,882566.0,4,2.5,3560,5265,3.0,0,0,3,8
20150408,2010,0,525000.0,3,2.75,2130,1400,2.0,0,0,3,9
20141201,2007,0,515000.0,5,2.75,2980,4502,2.0,0,0,3,9
20140926,2014,0,589410.0,3,3.0,2840,7201,2.0,0,0,3,9
20150324,2009,0,757500.0,4,2.5,3420,6845,2.0,0,0,3,9
20141002,2013,0,284000.0,3,2.5,1660,4083,2.0,0,0,3,7
20150328,2013,0,338500.0,2,2.25,1150,711,2.0,0,0,3,7
20140613,2005,0,379500.0,3,2.25,1410,1287,2.0,0,0,3,7
20140723,2007,0,550000.0,3,2.0,1420,1369,2.5,0,0,3,9
20140902,2010,0,294900.0,3,2.5,1860,5025,2.0,0,0,3,8
20140609,2008,0,345000.0,2,1.5,1340,1210,2.0,0,0,3,8
20150209,2005,0,450000.0,2,1.5,1530,1012,2.0,0,0,3,8
20150415,2014,0,420000.0,3,2.5,1509,1114,3.0,0,0,3,8
20150402,2013,0,740000.0,3,2.5,2350,3798,2.0,0,0,3,8
20150220,2007,0,286000.0,2,1.5,1010,825,3.0,0,0,3,7
20150317,2013,0,870000.0,5,3.5,4495,10079,2.0,0,0,3,9
20141114,2009,0,727000.0,3,2.5,1580,991,3.0,0,0,3,9
20150204,2012,0,395000.0,4,3.0,2750,7965,2.0,0,0,3,9
20140805,2005,0,535000.0,4,2.25,1890,3615,2.0,0,0,3,7
20141229,2007,0,255000.0,3,2.25,1320,963,2.0,0,0,3,7
20141015,2006,0,260000.0,4,2.5,2150,3721,2.0,0,0,3,8
20140910,2014,0,810000.0,4,2.5,3340,8384,2.0,0,0,3,9
20141201,2010,0,359782.0,3,2.5,1850,3400,2.0,0,0,3,7
20150320,2012,0,500000.0,2,2.5,1950,2162,2.0,0,0,3,9
20141027,2014,0,1049990.0,5,3.25,4240,9588,2.0,0,0,3,9
20150225,2006,0,810000.0,4,3.5,2700,2868,2.0,0,0,3,11
20150206,2011,0,605000.0,5,4.0,3040,6000,2.0,0,0,3,8
20150317,2005,0,730000.0,4,2.5,2460,7930,2.0,0,0,3,8
20150317,2013,0,327000.0,4,2.5,2110,3825,2.0,0,0,3,7
20141110,2009,0,370000.0,2,1.0,780,1133,2.0,0,0,3,7
20140625,2001,0,459000.0,5,3.5,2640,6895,2.0,0,0,3,7
20141113,2013,0,2900000.0,5,4.0,5190,14600,2.0,0,1,3,11
20141210,2013,0,365000.0,4,2.5,2420,8404,2.0,0,0,3,8
20141226,2011,0,255000.0,4,2.5,1987,6000,2.0,0,0,3,7
20141002,2006,0,375000.0,2,1.5,1130,912,2.0,0,0,3,8
20140722,2014,0,518380.0,4,2.5,2810,4500,2.0,0,0,3,9
20140721,2007,0,346000.0,3,3.25,1500,1442,2.0,0,0,3,8
20150223,2008,0,302059.0,4,2.0,1390,745,3.0,0,0,3,7
20140519,2013,0,575000.0,4,2.5,2500,4945,2.0,0,0,3,9
20140723,2014,0,549950.0,4,3.5,3906,9674,2.0,0,2,3,9
20150219,2007,0,900000.0,5,6.0,7120,40806,2.0,0,4,3,12
20140711,2006,0,397500.0,3,2.5,1470,1256,2.0,0,0,3,8
20141121,2007,0,1075000.0,5,3.5,3230,7560,2.0,0,0,3,10
20150422,2014,0,775900.0,3,2.5,2700,5764,2.0,0,0,3,9
20150508,2008,0,510000.0,4,2.5,4073,17334,2.0,0,0,3,8
20140829,2014,0,471275.0,4,2.5,3361,5038,2.0,0,0,3,9
20140911,2010,0,288000.0,4,2.25,1610,3560,2.0,0,0,3,7
20141016,2014,0,989990.0,4,3.5,3830,7150,2.0,0,0,3,9
20140612,2008,0,300000.0,3,3.25,1470,1235,2.0,0,0,3,7
20140623,2013,0,664950.0,5,3.0,3190,7081,1.0,0,2,3,9
20140716,2014,0,699188.0,4,3.25,3250,5478,2.0,0,0,3,9
20150303,2009,0,390000.0,3,2.25,1490,4539,2.0,0,0,3,7
20150321,2008,0,670000.0,5,2.75,2900,5155,2.0,0,0,3,8
20140709,2005,0,487000.0,4,2.5,2540,5001,2.0,0,0,3,9
20140723,2014,0,769995.0,5,2.75,3360,12080,2.0,0,0,3,9
20140508,2007,0,321950.0,2,1.25,860,1277,2.0,0,0,3,7
20150427,2006,0,613500.0,4,2.5,3020,6068,2.0,0,0,3,9
20140806,2002,0,300000.0,3,2.5,1330,1200,3.0,0,0,3,7
20141125,2014,0,400950.0,4,2.5,2578,4554,2.0,0,0,3,9
20140918,2014,0,389517.0,4,2.5,2640,4725,2.0,0,0,3,8
20140821,2011,0,255000.0,3,1.75,1260,1133,2.0,0,0,3,7
20150220,2012,0,1080000.0,3,2.5,1990,1891,3.0,0,0,3,9
20141121,2014,0,637850.0,5,3.25,3340,4900,2.0,0,2,3,9
20140828,2013,0,636230.0,4,2.5,2840,6284,2.0,0,0,3,9
20141216,2009,0,375000.0,3,2.5,1530,1131,3.0,0,0,3,8
20140604,2006,0,586500.0,3,2.5,1780,1487,3.0,0,0,3,8
20150120,2005,0,544000.0,4,2.5,2340,6973,2.0,0,0,3,8
20140806,2002,0,425000.0,4,2.5,2390,5021,2.0,0,0,3,7
20150311,2012,0,374950.0,4,2.5,2090,3777,2.0,0,0,3,8
20141013,2012,0,300000.0,3,2.5,1960,1477,2.0,0,0,3,7
20140910,2014,0,395950.0,5,3.5,2738,6031,2.0,0,0,3,8
20140718,2013,0,800000.0,4,2.5,3691,11088,2.0,0,1,3,8
20140730,2013,0,439990.0,3,2.5,2340,5171,2.0,0,0,3,8
20141106,2013,0,680000.0,4,3.5,2510,3763,2.0,0,0,3,8
20150318,1998,0,677790.0,6,3.0,2800,4213,2.0,0,0,3,8
20150501,2013,0,424950.0,3,2.5,1650,4777,2.0,0,0,3,8
20150331,2013,0,223990.0,2,2.25,1061,2884,2.0,0,0,3,7
20150513,2014,0,498000.0,4,2.5,3402,14355,2.0,0,0,3,10
20141031,2014,0,359950.0,4,2.5,2542,6120,2.0,0,0,3,8
20140515,2007,0,720000.0,3,2.5,3150,151588,2.0,0,0,3,9
20141112,2008,0,530000.0,4,2.5,3010,9000,2.0,0,0,3,8
20141007,2011,0,295000.0,3,2.5,1660,4898,2.0,0,0,3,7
20141021,2009,0,255500.0,3,2.5,1770,5000,2.0,0,0,3,7
20140521,2007,0,556000.0,3,3.0,1960,1168,2.0,0,0,3,9
20140710,2012,0,277950.0,4,2.5,1889,6000,2.0,0,0,3,7
20150408,2007,0,431000.0,4,2.5,3040,6000,2.0,0,0,3,9
20141117,2010,0,780000.0,4,2.75,3420,6787,2.0,0,0,3,9
20141014,2004,0,649000.0,3,3.25,1720,936,2.0,0,0,3,8
20140714,2012,0,447000.0,3,2.5,1740,3043,2.0,0,0,3,7
20140505,2013,0,712198.0,4,2.5,2450,4247,2.0,0,0,3,8
20140815,2014,0,277140.0,3,1.5,1190,785,2.0,0,0,3,8
20140528,2008,0,363000.0,4,2.5,3753,7204,2.0,0,0,3,10
20150202,2014,0,598992.0,5,3.5,3440,6037,2.0,0,0,3,9
20141211,2010,0,585000.0,3,2.5,2160,1250,3.0,0,0,3,8
20140731,2014,0,1274950.0,4,2.75,3820,8850,2.0,0,0,3,10
20150212,2007,0,380950.0,2,2.0,1120,1039,2.0,0,0,3,7
20140708,2014,0,333490.0,4,2.5,2250,3916,2.0,0,0,3,8
20140604,2011,0,520000.0,3,3.25,1540,1487,2.0,0,0,3,8
20141007,2009,0,315000.0,2,2.25,1240,705,2.0,0,0,3,7
20150331,2007,0,487000.0,2,1.5,1160,1118,2.0,0,0,3,8
20140808,2013,0,424950.0,5,3.5,2760,3865,2.5,0,0,3,8
20150210,2013,0,542300.0,3,2.25,1580,1487,3.0,0,0,3,9
20141211,2013,0,320000.0,3,3.25,1480,1192,2.0,0,0,3,8
20140723,2014,0,1139990.0,4,3.25,3740,11467,2.0,0,0,3,10
20141215,2012,0,425000.0,4,2.5,1950,5000,2.0,0,0,3,8
20141031,2012,0,474950.0,3,3.0,1530,1568,3.0,0,0,3,8
20140804,2014,0,307635.0,3,2.5,1820,4200,2.0,0,0,3,8
20141210,2014,0,834538.0,3,2.5,2760,6187,2.0,0,0,3,10
20140723,2014,0,769995.0,5,2.75,3010,5398,2.0,0,0,3,9
20150424,2006,0,820875.0,5,3.25,3860,9387,2.0,0,2,3,9
20150316,2013,0,595500.0,4,2.5,2490,6537,2.0,0,0,3,8
20140912,2005,0,450000.0,4,2.5,3236,9608,2.0,0,0,3,10
20150421,2003,0,695000.0,4,2.5,2830,14538,2.0,0,0,3,8
20150323,2010,0,300000.0,3,2.0,1451,7159,1.0,0,0,3,7
20140623,2013,0,515000.0,5,3.25,2910,5027,2.0,0,0,3,8
20140903,2009,0,545000.0,3,2.5,1280,1845,3.0,0,0,3,8
20150218,2008,0,365000.0,3,2.25,1110,979,2.0,0,0,3,7
20140714,2008,0,718500.0,4,2.75,2840,8800,2.0,0,0,3,9
20150401,2014,0,279800.0,3,1.75,1410,2052,2.0,0,0,3,8
20140925,2014,0,486940.0,4,2.5,3250,13360,2.0,0,0,3,9
20140626,2011,0,525000.0,4,2.75,3030,6625,2.0,0,0,3,8
20140725,2012,0,345000.0,4,2.5,1983,6002,2.0,0,0,3,9
20141030,2005,0,613000.0,3,3.25,2440,2812,2.0,0,0,3,8
20140825,2011,0,370000.0,3,2.5,2313,5700,2.0,0,0,3,9
20141002,2005,0,449500.0,3,2.25,1260,2556,2.0,0,0,3,7
20150416,2011,0,515000.0,3,2.5,2000,3837,2.0,0,0,3,8
20150504,2013,0,346100.0,2,1.75,1150,698,2.0,0,0,3,7
20141209,2007,0,398500.0,4,2.5,2820,6666,2.0,0,0,3,9
20140820,2008,0,310000.0,2,1.75,1160,2500,2.0,0,0,3,7
20150226,2012,0,250000.0,3,2.25,1481,2820,2.0,0,0,3,7
20140806,2013,0,1880000.0,5,3.5,4390,6220,2.0,0,3,3,9
20140827,2007,0,695000.0,2,1.75,1570,1207,3.0,0,0,3,9
20140827,2007,0,1085000.0,4,3.0,3410,6541,2.0,0,2,3,9
20140804,2014,0,864327.0,5,3.25,3480,6507,2.0,0,0,3,9
20140616,2014,0,749995.0,4,3.25,3430,9870,2.0,0,0,3,9
20140610,2006,0,525000.0,5,2.75,2880,8364,2.0,0,0,3,9
20141121,2006,0,659950.0,3,2.5,2990,9413,2.0,0,0,3,10
20140506,2013,0,1800000.0,5,5.0,4490,10279,2.0,0,0,3,10
20141029,2011,0,950000.0,5,4.0,4100,8120,2.0,0,0,3,9
20140618,2005,0,1399950.0,4,2.75,3870,10046,2.0,0,0,3,11
20140702,2008,0,265050.0,2,1.5,800,2119,2.0,0,0,3,7
20150306,2009,0,450000.0,3,2.25,1620,1057,3.0,0,0,3,8
20150505,2010,0,915000.0,4,2.5,2910,4356,3.0,0,0,3,8
20140630,2007,0,963000.0,4,3.25,3530,8589,2.0,0,0,3,10
20141008,2013,0,270000.0,4,2.5,2701,5821,2.0,0,0,3,7
20140724,2012,0,294000.0,2,2.5,1380,889,2.0,0,0,3,7
20140605,2011,0,700000.0,3,2.5,2050,4185,2.0,0,0,3,9
20150316,2014,0,1065000.0,3,4.0,3370,8252,2.0,0,0,3,10
20150429,2008,0,494900.0,3,2.5,2040,2500,2.0,0,0,3,7
20140801,2010,0,415000.0,3,2.5,1610,3600,2.0,0,0,3,8
20140502,2013,0,459990.0,3,2.5,2680,5539,2.0,0,0,3,8
20141003,2014,0,882990.0,4,3.5,3560,6562,2.0,0,0,3,10
20141229,2007,0,620000.0,4,3.5,3880,8244,2.0,0,0,3,10
20150212,2010,0,375900.0,3,2.0,1824,7120,1.0,0,0,3,9
20141006,2012,0,654000.0,3,2.5,2220,2873,2.0,0,0,3,10
20150325,2013,0,1839900.0,4,3.25,4140,11007,2.0,0,0,3,10
20141210,2009,0,215000.0,3,2.5,1322,6006,2.0,0,0,3,7
20141124,2006,0,630500.0,3,2.5,1909,1300,3.0,0,0,3,8
20141107,2010,0,855000.0,4,3.5,3460,7702,2.0,0,0,3,10
20150127,2007,0,235245.0,4,2.5,1954,5075,2.0,0,0,3,8
20140710,2007,0,770000.0,5,2.5,3000,7912,1.0,0,0,3,9
20140619,2012,0,734990.0,4,2.5,2650,6884,2.0,0,0,3,8
20150109,2013,0,880000.0,4,2.5,2580,3436,2.0,0,0,3,8
20150114,2011,0,525000.0,4,3.0,2650,4924,2.0,0,0,3,8
20140807,2008,0,775000.0,4,3.5,3390,3960,2.0,0,0,3,10
20150430,2009,0,687015.0,3,1.75,1470,873,3.0,0,0,3,10
20141112,2006,0,663000.0,3,2.5,1910,5125,2.0,0,0,3,9
20150330,2005,0,815000.0,4,2.5,3030,7187,2.0,0,0,3,9
20150427,2013,0,1050000.0,4,3.25,2930,25020,2.0,0,0,3,9
20150423,2014,0,433190.0,3,2.5,1650,2787,2.0,0,0,3,8
20141210,2006,0,725000.0,4,2.5,2870,5118,2.0,0,0,3,9
20150408,2013,0,279950.0,3,2.5,1608,4800,2.0,0,0,3,8
20150327,2014,0,272167.0,2,2.5,1620,3795,2.0,0,0,3,7
20140616,2007,0,468500.0,3,2.5,1350,1186,2.0,0,0,3,8
20140602,2010,0,298000.0,3,2.5,1950,3600,2.0,0,0,3,7
20150114,2007,0,303500.0,6,4.5,3390,7200,2.0,0,0,3,8
20150410,2008,0,308000.0,3,1.75,1300,1237,2.0,0,0,3,7
20150415,2014,0,646800.0,3,3.0,2230,1407,2.5,0,0,3,8
20150102,2010,0,530200.0,4,2.5,1880,3853,2.0,0,0,3,8
20141112,2006,0,405000.0,5,2.5,3370,5092,2.0,0,0,3,7
20140724,2014,0,529000.0,2,2.5,1320,1395,2.0,0,0,3,8
20140908,2013,0,675900.0,3,2.5,2920,9096,2.0,0,0,3,9
20150402,2013,0,570000.0,3,3.25,1550,1280,2.0,0,0,3,9
20141226,2010,0,375500.0,4,2.5,2301,6452,2.0,0,0,3,9
20141021,2004,0,445000.0,3,3.25,1710,1960,2.0,0,0,3,8
20150105,2013,0,1100000.0,4,3.75,2890,4164,2.0,0,0,3,9
20140825,2006,0,477000.0,3,2.5,2100,5060,2.0,0,0,3,7
20141121,2014,0,450000.0,3,2.75,2240,3360,2.0,0,0,3,8
20150326,2006,0,427005.0,3,3.0,1460,1200,3.0,0,0,3,8
20150224,2014,0,720000.0,3,1.75,1370,1990,3.0,0,0,3,9
20141008,2014,0,2230000.0,3,3.5,3760,5634,2.0,1,4,3,11
20140527,2009,0,450800.0,4,3.25,2510,5311,2.0,0,0,3,9
20140829,2010,0,461100.0,2,2.25,1210,1267,2.0,0,0,3,8
20141001,2014,0,1061600.0,4,3.0,2990,6695,2.0,0,0,3,10
20150408,2006,0,590000.0,3,2.5,1710,2875,2.0,0,0,3,8
20140716,2014,0,478830.0,4,2.5,3274,4950,2.0,0,0,3,9
20140709,2014,0,760000.0,4,2.25,3300,8365,3.0,0,0,3,9
20140703,2008,0,1025000.0,4,3.5,4370,10860,2.0,0,0,3,11
20140613,2006,0,385000.0,4,2.5,2050,5276,2.0,0,0,3,7
20140516,2006,0,500000.0,2,2.5,1310,1500,2.0,0,0,3,8
20150415,2012,0,425000.0,3,1.5,1680,8000,1.5,0,0,3,7
20140905,2005,0,552100.0,3,3.0,1330,1379,2.0,0,0,4,8
20141229,2009,0,785000.0,3,3.0,1950,1983,3.0,0,0,3,9
20150323,2012,0,615000.0,5,3.25,3090,7069,2.0,0,0,3,9
20150423,2013,0,309000.0,3,2.5,1950,3825,2.0,0,0,3,7
20150220,2009,0,369500.0,3,2.0,1108,1128,3.0,0,0,3,7
20150211,2006,0,391000.0,4,2.25,2190,3850,2.0,0,0,3,7
20141029,2014,0,465000.0,3,1.75,1590,1322,2.0,0,0,3,8
20140606,2014,0,879950.0,4,2.75,3010,7215,2.0,0,0,3,9
20141023,2014,0,372000.0,3,2.0,1330,1042,2.0,0,0,3,8
20140522,2011,0,259000.0,3,2.5,1550,3569,2.0,0,0,3,7
20140707,2001,0,374000.0,2,1.5,1260,1575,2.0,0,0,3,7
20150305,2001,0,561000.0,4,2.5,2550,5395,2.0,0,0,3,8
20150403,2007,0,610000.0,3,2.5,1300,1331,3.0,0,0,3,8
20150108,2014,0,635000.0,3,3.0,2230,1407,2.5,0,0,3,8
20140627,2007,0,235000.0,1,1.5,1170,1456,2.0,0,0,3,8
20140716,2007,0,623300.0,4,3.5,4170,4524,2.0,0,0,3,9
20141023,2007,0,412500.0,3,2.0,1680,5246,1.0,0,0,3,7
20141121,2014,0,380000.0,4,3.25,2864,8035,3.0,0,0,3,8
20140623,2005,0,497000.0,3,2.25,1630,3817,2.0,0,0,3,7
20141111,2014,0,452000.0,4,2.5,2716,7850,2.0,0,0,3,9
20141025,2013,0,312000.0,3,2.5,1750,4076,2.0,0,0,3,7
20140919,2014,0,469950.0,5,3.0,3223,6371,2.0,0,0,3,9
20140805,2014,0,775000.0,5,2.5,2600,4284,2.0,0,0,3,9
20150427,2014,0,679990.0,4,2.75,3320,8653,2.0,0,0,3,8
20140627,2008,0,288790.0,4,2.0,1350,942,3.0,0,0,3,7
20150408,2007,0,800000.0,5,2.5,3410,4726,2.0,0,0,3,9
20150427,2013,0,299000.0,3,2.5,1572,4000,2.0,0,0,3,8
20150129,2013,0,332000.0,4,2.5,2300,4482,2.0,0,0,3,7
20140903,2014,0,620000.0,3,1.75,1458,858,2.0,0,0,3,8
20141103,2007,0,452000.0,4,2.5,2190,6896,2.0,0,0,3,7
20141028,2010,0,630000.0,4,3.0,3640,5096,2.0,0,0,3,8
20140724,2013,0,485000.0,4,2.75,2790,7803,2.0,0,0,3,8
20141013,2013,0,349950.0,4,2.5,2632,4117,2.0,0,0,3,8
20140701,2013,0,499990.0,4,2.75,2910,6334,2.0,0,0,3,8
20141205,2005,0,510000.0,2,2.25,1470,1101,2.0,0,0,3,8
20150303,1995,0,1080000.0,3,2.5,2240,21477,2.0,0,2,3,8
20140508,2011,0,494000.0,3,2.5,2310,4729,2.0,0,0,3,8
20140626,2009,0,429900.0,3,2.5,2370,5353,2.0,0,0,3,8
20141015,2007,0,505000.0,4,2.75,2980,9825,1.0,0,0,3,8
20140715,2009,0,272000.0,4,2.0,1870,6551,1.0,0,3,3,7
20150210,2012,0,671500.0,3,2.5,1770,1714,3.0,0,0,3,8
20150311,2001,0,729950.0,4,3.5,3510,10010,2.0,0,0,3,10
20140721,2014,0,471835.0,4,2.5,3281,5354,2.0,0,0,3,9
20141103,2014,0,249950.0,3,2.0,1670,4438,1.0,0,0,3,7
20140808,2013,0,424950.0,5,3.5,2760,3846,2.5,0,0,3,8
20140709,2007,0,1240000.0,5,3.5,5430,10327,2.0,0,2,3,10
20140911,2011,0,440000.0,4,2.5,2990,7928,2.0,0,0,3,9
20150408,2008,0,495000.0,4,3.5,3170,3858,2.0,0,0,3,8
20140513,2006,0,870000.0,4,2.5,3520,6773,2.5,0,0,3,9
20141125,2015,0,559000.0,2,3.0,1650,960,3.0,0,0,3,8
20140507,2014,0,495000.0,4,2.75,2656,21195,2.0,0,0,3,9
20150213,2014,0,722000.0,3,2.5,2230,4850,2.0,0,0,3,8
20140702,2006,0,567500.0,3,2.5,2280,2502,2.0,0,0,3,8
20141217,2011,0,440000.0,4,2.5,2798,5085,2.0,0,0,3,9
20140829,2008,0,400000.0,4,2.5,2398,5988,2.0,0,0,3,8
20141006,2014,0,459995.0,4,2.5,2350,3760,2.0,0,0,3,8
20140507,2008,0,365000.0,5,2.75,2410,5003,1.0,0,0,3,7
20150417,2015,0,389950.0,3,2.25,1580,920,3.0,0,0,3,8
20140708,2013,0,320000.0,3,3.25,1450,1387,2.0,0,0,3,8
20140613,2009,0,415500.0,4,2.5,1750,4779,2.0,0,0,3,7
20150309,2008,0,775000.0,3,2.5,3020,4120,2.0,0,0,3,9
20150311,2007,0,590000.0,3,3.0,1740,1100,3.0,0,0,3,8
20150123,2007,0,950000.0,2,2.25,2200,2043,2.0,0,0,3,9
20140806,2013,0,378950.0,4,2.5,1867,15314,2.0,0,0,3,9
20140508,2008,0,441750.0,2,1.5,1020,1060,3.0,0,0,3,8
20141031,2014,0,335900.0,4,2.75,2475,4000,2.0,0,0,3,7
20140627,2014,0,229800.0,2,1.75,1110,1773,2.0,0,0,3,8
20150310,2007,0,645000.0,3,2.5,1900,1258,2.5,0,0,3,7
20150423,2009,0,448000.0,3,3.25,1560,1345,2.0,0,0,3,8
20141216,2011,0,706000.0,4,2.5,2510,5436,2.0,0,0,3,8
20150227,2014,0,988990.0,4,4.75,4150,6303,3.0,0,0,3,9
20140716,2013,0,716000.0,3,3.0,1660,1849,3.0,0,0,3,9
20150421,2009,0,319000.0,2,1.5,1090,847,3.0,0,0,3,8
20141014,2009,0,300000.0,4,2.5,1914,3272,2.0,0,0,3,8
20140502,2007,0,625000.0,4,3.25,2730,54014,1.0,0,0,3,9
20140514,2007,0,773000.0,3,2.75,2470,3600,2.0,0,0,3,9
20140925,2009,0,392000.0,5,2.5,2340,5670,2.0,0,0,3,7
20140911,2014,0,549995.0,4,3.5,2660,5690,2.0,0,0,3,8
20140920,2009,0,480000.0,3,2.5,2410,4656,2.0,0,0,3,7
20141020,2010,0,355000.0,3,2.25,1430,4777,2.0,0,0,3,7
20141230,2007,0,208400.0,2,2.5,1570,1268,3.0,0,0,3,7
20140822,2014,0,831548.0,5,2.75,3010,4919,2.0,0,0,3,9
20141117,2009,0,279500.0,4,2.5,1613,4338,2.0,0,0,3,7
20150227,2008,0,445000.0,3,2.5,2380,5269,2.0,0,0,3,8
20140616,2006,0,492500.0,5,2.5,2570,9962,2.0,0,0,3,8
20140709,2009,0,435000.0,4,2.5,2550,5200,2.0,0,0,3,7
20150512,2007,0,325000.0,3,2.25,1330,969,3.0,0,0,3,7
20141117,2005,0,453000.0,2,1.5,1160,1269,2.0,0,0,3,7
20140822,2014,0,612995.0,5,3.5,3240,6919,2.0,0,0,3,8
20140904,2011,0,540000.0,4,2.5,2710,9248,2.0,0,0,3,7
20140812,2014,0,799950.0,3,2.25,1860,1386,3.0,0,0,3,9
20141124,2008,0,495000.0,3,2.25,1280,1517,2.0,0,0,3,8
20150228,2014,0,579950.0,3,2.5,1810,1585,3.0,0,0,3,7
20150220,2008,0,331000.0,2,2.25,1240,720,2.0,0,0,3,7
20140825,2008,0,580000.0,4,3.5,1460,951,3.0,0,0,3,8
20150414,2014,0,669000.0,2,2.5,1640,1953,2.0,0,0,3,10
20140703,2014,0,2351960.0,4,4.25,5010,19412,2.0,0,1,3,11
20150116,2005,0,539900.0,3,3.25,1300,1325,2.0,0,0,3,8
20140723,2010,0,490000.0,4,2.5,2510,4349,2.0,0,0,3,8
20140527,2005,0,627000.0,3,3.5,2710,3475,2.0,0,0,3,8
20140728,2008,0,458000.0,4,3.5,3217,4000,2.0,0,0,3,8
20141110,2007,0,440000.0,3,2.5,1650,4929,2.0,0,0,3,7
20150310,2015,0,1698000.0,4,3.5,3950,6240,2.0,0,0,3,11
20150511,2009,0,935000.0,2,2.5,1680,977,3.0,0,0,3,9
20150417,2013,0,641000.0,5,3.5,3420,6403,2.0,0,2,3,8
20140911,2007,0,452000.0,3,2.75,2300,5090,2.0,0,0,3,8
20141223,2012,0,625000.0,4,2.75,3010,6854,2.0,0,2,3,9
20150303,2008,0,1350000.0,4,3.5,4680,12495,2.0,0,0,3,10
20140908,2014,0,834950.0,5,3.5,3630,4911,2.0,0,0,3,9
20141028,2008,0,1500000.0,3,3.5,3530,3610,2.0,0,0,3,10
20140825,2006,0,305000.0,4,2.5,2280,3800,2.0,0,0,3,7
20141112,2007,0,659000.0,3,2.5,3090,384634,2.0,0,0,3,8
20140522,2008,0,353000.0,1,1.0,550,1279,2.0,0,0,3,7
20150304,2014,0,535000.0,4,3.25,2840,4000,2.0,0,3,3,9
20140708,2013,0,999000.0,4,2.5,3130,10849,2.0,0,0,3,10
20150129,2009,0,375000.0,3,2.5,1440,1102,3.0,0,0,3,8
20140616,2008,0,685000.0,4,3.5,2840,4637,3.0,0,0,3,8
20140808,2012,0,333000.0,4,2.5,2623,7184,2.0,0,0,3,8
20150508,2015,0,1999950.0,4,3.25,5640,35006,2.0,0,2,3,11
20141015,2008,0,329950.0,2,2.25,1260,1032,2.0,0,0,3,7
20150420,2011,0,403000.0,2,1.0,894,1552,2.0,0,0,3,7
20141111,2014,0,559630.0,4,2.5,3370,4934,2.0,0,0,3,9
20140818,2007,0,344000.0,3,2.25,1250,871,3.0,0,0,3,8
20150402,2008,0,435000.0,3,1.5,1180,1231,3.0,0,0,3,7
20140522,2007,0,430000.0,2,2.5,1520,1588,2.0,0,0,3,8
20141117,2010,0,417000.0,3,2.5,2000,4500,2.0,0,0,3,7
20150409,2014,0,895950.0,5,2.75,3180,9255,2.0,0,0,3,9
20150319,2014,0,563950.0,4,2.75,3050,4750,2.0,0,0,3,8
20140822,2007,0,1488000.0,5,6.0,6880,279968,2.0,0,3,3,12
20140612,2007,0,680000.0,3,2.5,2570,3600,2.5,0,0,3,9
20150209,2012,0,825750.0,4,3.5,2950,3737,2.0,0,0,3,10
20141209,2014,0,338000.0,3,2.5,1690,1760,2.0,0,0,3,8
20140718,2012,0,535365.0,4,2.75,2790,6969,2.0,0,0,3,8
20141211,2011,0,608000.0,3,2.25,1720,5234,2.0,0,0,3,9
20141016,2014,0,930000.0,3,2.25,2890,5000,3.0,0,0,3,9
20141021,2006,0,565000.0,2,1.75,1130,276170,1.0,0,0,3,8
20141219,2005,0,495000.0,2,2.25,1460,1623,2.0,0,0,3,8
20140722,2007,0,667000.0,3,2.5,2510,3819,2.0,0,0,3,8
20141112,2014,0,495000.0,4,2.5,3390,7870,2.0,0,0,3,8
20140929,2014,0,928990.0,4,2.5,3570,6054,2.0,0,0,3,9
20140630,2006,0,345000.0,4,2.5,2280,5000,2.0,0,0,3,7
20141216,2014,0,1065000.0,5,3.5,2920,3000,2.0,0,0,3,9
20140703,2014,0,519995.0,4,3.0,2590,6160,2.0,0,0,3,8
20141105,2014,0,924000.0,5,2.75,3210,8001,2.0,0,0,3,9
20150424,2010,0,295000.0,3,2.0,1230,3405,1.0,0,0,3,7
20140721,2005,0,472000.0,3,2.5,3800,104979,2.0,0,0,3,8
20140801,2005,0,405000.0,3,2.5,1500,2314,2.0,0,0,3,7
20140718,2012,0,410000.0,4,2.25,2510,4090,2.0,0,0,3,8
20141125,2007,0,419500.0,3,1.5,1400,1091,3.0,0,0,3,8
20140903,2009,0,382000.0,3,2.25,1450,4667,2.0,0,0,3,7
20150224,2007,0,370000.0,2,2.5,1390,1821,2.0,0,0,3,7
20141006,2005,0,553000.0,3,2.75,3160,9072,2.0,0,0,3,9
20140630,2013,0,2065000.0,4,3.75,4350,7965,2.0,0,0,3,10
20150401,2015,0,455950.0,4,2.5,2720,5771,2.0,0,0,3,8
20141027,2008,0,331000.0,3,3.25,1290,1153,3.0,0,0,3,7
20140507,2009,0,417250.0,3,2.25,1606,1452,3.0,0,0,3,8
20140520,2015,0,490000.0,5,3.5,4460,2975,3.0,0,2,3,10
20140804,2011,0,325000.0,4,3.25,2800,5291,2.0,0,0,3,7
20150223,2010,0,705000.0,5,3.5,3250,4800,2.0,0,0,3,9
20140717,2013,0,1174660.0,6,3.5,4310,7760,2.0,0,0,3,10
20150222,2007,0,365000.0,3,2.25,1310,915,2.0,0,0,3,7
20141117,2009,0,403000.0,2,1.5,1240,1101,2.0,0,0,3,8
20140813,2007,0,409000.0,3,2.5,1950,7263,2.0,0,0,3,7
20150407,2011,0,391000.0,3,2.5,1800,1120,2.0,0,0,3,8
20140616,2014,0,542525.0,4,2.5,2650,5600,2.0,0,0,3,8
20140507,2006,0,339950.0,2,1.0,820,681,3.0,0,0,3,8
20140819,2012,0,499990.0,4,2.75,2620,7001,2.0,0,0,3,8
20140923,2011,0,1765000.0,4,3.25,3980,10249,2.0,0,0,3,10
20150323,2009,0,608000.0,3,3.5,1660,2298,2.0,0,0,3,8
20150312,2014,0,392000.0,4,2.5,2130,4028,2.0,0,0,3,8
20150417,2003,0,320000.0,3,1.75,1790,66250,1.5,0,0,3,7
20150417,2014,0,274800.0,3,1.75,1410,1988,2.0,0,0,3,8
20150427,2007,0,325000.0,3,2.25,1330,1198,2.0,0,0,3,8
20150429,2009,0,418500.0,4,2.5,2190,4866,2.0,0,0,3,7
20140502,2006,0,300000.0,3,2.5,2540,5050,2.0,0,0,3,7
20150105,2012,0,269950.0,3,2.5,2244,4079,2.0,0,0,3,7
20150506,2010,0,358000.0,3,2.5,2026,7611,2.0,0,0,3,8
20150504,2013,0,350000.0,3,2.5,1730,4086,2.0,0,0,3,8
20140528,2007,0,782000.0,4,3.5,3910,8095,2.0,0,0,3,9
20140915,2009,0,779000.0,3,2.5,1580,1487,3.0,0,1,3,9
20141217,2007,0,685000.0,4,2.5,2510,3479,2.0,0,0,3,8
20140529,2006,0,305000.0,2,2.25,1000,905,3.0,0,0,3,8
20150417,2007,0,350000.0,4,2.5,1660,2500,2.0,0,0,3,7
20140923,2012,0,775000.0,4,3.5,3060,4573,2.0,0,0,3,9
20140828,2012,0,317750.0,3,2.5,1980,4500,2.0,0,0,3,7
20140508,2010,0,438000.0,2,1.0,980,1179,2.0,0,0,3,8
20140528,2005,0,325000.0,2,2.5,1050,1609,2.0,0,0,3,7
20150428,2012,0,830000.0,4,3.25,3080,4287,2.0,0,0,3,10
20140922,2006,0,353000.0,3,2.25,1900,3800,2.0,0,0,3,7
20140725,2010,0,460000.0,4,2.5,2200,6400,2.0,0,0,3,8
20150316,2008,0,370000.0,3,1.5,1360,1167,3.0,0,0,3,8
20140619,2011,0,330000.0,3,2.5,2238,7209,2.0,0,0,3,8
20150128,2014,0,569888.0,4,2.5,2590,6474,2.0,0,0,3,8
20140918,2014,0,353900.0,3,2.5,2517,3900,2.0,0,0,3,8
20150304,2001,0,695000.0,4,3.5,3510,9084,2.0,0,0,3,10
20140718,2008,0,288790.0,3,1.75,1290,1237,2.0,0,0,3,7
20150213,2014,0,334950.0,5,3.0,2230,8642,1.0,0,0,3,7
20141215,2013,0,869950.0,4,2.75,3140,7928,2.0,0,0,3,9
20141008,2014,0,557500.0,3,3.5,3350,5025,2.0,0,2,3,8
20140919,2014,0,389990.0,4,2.5,2245,4330,2.0,0,0,3,8
20140604,2006,0,455000.0,3,1.75,1420,1189,3.0,0,0,3,8
20141030,2006,0,598500.0,3,3.0,1560,2091,3.0,0,0,3,8
20150302,2011,0,750000.0,4,2.75,2810,5497,2.0,0,0,3,9
20141113,2014,0,729999.0,2,2.25,1630,1686,2.0,0,0,3,10
20150303,2012,0,299950.0,3,2.5,1740,4497,2.0,0,0,3,7
20140709,2007,0,374950.0,3,2.25,1390,1484,3.0,0,0,3,8
20150219,2009,0,386950.0,3,2.5,1070,1089,2.0,0,0,3,7
20140710,2006,0,535000.0,5,3.25,2850,4551,2.0,0,0,3,8
20140831,2011,0,890000.0,5,3.25,4100,7578,2.0,0,2,3,10
20150203,2007,0,1050000.0,4,2.5,3260,5974,2.0,0,1,3,9
20141015,2014,0,1107460.0,4,3.5,3660,4760,2.0,0,0,3,9
20141003,2014,0,436952.0,4,2.5,2708,4772,2.0,0,0,3,9
20140609,2011,0,365000.0,3,2.5,1800,2700,2.0,0,0,3,8
20140625,2007,0,288000.0,3,2.5,1150,887,3.0,0,0,3,7
20150220,2014,0,700000.0,3,2.5,2230,4006,2.0,0,0,3,8
20140509,2007,0,800000.0,4,3.25,3540,159430,2.0,0,0,3,9
20150511,2015,0,899000.0,4,3.5,2490,5500,2.0,0,0,3,9
20141218,2007,0,465750.0,3,2.5,2670,4534,2.0,0,0,3,9
20140618,2008,0,485000.0,2,2.5,1430,923,3.0,0,0,3,8
20140603,2014,0,494995.0,5,2.75,2670,3800,2.0,0,0,3,8
20150202,2006,0,255000.0,3,2.5,2555,5720,2.0,0,0,3,8
20140729,2011,0,530000.0,3,2.5,1970,6295,2.0,0,0,3,7
20140616,2007,0,435000.0,3,2.0,1980,2674,3.0,0,0,3,8
20140811,2014,0,639000.0,3,2.5,2010,3300,2.0,0,0,3,9
20140709,2007,0,440000.0,3,1.5,1270,1413,3.0,0,0,3,8
20140515,2013,0,914500.0,4,2.5,3950,10856,3.0,0,0,3,10
20141105,2009,0,580000.0,3,2.0,1870,5300,1.0,0,0,3,8
20150407,2007,0,250000.0,1,1.5,1180,1688,2.0,0,0,3,8
20150316,2007,0,410000.0,3,2.5,1420,1269,3.0,0,0,3,7
20140928,2014,0,531155.0,4,2.75,2810,5046,2.0,0,0,3,9
20140919,2005,0,358000.0,3,2.5,1400,1529,2.0,0,0,3,7
20140701,2009,0,425000.0,3,2.5,1950,5689,2.0,0,0,3,7
20140711,2004,0,326000.0,3,2.25,1930,3462,2.0,0,0,3,7
20140513,2013,0,650000.0,4,2.5,2210,4861,2.0,0,0,3,9
20150514,2008,0,749950.0,4,3.5,2630,3757,2.0,0,0,3,10
20150312,2014,0,239950.0,3,1.75,1600,4888,1.0,0,0,3,6
20140609,2010,0,315000.0,3,2.5,1480,1590,2.0,0,0,3,8
20140523,2006,0,375000.0,2,2.5,750,1430,2.0,0,0,3,8
20150427,2007,0,375000.0,3,1.5,1290,1213,3.0,0,0,3,8
20140922,2008,0,349000.0,3,3.25,1340,1151,3.0,0,0,3,7
20150225,2008,0,450000.0,2,1.5,1020,1049,3.0,0,0,3,8
20141014,2014,0,669950.0,3,3.0,2330,1944,2.5,0,0,3,8
20140711,2008,0,504600.0,5,3.0,2360,5000,1.0,0,0,3,7
20140602,2006,0,400000.0,3,2.5,1495,936,3.0,0,0,3,8
20140701,2008,0,1020000.0,4,3.5,3770,8501,2.0,0,0,3,10
20150408,2006,0,518000.0,5,2.5,2890,13104,2.0,0,0,3,8
20140813,2008,0,535000.0,3,2.75,1320,1125,3.0,0,0,3,8
20140721,2013,0,337500.0,4,2.5,2330,4907,2.0,0,0,3,7
20150310,2005,0,380000.0,4,2.5,3120,5001,2.0,0,0,3,9
20140710,2004,0,875000.0,5,3.0,2960,15152,2.0,0,0,3,9
20140902,2008,0,385000.0,3,2.25,1630,1598,3.0,0,0,3,8
20141201,2014,0,1987500.0,5,3.5,5230,8960,2.0,0,0,3,11
20150508,2008,0,649500.0,4,3.0,3150,6599,2.0,0,0,3,9
20140512,2008,0,1050000.0,4,3.75,3280,11000,2.0,0,0,3,10
20141003,2008,0,525000.0,4,2.5,3130,5795,2.0,0,0,3,9
20140612,2008,0,402000.0,3,3.5,1240,1666,2.0,0,0,3,7
20141101,2014,0,1750000.0,4,2.75,3560,8975,2.0,0,0,3,10
20141020,2014,0,359800.0,5,2.5,2170,2752,2.0,0,0,3,8
20140925,2009,0,330000.0,3,2.5,1520,3003,2.0,0,0,3,7
20150325,2008,0,433000.0,3,2.5,1270,1062,2.0,0,0,3,8
20141112,2007,0,1010800.0,4,3.25,3610,4000,2.0,0,0,3,9
20150406,2014,0,599832.0,3,2.75,3230,5200,2.0,0,0,3,9
20140623,2013,0,312891.0,5,3.0,2300,8214,2.0,0,0,3,8
20140912,2008,0,449000.0,2,2.5,1460,1296,2.0,0,0,3,8
20140527,2013,0,495000.0,3,2.5,1750,1548,3.0,0,0,3,9
20140515,2013,0,819995.0,5,2.75,3030,10335,2.0,0,0,3,9
20141113,2006,0,407500.0,3,3.5,1522,1465,2.0,0,0,3,8
20150105,2007,0,850000.0,4,3.75,3890,22000,2.0,0,0,3,10
20140725,2008,0,1720000.0,5,4.0,4590,35046,2.0,0,0,3,10
20150428,2014,0,1459000.0,4,4.0,4620,130208,2.0,0,0,3,10
20140917,2012,0,579000.0,4,2.75,3220,9825,2.0,0,0,3,8
20140811,2014,0,890776.0,5,2.75,3170,8093,2.0,0,0,3,9
20150120,2008,0,352500.0,2,2.5,980,1010,3.0,0,0,3,8
20150501,2010,0,529000.0,3,1.75,2340,7724,1.0,0,0,3,10
20150327,2009,0,484000.0,3,2.25,1620,1425,3.0,0,0,3,8
20150417,2007,0,400000.0,3,2.5,1910,4408,3.0,0,0,3,8
20150417,2009,0,649950.0,3,2.5,2420,6847,2.0,0,0,3,9
20140702,2013,0,915000.0,3,4.5,3850,62726,2.0,0,0,3,10
20150504,2006,0,534950.0,5,2.5,3220,10572,2.0,0,0,3,8
20140506,2008,0,776000.0,4,2.5,3040,6425,2.0,0,0,3,8
20150501,2006,0,370000.0,3,1.75,1496,1423,2.0,0,0,3,8
20140714,2014,0,610000.0,3,1.75,1630,1500,3.0,0,0,3,8
20141014,2012,0,850000.0,5,3.5,4200,5400,2.0,0,0,3,9
20141105,2007,0,443000.0,3,2.5,2430,7049,2.0,0,0,3,8
20150203,2015,0,1150000.0,5,4.25,4010,8252,2.0,0,0,3,10
20140801,2011,0,453000.0,3,2.5,1510,1618,2.5,0,0,3,8
20150410,2011,0,735000.0,4,3.5,2340,2810,2.0,0,2,3,8
20140708,2007,0,810000.0,2,2.75,2700,8572,1.0,0,0,3,9
20140617,2008,0,1555000.0,3,3.5,4360,6240,2.0,0,3,3,10
20140509,2010,0,2238890.0,5,6.5,7270,130017,2.0,0,0,3,12
20140808,2006,0,377500.0,3,2.5,1350,886,3.0,0,0,3,8
20140618,2008,0,482000.0,3,3.25,1380,1120,3.0,0,0,3,8
20140818,2011,0,600000.0,2,2.5,1830,1988,2.0,0,0,3,9
20140807,2007,0,420000.0,3,2.5,1470,1571,2.0,0,0,3,8
20150421,2006,0,480000.0,4,2.5,2940,9172,2.0,0,0,3,9
20150331,2008,0,406000.0,2,2.0,1110,1095,3.0,0,0,3,7
20140513,2009,0,505000.0,4,2.5,2790,5602,2.0,0,0,3,8
20150227,2006,0,1865000.0,4,3.75,3790,8797,2.0,0,0,3,11
20141215,2014,0,942990.0,4,2.5,3570,6218,2.0,0,0,3,9
20141001,2009,0,440000.0,3,2.25,1230,1097,3.0,0,0,3,8
20140626,2006,0,390000.0,3,3.25,1370,913,2.0,0,0,3,8
20140711,2008,0,475000.0,3,3.25,1380,1121,3.0,0,0,3,8
20150407,2007,0,420000.0,1,2.0,1070,675,2.0,0,0,3,8
20140825,2012,0,1408760.0,4,4.0,4920,50621,2.0,0,0,3,10
20141209,2007,0,1378000.0,5,3.5,5150,12230,2.0,0,2,3,10
20150302,2014,0,462500.0,6,3.0,2390,4000,2.0,0,0,3,7
20150507,2011,0,579950.0,4,2.75,2460,8643,2.0,0,0,3,9
20150505,2008,0,861111.0,4,2.5,3650,7090,2.0,0,0,3,10
20141124,2014,0,1450000.0,4,3.5,4300,108865,2.0,0,0,3,11
20150428,2012,0,290000.0,3,2.25,1610,3764,2.0,0,0,3,7
20140618,2008,0,535000.0,4,2.5,2610,4595,2.0,0,0,3,8
20150217,2008,0,585000.0,3,2.5,1750,1381,3.0,0,0,3,8
20140623,2008,0,670000.0,3,2.5,3310,5300,2.0,0,2,3,8
20150407,2013,0,3000000.0,4,3.75,5090,14823,1.0,0,0,3,11
20141203,2006,0,346000.0,3,2.0,1060,1184,2.0,0,0,3,7
20140617,2013,0,1325000.0,4,4.0,4420,16526,2.0,0,0,3,11
20150226,2008,0,999999.0,3,2.5,2100,4097,2.0,0,0,3,9
20140811,2014,0,599000.0,3,1.75,1650,1180,3.0,0,0,3,8
20141015,2010,0,332000.0,4,2.5,2380,5737,2.0,0,0,3,7
20140612,2009,0,336750.0,2,2.25,1170,1011,2.0,0,0,3,7
20141211,2013,0,370000.0,4,2.5,2531,6843,2.0,0,0,3,8
20140509,2007,0,324000.0,3,2.25,998,904,2.0,0,0,3,7
20150219,2009,0,338500.0,3,2.25,1333,1470,3.0,0,3,3,7
20150113,2014,0,1881580.0,5,3.5,4410,13000,2.0,0,3,3,10
20150410,2007,0,402723.0,3,2.75,1160,1073,2.0,0,0,3,7
20150227,2014,0,715000.0,4,3.25,2630,7770,2.0,0,0,3,9
20141007,2008,0,459000.0,3,1.5,1160,1031,3.0,0,0,3,8
20150423,2006,0,589999.0,3,2.5,2140,3628,2.0,0,0,3,8
20141215,2007,0,405000.0,4,2.5,1980,5020,2.0,0,0,3,7
20140707,2009,0,509900.0,3,2.5,3030,9053,2.0,0,0,3,8
20140820,2009,0,327000.0,2,2.0,1490,1627,2.0,0,0,3,8
20140819,2005,0,1057000.0,2,1.5,2370,184231,2.0,0,0,3,11
20141231,2008,0,327500.0,3,2.5,1820,1866,2.0,0,0,3,8
20140729,2011,0,249000.0,3,2.0,1260,1125,2.0,0,0,3,7
20141224,2014,0,1375000.0,5,4.5,4350,13405,2.0,0,0,3,11
20140627,2014,0,516500.0,1,1.25,1100,638,3.0,0,0,3,9
20150409,2006,0,465000.0,3,2.5,2050,15035,2.0,0,0,3,9
20140808,2010,0,388000.0,3,2.5,2198,6222,2.0,0,2,3,8
20140930,2013,0,549000.0,3,2.25,1230,1380,3.0,0,0,3,8
20141003,2006,0,553000.0,2,2.0,1400,1512,2.0,0,0,3,8
20150422,2010,0,530000.0,3,2.5,1410,1250,2.0,0,0,3,8
20140820,2014,0,747450.0,3,2.5,2110,1339,2.0,0,0,3,8
20140520,2009,0,305000.0,2,2.5,1590,2656,2.0,0,0,3,7
20141118,2007,0,540000.0,5,2.5,3370,4850,2.0,0,0,3,9
20150115,2007,0,750000.0,5,4.0,4500,8130,2.0,0,0,3,10
20150414,2008,0,422000.0,4,2.5,2930,5973,2.0,0,0,3,10
20141020,2005,0,337000.0,4,2.5,2470,5100,2.0,0,0,3,8
20141009,2014,0,579950.0,5,2.75,3080,5752,2.0,0,0,3,9
20150226,2014,0,341780.0,4,2.75,2260,4440,2.0,0,0,3,7
20150423,2008,0,710200.0,4,3.0,1670,2642,2.0,0,0,3,8
20140618,2013,0,690000.0,3,3.25,1540,1428,3.0,0,0,3,9
20150130,2014,0,1700000.0,4,3.5,3830,8963,2.0,0,0,3,10
20141015,2008,0,329000.0,2,2.5,980,1020,3.0,0,0,3,8
20140513,2007,0,330000.0,3,2.5,1450,5008,1.0,0,0,3,7
20150502,2014,0,608500.0,4,3.5,2850,5577,2.0,0,0,3,8
20140707,2014,0,230000.0,3,1.75,1140,1201,2.0,0,0,3,8
20140520,2009,0,785000.0,4,3.5,3070,4684,2.0,0,0,3,10
20140507,2014,0,610950.0,3,3.0,1680,1570,3.0,0,0,3,8
20141111,2014,0,399950.0,3,2.5,3087,5002,2.0,0,0,3,8
20150107,2007,0,3567000.0,5,4.5,4850,10584,2.0,1,4,3,10
20150123,2014,0,579000.0,4,3.25,1900,2631,2.0,0,0,3,9
20140623,2009,0,362500.0,2,1.5,940,1768,2.0,0,0,3,7
20140529,2008,0,645000.0,3,3.25,1730,1229,2.0,0,2,3,9
20141003,2013,0,594866.0,3,3.0,2780,6000,2.0,0,0,3,9
20150504,2013,0,625000.0,3,3.0,2780,6000,2.0,0,0,3,9
20141112,2006,0,490000.0,3,2.25,1500,1290,2.0,0,0,3,8
20141202,2007,0,380000.0,3,2.5,1260,900,2.0,0,0,3,7
20140828,2009,0,270000.0,3,2.5,1870,5000,2.0,0,0,3,7
20141015,2009,0,505000.0,2,2.5,1430,1201,3.0,0,0,3,8
20150305,2006,0,385000.0,3,2.5,1520,1488,3.0,0,0,3,8
20141113,2007,0,414500.0,2,1.5,1210,1278,2.0,0,0,3,8
20140910,2010,0,347500.0,3,2.5,2540,4760,2.0,0,0,3,8
20140514,2007,0,1222500.0,4,3.5,4910,9444,1.5,0,0,3,11
20141002,2014,0,572000.0,4,2.75,2770,3852,2.0,0,0,3,8
20150416,2008,0,475000.0,3,2.25,1190,1200,3.0,0,0,3,8
20150317,2006,0,1088000.0,5,3.75,4170,8142,2.0,0,2,3,10
20141017,2008,0,350000.0,4,2.75,2500,5995,2.0,0,0,3,8
20141031,2006,0,520000.0,2,2.25,1530,981,3.0,0,0,3,8
20140813,2014,0,679950.0,5,2.75,3600,9437,2.0,0,0,3,9
20150421,2007,0,1575000.0,4,3.25,3410,10125,2.0,0,0,3,10
20141013,2014,0,541800.0,4,2.5,3118,7866,2.0,0,2,3,9
20140915,2003,0,810000.0,4,3.0,3990,7838,2.0,0,0,3,9
20141015,2008,0,1537000.0,5,3.75,4470,8088,2.0,0,0,3,11
20150407,2008,0,467000.0,3,2.5,1425,1179,3.0,0,0,3,8
20140626,2014,0,224000.0,3,1.75,1500,11968,1.0,0,0,3,6
20140825,2003,0,507250.0,3,2.5,2270,5536,2.0,0,0,3,8
20150126,2014,0,429000.0,3,2.0,1490,1126,3.0,0,0,3,8
20141014,2014,0,610685.0,4,2.5,2520,6023,2.0,0,0,3,9
20150326,2009,0,1007500.0,4,3.5,3510,7200,2.0,0,0,3,9
20150219,2008,0,475000.0,3,2.5,1310,1294,2.0,0,0,3,8
20140521,2009,0,360000.0,3,2.5,1530,1131,3.0,0,0,3,8
20150223,2014,0,400000.0,4,2.5,2310,5813,2.0,0,0,3,8
20140623,2009,0,402101.0,2,0.75,1020,1350,2.0,0,0,3,7
20150116,2004,0,400000.0,3,2.5,1600,2388,2.0,0,0,3,8
20141015,2008,0,325000.0,2,0.75,1020,1076,2.0,0,0,3,7
