title,release,revenue,budget,rating,genres,country
Toy Story,1995-10-30,373554033.0,30000000.0,7.7,Animation,US
Jumanji,1995-12-15,262797249.0,65000000.0,6.9,Adventure,US
Waiting to Exhale,1995-12-22,81452156.0,16000000.0,6.1,Comedy,US
Heat,1995-12-15,187436818.0,60000000.0,7.7,Action,US
Sudden Death,1995-12-22,64350171.0,35000000.0,5.5,Action,US
GoldenEye,1995-11-16,352194034.0,58000000.0,6.6,Adventure,UK
The American President,1995-11-17,107879496.0,62000000.0,6.5,Comedy,US
Nixon,1995-12-22,13681765.0,44000000.0,7.1,History,US
Cutthroat Island,1995-12-22,10017322.0,98000000.0,5.7,Action,France
Casino,1995-11-22,116112375.0,52000000.0,7.8,Drama,France
Sense and Sensibility,1995-12-13,135000000.0,16500000.0,7.2,Drama,UK
Four Rooms,1995-12-09,4300000.0,4000000.0,6.5,Crime,US
Ace Ventura: When Nature Calls,1995-11-10,212385533.0,30000000.0,6.1,Crime,US
Money Train,1995-11-21,35431113.0,60000000.0,5.4,Action,US
Get Shorty,1995-10-20,115101622.0,30250000.0,6.4,Comedy,US
Assassins,1995-10-06,30303072.0,50000000.0,6.0,Action,France
Leaving Las Vegas,1995-10-27,49800000.0,3600000.0,7.1,Drama,US
Now and Then,1995-10-20,27400000.0,12000000.0,6.6,Comedy,US
The City of Lost Children,1995-05-16,1738611.0,18000000.0,7.6,Fantasy,France
Twelve Monkeys,1995-12-29,168840000.0,29500000.0,7.4,Science Fiction,US
Dead Man Walking,1995-12-29,39363635.0,11000000.0,7.3,Drama,US
Mortal Kombat,1995-08-18,122195920.0,18000000.0,5.4,Action,US
To Die For,1995-05-20,21284514.0,20000000.0,6.7,Fantasy,US
How To Make An American Quilt,1995-10-06,23574130.0,10000000.0,6.5,Drama,US
Se7en,1995-09-22,327311859.0,33000000.0,8.1,Crime,US
Pocahontas,1995-06-14,346079773.0,55000000.0,6.7,Adventure,US
The Usual Suspects,1995-07-19,23341568.0,6000000.0,8.1,Drama,US
Mighty Aphrodite,1995-09-13,6700000.0,15000000.0,6.7,Comedy,US
Friday,1995-04-26,28215918.0,3500000.0,7.0,Comedy,US
From Dusk Till Dawn,1996-01-19,25836616.0,19000000.0,6.9,Horror,US
Fair Game,1995-11-03,11534477.0,50000000.0,4.1,Action,US
Things to Do in Denver When You're Dead,1995-12-01,529766.0,8000000.0,6.7,Drama,US
White Squall,1996-02-02,10300000.0,38000000.0,6.3,Action,US
Nick of Time,1995-11-22,8175346.0,8169363.0,6.1,Crime,US
Mary Reilly,1996-02-23,12379402.0,47000000.0,5.7,Drama,US
Vampire in Brooklyn,1995-10-26,19800000.0,14000000.0,4.5,Comedy,US
Broken Arrow,1996-02-09,150270147.0,50000000.0,5.7,Action,US
Bottle Rocket,1996-02-21,560069.0,7000000.0,6.8,Comedy,US
Happy Gilmore,1996-02-16,41205099.0,12000000.0,6.5,Comedy,US
The Bridges of Madison County,1995-05-28,182016617.0,24000000.0,7.3,Drama,US
Braveheart,1995-05-24,210000000.0,72000000.0,7.7,Action,US
Taxi Driver,1976-02-07,28262574.0,1300000.0,8.1,Crime,US
Boomerang,1992-06-30,70100000.0,40000000.0,5.4,Comedy,US
Flirting with Disaster,1996-03-22,14702438.0,7000000.0,6.3,Comedy,US
Jade,1995-10-13,9851610.0,50000000.0,5.1,Action,US
The Birdcage,1996-03-08,185260553.0,31000000.0,6.7,Comedy,US
Bad Boys,1995-04-07,141407024.0,19000000.0,6.5,Action,US
Apollo 13,1995-06-30,355237933.0,52000000.0,7.3,Drama,US
Rob Roy,1995-04-13,31596911.0,28000000.0,6.5,Adventure,UK
Batman Forever,1995-06-16,336529144.0,100000000.0,5.2,Action,UK
Blue in the Face,1995-09-15,1275000.0,2000000.0,6.8,Comedy,US
Casper,1995-05-26,287928194.0,50000000.0,6.0,Fantasy,US
Clockers,1995-09-15,13071518.0,25000000.0,6.8,Mystery,US
Congo,1995-06-09,152022101.0,50000000.0,5.0,Action,US
Crimson Tide,1995-05-12,157387195.0,53000000.0,7.0,Action,US
Desperado,1995-08-25,25405445.0,7000000.0,6.8,Thriller,US
Devil in a Blue Dress,1995-09-15,16140822.0,27000000.0,6.3,Drama,US
Die Hard: With a Vengeance,1995-05-19,366101666.0,90000000.0,6.9,Action,US
First Knight,1995-07-07,127600435.0,55000000.0,5.9,Action,US
Hackers,1995-09-14,7563728.0,20000000.0,6.2,Action,US
Judge Dredd,1995-06-30,113493481.0,90000000.0,5.4,Science Fiction,US
Kids,1995-07-28,7412216.0,1500000.0,6.8,Drama,US
Living in Oblivion,1995-01-20,1148752.0,500000.0,7.2,Drama,US
Mallrats,1995-10-20,2122561.0,6000000.0,6.8,Romance,US
The Net,1995-07-28,110627965.0,22000000.0,5.6,Crime,US
The Scarlet Letter,1995-10-13,10382407.0,50000000.0,5.5,Drama,US
Showgirls,1995-09-22,20350754.0,45000000.0,4.9,Drama,France
Species,1995-07-07,113374103.0,35000000.0,5.5,Science Fiction,US
Strange Days,1995-10-13,7959291.0,42000000.0,6.8,Crime,US
Under Siege 2: Dark Territory,1995-07-13,104324083.0,60000000.0,5.6,Action,US
A Walk in the Clouds,1995-08-11,50012507.0,20000000.0,6.5,Drama,US
Waterworld,1995-07-28,264218220.0,175000000.0,5.9,Adventure,US
Billy Madison,1995-02-10,26488734.0,10000000.0,6.2,Comedy,US
Boys on the Side,1995-02-03,23450000.0,21000000.0,6.3,Comedy,France
Don Juan DeMarco,1994-10-01,22200000.0,25000000.0,6.3,Romance,US
Disclosure,1994-12-09,214015089.0,55000000.0,5.9,Drama,US
Dumb and Dumber,1994-12-16,247275374.0,16000000.0,6.5,Comedy,US
Ed Wood,1994-09-27,5887457.0,18000000.0,7.3,Comedy,US
Hideaway,1995-03-03,12201255.0,15000000.0,5.0,Drama,US
Hoop Dreams,1994-09-12,7830611.0,700000.0,7.7,Documentary,US
Interview with the Vampire,1994-11-11,223664608.0,60000000.0,7.2,Horror,US
Junior,1994-11-22,37000000.0,60000000.0,4.7,Comedy,US
Star Wars,1977-05-25,775398007.0,11000000.0,8.1,Adventure,US
Legends of the Fall,1994-12-16,160638883.0,30000000.0,7.2,Adventure,US
Losing Isaiah,1995-03-17,7603766.0,17000000.0,6.4,Drama,US
Mary Shelley's Frankenstein,1994-11-04,112006296.0,45000000.0,6.1,Drama,UK
Nell,1994-12-23,106683817.0,31000000.0,6.1,Drama,US
Natural Born Killers,1994-08-25,50282766.0,34000000.0,6.9,Crime,US
Outbreak,1995-03-10,189859560.0,50000000.0,6.4,Action,US
Leon: The Professional,1994-09-14,45284974.0,16000000.0,8.2,Thriller,France
Pulp Fiction,1994-09-10,213928762.0,8000000.0,8.3,Thriller,US
Prêt-à-Porter,1994-12-23,11300653.0,15000000.0,5.3,Drama,US
The Swan Princess,1994-11-18,9771658.0,35000000.0,6.5,Animation,US
Stargate,1994-10-27,196567262.0,55000000.0,6.8,Action,France
The Santa Clause,1994-11-10,189833357.0,22000000.0,6.3,Fantasy,US
The Shawshank Redemption,1994-09-23,28341469.0,25000000.0,8.5,Drama,US
Tank Girl,1995-03-31,4064495.0,25000000.0,5.5,Action,US
Star Trek: Generations,1994-11-17,120000000.0,38000000.0,6.4,Science Fiction,US
Tales from the Hood,1995-05-24,12000000.0,6000000.0,5.4,Crime,US
What's Eating Gilbert Grape,1993-12-17,10032765.0,11000000.0,7.5,Romance,US
Virtuosity,1995-08-04,24048000.0,30000000.0,5.4,Action,US
While You Were Sleeping,1995-04-21,182057016.0,17000000.0,6.5,Comedy,US
Ace Ventura: Pet Detective,1994-02-04,107217396.0,15000000.0,6.4,Comedy,US
Bitter Moon,1992-09-02,1862805.0,5000000.0,7.0,Thriller,France
Clear and Present Danger,1994-08-03,215887717.0,62000000.0,6.4,Action,US
The Client,1994-07-20,117615211.0,45000000.0,6.4,Drama,US
The Crow,1994-05-11,94000000.0,15000000.0,7.3,Fantasy,US
The Flintstones,1994-05-26,341631208.0,46000000.0,5.0,Fantasy,US
Forrest Gump,1994-07-06,677945399.0,55000000.0,8.2,Comedy,US
Four Weddings and a Funeral,1994-03-09,254700832.0,6000000.0,6.6,Comedy,UK
I Love Trouble,1994-06-29,61947267.0,45000000.0,5.3,Action,US
The Lion King,1994-06-23,788241776.0,45000000.0,8.0,Family,US
Little Buddha,1993-12-01,4858139.0,35000000.0,6.0,Drama,France
New Nightmare,1994-10-13,18090181.0,14000000.0,6.4,Horror,US
The Mask,1994-07-29,351583407.0,23000000.0,6.6,Romance,US
The Naked Gun 33⅓: The Final Insult,1994-03-18,51132598.0,30000000.0,6.4,Comedy,US
Reality Bites,1994-02-18,20079850.0,11500000.0,6.5,Drama,US
Red Rock West,1993-07-08,2000000.0,8000000.0,6.4,Crime,US
Speed,1994-06-09,350448145.0,30000000.0,6.8,Action,US
True Lies,1994-07-14,378882411.0,115000000.0,6.8,Action,US
Wyatt Earp,1994-06-24,25052000.0,63000000.0,6.5,Drama,US
A Low Down Dirty Shame,1994-11-23,29392418.0,10000000.0,6.0,Action,US
In the Mouth of Madness,1994-12-12,8946600.0,8000000.0,7.1,Horror,US
The Age of Innocence,1993-09-17,32255440.0,34000000.0,7.0,Drama,US
The Air Up There,1994-01-07,21011500.0,17080000.0,5.1,Comedy,US
Beverly Hills Cop III,1994-05-24,119208989.0,50000000.0,5.5,Action,US
Body Snatchers,1993-06-09,428868.0,13000000.0,5.8,Horror,US
A Bronx Tale,1993-09-14,17287898.0,22000000.0,7.4,Drama,US
Carlito's Way,1993-11-10,36516012.0,30000000.0,7.7,Action,US
Cliffhanger,1993-05-28,255000211.0,70000000.0,6.1,Action,France
Color of Night,1994-08-19,19726050.0,40000000.0,5.4,Drama,US
Dazed and Confused,1993-09-24,7993039.0,6900000.0,7.4,Comedy,US
Demolition Man,1993-10-08,159055768.0,57000000.0,6.4,Crime,US
For Love or Money,1993-10-01,11146270.0,30000000.0,5.7,Comedy,US
The Firm,1993-06-30,270248367.0,42000000.0,6.6,Drama,US
Free Willy,1993-07-16,153698625.0,20000000.0,6.0,Family,France
The Fugitive,1993-08-06,368875760.0,44000000.0,7.2,Adventure,US
Geronimo: An American Legend,1993-12-10,18635620.0,35000000.0,5.9,History,US
Hard Target,1993-08-20,74189677.0,18000000.0,6.1,Action,US
Hot Shots! Part Deux,1993-05-21,133752825.0,25000000.0,6.2,Action,US
In the Line of Fire,1993-07-08,176997168.0,40000000.0,6.8,Action,US
In the Name of the Father,1993-12-12,65796862.0,13000000.0,7.6,Drama,UK
Jurassic Park,1993-06-11,920100000.0,63000000.0,7.6,Adventure,US
Kalifornia,1993-09-01,2395231.0,9000000.0,6.5,Thriller,US
Killing Zoe,1993-10-01,418961.0,1500000.0,6.1,Action,France
Last Action Hero,1993-06-18,137298489.0,85000000.0,6.1,Adventure,US
Manhattan Murder Mystery,1993-08-18,11285588.0,13500000.0,7.1,Comedy,US
Menace II Society,1993-05-26,27900000.0,3500000.0,7.2,Drama,US
Executive Decision,1996-03-15,121969216.0,55000000.0,5.8,Action,US
Mrs. Doubtfire,1993-11-24,441286195.0,25000000.0,7.0,Comedy,US
The Next Karate Kid,1994-07-18,15826984.0,12000000.0,4.8,Adventure,US
No Escape,1994-04-29,15340000.0,20000000.0,6.1,Action,US
A Perfect World,1993-11-24,135130999.0,30000000.0,7.2,Crime,US
Philadelphia,1993-12-22,206678440.0,26000000.0,7.6,Drama,US
Poetic Justice,1993-07-23,27515786.0,14000000.0,6.9,Drama,US
The Ref,1994-03-09,11439193.0,11000000.0,6.7,Comedy,US
The Remains of the Day,1993-11-05,23237911.0,11500000.0,7.5,Drama,UK
RoboCop 3,1993-04-17,10696210.0,22000000.0,4.2,Action,US
Robin Hood: Men in Tights,1993-07-28,35739755.0,20000000.0,6.4,Comedy,France
Romeo Is Bleeding,1993-09-13,3275585.0,11500000.0,5.7,Action,UK
Rudy,1993-09-17,22750363.0,12000000.0,7.2,Drama,US
Schindler's List,1993-11-29,321365567.0,22000000.0,8.3,Drama,US
Serial Mom,1994-04-13,7820688.0,13000000.0,6.4,Comedy,US
The Shadow,1994-07-01,48063435.0,25000000.0,5.4,Adventure,US
Sleepless in Seattle,1993-06-24,227799884.0,21000000.0,6.5,Comedy,US
Sliver,1993-05-21,116300000.0,40000000.0,4.9,Drama,US
Blade Runner,1982-06-25,33139618.0,28000000.0,7.9,Science Fiction,US
So I Married an Axe Murderer,1993-07-30,11585483.0,20000000.0,6.1,Comedy,US
Super Mario Bros.,1993-05-28,20915465.0,48000000.0,4.0,Adventure,UK
Surviving the Game,1994-04-15,7690013.0,7400000.0,6.1,Action,US
Terminal Velocity,1994-09-23,16478900.0,50000000.0,5.0,Action,US
The Nightmare Before Christmas,1993-10-09,75634409.0,18000000.0,7.6,Fantasy,US
The Three Musketeers,1993-11-11,53898845.0,30000000.0,6.2,Action,US
Tombstone,1993-12-25,56505065.0,25000000.0,7.4,Action,US
True Romance,1993-09-09,12281551.0,12500000.0,7.5,Action,US
The Pagemaster,1994-11-23,13670688.0,27000000.0,6.2,Fantasy,US
Home Alone,1990-11-09,476684675.0,18000000.0,7.1,Comedy,US
Ghost,1990-07-12,505000000.0,22000000.0,6.9,Fantasy,US
Aladdin,1992-11-25,504050219.0,28000000.0,7.4,Animation,US
Terminator 2: Judgment Day,1991-07-01,520000000.0,100000000.0,7.7,Action,France
Dances with Wolves,1990-11-09,424208848.0,22000000.0,7.6,Adventure,UK
Batman,1989-06-23,411348924.0,35000000.0,7.0,Fantasy,UK
The Silence of the Lambs,1991-02-01,272742922.0,19000000.0,8.1,Crime,US
Snow White and the Seven Dwarfs,1937-12-20,184925486.0,1488423.0,6.9,Fantasy,US
Beauty and the Beast,1991-11-13,377350553.0,25000000.0,7.5,Romance,US
Pinocchio,1940-02-23,84300000.0,2600000.0,6.9,Animation,US
Pretty Woman,1990-03-23,463000000.0,14000000.0,7.0,Romance,US
The Wild Bunch,1969-06-17,638641.0,6244087.0,7.7,Adventure,US
Fargo,1996-04-05,60611975.0,7000000.0,7.7,Crime,US
Hellraiser: Bloodline,1996-03-08,16675000.0,4000000.0,4.9,Horror,US
The Aristocats,1970-12-23,55675257.0,4000000.0,7.1,Animation,US
Primal Fear,1996-04-03,102616183.0,30000000.0,7.4,Crime,US
Courage Under Fire,1996-07-04,100860818.0,46000000.0,6.2,Drama,US
Mission: Impossible,1996-05-22,457696359.0,80000000.0,6.7,Adventure,US
DragonHeart,1996-05-31,115267375.0,57000000.0,6.4,Fantasy,US
James and the Giant Peach,1996-04-12,28921264.0,38000000.0,6.2,Adventure,US
Space Jam,1996-11-15,250200000.0,80000000.0,6.5,Animation,US
Barbarella,1968-10-10,2500000.0,9000000.0,5.7,Science Fiction,US
Mrs. Winterbourne,1996-04-19,10070000.0,25000000.0,5.5,Comedy,US
Oliver & Company,1988-11-18,74151346.0,31000000.0,6.5,Animation,US
Flipper,1996-05-17,20080020.0,25530000.0,5.3,Adventure,US
The Horseman on the Roof,1995-09-20,15000000.0,35000000.0,6.7,War,France
The Craft,1996-05-03,24769466.0,15000000.0,6.3,Drama,US
The Rock,1996-06-06,335062621.0,75000000.0,6.9,Action,US
Twister,1996-05-10,494471524.0,92000000.0,6.1,Action,US
Dr. Strangelove or: How I Learned to Stop Worrying and Love the Bomb,1964-01-29,9440272.0,1800000.0,8.0,Drama,UK
Striptease,1996-06-28,113309743.0,50000000.0,4.4,Drama,US
Jack,1996-08-09,58620973.0,45000000.0,5.9,Comedy,US
Trainspotting,1996-02-23,16491080.0,4000000.0,7.8,Drama,UK
Independence Day,1996-06-25,816969268.0,75000000.0,6.7,Action,US
The Fan,1996-08-15,18626419.0,55000000.0,5.7,Drama,US
The Hunchback of Notre Dame,1996-06-21,100138851.0,100000000.0,6.8,Drama,US
The Cable Guy,1996-06-10,102825796.0,47000000.0,5.7,Comedy,US
Kingpin,1996-07-04,25023434.0,27000000.0,6.7,Comedy,US
The Nutty Professor,1996-06-26,128769345.0,54000000.0,5.4,Fantasy,US
Daylight,1996-12-06,159212469.0,80000000.0,5.8,Action,US
Lone Star,1996-06-21,13269963.0,5000000.0,6.9,Drama,US
Phenomenon,1996-07-05,152036382.0,32000000.0,6.2,Drama,US
She's the One,1996-08-26,9482579.0,3500000.0,5.7,Comedy,US
A Time to Kill,1996-07-24,152266007.0,40000000.0,7.0,Crime,US
Fled,1996-07-19,17193231.0,25000000.0,5.2,Action,US
The First Wives Club,1996-09-20,116400000.0,26000000.0,6.5,Comedy,US
Ransom,1996-11-08,309492681.0,80000000.0,6.4,Action,US
Chain Reaction,1996-08-02,60209334.0,50000000.0,5.3,Action,US
Matilda,1996-08-02,33459416.0,36000000.0,6.9,Comedy,US
Emma,1996-08-02,22231658.0,6000000.0,6.7,Drama,US
The Crow: City of Angels,1996-08-29,17917287.0,13000000.0,5.2,Action,US
Bordello of Blood,1996-08-16,5600000.0,15000000.0,5.0,Horror,US
Escape from L.A.,1996-08-09,42277365.0,50000000.0,5.6,Action,US
Basquiat,1996-08-09,3011195.0,2962051.0,6.6,Drama,US
Tin Cup,1996-08-16,53854588.0,45000000.0,5.9,Comedy,US
The Godfather,1972-03-14,245066411.0,6000000.0,8.5,Drama,US
Bound,1996-09-13,7011317.0,4500000.0,6.9,Crime,US
The Island of Dr. Moreau,1996-08-23,49627779.0,40000000.0,4.6,Fantasy,US
Bulletproof,1996-09-06,22611954.0,25000000.0,5.4,Action,US
Halloween: The Curse of Michael Myers,1995-09-29,15116634.0,5000000.0,5.0,Horror,US
Singin' in the Rain,1952-04-10,7200000.0,2540800.0,7.9,Comedy,US
An American in Paris,1951-08-08,4500000.0,2723903.0,6.9,Drama,US
Breakfast at Tiffany's,1961-10-05,9500000.0,2500000.0,7.6,Comedy,US
Vertigo,1958-05-09,28000000.0,2479000.0,8.0,Mystery,US
Rear Window,1954-08-01,36764313.0,1000000.0,8.2,Drama,US
It Happened One Night,1934-02-22,4500000.0,325000.0,7.7,Comedy,US
North by Northwest,1959-07-07,13275000.0,4000000.0,7.8,Mystery,US
The Apartment,1960-06-15,25000000.0,3000000.0,8.1,Comedy,US
Some Like It Hot,1959-03-18,25000000.0,2883848.0,8.0,Comedy,US
Charade,1963-12-05,13474588.0,4000000.0,7.7,Comedy,US
Casablanca,1942-11-26,10462500.0,878000.0,7.9,Drama,US
The Maltese Falcon,1941-11-18,1000000.0,375000.0,7.8,Mystery,US
My Fair Lady,1964-10-21,72070731.0,17000000.0,7.4,Drama,US
Sabrina,1954-09-28,10000000.0,2238813.0,7.4,Comedy,US
Roman Holiday,1953-09-02,12000000.0,1500000.0,7.8,Comedy,US
The Wizard of Oz,1939-08-15,33754967.0,2777000.0,7.4,Adventure,US
Gone with the Wind,1939-12-15,400176459.0,4000000.0,7.7,Drama,US
Sunset Boulevard,1950-08-10,5000000.0,1752000.0,8.2,Drama,US
Citizen Kane,1941-04-30,23217674.0,839727.0,8.0,Mystery,US
2001: A Space Odyssey,1968-04-10,68700000.0,10500000.0,7.9,Science Fiction,US
All About Eve,1950-11-09,63463.0,1400000.0,8.0,Drama,US
The Women,1939-01-01,2270000.0,1688000.0,6.4,Comedy,US
Rebecca,1940-04-12,6000000.0,1288000.0,7.7,Drama,US
Notorious,1946-08-15,24464742.0,2000000.0,7.8,Thriller,US
Spellbound,1945-12-28,7000000.0,1500000.0,7.3,Drama,US
To Catch a Thief,1955-08-03,8750000.0,2500000.0,7.1,Crime,US
Ninotchka,1939-10-06,2279000.0,1365000.0,7.3,Comedy,US
The Adventures of Robin Hood,1938-05-13,3981000.0,2033000.0,7.6,Action,US
Laura,1944-10-11,2000000.0,1020000.0,7.6,Drama,US
Top Hat,1935-09-06,3202000.0,609000.0,7.4,Comedy,US
Giant,1956-10-10,35000000.0,5400000.0,7.5,Action,US
The Thin Man,1934-05-25,1423000.0,226408.0,7.4,Comedy,US
Around the World in Eighty Days,1956-10-17,42000000.0,6000000.0,6.5,Adventure,US
It's a Wonderful Life,1946-12-20,9644124.0,3180000.0,8.0,Drama,US
Mr. Smith Goes to Washington,1939-10-19,9600000.0,1500000.0,7.9,Comedy,US
Night of the Living Dead,1968-10-01,30000000.0,114000.0,7.5,Horror,US
The African Queen,1951-12-03,10750000.0,1300000.0,7.4,Adventure,UK
Cat on a Hot Tin Roof,1958-02-17,17570324.0,3000000.0,7.6,Drama,US
Maximum Risk,1996-09-13,51702483.0,25000000.0,5.3,Action,US
Last Man Standing,1996-09-20,47267001.0,67000000.0,6.2,Action,US
Set It Off,1996-11-06,41590886.0,9000000.0,6.9,Drama,US
Curdled,1996-09-06,49620.0,2300000.0,6.2,Comedy,US
Extreme Measures,1996-09-27,17380126.0,38000000.0,5.7,Drama,US
The Chamber,1996-10-11,22540359.0,50000000.0,5.9,Crime,US
"20,000 Leagues Under the Sea",1954-12-23,28200000.0,5000000.0,6.9,Adventure,US
Cool Runnings,1993-09-30,154864401.0,14000000.0,6.8,Comedy,US
Cinderella,1950-03-04,263591415.0,2900000.0,6.8,Family,US
The Sword in the Stone,1963-12-25,22182353.0,3000000.0,6.9,Animation,US
Robin Hood: Prince of Thieves,1991-06-14,390493908.0,48000000.0,6.6,Adventure,US
Mary Poppins,1964-08-27,102272727.0,6000000.0,7.4,Comedy,US
Dumbo,1941-10-22,1600000.0,812000.0,6.8,Animation,US
Bedknobs and Broomsticks,1971-10-07,17900000.0,20000000.0,6.8,Adventure,US
Alice in Wonderland,1951-07-03,572000000.0,3000000.0,7.0,Animation,US
The Fox and the Hound,1981-07-10,29800000.0,12000000.0,7.0,Adventure,US
The Sound of Music,1965-03-02,286214286.0,8200000.0,7.4,Drama,US
Die Hard,1988-07-15,140767956.0,28000000.0,7.5,Action,US
The Lawnmower Man,1992-03-05,32101000.0,10000000.0,5.4,Horror,UK
Secrets & Lies,1996-05-24,13417292.0,4500000.0,7.1,Drama,UK
Surviving Picasso,1996-09-04,1985001.0,16000000.0,5.3,Drama,US
The Long Kiss Goodnight,1996-10-11,89456761.0,65000000.0,6.4,Crime,US
Jude,1996-02-06,405000.0,7000000.0,6.6,Drama,UK
Romeo + Juliet,1996-10-31,147298761.0,14500000.0,6.7,Drama,US
Swingers,1996-10-18,4505922.0,200000.0,6.8,Comedy,US
Sleepers,1996-10-18,165615285.0,44000000.0,7.3,Crime,US
Willy Wonka & the Chocolate Factory,1971-06-29,4000000.0,3000000.0,7.4,Family,US
Sleeper,1973-12-17,18344729.0,2000000.0,7.0,Comedy,US
Bananas,1971-04-28,11833696.0,2000000.0,6.7,Comedy,US
A Fish Called Wanda,1988-07-15,62493712.0,7500000.0,7.1,Comedy,UK
Life of Brian,1979-08-17,20045115.0,4000000.0,7.7,Comedy,UK
The Great Race,1965-07-01,25333333.0,12000000.0,7.2,Adventure,US
Bonnie and Clyde,1967-07-18,50700000.0,2500000.0,7.6,Crime,US
Dial M for Murder,1954-05-29,3000000.0,1400000.0,7.9,Crime,US
Dirty Dancing,1987-08-21,213954274.0,6000000.0,7.1,Drama,US
Reservoir Dogs,1992-09-02,14661007.0,1200000.0,8.1,Crime,US
Platoon,1986-12-18,138530565.0,6000000.0,7.5,Drama,UK
Weekend at Bernie's,1989-07-05,30218387.0,6500000.0,6.4,Comedy,US
Basic Instinct,1992-03-20,352927224.0,49000000.0,6.5,Thriller,France
The Doors,1991-03-01,34416893.0,38000000.0,6.7,Drama,US
Glengarry Glen Ross,1992-09-15,10725228.0,12500000.0,7.5,Crime,US
Sophie's Choice,1982-12-08,30036000.0,12000000.0,7.4,Drama,UK
E.T. the Extra-Terrestrial,1982-04-03,792965326.0,10500000.0,7.3,Science Fiction,US
Days of Thunder,1990-06-27,157920733.0,60000000.0,5.9,Adventure,US
Top Gun,1986-05-16,356830601.0,15000000.0,6.7,Action,US
A Streetcar Named Desire,1951-09-18,8000000.0,1800000.0,7.6,Drama,US
The Funeral,1996-01-26,1227324.0,12500000.0,7.3,Crime,US
The People vs. Larry Flynt,1996-10-12,20300385.0,36000000.0,6.8,Drama,US
The Return of the Pink Panther,1975-05-21,41833347.0,5000000.0,6.7,Mystery,UK
Drop Dead Fred,1991-04-19,13878334.0,6788000.0,5.9,Comedy,UK
The Abyss,1989-08-09,90000098.0,70000000.0,7.1,Adventure,US
The Fog,1980-02-08,21378361.0,1000000.0,6.4,Horror,US
Escape from New York,1981-05-22,50244700.0,6000000.0,6.9,Science Fiction,US
The Howling,1981-04-03,17985893.0,1000000.0,6.4,Drama,US
Monty Python and the Holy Grail,1975-03-13,5028948.0,400000.0,7.8,Adventure,UK
Bad Moon,1996-11-01,1100000.0,7000000.0,5.7,Horror,US
Delicatessen,1991-04-17,1794187.0,4000000.0,7.4,Comedy,France
The English Patient,1996-11-14,231976425.0,27000000.0,7.0,Drama,UK
One Flew Over the Cuckoo's Nest,1975-11-18,108981275.0,3000000.0,8.3,Drama,US
The Empire Strikes Back,1980-05-17,538400000.0,18000000.0,8.2,Adventure,US
The Princess Bride,1987-09-18,30857814.0,16000000.0,7.6,Adventure,US
Raiders of the Lost Ark,1981-06-12,389925971.0,18000000.0,7.7,Adventure,US
Aliens,1986-07-18,183316455.0,18500000.0,7.7,Horror,UK
"The Good, the Bad and the Ugly",1966-12-23,6000000.0,1200000.0,8.1,Western,US
12 Angry Men,1957-03-25,1000000.0,350000.0,8.2,Drama,US
Lawrence of Arabia,1962-12-10,69995385.0,15000000.0,7.8,Adventure,UK
A Clockwork Orange,1971-12-18,26589000.0,2200000.0,8.0,Science Fiction,UK
To Kill a Mockingbird,1962-12-25,13129846.0,2000000.0,7.9,Crime,US
Apocalypse Now,1979-08-15,89460381.0,31500000.0,8.0,Drama,US
Return of the Jedi,1983-05-23,572700000.0,32350000.0,7.9,Adventure,US
GoodFellas,1990-09-12,46836394.0,25000000.0,8.2,Drama,US
Alien,1979-05-25,104931801.0,11000000.0,7.9,Horror,US
Psycho,1960-06-16,32000000.0,806948.0,8.3,Drama,US
The Blues Brothers,1980-06-17,115229890.0,27000000.0,7.5,Music,US
The Godfather: Part II,1974-12-20,47542841.0,13000000.0,8.3,Drama,US
Full Metal Jacket,1987-06-26,46357676.0,17000000.0,7.9,Drama,UK
Amadeus,1984-10-26,51973029.0,18000000.0,7.8,Drama,US
Raging Bull,1980-11-14,23000000.0,18000000.0,7.7,Drama,US
Annie Hall,1977-04-19,38251425.0,4000000.0,7.8,Comedy,US
The Right Stuff,1983-10-20,21500000.0,27000000.0,7.4,Drama,US
The Sting,1973-12-25,159616327.0,5500000.0,7.9,Comedy,US
The Terminator,1984-10-26,78371200.0,6400000.0,7.4,Action,UK
Glory,1989-12-15,26828365.0,18000000.0,7.4,War,US
Miller's Crossing,1990-09-21,5080409.0,14000000.0,7.5,Drama,US
Dead Poets Society,1989-06-02,235860116.0,16400000.0,8.1,Drama,US
The Graduate,1967-12-21,104945305.0,3000000.0,7.6,Drama,US
Touch of Evil,1958-04-23,2247465.0,829000.0,7.6,Drama,US
The Bridge on the River Kwai,1957-10-02,27200000.0,3000000.0,7.7,Drama,UK
Chinatown,1974-06-20,30000000.0,6000000.0,7.9,Crime,US
The Treasure of the Sierra Madre,1948-01-24,4307000.0,3800000.0,7.9,Action,US
The Shining,1980-05-22,44017374.0,19000000.0,8.1,Horror,US
Stand by Me,1986-08-22,52287414.0,8000000.0,7.8,Crime,US
Evil Dead II,1987-03-13,5923044.0,3600000.0,7.5,Horror,US
The Great Escape,1963-06-20,11744471.0,4000000.0,7.8,Adventure,US
The Deer Hunter,1978-12-08,50000000.0,15000000.0,7.8,Drama,UK
Groundhog Day,1993-02-11,70906973.0,14600000.0,7.4,Romance,US
Unforgiven,1992-08-07,159157447.0,14000000.0,7.7,Western,US
The Manchurian Candidate,1962-10-24,96105910.0,80000000.0,7.7,Mystery,US
Back to the Future,1985-07-03,381109762.0,19000000.0,8.0,Adventure,US
Fried Green Tomatoes,1991-12-27,119418501.0,11000000.0,7.6,Drama,US
Patton,1970-01-25,89800000.0,12000000.0,7.3,Drama,US
Highlander,1986-03-07,5900000.0,16000000.0,6.8,Adventure,UK
Cool Hand Luke,1967-06-22,16217773.0,3000000.0,7.7,Crime,US
Young Frankenstein,1974-12-15,86273333.0,2800000.0,7.7,Comedy,US
The Great Dictator,1940-10-15,11000000.0,2000000.0,8.1,Comedy,US
Fantasia,1940-11-13,83320000.0,2280000.0,7.2,Animation,US
High Noon,1952-03-27,8000000.0,730000.0,7.6,Western,US
Ben-Hur,1959-12-26,146900000.0,15000000.0,7.5,Action,US
This Is Spinal Tap,1984-05-04,4736202.0,2500000.0,7.6,Comedy,US
Indiana Jones and the Last Crusade,1989-05-24,474171806.0,48000000.0,7.6,Adventure,US
The Unbearable Lightness of Being,1988-02-05,10006806.0,17000000.0,7.0,Comedy,US
A Room with a View,1985-12-13,20966644.0,3000000.0,6.9,Drama,UK
Pink Floyd: The Wall,1982-07-14,22244207.0,12000000.0,7.7,Music,UK
The Killing Fields,1984-11-02,34700291.0,14400000.0,7.5,War,UK
Forbidden Planet,1956-03-15,3250000.0,1900000.0,7.2,Adventure,US
Butch Cassidy and the Sundance Kid,1969-09-23,102308889.0,6000000.0,7.4,History,US
When Harry Met Sally...,1989-07-21,92823546.0,16000000.0,7.3,Comedy,US
Alien³,1992-05-22,159773545.0,50000000.0,6.2,Science Fiction,UK
An American Werewolf in London,1981-08-21,31973249.0,10000000.0,7.2,Horror,UK
The Birds,1963-03-28,11403529.0,2500000.0,7.3,Horror,US
Dracula,1992-11-13,215862692.0,40000000.0,7.1,Romance,US
Candyman,1992-10-16,25792310.0,6000000.0,6.2,Drama,US
Cape Fear,1991-11-15,182300000.0,35000000.0,7.0,Crime,US
Carrie,1976-11-03,33800000.0,1800000.0,7.0,Horror,US
A Nightmare on Elm Street,1984-11-14,25504513.0,1800000.0,7.2,Horror,US
The Omen,1976-06-06,60922980.0,2800000.0,7.2,Horror,UK
Star Trek: First Contact,1996-11-21,150000000.0,46000000.0,7.0,Science Fiction,US
Sling Blade,1996-08-30,24444121.0,1000000.0,7.4,Drama,US
Jingle All the Way,1996-11-15,129832389.0,60000000.0,5.5,Family,US
The Preacher's Wife,1996-12-13,48093211.0,40000000.0,5.4,Fantasy,US
Ridicule,1996-05-09,2503829.0,3000000.0,7.4,Comedy,France
101 Dalmatians,1996-11-17,320689294.0,54000000.0,5.6,Comedy,UK
Die Hard 2,1990-07-02,240031094.0,70000000.0,6.6,Action,US
Star Trek: The Motion Picture,1979-12-06,139000000.0,35000000.0,6.2,Science Fiction,US
Star Trek VI: The Undiscovered Country,1991-12-05,96900000.0,27000000.0,6.7,Science Fiction,US
Star Trek V: The Final Frontier,1989-06-09,70200000.0,30000000.0,5.6,Science Fiction,US
Star Trek II: The Wrath of Khan,1982-06-03,96800000.0,12000000.0,7.3,Action,US
Star Trek III: The Search for Spock,1984-05-31,87000000.0,18000000.0,6.4,Science Fiction,US
Star Trek IV: The Voyage Home,1986-11-25,133000000.0,24000000.0,6.9,Science Fiction,US
Batman Returns,1992-06-19,280000000.0,80000000.0,6.6,Action,UK
Young Guns,1988-08-12,44726644.0,13000000.0,6.6,Crime,US
Grease,1978-07-07,181813770.0,6000000.0,7.2,Romance,US
Grease 2,1982-06-11,15171476.0,13200000.0,4.9,Comedy,US
Marked for Death,1990-10-05,46044400.0,12000000.0,5.6,Action,US
Under Siege,1992-10-08,156563139.0,35000000.0,6.1,Action,France
Jaws,1975-06-18,470654000.0,7000000.0,7.5,Horror,US
Jaws 2,1978-06-16,187884007.0,20000000.0,5.9,Horror,US
Jaws 3-D,1983-03-16,87987055.0,20500000.0,4.2,Thriller,US
Mars Attacks!,1996-12-12,101371017.0,70000000.0,6.1,Comedy,US
Citizen Ruth,1996-12-13,153155.0,3000000.0,6.8,Drama,US
Jerry Maguire,1996-12-06,273552592.0,50000000.0,6.7,Comedy,US
Raising Arizona,1987-03-01,29180280.0,6000000.0,7.2,Comedy,US
Marvin's Room,1996-12-18,12803305.0,23000000.0,6.6,Drama,US
Scream,1996-12-20,173046663.0,14000000.0,7.0,Crime,US
The Last of the Mohicans,1992-09-25,75505856.0,40000000.0,7.1,Action,US
Evita,1996-12-14,141047179.0,55000000.0,5.9,History,US
Turbulence,1997-01-09,11466088.0,55000000.0,5.2,Action,US
Metro,1997-01-16,31987563.0,55000000.0,5.3,Action,US
Dante's Peak,1997-02-07,178127760.0,116000000.0,5.8,Action,US
Prefontaine,1997-01-24,589304.0,8000000.0,6.7,Drama,US
Absolute Power,1997-02-14,50068310.0,50000000.0,6.4,Crime,US
Vegas Vacation,1997-02-13,36400360.0,25000000.0,6.0,Comedy,US
Lost Highway,1997-01-15,3675201.0,15000000.0,7.5,Drama,US
Rosewood,1997-02-21,13130349.0,30000000.0,6.7,Drama,US
Donnie Brasco,1997-02-27,41954997.0,35000000.0,7.4,Crime,US
Kama Sutra - A Tale of Love,1996-09-11,4109095.0,3000000.0,5.7,Drama,UK
Private Parts,1997-03-07,41230799.0,28000000.0,6.7,Comedy,US
The Saint,1997-04-03,118063304.0,68000000.0,5.9,Thriller,US
Liar Liar,1997-03-21,302710615.0,45000000.0,6.4,Comedy,US
Selena,1997-03-21,60000000.0,20000000.0,7.1,Drama,US
The Devil's Own,1997-03-12,140807547.0,90000000.0,5.9,Crime,US
Cats Don't Dance,1997-03-26,3566637.0,32000000.0,7.1,Animation,US
Anna Karenina,1997-04-04,791830.0,35000000.0,6.4,Drama,US
Breakdown,1997-05-02,50159144.0,36000000.0,6.6,Drama,US
The Fifth Element,1997-05-07,263920180.0,90000000.0,7.3,Adventure,France
The Lost World: Jurassic Park,1997-05-23,229074524.0,73000000.0,6.2,Adventure,US
Con Air,1997-06-01,224012234.0,75000000.0,6.5,Action,US
Speed 2: Cruise Control,1997-06-13,164508066.0,160000000.0,4.1,Action,US
Batman & Robin,1997-06-20,238207122.0,125000000.0,4.2,Action,UK
Hercules,1997-06-26,252712101.0,85000000.0,7.3,Animation,US
My Best Friend's Wedding,1997-06-19,299288605.0,38000000.0,6.4,Comedy,US
Contempt,1963-10-21,528428.0,900000.0,7.5,Drama,France
Face/Off,1997-06-27,245676146.0,80000000.0,6.8,Action,US
Men in Black,1997-07-02,589390539.0,90000000.0,6.9,Action,US
A Simple Wish,1997-07-11,8345056.0,28000000.0,5.5,Adventure,US
Contact,1997-07-11,171120329.0,90000000.0,7.2,Drama,US
G.I. Jane,1997-08-22,48169156.0,50000000.0,6.0,Action,US
Conan the Barbarian,1982-04-02,79114085.0,20000000.0,6.6,Adventure,US
Cop Land,1997-08-15,44862187.0,15000000.0,6.6,Action,US
Event Horizon,1997-08-15,26673242.0,60000000.0,6.4,Horror,UK
Spawn,1997-07-31,87840042.0,40000000.0,5.0,Action,US
Picture Perfect,1997-08-01,44332015.0,19000000.0,5.1,Comedy,US
Conspiracy Theory,1997-08-07,136982834.0,75000000.0,6.5,Action,US
Steel,1997-08-15,1686429.0,16000000.0,4.2,Science Fiction,US
Mimic,1997-08-22,25480490.0,30000000.0,5.7,Fantasy,US
One Eight Seven,1997-07-29,5716080.0,20000000.0,6.5,Drama,US
The Hunt for Red October,1990-03-02,199200000.0,30000000.0,7.2,Action,US
L.A. Confidential,1997-09-19,126216940.0,35000000.0,7.7,Crime,US
Seven Years in Tibet,1997-09-12,131457682.0,70000000.0,7.0,Adventure,US
Kiss the Girls,1997-10-03,60527873.0,27000000.0,6.2,Drama,US
Wishmaster,1997-09-19,15719109.0,5000000.0,5.6,Horror,US
The Game,1997-09-12,109423648.0,50000000.0,7.5,Drama,US
Fire Down Below,1997-09-05,16000000.0,60000000.0,5.0,Action,US
U Turn,1997-10-03,6682098.0,19000000.0,6.5,Thriller,France
The Ice Storm,1997-09-27,8038061.0,18000000.0,6.9,Drama,France
Chasing Amy,1997-04-04,12021272.0,250000.0,6.7,Comedy,US
The Full Monty,1997-08-13,257850122.0,3500000.0,6.9,Comedy,UK
I Know What You Did Last Summer,1997-10-17,125586134.0,17000000.0,5.6,Horror,US
Playing God,1997-10-17,4000000.0,12000000.0,5.6,Drama,US
Gattaca,1997-09-07,12532777.0,36000000.0,7.5,Thriller,US
Switchback,1997-10-31,6482195.0,37000000.0,5.8,Action,US
Stripes,1981-06-25,85300000.0,10000000.0,6.5,Action,US
Bean,1997-07-03,251212670.0,18000000.0,6.3,Comedy,UK
Mad City,1997-11-07,10541523.0,50000000.0,5.9,Action,US
One Night Stand,1997-11-14,2642983.0,24000000.0,5.7,Drama,US
The Rainmaker,1997-11-18,45916769.0,40000000.0,6.7,Drama,US
Boogie Nights,1997-09-11,43101594.0,15000000.0,7.5,Drama,US
Witness,1985-02-08,68706993.0,12000000.0,7.0,Crime,US
Starship Troopers,1997-11-06,121214377.0,105000000.0,6.7,Adventure,US
The Joy Luck Club,1993-09-08,32861136.0,11000000.0,7.1,Drama,US
Sliding Doors,1998-04-23,58000000.0,6000000.0,6.6,Comedy,UK
Mortal Kombat: Annihilation,1997-11-21,51376861.0,30000000.0,3.8,Action,US
The Truman Show,1998-06-04,264118201.0,60000000.0,7.8,Comedy,US
The Jackal,1997-11-14,159330280.0,60000000.0,6.1,Action,US
Anastasia,1997-11-20,139804348.0,53000000.0,7.4,Animation,US
The Man Who Knew Too Little,1997-11-14,13801755.0,20000000.0,6.5,Comedy,US
Alien: Resurrection,1997-11-12,162000000.0,70000000.0,5.9,Science Fiction,US
Amistad,1997-12-03,74000000.0,36000000.0,6.8,Drama,US
Deconstructing Harry,1997-08-26,10686841.0,20000000.0,7.3,Comedy,US
Flubber,1997-11-26,177977226.0,80000000.0,5.3,Comedy,US
For Richer or Poorer,1997-12-11,31611225.0,35000000.0,5.6,Comedy,US
Home Alone 3,1997-12-12,79082515.0,32000000.0,5.1,Comedy,US
Midnight in the Garden of Good and Evil,1997-11-21,25105255.0,35000000.0,6.3,Crime,US
MouseHunt,1997-12-19,122417389.0,38000000.0,6.2,Comedy,US
Scream 2,1997-12-09,172363301.0,24000000.0,6.1,Horror,US
Titanic,1997-11-18,1845034188.0,200000000.0,7.5,Drama,US
Tomorrow Never Dies,1997-12-11,333011068.0,110000000.0,6.0,Adventure,UK
The Postman,1997-12-25,17626234.0,80000000.0,6.1,Drama,US
The Horse Whisperer,1998-05-14,186883563.0,60000000.0,6.7,Drama,US
Jackie Brown,1997-12-24,39673162.0,12000000.0,7.3,Comedy,US
Kundun,1997-12-25,5684789.0,28000000.0,6.8,Drama,US
The Big Lebowski,1998-03-06,46189568.0,15000000.0,7.8,Comedy,UK
Great Expectations,1998-01-19,55494066.0,25000000.0,6.4,Comedy,US
Wag the Dog,1997-12-25,64256513.0,15000000.0,6.7,Comedy,US
Half Baked,1998-01-16,17460020.0,8000000.0,6.4,Comedy,US
Shooting Fish,1997-08-22,302204.0,3000000.0,7.0,Crime,UK
Spice World,1997-12-19,100000000.0,25000000.0,4.7,Adventure,UK
The Replacement Killers,1998-02-06,19204929.0,30000000.0,6.0,Action,US
Blues Brothers 2000,1998-02-05,14051384.0,28000000.0,5.2,Music,US
The Wedding Singer,1998-02-13,123306987.0,18000000.0,6.5,Romance,US
Sphere,1998-02-13,13100000.0,75000000.0,5.8,Science Fiction,US
As Good as It Gets,1997-12-19,314178011.0,50000000.0,7.2,Comedy,US
U.S. Marshals,1998-03-06,102367405.0,60000000.0,6.2,Thriller,US
The Newton Boys,1998-03-26,76000000.0,27000000.0,5.9,Crime,US
Wild Things,1998-03-20,67200000.0,20000000.0,6.3,Thriller,US
Two Girls and a Guy,1997-09-07,2057193.0,1000000.0,5.4,Drama,US
The Object of My Affection,1998-04-17,46905889.0,15000000.0,5.6,Comedy,US
Lost in Space,1998-04-03,136159423.0,80000000.0,5.0,Adventure,US
The Spanish Prisoner,1997-09-08,13835130.0,10000000.0,7.1,Crime,US
City of Angels,1998-04-10,198685114.0,55000000.0,6.5,Drama,US
He Got Game,1998-05-01,21567853.0,25000000.0,6.7,Drama,US
Zero Effect,1998-01-30,1980338.0,5000000.0,6.0,Comedy,US
Species II,1998-04-10,19165560.0,35000000.0,4.5,Science Fiction,US
The Big Hit,1998-04-24,27007143.0,13000000.0,6.1,Action,US
Deep Impact,1998-05-08,140464664.0,75000000.0,5.9,Action,US
Quest for Camelot,1998-05-15,38172500.0,40000000.0,6.9,Fantasy,US
Godzilla,1998-05-20,379014294.0,130000000.0,5.3,Science Fiction,US
Bulworth,1998-05-15,29202884.0,30000000.0,6.3,Comedy,US
Fear and Loathing in Las Vegas,1998-05-22,10680275.0,18500000.0,7.2,Adventure,US
A Perfect Murder,1998-06-05,128038368.0,60000000.0,6.3,Crime,US
Six Days Seven Nights,1998-06-12,164000000.0,70000000.0,5.6,Action,US
Can't Hardly Wait,1998-06-12,25605015.0,10000000.0,6.1,Comedy,US
Mulan,1998-06-18,304320254.0,90000000.0,7.6,Animation,US
Doctor Dolittle,1998-06-22,294456605.0,71000000.0,5.4,Comedy,US
Out of Sight,1998-06-26,77745568.0,48000000.0,6.5,Romance,US
Armageddon,1998-07-01,553799566.0,140000000.0,6.5,Action,US
Lethal Weapon 4,1998-07-10,285444603.0,140000000.0,6.3,Action,US
Small Soldiers,1998-07-10,54682547.0,40000000.0,6.2,Comedy,US
Pi,1998-07-10,3221152.0,60000.0,7.1,Mystery,US
There's Something About Mary,1998-07-15,369884651.0,23000000.0,6.5,Romance,US
The Broadway Melody,1929-02-08,4358000.0,379000.0,5.0,Drama,US
Grand Hotel,1932-05-25,2594000.0,700000.0,6.5,Drama,US
Mutiny on the Bounty,1935-11-08,4460000.0,1950000.0,7.1,Adventure,US
You Can't Take It With You,1938-08-23,7433101.0,1644736.0,7.2,Comedy,US
How Green Was My Valley,1941-10-28,6000000.0,1250000.0,6.9,Drama,US
Mrs. Miniver,1942-06-04,13500000.0,1344000.0,6.7,Drama,US
The Lost Weekend,1945-11-25,11000000.0,1250000.0,7.4,Drama,US
The Best Years of Our Lives,1946-12-25,23650000.0,2100000.0,7.6,Drama,US
Gentleman's Agreement,1947-11-11,7800000.0,2000000.0,6.8,Drama,US
The Greatest Show on Earth,1952-01-10,36000000.0,4000000.0,6.6,Action,US
From Here to Eternity,1953-08-28,30500000.0,1650000.0,7.2,War,US
On the Waterfront,1954-06-22,9600000.0,910000.0,8.0,Crime,US
Marty,1955-04-11,3000000.0,343000.0,7.2,Drama,US
West Side Story,1961-10-18,43656822.0,6000000.0,7.0,Crime,US
Tom Jones,1963-10-06,37600000.0,1000000.0,6.1,Adventure,UK
A Man for All Seasons,1966-12-12,28350000.0,3900000.0,7.5,Drama,UK
In the Heat of the Night,1967-08-02,27379978.0,2000000.0,7.5,Crime,US
Oliver!,1968-09-26,37402877.0,10000000.0,7.0,Drama,UK
Midnight Cowboy,1969-05-25,44785053.0,3600000.0,7.4,Drama,US
The French Connection,1971-10-09,41158757.0,1800000.0,7.4,Action,US
Rocky,1976-11-21,117235147.0,1000000.0,7.5,Drama,US
Kramer vs. Kramer,1979-12-18,106260000.0,8000000.0,7.4,Drama,US
Chariots of Fire,1981-05-15,58972904.0,5500000.0,6.9,Drama,UK
Out of Africa,1985-12-20,128499205.0,31000000.0,7.0,Drama,US
The Last Emperor,1987-10-21,43984230.0,23000000.0,7.4,Drama,France
Rain Man,1988-12-11,412800000.0,25000000.0,7.6,Drama,US
Driving Miss Daisy,1989-12-13,145793296.0,7500000.0,7.0,Comedy,US
Repo Man,1984-02-20,2300000.0,1500000.0,6.7,Comedy,US
Labyrinth,1986-06-27,12729917.0,25000000.0,7.1,Adventure,UK
The Breakfast Club,1985-02-15,51525171.0,1000000.0,7.8,Comedy,US
A Nightmare on Elm Street Part 2: Freddy's Revenge,1985-10-31,29999213.0,3000000.0,5.7,Horror,US
A Nightmare on Elm Street 3: Dream Warriors,1987-02-27,44793222.0,5000000.0,6.5,Horror,US
A Nightmare on Elm Street 4: The Dream Master,1988-08-19,72500000.0,7000000.0,5.8,Horror,US
A Nightmare on Elm Street 5: The Dream Child,1989-08-11,22168359.0,8000000.0,5.5,Horror,US
Freddy's Dead: The Final Nightmare,1991-09-05,34872033.0,11000000.0,5.1,Horror,US
Friday the 13th,1980-05-09,59754601.0,550000.0,6.4,Horror,US
Friday the 13th Part 2,1981-05-01,21722776.0,1250000.0,6.0,Horror,US
Friday the 13th Part III,1982-08-13,36690067.0,4000000.0,5.7,Horror,US
Friday the 13th: The Final Chapter,1984-04-13,32980880.0,2600000.0,5.9,Horror,US
Friday the 13th: A New Beginning,1985-03-22,21930418.0,2200000.0,5.1,Horror,US
Friday the 13th Part VI: Jason Lives,1986-08-01,19472057.0,3000000.0,5.7,Horror,US
Friday the 13th Part VII: The New Blood,1988-05-13,19170001.0,2800000.0,5.3,Horror,US
Friday the 13th Part VIII: Jason Takes Manhattan,1989-07-28,14000000.0,5000000.0,4.8,Horror,US
Halloween,1978-10-25,70000000.0,300000.0,7.4,Horror,US
Halloween II,1981-10-30,25533818.0,2500000.0,6.4,Horror,US
Halloween III: Season of the Witch,1982-10-22,14400000.0,2500000.0,5.0,Horror,US
Halloween 4: The Return of Michael Myers,1988-10-21,17768757.0,5000000.0,5.9,Horror,US
Halloween 5: The Revenge of Michael Myers,1989-10-12,11642254.0,5000000.0,5.3,Horror,US
Child's Play,1988-11-08,44196684.0,9000000.0,6.3,Horror,US
Child's Play 2,1990-11-09,35763605.0,13000000.0,5.8,Drama,US
Child's Play 3,1991-08-30,20560255.0,13000000.0,5.5,Thriller,UK
Poltergeist,1982-06-04,122200000.0,10700000.0,7.1,Horror,US
Poltergeist II: The Other Side,1986-05-23,40996665.0,19000000.0,5.8,Horror,US
Poltergeist III,1988-06-10,14144000.0,10500000.0,4.6,Horror,US
The Exorcist,1973-12-26,441306145.0,8000000.0,7.5,Drama,US
Exorcist II: The Heretic,1977-06-17,30749142.0,14000000.0,4.5,Horror,US
Lethal Weapon,1987-03-06,120207127.0,15000000.0,7.0,Adventure,US
Lethal Weapon 2,1989-07-07,227853986.0,25000000.0,6.7,Action,US
Lethal Weapon 3,1992-05-15,321731527.0,35000000.0,6.4,Adventure,US
Gremlins,1984-06-07,153083102.0,11000000.0,6.9,Fantasy,US
Gremlins 2: The New Batch,1990-06-15,41482207.0,50000000.0,6.3,Comedy,US
The Goonies,1985-06-06,61503218.0,19000000.0,7.4,Adventure,US
The Mask of Zorro,1998-07-16,250288523.0,95000000.0,6.3,Action,US
Back to the Future Part II,1989-11-20,332000000.0,40000000.0,7.4,Adventure,US
Back to the Future Part III,1990-05-25,244527583.0,40000000.0,7.1,Adventure,US
The Poseidon Adventure,1972-12-01,84563118.0,5000000.0,7.3,Action,US
Bambi,1942-08-14,267447150.0,858000.0,6.8,Animation,US
Dangerous Liaisons,1988-12-16,34670720.0,14000000.0,7.1,Drama,UK
Dune,1984-12-14,30925690.0,40000000.0,6.5,Action,US
The Last Temptation of Christ,1988-08-12,8373585.0,7000000.0,7.0,Drama,US
Lolita,1997-09-27,1060056.0,62000000.0,7.0,Drama,France
Jane Austen's Mafia!,1998-07-24,19000000.0,10000000.0,5.4,Comedy,US
Saving Private Ryan,1998-07-24,481840909.0,70000000.0,7.9,Drama,US
The Black Cauldron,1985-07-24,21288692.0,25000000.0,6.5,Animation,US
The Black Hole,1979-12-18,35841901.0,20000000.0,6.1,Adventure,US
The Great Mouse Detective,1986-07-02,38625550.0,14000000.0,6.9,Comedy,US
Hocus Pocus,1993-07-16,39514713.0,28000000.0,6.5,Comedy,US
Honey I Blew Up the Kid,1992-07-16,58662452.0,40000000.0,4.8,Adventure,US
"Honey, I Shrunk the Kids",1989-06-22,222724172.0,32000000.0,6.1,Adventure,US
Roger & Me,1989-09-01,6706368.0,160000.0,7.4,Documentary,US
The Purple Rose of Cairo,1985-03-01,10631333.0,15000000.0,7.3,Fantasy,US
The 'Burbs,1989-02-17,36602000.0,18000000.0,6.6,Comedy,US
Blue Velvet,1986-08-01,8551228.0,6000000.0,7.7,Crime,US
The Jungle Book,1967-10-17,205843612.0,4000000.0,7.1,Family,US
The Little Mermaid,1989-11-17,222300000.0,40000000.0,7.2,Animation,US
The Mighty Ducks,1992-10-01,50752337.0,10000000.0,6.4,Comedy,US
One Hundred and One Dalmatians,1961-01-25,215880014.0,4000000.0,6.8,Adventure,US
Peter Pan,1953-02-05,87404651.0,4000000.0,7.0,Animation,US
The Rescuers Down Under,1990-11-16,47431461.0,37931000.0,6.6,Adventure,US
The Rescuers,1977-06-22,71215869.0,1200000.0,6.7,Fantasy,US
Return to Oz,1985-06-21,11137801.0,25000000.0,6.6,Adventure,UK
The Rocketeer,1991-06-21,62000000.0,42000000.0,6.3,Action,US
Sleeping Beauty,1959-01-28,51000000.0,6000000.0,6.8,Fantasy,US
Something Wicked This Way Comes,1983-04-29,5656087.0,19000000.0,6.6,Fantasy,US
Splash,1984-03-09,69821334.0,8000000.0,6.1,Comedy,US
Tron,1982-07-09,33000000.0,17000000.0,6.6,Science Fiction,US
Halloween: H20,1998-08-05,55041738.0,17000000.0,5.7,Horror,US
The Outsiders,1983-03-25,33697647.0,10000000.0,6.9,Crime,US
Indiana Jones and the Temple of Doom,1984-05-23,333000000.0,28000000.0,7.1,Adventure,US
The Lord of the Rings,1978-11-15,30471420.0,4000000.0,6.1,Fantasy,US
The Dead Zone,1983-10-21,20766616.0,10000000.0,6.9,Horror,US
Maximum Overdrive,1986-07-25,7433663.0,10000000.0,5.5,Action,US
Cujo,1983-08-10,21200000.0,5000000.0,5.7,Horror,US
Children of the Corn,1984-03-09,14000000.0,800000.0,5.6,Drama,US
The Addams Family,1991-11-22,191502426.0,30000000.0,6.7,Horror,US
Ever After: A Cinderella Story,1998-07-31,65705772.0,26000000.0,6.8,Drama,US
Who's Afraid of Virginia Woolf?,1966-06-21,33736689.0,7500000.0,7.8,Drama,US
Doctor Dolittle,1967-12-19,9000000.0,18000000.0,6.0,Adventure,US
Watership Down,1978-10-14,3713768.0,1000000.0,7.3,Adventure,UK
The Secret of NIMH,1982-06-17,14665733.0,7000000.0,7.5,Fantasy,US
The Dark Crystal,1982-12-17,40577001.0,15000000.0,7.3,Fantasy,UK
An American Tail,1986-11-21,84542002.0,9000000.0,6.6,Drama,US
Legend,1985-07-19,15502112.0,25000000.0,6.2,Adventure,US
Sixteen Candles,1984-05-04,23686027.0,6500000.0,6.9,Comedy,US
The Avengers,1998-08-13,48585416.0,60000000.0,4.4,Thriller,US
How Stella Got Her Groove Back,1998-08-14,37672350.0,20000000.0,6.0,Comedy,US
Rosemary's Baby,1968-06-12,33395426.0,3200000.0,7.5,Horror,US
Blade,1998-08-21,131183530.0,45000000.0,6.5,Horror,US
Beetlejuice,1988-02-29,73326666.0,15000000.0,7.1,Fantasy,US
Rope,1948-08-23,2200000.0,1500000.0,7.8,Crime,US
Family Plot,1976-04-09,7900000.0,2000000.0,6.7,Comedy,US
Frenzy,1972-05-25,12600000.0,3500000.0,7.2,Crime,UK
Topaz,1969-12-18,6000000.0,4000000.0,6.1,Action,US
Torn Curtain,1966-07-13,13000000.0,3000000.0,6.4,Mystery,US
Marnie,1964-07-09,7000000.0,2135161.0,7.2,Crime,US
The Wrong Man,1956-12-22,2000000.0,1200000.0,6.9,Crime,US
The Man Who Knew Too Much,1956-06-01,10250000.0,2500000.0,7.3,Adventure,US
The Trouble with Harry,1955-10-03,7000000.0,1200000.0,6.9,Comedy,US
Strangers on a Train,1951-06-18,7000000.0,1200000.0,7.6,Crime,US
54,1998-08-28,16757163.0,13000000.0,5.5,Music,US
Willow,1988-05-01,57269863.0,35000000.0,6.9,Adventure,US
The Untouchables,1987-06-02,76270454.0,25000000.0,7.6,Crime,US
Suspicion,1941-11-14,4500000.0,1103000.0,7.1,Mystery,US
Rounders,1998-09-11,22921898.0,12000000.0,6.9,Drama,US
Simon Birch,1998-09-11,18253415.0,20000000.0,6.5,Comedy,US
Without Limits,1998-09-11,777423.0,25000000.0,6.4,Drama,US
Broadcast News,1987-12-16,51249404.0,20000000.0,6.8,Comedy,US
Working Girl,1988-12-20,103173635.0,28000000.0,6.5,Comedy,US
Married to the Mob,1988-08-19,21486757.0,10000000.0,5.8,Comedy,US
Nothing but Trouble,1991-02-14,8479793.0,40000000.0,5.0,Comedy,US
A Few Good Men,1992-12-11,243240178.0,40000000.0,7.1,Drama,US
Indecent Proposal,1993-04-07,266614059.0,38000000.0,5.8,Drama,US
Rush Hour,1998-09-18,244386864.0,33000000.0,6.8,Action,US
Six-String Samurai,1998-09-18,124494.0,2000000.0,5.8,Action,US
Ronin,1998-09-25,41610884.0,55000000.0,6.8,Action,France
The Thing,1982-06-25,19629760.0,15000000.0,7.8,Horror,US
The Player,1992-04-03,21706101.0,8000000.0,6.9,Comedy,US
Stardust Memories,1980-09-26,10389003.0,10000000.0,6.9,Comedy,US
Edward Scissorhands,1990-12-05,53000000.0,20000000.0,7.5,Fantasy,US
Antz,1998-10-02,171757863.0,60000000.0,6.0,Adventure,US
A Night at the Roxbury,1998-10-01,30331165.0,17000000.0,5.9,Comedy,US
Strangeland,1998-10-02,631221.0,1100000.0,4.7,Horror,US
History of the World: Part I,1981-06-12,31672907.0,11000000.0,6.5,Comedy,US
My Cousin Vinny,1992-03-13,64088552.0,11000000.0,7.3,Comedy,US
2010,1984-12-06,40400657.0,28000000.0,6.6,Thriller,US
The Elephant Man,1980-10-02,26010864.0,5000000.0,7.9,Drama,UK
Practical Magic,1998-10-16,46683377.0,75000000.0,6.3,Drama,US
Happiness,1998-10-16,2807390.0,3000000.0,7.4,Comedy,US
Soldier,1998-10-23,14567883.0,75000000.0,6.1,Action,US
Tales from the Darkside: The Movie,1990-05-03,16324573.0,3500000.0,5.8,Thriller,US
American History X,1998-10-30,23875127.0,20000000.0,8.2,Drama,US
Gods and Monsters,1998-01-21,6451628.0,10000000.0,6.8,Drama,UK
The Siege,1998-11-06,116672912.0,70000000.0,6.1,Drama,US
The Waterboy,1998-11-06,185991646.0,23000000.0,5.9,Comedy,US
Elizabeth,1998-09-13,82150642.0,30000000.0,7.2,Drama,US
I Still Know What You Did Last Summer,1998-11-13,40002112.0,65000000.0,5.1,Horror,US
Meet Joe Black,1998-11-12,142940100.0,90000000.0,6.9,Fantasy,US
Sid & Nancy,1986-11-07,2826523.0,4000000.0,7.0,Drama,UK
Enemy of the State,1998-11-20,250649836.0,90000000.0,6.7,Action,US
The Rugrats Movie,1998-11-20,100491683.0,30000000.0,5.8,Animation,US
A Bug's Life,1998-11-25,363258859.0,120000000.0,6.8,Adventure,US
King Kong,1933-04-07,10000000.0,672000.0,7.7,Action,US
King Kong,1976-09-08,90614445.0,23000000.0,5.9,Adventure,US
King Kong Lives,1986-11-21,4711220.0,10000000.0,4.6,Action,US
Desperately Seeking Susan,1985-03-29,27400000.0,5000000.0,6.0,Comedy,US
Fletch,1985-05-31,59612888.0,8000000.0,6.8,Comedy,US
Fletch Lives,1989-03-17,35150960.0,8045760.0,5.8,Comedy,US
The Money Pit,1986-03-15,54999651.0,10000000.0,6.2,Comedy,US
A View to a Kill,1985-05-24,152427960.0,30000000.0,6.0,Adventure,France
Police Academy,1984-03-22,146198896.0,4500000.0,6.5,Comedy,US
Home Fries,1998-11-25,10443316.0,15000000.0,4.8,Drama,US
Very Bad Things,1998-09-11,9898412.0,30000000.0,6.2,Comedy,US
Psycho,1998-12-04,37141130.0,60000000.0,4.8,Horror,US
Star Trek: Insurrection,1998-12-10,118000000.0,70000000.0,6.3,Science Fiction,US
The Prince of Egypt,1998-12-15,218613188.0,70000000.0,6.9,Adventure,US
Rushmore,1998-09-17,17096053.0,9000000.0,7.5,Comedy,US
Shakespeare in Love,1998-12-11,289317794.0,25000000.0,6.8,Romance,US
Santa Claus: The Movie,1985-10-29,23717291.0,50000000.0,6.1,Family,US
Rambo: First Blood Part II,1985-05-21,300400432.0,44000000.0,6.3,Action,US
First Blood,1982-10-22,125212904.0,15000000.0,7.2,Action,US
Rambo III,1988-05-24,189015611.0,63000000.0,5.7,Action,US
The Jewel of the Nile,1985-12-04,96773200.0,25000000.0,6.0,Action,US
Cocoon: The Return,1988-09-13,25024919.0,17500000.0,5.4,Comedy,US
Rocky II,1979-06-15,200182160.0,7000000.0,6.9,Drama,US
Rocky III,1982-05-28,270000000.0,17000000.0,6.6,Drama,US
Rocky IV,1985-11-21,300473716.0,31000000.0,6.6,Drama,US
Rocky V,1990-10-18,119946358.0,42000000.0,5.3,Drama,US
Clue,1985-12-13,14643997.0,15000000.0,7.1,Comedy,US
The Karate Kid,1984-06-22,90815558.0,8000000.0,6.9,Drama,US
National Lampoon's Christmas Vacation,1989-12-01,71320000.0,27000000.0,7.1,Comedy,US
You've Got Mail,1998-12-17,250821495.0,65000000.0,6.3,Comedy,US
The Faculty,1998-12-25,40283321.0,15000000.0,6.2,Horror,US
Patch Adams,1998-12-25,202292902.0,50000000.0,7.0,Comedy,US
Tea with Mussolini,1999-03-25,21001563.0,12000000.0,5.8,Comedy,UK
Affliction,1997-08-28,6330054.0,6000000.0,5.8,Drama,US
Playing by Heart,1998-12-30,3970078.0,20000000.0,6.6,Drama,US
Virus,1999-01-14,14010690.0,75000000.0,5.0,Horror,US
Howard the Duck,1986-08-01,37962774.0,37000000.0,5.1,Comedy,US
The Fly,1958-07-16,3000000.0,700000.0,6.9,Drama,US
Armed and Dangerous,1986-08-15,15945534.0,12000000.0,5.3,Action,US
The Texas Chain Saw Massacre,1974-10-01,30859000.0,85000.0,7.1,Horror,US
The Texas Chainsaw Massacre 2,1986-08-22,8025872.0,4700000.0,5.8,Horror,US
Texas Chainsaw Massacre: The Next Generation,1994-01-01,185898.0,600000.0,3.9,Horror,US
The Name of the Rose,1986-09-24,77200000.0,20000000.0,7.2,Drama,France
Peggy Sue Got Married,1986-10-05,41382841.0,18000000.0,5.9,Comedy,US
The Color of Money,1986-10-07,52293982.0,13800000.0,6.7,Drama,US
Heartbreak Ridge,1986-12-15,42724017.0,15000000.0,6.5,Action,US
She's All That,1999-01-29,103166989.0,10000000.0,5.7,Comedy,US
Peeping Tom,1960-04-06,83957.0,150000.0,7.6,Horror,UK
Payback,1999-02-05,161626121.0,90000000.0,6.7,Drama,US
Simply Irresistible,1999-02-05,4398989.0,6000000.0,5.5,Comedy,US
Blast from the Past,1999-02-12,40263020.0,35000000.0,6.3,Comedy,US
Message in a Bottle,1999-02-22,118880016.0,80000000.0,5.9,Romance,US
My Favorite Martian,1999-02-11,36850101.0,65000000.0,5.1,Comedy,US
Jawbreaker,1999-01-30,3076820.0,3000000.0,5.9,Comedy,US
Office Space,1999-02-19,12827813.0,10000000.0,7.4,Comedy,US
200 Cigarettes,1999-02-26,6852450.0,6000000.0,6.1,Comedy,US
8MM,1999-02-26,96618699.0,40000000.0,6.1,Thriller,US
Pet Sematary,1989-04-21,57469467.0,11500000.0,6.4,Drama,US
Pet Sematary II,1992-08-28,17092453.0,8000000.0,5.0,Horror,US
Children of the Corn II: The Final Sacrifice,1993-01-29,6980986.0,900000.0,4.5,Horror,US
Airport,1970-03-05,100489151.0,10000000.0,6.2,Action,US
Airport 1975,1974-10-18,47000000.0,3000000.0,5.5,Action,US
Airport '77,1977-03-11,30000000.0,6000000.0,5.8,Action,US
The Towering Inferno,1974-12-14,116000000.0,14000000.0,7.1,Action,US
Logan's Run,1976-06-23,25000000.0,9000000.0,6.6,Adventure,US
Planet of the Apes,1968-02-07,33395426.0,5800000.0,7.5,Science Fiction,US
Beneath the Planet of the Apes,1970-05-01,18999718.0,3000000.0,6.2,Adventure,US
Battle for the Planet of the Apes,1973-06-15,8844595.0,1700000.0,5.5,Action,US
Conquest of the Planet of the Apes,1972-06-29,9700000.0,1700000.0,6.1,Action,US
Escape from the Planet of the Apes,1971-05-20,12348905.0,2500000.0,6.3,Action,US
Earthquake,1974-11-15,79666653.0,7000000.0,5.6,Action,US
The Concorde... Airport '79,1979-08-17,13015688.0,14000000.0,4.7,Action,US
The Corruptor,1999-03-12,15156200.0,25000000.0,6.1,Action,US
Cruel Intentions,1999-03-05,75902208.0,10500000.0,6.6,Drama,US
"Lock, Stock and Two Smoking Barrels",1998-03-05,3897569.0,1350000.0,7.5,Comedy,UK
The Deep End of the Ocean,1999-03-12,28121100.0,38000000.0,6.0,Drama,US
The Rage: Carrie 2,1999-03-11,17762705.0,21000000.0,5.1,Horror,US
Baby Geniuses,1999-03-12,36450736.0,12000000.0,3.3,Science Fiction,US
Forces of Nature,1999-03-12,93888180.0,75000000.0,5.1,Romance,US
The King and I,1999-03-19,12000000.0,25000000.0,5.0,Animation,US
The King and I,1956-06-29,21300000.0,4550000.0,7.3,Drama,US
The Mod Squad,1999-03-26,13260050.0,50000000.0,4.1,Action,US
10 Things I Hate About You,1999-03-30,53478166.0,16000000.0,7.3,Comedy,US
The Out-of-Towners,1999-04-02,29000000.0,75000000.0,5.1,Comedy,US
Go,1999-04-09,28451622.0,6500000.0,7.0,Crime,US
Never Been Kissed,1999-04-09,84565230.0,25000000.0,5.8,Romance,US
Cookie's Fortune,1999-01-22,10920544.0,10000000.0,6.2,Comedy,US
Life,1999-04-16,73345029.0,80000000.0,6.4,Comedy,US
Entrapment,1999-04-29,212404396.0,66000000.0,6.0,Romance,UK
Idle Hands,1999-04-30,4152230.0,25000000.0,6.1,Thriller,US
Mildred Pierce,1945-09-24,5638000.0,1453000.0,7.4,Crime,US
Night of the Comet,1984-11-16,14418922.0,3000000.0,6.1,Comedy,US
Dick Tracy,1990-06-15,103738726.0,47000000.0,5.9,Adventure,US
The Mummy,1999-04-16,415885488.0,80000000.0,6.6,Adventure,US
Edge of Seventeen,1998-05-14,870751.0,1500000.0,5.7,Comedy,US
Star Wars: Episode I - The Phantom Menace,1999-05-19,924317558.0,115000000.0,6.4,Adventure,US
Superman,1978-12-13,300218018.0,55000000.0,6.9,Action,UK
Superman II,1980-12-04,190458706.0,54000000.0,6.5,Action,UK
Superman III,1983-06-17,75850624.0,39000000.0,5.3,Comedy,UK
Superman IV: The Quest for Peace,1987-07-23,19300000.0,17000000.0,4.1,Action,UK
Dracula,1931-02-12,1012189.0,355000.0,7.2,Horror,US
Frankenstein,1931-11-21,12000000.0,291000.0,7.3,Drama,US
The Rocky Horror Picture Show,1975-08-14,112892319.0,1200000.0,7.4,Comedy,UK
The War of the Worlds,1953-08-13,2000000.0,2000000.0,6.8,Horror,US
Notting Hill,1999-05-13,363889678.0,42000000.0,7.0,Romance,UK
The Thirteenth Floor,1999-04-16,18564088.0,16000000.0,6.8,Thriller,US
Austin Powers: The Spy Who Shagged Me,1999-06-08,310940086.0,33000000.0,6.1,Adventure,US
Tarzan,1999-06-18,448000000.0,150000000.0,7.1,Adventure,US
An Ideal Husband,1999-04-15,18535191.0,14000000.0,6.3,Drama,UK
Big Daddy,1999-06-25,234801895.0,34200000.0,6.2,Comedy,US
The Dinner Game,1998-04-15,78599508.0,12500000.0,7.7,Comedy,France
Arachnophobia,1990-08-09,53208180.0,31000000.0,6.2,Comedy,US
Wild Wild West,1999-06-29,222104681.0,170000000.0,5.1,Action,US
American Pie,1999-07-09,235483004.0,11000000.0,6.4,Comedy,US
Muppets from Space,1999-07-14,16290976.0,24000000.0,5.8,Fantasy,US
The Blair Witch Project,1999-07-14,248000000.0,60000.0,6.3,Horror,US
Eyes Wide Shut,1999-07-14,162091208.0,65000000.0,7.1,Mystery,UK
Lake Placid,1999-07-15,56870414.0,27000000.0,5.5,Horror,US
The Wood,1999-07-16,25059640.0,6000000.0,7.1,Comedy,US
Ghostbusters,1984-06-07,295212467.0,30000000.0,7.3,Comedy,US
Ghostbusters II,1989-06-15,215394738.0,37000000.0,6.3,Comedy,US
Drop Dead Gorgeous,1999-07-23,10571408.0,10000000.0,6.5,Comedy,US
The Haunting,1999-07-23,91188905.0,80000000.0,5.2,Horror,US
Trick,1999-07-23,2049595.0,450000.0,6.7,Comedy,US
Mystery Men,1999-08-06,29762011.0,68000000.0,5.7,Adventure,US
Runaway Bride,1999-07-30,309457509.0,70000000.0,5.8,Comedy,US
Spartacus,1960-10-06,60000000.0,12000000.0,7.3,Action,US
Lolita,1962-06-13,9250000.0,2000000.0,7.3,Drama,UK
Barry Lyndon,1975-12-18,20000000.0,11000000.0,7.7,Drama,UK
The Golden Child,1986-12-12,79817939.0,25000000.0,5.6,Action,US
The Color Purple,1985-12-18,146292009.0,15000000.0,7.7,Drama,US
The Mission,1986-09-29,17218023.0,24500000.0,7.1,Adventure,France
Little Shop of Horrors,1986-12-19,38748395.0,25000000.0,6.7,Horror,US
The Iron Giant,1999-08-06,23159305.0,70000000.0,7.6,Adventure,US
The Sixth Sense,1999-08-06,672806292.0,40000000.0,7.7,Mystery,US
The Thomas Crown Affair,1999-08-06,124305181.0,48000000.0,6.7,Drama,US
Brokedown Palace,1999-08-13,13000000.0,25000000.0,6.2,Drama,US
Detroit Rock City,1999-08-13,4217115.0,6500000.0,6.7,Comedy,US
The Raven,1963-01-25,1499275.0,350000.0,6.3,Comedy,US
The Pit and the Pendulum,1961-08-12,2000000.0,200000.0,6.9,Fantasy,US
Damien: Omen II,1978-06-09,26518355.0,6800000.0,6.1,Action,US
Airplane!,1980-07-02,83453539.0,3500000.0,7.1,Comedy,US
An American Werewolf in Paris,1997-12-25,26570463.0,22000000.0,5.3,Horror,France
National Lampoon's Vacation,1983-07-28,61399552.0,15000000.0,7.1,Comedy,US
Big,1988-06-03,151668774.0,18000000.0,6.9,Fantasy,US
The Pelican Brief,1993-12-16,195268056.0,45000000.0,6.3,Drama,US
Teaching Mrs. Tingle,1999-08-11,8946237.0,13000000.0,5.3,Comedy,US
Universal Soldier: The Return,1999-08-05,10667893.0,45000000.0,4.2,Action,US
The 13th Warrior,1999-08-27,61698899.0,160000000.0,6.4,Adventure,US
The Astronaut's Wife,1999-08-26,19598588.0,75000000.0,5.5,Drama,US
Chill Factor,1999-09-01,11263966.0,70000000.0,5.3,Action,US
Outside Providence,1999-08-16,7292175.0,7000000.0,5.6,Romance,US
Stigmata,1999-09-10,50041732.0,29000000.0,6.0,Horror,US
Stir of Echoes,1999-09-10,21133087.0,12000000.0,6.5,Horror,US
A Soldier's Story,1984-09-14,21821347.0,6000000.0,6.2,Drama,US
American Beauty,1999-09-15,356296601.0,15000000.0,7.9,Drama,US
Stop Making Sense,1984-11-16,4978922.0,1200000.0,8.7,Documentary,US
A Hard Day's Night,1964-07-06,12299668.0,560000.0,7.3,Comedy,UK
The Buddy Holly Story,1978-05-18,14363400.0,1200000.0,7.5,Drama,US
Fright Night,1985-08-02,24922237.0,9000000.0,6.9,Horror,US
Deliverance,1972-07-30,46122355.0,2000000.0,7.2,Drama,US
Excalibur,1981-04-10,34967437.0,11000000.0,7.1,Fantasy,UK
Tommy,1975-03-19,34251525.0,5000000.0,6.5,Drama,UK
Drive Me Crazy,1999-10-01,22593409.0,8000000.0,5.8,Drama,US
Three Kings,1999-09-27,108000000.0,75000000.0,6.6,Action,US
"Happy, Texas",1999-12-03,1943649.0,1700000.0,5.5,Comedy,US
The Dark Half,1993-04-23,10611160.0,15000000.0,5.4,Mystery,US
Monkey Shines,1988-07-29,5344577.0,7000000.0,6.2,Thriller,US
Phantasm,1979-03-28,11988469.0,300000.0,6.5,Horror,US
Psycho II,1983-06-03,34725000.0,5000000.0,6.0,Horror,US
Random Hearts,1999-10-08,74608570.0,64000000.0,5.3,Drama,US
Boys Don't Cry,1999-09-02,11540607.0,2000000.0,7.2,Crime,US
The Limey,1999-05-15,3193102.0,10000000.0,6.6,Action,US
Risky Business,1983-08-05,63541777.0,6200000.0,6.4,Comedy,US
Total Recall,1990-06-01,261317921.0,65000000.0,7.1,Action,US
Ferris Bueller's Day Off,1986-06-11,70136369.0,6000000.0,7.5,Comedy,US
High Plains Drifter,1973-04-19,15700000.0,5500000.0,7.4,Western,US
Hang 'em High,1968-07-31,6800000.0,1800000.0,6.7,Western,US
Reds,1981-12-25,40382659.0,32000000.0,7.1,Drama,US
Niagara,1953-01-26,8500000.0,1250000.0,6.7,Crime,US
South Pacific,1958-03-18,36800000.0,6000000.0,6.3,Music,US
Flashdance,1983-04-14,92921203.0,4000000.0,6.1,Drama,US
The Dirty Dozen,1967-06-15,45300000.0,5400000.0,7.5,Action,UK
Goldfinger,1964-09-17,124881062.0,2500000.0,7.2,Adventure,UK
From Russia with Love,1963-10-11,78898765.0,2000000.0,6.9,Action,UK
Dr. No,1962-10-04,59600000.0,950000.0,6.9,Adventure,UK
The Blue Lagoon,1980-07-05,58853106.0,4500000.0,5.8,Romance,US
Hard Eight,1996-02-28,222559.0,3000000.0,6.8,Drama,US
Home Alone 2: Lost in New York,1992-11-19,358991681.0,18000000.0,6.3,Comedy,US
Someone to Watch Over Me,1987-10-09,10278549.0,17000000.0,5.8,Crime,US
The Story of Us,1999-10-13,58900031.0,50000000.0,5.9,Comedy,US
Time Bandits,1981-07-13,42365581.0,5000000.0,6.6,Family,UK
Crimes and Misdemeanors,1989-10-13,18254702.0,19000000.0,7.4,Comedy,US
The Best Man,1999-10-22,34573780.0,9000000.0,6.8,Drama,US
RoboCop,1987-07-17,53000000.0,13000000.0,7.1,Action,US
RoboCop 2,1990-06-22,45681173.0,35000000.0,5.6,Action,US
Who Framed Roger Rabbit,1988-06-21,329803958.0,70000000.0,7.2,Fantasy,US
For Your Eyes Only,1981-06-23,195312802.0,28000000.0,6.3,Adventure,UK
Licence to Kill,1989-07-07,156167015.0,32000000.0,5.9,Adventure,UK
Live and Let Die,1973-07-05,161777836.0,7000000.0,6.4,Adventure,UK
House on Haunted Hill,1999-10-29,40846082.0,19000000.0,5.5,Horror,US
Music of the Heart,1999-10-29,14859394.0,27000000.0,6.3,Drama,US
Being John Malkovich,1999-09-30,22863596.0,13000000.0,7.3,Fantasy,US
The Bachelor,1999-11-05,36911617.0,51000000.0,4.5,Comedy,US
The Bone Collector,1999-11-04,151493655.0,73000000.0,6.5,Drama,US
The Insider,1999-10-28,60289912.0,90000000.0,7.3,Drama,US
Creepshow,1982-11-12,21028755.0,8000000.0,6.7,Horror,US
Creepshow 2,1987-05-01,14000000.0,3500000.0,5.9,Horror,US
Re-Animator,1985-10-18,2023414.0,900000.0,7.0,Science Fiction,US
Drugstore Cowboy,1989-09-09,4729352.0,2500000.0,7.0,Crime,US
Falling Down,1993-02-26,40903593.0,25000000.0,7.2,Crime,US
Nighthawks,1981-03-17,19905359.0,5000000.0,6.4,Action,US
Spaceballs,1987-06-24,38119483.0,22700000.0,6.7,Comedy,US
Robin Hood,1973-11-08,32056467.0,15000000.0,7.0,Animation,US
Little Big Man,1970-12-14,31559552.0,15000000.0,7.5,Adventure,US
Trading Places,1983-06-07,90400000.0,40600000.0,7.1,Comedy,US
Anywhere But Here,1999-11-12,18653615.0,23000000.0,5.9,Drama,US
Dogma,1999-11-12,30652890.0,10000000.0,6.8,Fantasy,US
The Messenger: The Story of Joan of Arc,1999-10-18,66976317.0,60000000.0,6.2,Adventure,France
The Longest Day,1962-09-25,50100000.0,10000000.0,7.3,Action,US
The Verdict,1982-12-08,53977250.0,16000000.0,7.4,Drama,US
The World Is Not Enough,1999-11-08,361832400.0,135000000.0,6.0,Adventure,UK
The Natural,1984-05-11,47951979.0,28000000.0,7.0,Drama,US
Fatal Attraction,1987-09-11,320145693.0,14000000.0,6.6,Romance,US
Stanley & Iris,1990-02-09,5820015.0,23000000.0,5.7,Drama,US
Midnight Run,1988-07-20,38413606.0,30000000.0,7.2,Adventure,US
Backdraft,1991-05-24,152368585.0,75000000.0,6.4,Action,US
The Fisher King,1991-09-09,41895491.0,24000000.0,7.2,Comedy,US
The River,1984-12-01,11500000.0,18000000.0,6.5,Drama,US
End of Days,1999-11-24,211989043.0,100000000.0,5.5,Action,US
Toy Story 2,1999-10-30,497366869.0,90000000.0,7.3,Animation,US
Ride with the Devil,1999-11-24,635096.0,38000000.0,6.6,Drama,US
The End of the Affair,1999-12-03,10827816.0,23000000.0,6.6,Drama,US
The Bonfire of the Vanities,1990-12-21,15691192.0,47000000.0,5.3,Comedy,US
The Two Jakes,1990-08-10,10000000.0,19000000.0,6.2,Crime,US
Deuce Bigalow: Male Gigolo,1999-12-10,65535067.0,17000000.0,5.4,Comedy,US
The Green Mile,1999-12-10,284600000.0,60000000.0,8.2,Fantasy,US
The Cider House Rules,1999-12-17,88545092.0,24000000.0,6.9,Drama,US
The Last Picture Show,1971-10-03,29133000.0,1300000.0,7.6,Drama,US
Fantasia 2000,1999-12-17,90874570.0,80000000.0,7.0,Animation,US
Magnolia,1999-12-08,48451803.0,37000000.0,7.5,Drama,US
Onegin,1999-12-22,206128.0,14000000.0,5.8,Drama,UK
Any Given Sunday,1999-12-16,100230832.0,55000000.0,6.8,Drama,US
Man on the Moon,1999-12-22,47434430.0,82000000.0,6.9,Comedy,US
Galaxy Quest,1999-12-23,90683916.0,45000000.0,6.9,Comedy,US
The Talented Mr. Ripley,1999-12-25,128798265.0,40000000.0,7.1,Thriller,US
Next Friday,2000-01-12,59827328.0,11000000.0,6.5,Comedy,US
The Hurricane,1999-09-17,73956241.0,50000000.0,7.2,Drama,US
Play It to the Bone,1999-12-25,8434146.0,24000000.0,5.7,Comedy,US
Papillon,1973-12-13,53267000.0,12000000.0,7.8,Crime,US
Fast Times at Ridgemont High,1982-08-13,27092880.0,4500000.0,7.0,Comedy,US
Batman: Mask of the Phantasm,1993-12-25,5617391.0,6000000.0,7.4,Action,US
Malcolm X,1992-11-18,48169908.0,34000000.0,7.3,Drama,US
Sister Act,1992-05-28,231605150.0,31000000.0,6.5,Music,US
Sister Act 2: Back in the Habit,1993-12-09,57319029.0,38000000.0,5.9,Music,US
The Hand that Rocks the Cradle,1992-01-10,88036683.0,11700000.0,6.5,Thriller,US
Alive,1993-01-15,36733909.0,32000000.0,6.7,Action,US
Scent of a Woman,1992-12-23,134095253.0,31000000.0,7.3,Drama,US
Wayne's World,1992-02-14,121697323.0,20000000.0,6.5,Music,US
A League of Their Own,1992-07-01,107458785.0,40000000.0,6.8,Comedy,US
Patriot Games,1992-06-04,178051587.0,45000000.0,6.4,Drama,US
The Bodyguard,1992-11-25,411006740.0,25000000.0,6.2,Thriller,US
Death Becomes Her,1992-07-30,149022650.0,55000000.0,6.3,Fantasy,US
Far and Away,1992-05-22,137783840.0,60000000.0,6.3,Adventure,US
Twin Peaks: Fire Walk with Me,1992-06-03,4160851.0,10000000.0,7.3,Drama,US
Buffy the Vampire Slayer,1992-07-24,16624456.0,7000000.0,5.3,Action,US
Bad Lieutenant,1992-09-16,2019469.0,1000000.0,6.9,Crime,US
Scream 3,2000-02-03,161834276.0,40000000.0,5.7,Horror,US
Single White Female,1992-08-14,48017402.0,16000000.0,6.0,Thriller,US
Gun Shy,2000-02-04,1631839.0,10000000.0,5.4,Action,US
The Beach,2000-02-11,144056873.0,40000000.0,6.3,Drama,UK
The Tigger Movie,2000-02-11,45554533.0,30000000.0,6.3,Animation,US
Boiler Room,2000-02-18,28780255.0,26000000.0,6.5,Crime,US
Pitch Black,2000-02-18,53187659.0,23000000.0,6.7,Thriller,US
City Lights,1931-01-30,19181.0,1500000.0,8.2,Comedy,US
The Kid,1921-01-21,2500000.0,250000.0,8.0,Comedy,US
Reindeer Games,2000-02-25,32168970.0,42000000.0,5.3,Thriller,US
Drowning Mona,2000-03-03,15427192.0,16000000.0,5.4,Comedy,US
The Next Best Thing,2000-03-03,24362772.0,25000000.0,4.3,Comedy,US
Birdy,1984-12-14,1400000.0,12000000.0,6.9,Drama,US
Mission to Mars,2000-03-10,60874615.0,90000000.0,5.7,Science Fiction,US
The Ninth Gate,1999-08-24,58401898.0,38000000.0,6.3,Horror,France
Breaking Away,1979-05-24,20000000.0,2300000.0,7.4,Drama,US
Hoosiers,1986-11-14,28607524.0,9000000.0,7.1,Drama,US
Bull Durham,1988-06-15,50888000.0,7000000.0,6.6,Comedy,US
Dog Day Afternoon,1975-08-11,46665856.0,1800000.0,7.6,Crime,US
American Graffiti,1973-08-01,140000000.0,777000.0,6.9,Comedy,US
JFK,1991-12-20,205405498.0,40000000.0,7.5,Drama,US
Blind Date,1987-03-27,39321715.0,18000000.0,5.6,Comedy,US
Nadine,1987-08-07,5669831.0,12000000.0,5.5,Action,US
Titanic,1953-04-11,4905000.0,1805000.0,6.2,Drama,US
Erin Brockovich,2000-03-17,256271286.0,52000000.0,7.1,Drama,US
Final Destination,2000-03-16,53302314.0,23000000.0,6.4,Horror,US
Thelma & Louise,1991-05-24,45361000.0,16000000.0,7.2,Drama,US
Animal House,1978-07-27,141000000.0,2700000.0,7.0,Comedy,US
Do the Right Thing,1989-06-30,37295445.0,6500000.0,7.6,Drama,US
Mo' Better Blues,1990-08-03,16153593.0,10000000.0,6.3,Drama,US
Jungle Fever,1991-06-07,32482682.0,14000000.0,6.0,Drama,US
Death Wish,1974-07-24,22000000.0,3000000.0,7.0,Action,US
Death Wish 2,1982-02-20,45000000.0,2000000.0,6.1,Action,US
Death Wish 3,1985-11-01,16945171.0,9000000.0,6.1,Action,US
Double Indemnity,1944-04-24,2500000.0,927262.0,8.0,Drama,US
Cool as Ice,1991-10-18,1193062.0,6000000.0,4.7,Drama,US
Red Dawn,1984-08-10,38376497.0,4200000.0,6.4,Action,US
Bloodsport,1988-02-26,11806119.0,1500000.0,6.6,Action,US
Eyes of Laura Mars,1978-08-02,20000000.0,7000000.0,5.7,Drama,US
"Good Morning, Vietnam",1987-12-23,123922370.0,13000000.0,7.1,Comedy,US
Guess Who's Coming to Dinner,1967-12-11,56666667.0,4000000.0,7.6,Comedy,US
Romeo Must Die,2000-03-20,91036760.0,25000000.0,6.0,Action,US
Whatever It Takes,2000-03-31,9902115.0,15000000.0,5.1,Drama,US
Hud,1963-05-29,10000000.0,2500000.0,7.4,Action,US
The Hustler,1961-09-25,7600000.0,2000000.0,7.6,Drama,US
Close Encounters of the Third Kind,1977-11-16,303788635.0,20000000.0,7.2,Science Fiction,US
Jacob's Ladder,1990-11-02,25965144.0,25000000.0,7.3,Drama,US
La Bamba,1987-07-24,54215416.0,6500000.0,6.8,Drama,US
Ladyhawke,1985-03-27,18432000.0,20000000.0,6.8,Adventure,US
Lucas,1986-03-28,8200000.0,6000000.0,6.4,Comedy,US
High Fidelity,2000-03-17,47126295.0,30000000.0,7.0,Comedy,UK
The Road to El Dorado,2000-03-31,76432727.0,95000000.0,7.0,Adventure,US
El Dorado,1966-12-17,6000000.0,4653000.0,7.2,Western,US
Hook,1991-12-11,300854823.0,70000000.0,6.7,Adventure,US
Midnight Express,1978-09-12,35000000.0,2300000.0,7.6,Drama,UK
Misery,1990-11-28,61276872.0,20000000.0,7.6,Drama,US
Network,1976-11-01,23689877.0,3800000.0,7.8,Drama,US
No Way Out,1987-08-14,35509515.0,15000000.0,6.9,Action,US
The Outlaw Josey Wales,1976-06-30,31800000.0,3700000.0,7.4,Drama,US
Black and White,1999-09-04,5241315.0,10000000.0,4.6,Drama,US
Frequency,2000-04-28,68106245.0,31000000.0,7.0,Crime,US
Ready to Rumble,2000-04-07,12372410.0,24000000.0,4.7,Action,US
Return to Me,2000-04-07,36609995.0,24000000.0,6.1,Romance,US
Rules of Engagement,2000-04-07,71000000.0,60000000.0,6.0,Action,US
Force 10 from Navarone,1978-11-01,7230000.0,5000000.0,6.4,Action,UK
Arthur,1981-07-17,95461682.0,7000000.0,6.5,Comedy,US
Bachelor Party,1984-06-29,38435947.0,6000000.0,5.8,Comedy,US
Predator,1987-06-11,98235548.0,18000000.0,7.3,Science Fiction,US
The Prince of Tides,1991-12-25,74787599.0,30000000.0,5.9,Drama,US
Keeping the Faith,2000-04-14,37036004.0,30000000.0,5.9,Comedy,US
East Is East,1999-05-14,28200000.0,3800000.0,6.5,Comedy,UK
Marathon Man,1976-10-05,21709020.0,6500000.0,7.2,Thriller,US
Caddyshack,1980-07-25,39846344.0,6000000.0,6.7,Comedy,US
Gossip,2000-04-21,5108820.0,14000000.0,5.6,Drama,US
Love & Basketball,2000-04-21,27728118.0,20000000.0,7.5,Action,US
U-571,2000-04-20,127666415.0,62000000.0,6.1,Action,France
The Virgin Suicides,1999-04-21,10409377.0,6000000.0,7.1,Drama,US
Jennifer Eight,1992-11-06,11390479.0,20000000.0,5.8,Crime,US
The Flintstones in Viva Rock Vegas,2000-04-28,59468275.0,83000000.0,4.4,Science Fiction,US
Where the Heart Is,2000-04-27,33771174.0,15000000.0,6.9,Comedy,US
The Big Kahuna,2000-04-28,3728888.0,7000000.0,6.8,Comedy,US
Carnosaur,1993-05-21,1753979.0,1000000.0,3.9,Horror,US
Gladiator,2000-05-01,457640427.0,103000000.0,7.9,Action,UK
Human Traffic,1999-06-04,4000000.0,600000.0,6.8,Comedy,UK
Battlefield Earth,2000-05-10,21400000.0,44000000.0,3.0,Action,US
Center Stage,2000-05-12,17200925.0,18000000.0,6.8,Drama,US
Hamlet,2000-05-12,1568749.0,2000000.0,6.0,Drama,US
Pee-wee's Big Adventure,1985-07-26,40940662.0,6000000.0,6.6,Adventure,US
Dinosaur,2000-05-19,354248063.0,127500000.0,6.2,Animation,US
Road Trip,2000-05-19,119754278.0,16000000.0,5.9,Comedy,US
The Gold Rush,1925-06-25,2500000.0,923000.0,7.7,Adventure,US
On Her Majesty's Secret Service,1969-12-12,81974493.0,6500000.0,6.5,Adventure,UK
The Spy Who Loved Me,1977-07-07,185438673.0,14000000.0,6.6,Adventure,UK
Moonraker,1979-06-26,210308099.0,34000000.0,5.9,Action,France
The Man with the Golden Gun,1974-12-01,97572000.0,7000000.0,6.4,Adventure,UK
American Gigolo,1980-02-08,22743674.0,4800000.0,5.9,Thriller,US
The Guns of Navarone,1961-04-27,28900000.0,6000000.0,7.3,Action,UK
Stay Tuned,1992-08-14,10736401.0,25000000.0,6.0,Comedy,US
Blazing Saddles,1974-02-07,119500000.0,2600000.0,7.2,Western,US
Flatliners,1990-08-09,61489265.0,26000000.0,6.3,Drama,US
Porky's,1981-11-13,125728258.0,4000000.0,6.1,Comedy,US
Predator 2,1990-11-20,57120318.0,35000000.0,6.0,Science Fiction,US
The Running Man,1987-11-13,38122105.0,27000000.0,6.4,Action,US
Starman,1984-12-13,28744356.0,22000000.0,6.6,Action,US
Alien Nation,1988-10-07,32155047.0,16000000.0,5.9,Crime,US
Angel Heart,1987-03-06,17185632.0,17000000.0,7.0,Horror,US
Nine 1/2 Weeks,1986-02-14,6735922.0,17000000.0,5.8,Drama,US
Firestarter,1984-05-11,17080167.0,15000000.0,5.9,Fantasy,US
Action Jackson,1988-02-12,20256975.0,7000000.0,4.9,Action,US
Gone in Sixty Seconds,2000-06-09,237202299.0,90000000.0,6.1,Action,US
Shaft,1971-07-02,12121618.0,4000000.0,6.5,Adventure,US
The Conversation,1974-04-07,4420000.0,1600000.0,7.5,Crime,US
The Fury,1978-03-10,24000000.0,5500000.0,6.2,Horror,US
Ace in the Hole,1951-06-29,1300000.0,1821052.0,7.9,Drama,US
The Sugarland Express,1974-04-05,12800000.0,3000000.0,6.4,Crime,US
Big Trouble in Little China,1986-05-30,11000000.0,25000000.0,7.1,Action,US
Boys and Girls,2000-06-16,20627372.0,16000000.0,5.4,Comedy,US
Titan A.E.,2000-06-16,36754634.0,75000000.0,6.3,Animation,US
Chicken Run,2000-06-21,224834564.0,45000000.0,6.5,Animation,UK
"Me, Myself & Irene",2000-06-22,149270999.0,51000000.0,6.1,Comedy,US
The Perfect Storm,2000-03-15,325756637.0,120000000.0,6.2,Drama,US
Missing in Action,1984-11-16,22812411.0,1500000.0,5.2,Action,US
Missing in Action 2: The Beginning,1985-03-01,10755447.0,2410000.0,5.0,Action,US
House Party,1990-03-09,26386000.0,2500000.0,6.1,Comedy,US
The Kid,2000-07-07,69700000.0,65000000.0,6.0,Fantasy,US
Scary Movie,2000-07-07,278019771.0,19000000.0,6.0,Comedy,US
But I'm a Cheerleader,1999-09-12,2600000.0,1200000.0,6.5,Comedy,US
Footloose,1984-02-17,80035402.0,8200000.0,6.4,Drama,US
Duel in the Sun,1946-12-31,20400000.0,6000000.0,6.2,Western,US
X-Men,2000-07-13,296339527.0,75000000.0,6.8,Adventure,US
What Lies Beneath,2000-07-21,155464351.0,100000000.0,6.3,Drama,US
Sinbad and the Eye of the Tiger,1977-07-15,16000000.0,3500000.0,6.3,Action,UK
What About Bob?,1991-05-17,63710000.0,35000000.0,6.7,Comedy,US
Everything You Always Wanted to Know About Sex *But Were Afraid to Ask,1972-08-06,18016290.0,2000000.0,6.6,Comedy,US
Love and Death,1975-06-10,20173742.0,3000000.0,7.5,History,US
Nutty Professor II: The Klumps,2000-07-27,123307945.0,84000000.0,4.7,Fantasy,US
Coyote Ugly,2000-07-30,113916474.0,45000000.0,5.8,Comedy,US
Space Cowboys,2000-07-31,128884132.0,65000000.0,6.3,Action,US
Saving Grace,2000-01-24,26330482.0,10000000.0,6.3,Crime,France
The Crush,1993-04-02,13609396.0,6000000.0,5.5,Drama,US
Phantasm II,1988-07-08,7282851.0,3000000.0,6.3,Action,US
Pumpkinhead,1988-06-09,4385516.0,3500000.0,5.9,Fantasy,US
The Naked Gun: From the Files of Police Squad!,1988-12-02,78756177.0,12000000.0,7.1,Comedy,US
The Naked Gun 2½: The Smell of Fear,1991-06-28,86930411.0,23000000.0,6.6,Comedy,US
Shane,1953-04-23,20000000.0,3100000.0,7.3,Drama,US
Supergirl,1984-11-19,14296438.0,35000000.0,4.7,Adventure,UK
Bring It On,2000-08-25,90449929.0,28000000.0,5.8,Comedy,US
Highlander: Endgame,2000-09-01,15843608.0,25000000.0,4.4,Action,US
Almost Famous,2000-09-15,47383689.0,60000000.0,7.4,Drama,US
Under Suspicion,2000-09-24,260562.0,25000000.0,6.4,Mystery,US
Remember the Titans,2000-09-29,136706683.0,30000000.0,7.4,Drama,US
Hellraiser,1987-09-11,14564027.0,1000000.0,6.9,Horror,UK
Hellbound: Hellraiser II,1988-12-23,12090735.0,3000000.0,6.3,Horror,UK
Voyage to the Bottom of the Sea,1961-07-12,7000000.0,1580000.0,5.4,Adventure,US
Fantastic Voyage,1966-08-24,12000000.0,5115000.0,6.7,Adventure,US
Get Carter,2000-10-06,19412993.0,63600000.0,4.8,Action,US
Meet the Parents,2000-10-06,330444045.0,55000000.0,6.6,Comedy,US
Requiem for a Dream,2000-10-27,7390108.0,4500000.0,7.9,Crime,US
The Ladies Man,2000-10-13,13700000.0,24000000.0,5.7,Comedy,US
Ghoulies,1984-11-08,35000000.0,1000000.0,4.2,Comedy,US
Billy Elliot,2000-05-18,110000000.0,5000000.0,7.4,Drama,France
Bedazzled,2000-10-19,90383208.0,48000000.0,5.6,Fantasy,US
Pay It Forward,2000-10-12,55707411.0,40000000.0,7.0,Drama,US
Charlie's Angels,2000-11-02,264105545.0,92000000.0,5.6,Action,US
The Legend of Bagger Vance,2000-11-02,39459427.0,80000000.0,6.4,Fantasy,US
Men of Honor,2000-09-13,48814909.0,32000000.0,7.0,Drama,US
Diamonds Are Forever,1971-12-13,116019547.0,7200000.0,6.3,Adventure,UK
The 6th Day,2000-11-17,96085477.0,82000000.0,5.7,Science Fiction,US
Bounce,2000-11-15,36779296.0,35000000.0,5.5,Drama,US
102 Dalmatians,2000-10-07,183611771.0,85000000.0,5.1,Comedy,US
Unbreakable,2000-11-13,248118121.0,75000000.0,6.9,Science Fiction,US
The Bounty,1984-05-04,8613462.0,25000000.0,6.5,Action,US
The Living Daylights,1987-06-29,191185897.0,40000000.0,6.2,Action,UK
The Transformers: The Movie,1986-08-08,5849647.0,6000000.0,7.1,Animation,US
Wall Street,1987-12-10,43848069.0,15000000.0,7.0,Crime,US
Born on the Fourth of July,1989-12-20,161001698.0,14000000.0,6.7,Drama,US
Brewster's Millions,1985-05-22,45833132.0,20000000.0,6.5,Comedy,US
Snatch,2000-09-01,83557872.0,10000000.0,7.7,Thriller,UK
Punchline,1988-10-07,21032267.0,15000000.0,5.1,Comedy,US
Chocolat,2000-12-14,152500343.0,25000000.0,6.8,Comedy,UK
"Dude, Where’s My Car?",2000-12-15,73180723.0,13000000.0,5.3,Comedy,US
The Emperor's New Groove,2000-12-09,169327687.0,100000000.0,7.2,Adventure,US
What Women Want,2000-12-15,374111707.0,70000000.0,6.1,Comedy,US
Finding Forrester,2000-12-21,80049764.0,43000000.0,7.0,Drama,US
The Gift,2000-12-22,12008642.0,10000000.0,6.4,Horror,US
Cast Away,2000-12-22,429632142.0,90000000.0,7.5,Adventure,US
The House of Mirth,2000-09-23,5164404.0,10000000.0,6.4,Drama,UK
Miss Congeniality,2000-12-14,212000000.0,45000000.0,6.1,Comedy,US
"O Brother, Where Art Thou?",2000-08-30,71868327.0,26000000.0,7.3,Action,France
Dracula 2000,2000-12-22,33000337.0,28000000.0,4.6,Thriller,US
Thirteen Days,2000-12-24,34566746.0,80000000.0,6.9,Drama,US
Shadow of the Vampire,2000-05-15,8279017.0,8000000.0,6.6,Drama,US
Annie,1982-06-18,57059003.0,50000000.0,6.2,Comedy,US
Don't Tell Mom the Babysitter's Dead,1991-06-07,25196249.0,10000000.0,5.8,Comedy,US
The Alamo,1960-10-23,7900000.0,12000000.0,6.5,Action,US
At Close Range,1986-04-18,2347000.0,6500000.0,6.7,Crime,US
Save the Last Dance,2001-01-12,91038276.0,13000000.0,6.3,Drama,US
The Pledge,2001-01-09,29400000.0,35000000.0,6.6,Crime,US
Sugar & Spice,2001-01-24,13276953.0,11000000.0,5.7,Crime,US
The Wedding Planner,2001-01-26,94728529.0,35000000.0,5.4,Comedy,US
Barfly,1987-09-02,3221568.0,3000000.0,7.3,Comedy,US
Beverly Hills Cop II,1987-05-18,299965036.0,20000000.0,6.1,Action,US
Beverly Hills Cop,1984-11-29,316360478.0,15000000.0,6.8,Action,US
Can't Buy Me Love,1987-08-14,31623833.0,1800000.0,6.7,Drama,US
Cherry 2000,1987-11-12,14000.0,10000000.0,6.0,Science Fiction,US
Empire of the Sun,1987-12-09,22238696.0,35000000.0,7.3,Drama,US
Ernest Goes to Camp,1987-05-22,23509382.0,3000000.0,5.5,Comedy,US
The Evil Dead,1981-10-15,29400000.0,350000.0,7.3,Horror,US
Ishtar,1987-05-15,14375181.0,55000000.0,4.3,Action,US
Jaws: The Revenge,1987-07-17,51881013.0,23000000.0,3.5,Adventure,US
The Lost Boys,1987-07-31,32222567.0,8500000.0,6.8,Horror,US
Mannequin,1987-02-13,42721196.0,6000000.0,5.5,Fantasy,US
Masters of the Universe,1987-08-07,17336370.0,22000000.0,5.1,Action,US
The Monster Squad,1987-08-14,3769990.0,12000000.0,6.8,Horror,US
Head Over Heels,2001-02-02,10424470.0,14000000.0,5.3,Comedy,US
Hannibal,2001-02-08,351692268.0,87000000.0,6.4,Crime,UK
Saving Silverman,2001-02-09,19351569.0,22000000.0,5.4,Comedy,US
Recess: School's Out,2001-01-27,44460850.0,10000000.0,6.6,Science Fiction,US
Sweet November,2001-02-16,65754228.0,40000000.0,6.4,Drama,US
Monkeybone,2001-02-23,5409517.0,75000000.0,4.2,Adventure,US
3000 Miles to Graceland,2001-02-23,18720175.0,62000000.0,5.8,Action,US
The Greatest Story Ever Told,1965-02-15,15473333.0,20000000.0,6.5,Drama,US
Elmer Gantry,1960-06-19,10400000.0,3000000.0,7.3,Drama,US
Battle Beyond the Stars,1980-09-08,11000000.0,2000000.0,5.9,Science Fiction,US
Double Impact,1991-07-31,30102717.0,15000000.0,5.3,Thriller,US
Harley Davidson and the Marlboro Man,1991-08-23,7434726.0,23000000.0,6.1,Action,US
Mermaids,1990-12-14,35419397.0,31000000.0,6.5,Comedy,US
Manhunter,1986-08-14,8620929.0,15000000.0,6.8,Crime,US
Death on the Nile,1978-10-06,14560084.0,7920000.0,6.7,Mystery,UK
The Longest Yard,1974-08-21,43008075.0,2900000.0,6.4,Crime,US
C.H.U.D.,1984-08-31,3412497.0,1250000.0,5.3,Horror,US
Memento,2000-10-11,39723096.0,9000000.0,8.1,Mystery,US
Spy Kids,2001-03-18,147934180.0,35000000.0,5.5,Action,US
Tomcats,2001-03-30,23430766.0,11000000.0,4.9,Comedy,US
Blow,2001-04-04,83282296.0,53000000.0,7.4,Crime,US
Bridget Jones's Diary,2001-04-13,281929795.0,25000000.0,6.6,Comedy,France
Joe Dirt,2001-04-10,30987695.0,17700000.0,5.5,Mystery,US
Scarface,1983-12-08,65884703.0,25000000.0,8.0,Action,US
The Mummy Returns,2001-04-28,433013274.0,98000000.0,6.0,Adventure,US
Cleopatra,1963-06-12,71000000.0,31115000.0,6.7,Drama,UK
The World According to Garp,1982-08-13,29712172.0,17000000.0,6.9,Comedy,US
For the Boys,1991-11-22,23202444.0,40000000.0,6.5,Music,US
Love Story,1970-12-16,136400000.0,2200000.0,6.6,Drama,US
A Knight's Tale,2001-05-11,117487473.0,65000000.0,6.6,Adventure,US
Angel Eyes,2001-05-15,29700000.0,53000000.0,5.5,Drama,US
Shrek,2001-05-16,484409218.0,60000000.0,7.3,Adventure,US
Pearl Harbor,2001-05-21,449220945.0,140000000.0,6.6,History,US
Postcards from the Edge,1990-09-12,39071603.0,22000000.0,6.3,Comedy,US
City Slickers,1991-06-07,179033791.0,27000000.0,6.2,Action,US
Mississippi Burning,1988-12-08,34604000.0,15000000.0,7.4,Thriller,US
The Magnificent Seven,1960-10-22,4905000.0,2000000.0,7.4,Western,US
Throw Momma from the Train,1987-12-11,57915972.0,14000000.0,6.0,Crime,US
The Sand Pebbles,1966-12-20,20000000.0,12000000.0,7.2,Action,US
The Animal,2001-06-01,84772742.0,22000000.0,4.6,Action,US
Evolution,2001-06-08,98376292.0,80000000.0,5.7,Action,US
Catch-22,1970-06-24,24911670.0,18000000.0,6.7,War,US
Point Break,1991-07-12,83531958.0,24000000.0,6.9,Action,US
Tootsie,1982-12-16,177200000.0,21000000.0,6.9,Comedy,US
Atlantis: The Lost Empire,2001-06-02,186053725.0,120000000.0,6.7,Animation,US
Lara Croft: Tomb Raider,2001-06-11,274703340.0,115000000.0,5.7,Adventure,US
Dr. Dolittle 2,2001-06-22,176104344.0,70000000.0,4.9,Comedy,US
A.I. Artificial Intelligence,2001-06-29,235926552.0,100000000.0,6.8,Drama,US
Baby Boy,2001-06-27,29381649.0,16000000.0,7.3,Crime,US
Crazy/Beautiful,2001-06-29,16929123.0,13000000.0,6.6,Drama,US
Cats & Dogs,2001-07-04,93375151.0,60000000.0,5.0,Comedy,US
Kiss of the Dragon,2001-07-06,64437847.0,25000000.0,6.4,Action,France
The Cannonball Run,1981-06-19,72179579.0,18000000.0,6.2,Comedy,US
Donovan's Reef,1963-06-12,6600000.0,2686000.0,6.0,Adventure,US
House of Usher,1960-06-21,1450000.0,270000.0,6.5,Horror,US
The Man Who Shot Liberty Valance,1962-04-22,8000000.0,3200000.0,7.4,Western,US
Shadows and Fog,1991-12-05,2735731.0,14000000.0,7.0,Thriller,US
The Misfits,1961-01-01,8200000.0,4000000.0,6.8,Drama,US
Moby Dick,1956-06-27,10400000.0,4500000.0,6.9,Adventure,US
The Last Dragon,1985-03-22,25754284.0,10000000.0,6.4,Action,US
Outland,1981-05-22,17374595.0,16000000.0,6.2,Science Fiction,UK
Legally Blonde,2001-07-13,141774679.0,18000000.0,6.2,Comedy,US
Made,2001-07-13,5476060.0,5000000.0,6.3,Action,US
Bad Dreams,1988-04-08,9797098.0,4000000.0,5.3,Horror,US
Biloxi Blues,1988-03-25,51684798.0,20000000.0,6.4,Comedy,US
The Blob,1988-08-05,8247943.0,19000000.0,6.3,Horror,US
Camille Claudel 1915,2013-03-13,115860.0,3512454.0,7.0,Drama,France
Cocktail,1988-07-29,171504781.0,20000000.0,5.7,Drama,US
Colors,1988-04-15,46616067.0,6000000.0,6.6,Action,US
Coming to America,1988-06-28,288752301.0,39000000.0,6.5,Comedy,US
Critters,1986-04-11,13167232.0,2000000.0,5.9,Action,US
Critters 2,1988-04-29,3813293.0,4500000.0,5.0,Comedy,US
Ernest Saves Christmas,1988-11-11,28202109.0,6000000.0,4.9,Comedy,US
Frantic,1988-02-16,17637950.0,20000000.0,6.6,Crime,France
The Great Outdoors,1988-06-17,43455230.0,24000000.0,6.4,Comedy,US
The Lair of the White Worm,1988-09-14,1189315.0,2500000.0,5.8,Comedy,UK
License to Drive,1988-07-06,22433275.0,8000000.0,6.1,Comedy,US
My Stepmother is an Alien,1988-12-09,13854000.0,20000000.0,5.3,Comedy,US
Red Heat,1988-06-17,34994648.0,29000000.0,5.8,Action,US
Return of the Living Dead Part II,1988-01-15,9205924.0,6200000.0,5.8,Comedy,US
The Return of the Living Dead,1985-05-15,14237000.0,4000000.0,7.3,Comedy,US
The Serpent and the Rainbow,1988-02-05,19595031.0,7000000.0,6.2,Horror,US
They Live,1988-11-23,13008928.0,4000000.0,7.1,Action,US
Twins,1988-12-09,216614388.0,15000000.0,5.7,Comedy,US
Always,1989-12-22,74134790.0,31000000.0,6.0,Fantasy,US
American Ninja,1985-08-30,10499694.0,1000000.0,5.5,Action,US
The Big Picture,1989-09-15,117463.0,5000000.0,5.9,Comedy,US
Bill & Ted's Excellent Adventure,1989-02-17,40485039.0,10000000.0,6.7,Adventure,US
Black Rain,1989-09-22,45892212.0,30000000.0,6.2,Action,US
Cyborg,1989-04-07,10166459.0,500000.0,4.9,Action,US
Dad,1989-10-27,19738015.0,19000000.0,5.6,Drama,US
Earth Girls Are Easy,1988-09-08,3916303.0,10000000.0,5.5,Music,UK
Farewell to the King,1989-03-03,2420917.0,16000000.0,5.9,War,US
Harlem Nights,1989-11-17,60864870.0,30000000.0,5.7,Comedy,US
Johnny Handsome,1989-09-12,7237794.0,20000000.0,6.1,Crime,US
K-9,1989-04-28,78247647.0,17000000.0,5.5,Action,US
Kickboxer,1989-04-20,14697005.0,1500000.0,6.3,Action,US
Lock Up,1989-08-04,22099847.0,24000000.0,6.2,Action,US
Look Who's Talking,1989-10-12,296000000.0,7500000.0,5.8,Comedy,US
Major League,1989-02-16,49797148.0,11000000.0,6.7,Comedy,US
Miracle Mile,1989-05-19,1145404.0,3000000.0,7.2,Romance,US
Next of Kin,1989-10-20,15942628.0,12000000.0,5.0,Adventure,US
No Holds Barred,1989-06-02,16093651.0,8000000.0,5.6,Action,US
Jurassic Park III,2001-07-18,368780809.0,93000000.0,5.7,Adventure,US
Planet of the Apes,2001-07-25,362211740.0,100000000.0,5.6,Thriller,US
Wet Hot American Summer,2001-07-27,295206.0,5000000.0,6.4,Comedy,US
Road House,1989-05-19,30050028.0,15000000.0,6.3,Action,US
Sea of Love,1989-09-15,110879513.0,19000000.0,6.7,Drama,US
"See No Evil, Hear No Evil",1989-05-12,46908987.0,18000000.0,6.4,Crime,US
Shocker,1989-10-27,16554699.0,5000000.0,5.5,Thriller,US
Tango & Cash,1989-12-22,63408614.0,55000000.0,6.1,Action,US
Three Fugitives,1989-01-27,40590000.0,15000000.0,6.0,Comedy,US
Uncle Buck,1989-08-16,79258538.0,15000000.0,6.6,Comedy,US
Vampire's Kiss,1988-09-17,725131.0,2000000.0,6.0,Comedy,US
The Wizard,1989-12-15,14278900.0,6000000.0,6.1,Adventure,US
The Cotton Club,1984-12-14,25928721.0,58000000.0,6.5,Music,US
Original Sin,2001-08-03,35402320.0,42000000.0,5.8,Thriller,France
The Princess Diaries,2001-08-03,165335153.0,37000000.0,6.5,Comedy,US
Rush Hour 2,2001-08-03,347325802.0,90000000.0,6.4,Action,US
Paint Your Wagon,1969-10-15,31678778.0,20000000.0,6.3,Drama,US
Altered States,1980-12-25,19853892.0,15000000.0,6.7,Mystery,US
American Pie 2,2001-08-10,287553595.0,30000000.0,6.0,Comedy,US
Osmosis Jones,2001-08-07,13596911.0,75000000.0,6.0,Adventure,US
American Outlaws,2001-08-17,13678913.0,35000000.0,5.7,Action,US
Session 9,2001-08-10,373967.0,1500000.0,6.2,Horror,US
Captain Corelli's Mandolin,2001-08-17,62112895.0,57000000.0,5.6,Drama,UK
Jay and Silent Bob Strike Back,2001-08-22,33788161.0,22000000.0,6.4,Comedy,US
Ghosts of Mars,2001-08-24,14010832.0,28000000.0,4.8,Action,US
Summer Catch,2001-08-22,19693891.0,34000000.0,4.8,Drama,US
Vamp,1986-07-18,4790926.0,1900000.0,5.9,Comedy,US
The Musketeer,2001-09-07,27053815.0,40000000.0,5.2,Action,UK
Rock Star,2001-09-04,16991902.0,57000000.0,6.0,Music,US
The Glass House,2001-09-14,23619609.0,30000000.0,5.4,Drama,US
Big Trouble,2002-04-05,8493890.0,40000000.0,6.3,Action,US
Glitter,2001-09-21,5271666.0,22000000.0,3.4,Drama,US
"It's a Mad, Mad, Mad, Mad World",1963-11-07,60000000.0,9400000.0,7.0,Action,US
Play Misty for Me,1971-11-03,10600000.0,725000.0,6.5,Crime,US
Pocketful of Miracles,1961-12-18,5000000.0,2900000.0,7.3,Comedy,US
SpaceCamp,1986-06-06,9697739.0,18000000.0,5.8,Family,US
Joy Ride,2001-10-05,36642838.0,23000000.0,6.3,Mystery,US
Max Keeble's Big Move,2001-10-05,17292381.0,12000000.0,5.4,Comedy,US
Serendipity,2001-10-05,77516304.0,28000000.0,6.6,Comedy,US
The Big Red One,1980-05-28,7206220.0,4500000.0,6.8,Drama,US
Coal Miner's Daughter,1980-03-07,67182787.0,15000000.0,7.2,Drama,US
Bandits,2001-10-12,67631903.0,75000000.0,6.2,Action,US
Corky Romano,2001-10-12,23978402.0,11000000.0,4.1,Action,US
Mulholland Drive,2001-05-16,20117339.0,15000000.0,7.7,Thriller,France
Bones,2001-10-24,7316658.0,10000000.0,4.3,Action,US
Dirty Harry,1971-12-21,35976000.0,4000000.0,7.4,Action,US
Fiddler on the Roof,1971-11-03,83304330.0,9000000.0,7.4,Drama,US
The Last Castle,2001-10-19,27642707.0,72000000.0,7.0,Action,US
Riding in Cars with Boys,2001-10-19,35743308.0,48000000.0,6.5,Comedy,US
Donnie Darko,2001-01-18,1270522.0,6000000.0,7.7,Fantasy,US
Domestic Disturbance,2001-10-30,54249294.0,75000000.0,5.4,Mystery,US
"Monsters, Inc.",2001-11-01,562816256.0,115000000.0,7.5,Animation,US
The One,2001-11-02,72700000.0,49000000.0,5.7,Action,US
Tape,2001-01-26,490475.0,100000.0,6.9,Drama,US
Shallow Hal,2001-11-01,141069860.0,40000000.0,5.7,Comedy,US
The Wash,2001-11-16,10229331.0,7000000.0,5.3,Action,US
Harry Potter and the Philosopher's Stone,2001-11-16,976475550.0,125000000.0,7.5,Adventure,UK
Novocaine,2001-11-23,2025238.0,6000000.0,6.0,Comedy,US
Out Cold,2001-11-21,14782676.0,24000000.0,5.8,Comedy,US
Spy Game,2001-11-18,143049560.0,92000000.0,6.8,Action,UK
Funny Girl,1968-09-19,52223306.0,14000000.0,6.9,Drama,US
Subway,1985-04-10,390659.0,2000000.0,6.3,Action,France
Dressed to Kill,1980-06-25,31899000.0,6500000.0,6.8,Horror,US
Flash Gordon,1980-09-01,27107960.0,35000000.0,6.1,Science Fiction,US
The Enforcer,1976-12-20,46236000.0,9000000.0,6.7,Action,US
The Gauntlet,1977-12-21,26414658.0,5500000.0,6.6,Drama,US
Lone Wolf McQuade,1983-04-14,12232628.0,5000000.0,5.5,Action,US
Sudden Impact,1983-12-07,67642693.0,22000000.0,6.5,Action,US
Behind Enemy Lines,2001-11-17,91753202.0,40000000.0,6.0,Action,US
Ocean's Eleven,2001-12-07,450717150.0,85000000.0,7.2,Thriller,US
Amélie,2001-04-25,173921954.0,10000000.0,7.8,Comedy,France
Not Another Teen Movie,2001-12-07,66468332.0,16000000.0,5.5,Comedy,US
Vanilla Sky,2001-12-10,203388341.0,68000000.0,6.5,Drama,US
The Royal Tenenbaums,2001-10-05,71441250.0,21000000.0,7.4,Comedy,US
Silent Rage,1982-04-02,10500000.0,4500000.0,5.0,Action,US
Spacehunter: Adventures in the Forbidden Zone,1983-05-20,16500000.0,15000000.0,5.1,Adventure,US
How High,2001-12-21,31155435.0,12000000.0,6.4,Comedy,US
Jimmy Neutron: Boy Genius,2001-12-21,80936232.0,25000000.0,5.6,Action,US
The Majestic,2001-12-21,37317558.0,72000000.0,6.6,Drama,US
A Beautiful Mind,2001-12-11,313542341.0,60000000.0,7.7,Drama,US
Witness for the Prosecution,1957-12-17,9000000.0,3000000.0,8.1,Drama,US
Ali,2001-12-11,87713825.0,107000000.0,6.7,Drama,US
Black Hawk Down,2001-12-28,172989651.0,92000000.0,7.2,Action,UK
Yentl,1983-11-18,30400000.0,12000000.0,6.2,Music,UK
I Am Sam,2001-12-28,92542418.0,22000000.0,7.2,Drama,US
Monster's Ball,2001-11-11,44909486.0,4000000.0,6.6,Drama,US
Brotherhood of the Wolf,2001-01-31,70752904.0,29000000.0,6.6,Adventure,France
Another 48 Hrs.,1990-06-08,153518974.0,38000000.0,5.8,Thriller,US
Dragonslayer,1981-06-26,14110013.0,18000000.0,6.5,Fantasy,UK
Conan the Destroyer,1984-06-29,100000000.0,18000000.0,5.8,Adventure,US
Fire and Ice,1983-03-25,760883.0,1200000.0,6.2,Animation,US
48 Hrs.,1982-12-07,78868508.0,12000000.0,6.5,Thriller,US
Brainstorm,1983-09-30,10219460.0,15000000.0,6.3,Science Fiction,US
Dragon: The Bruce Lee Story,1993-05-07,63513743.0,14000000.0,6.8,Drama,US
M*A*S*H,1970-01-24,81600000.0,3500000.0,6.9,Comedy,US
One-Eyed Jacks,1961-03-30,4300000.0,6000000.0,6.2,Western,US
The Count of Monte Cristo,2002-01-23,75395048.0,35000000.0,7.3,Action,US
The Mothman Prophecies,2002-01-25,55157539.0,32000000.0,6.1,Drama,US
A Walk to Remember,2002-01-25,41227069.0,11000000.0,7.5,Drama,US
Big Fat Liar,2002-02-08,52970014.0,15000000.0,5.6,Comedy,US
Collateral Damage,2002-02-06,78382433.0,85000000.0,5.5,Action,US
Baby's Day Out,1994-07-01,16671505.0,50000000.0,5.8,Action,US
Crossroads,2002-02-15,61141030.0,12000000.0,4.7,Action,US
Hart's War,2002-02-15,32287044.0,70000000.0,5.9,Drama,US
John Q,2002-02-15,102244770.0,36000000.0,7.0,Drama,US
Super Troopers,2001-01-18,18492362.0,3000000.0,6.6,Comedy,US
The Good Son,1993-09-24,44456478.0,17000000.0,6.2,Drama,US
Used Cars,1980-07-11,11715321.0,8000000.0,6.3,Action,US
The Bad News Bears,1976-04-07,35323292.0,35000000.0,7.0,Comedy,US
Intersection,1994-01-21,21355893.0,45000000.0,5.1,Drama,US
A Troll in Central Park,1994-10-07,71368.0,23000000.0,4.4,Fantasy,US
Scarlet Street,1945-12-28,2948386.0,1202007.0,7.7,Drama,US
All About the Benjamins,2002-03-08,25482931.0,14000000.0,5.9,Action,US
The Time Machine,2002-03-04,123729176.0,80000000.0,5.8,Science Fiction,US
Full Frontal,2002-08-02,2506446.0,2000000.0,4.8,Comedy,US
Heaven's Gate,1980-11-19,3484331.0,44000000.0,6.5,Action,US
The Long Riders,1980-05-12,15795189.0,10000000.0,6.6,Western,US
Ice Age,2002-03-10,383257136.0,59000000.0,7.1,Animation,US
Resident Evil,2002-03-15,102984862.0,33000000.0,6.4,Horror,France
Kissing Jessica Stein,2001-04-21,10013424.0,1000000.0,5.9,Comedy,US
Taps,1981-12-20,35856053.0,14000000.0,6.5,Drama,US
Clockstoppers,2002-03-17,38793283.0,26000000.0,4.9,Adventure,US
Panic Room,2002-03-29,196397415.0,48000000.0,6.6,Crime,US
The Rookie,2002-03-25,75597042.0,20000000.0,6.5,Drama,US
High Crimes,2002-04-03,63781810.0,42000000.0,6.1,Drama,US
National Lampoon’s Van Wilder,2002-03-29,38275483.0,5000000.0,5.9,Comedy,US
Changing Lanes,2002-04-07,94935764.0,45000000.0,5.9,Action,US
The Sweetest Thing,2002-04-12,68696770.0,43000000.0,5.3,Romance,US
Human Nature,2001-05-18,705308.0,6000000.0,6.1,Drama,US
Murder by Numbers,2002-04-19,56714147.0,50000000.0,6.0,Crime,US
The Scorpion King,2002-04-16,165333180.0,60000000.0,5.3,Action,US
Jason X,2001-07-24,16951798.0,11000000.0,4.5,Horror,US
Salton Sea,2002-01-01,676698.0,18000000.0,7.0,Crime,US
Delirious,1991-08-09,5546827.0,18000000.0,5.5,Fantasy,US
Spider-Man,2002-05-01,821708551.0,139000000.0,6.8,Fantasy,US
Rambling Rose,1991-09-10,6266621.0,7500000.0,6.4,Drama,US
White Fang,1991-01-18,34793160.0,14000000.0,6.5,Action,US
Unfaithful,2002-05-10,119137784.0,50000000.0,6.3,Thriller,US
My Beautiful Laundrette,1985-09-07,2451545.0,860000.0,6.6,Romance,UK
About a Boy,2002-04-26,129000000.0,27000000.0,6.6,Drama,UK
Star Wars: Episode II - Attack of the Clones,2002-05-15,649398328.0,120000000.0,6.4,Adventure,US
The Believer,2001-01-19,416925.0,1500000.0,6.8,Drama,US
Enough,2002-05-24,51801187.0,38000000.0,6.2,Drama,US
Insomnia,2002-05-24,113714830.0,46000000.0,6.8,Crime,US
Spirit: Stallion of the Cimarron,2002-05-24,122563539.0,80000000.0,7.4,Western,US
The Sum of All Fears,2002-05-31,193000000.0,68000000.0,5.9,Thriller,US
Undercover Brother,2002-05-31,41604473.0,25000000.0,5.5,Action,US
Bad Company,2002-06-07,65977295.0,70000000.0,5.4,Action,US
The Bourne Identity,2002-06-14,214034224.0,60000000.0,7.3,Action,US
Scooby-Doo,2002-06-14,275650703.0,84000000.0,5.4,Mystery,US
Windtalkers,2002-06-14,77628265.0,115000000.0,5.8,Drama,US
Hombre,1967-03-21,12000000.0,5860000.0,7.2,Action,US
The Manhattan Project,1986-06-13,3900000.0,18000000.0,6.1,Science Fiction,US
She Wore a Yellow Ribbon,1949-10-22,5400000.0,1600000.0,7.1,Western,US
Lilo & Stitch,2002-06-21,145771527.0,80000000.0,7.1,Animation,US
Minority Report,2002-06-20,358372926.0,102000000.0,7.1,Action,US
Mr. Deeds,2002-06-28,171269535.0,50000000.0,5.6,Comedy,US
Men in Black II,2002-07-03,441818803.0,140000000.0,6.1,Action,US
The Powerpuff Girls Movie,2002-07-03,11411644.0,10000000.0,5.6,Animation,US
Road to Perdition,2002-07-12,181001478.0,80000000.0,7.3,Thriller,US
Perfect,1985-06-07,12918858.0,19000000.0,3.9,Drama,US
The Legend of Boggy Creek,1972-08-01,22000000.0,100000.0,5.6,Mystery,US
Halloween: Resurrection,2002-07-01,37664855.0,13000000.0,4.5,Horror,US
Stuart Little 2,2002-07-19,169956806.0,120000000.0,5.4,Family,US
Austin Powers in Goldmember,2002-07-26,296655431.0,63000000.0,5.9,Comedy,US
The Kid Stays in the Picture,2002-01-18,1434436.0,40000.0,7.3,Documentary,US
Tadpole,2002-11-01,2891288.0,150000.0,5.5,Comedy,US
Top Secret!,1984-06-08,20458340.0,9000000.0,7.0,Comedy,UK
Signs,2002-08-02,408247917.0,72000000.0,6.4,Drama,US
Spy Kids 2: The Island of Lost Dreams,2002-08-07,119723358.0,38000000.0,5.3,Action,US
Blood Work,2002-08-04,26199517.0,50000000.0,6.1,Crime,US
xXx,2002-08-09,277448382.0,70000000.0,5.8,Action,US
Possession,2002-10-02,10113733.0,25000000.0,6.5,Drama,UK
One Hour Photo,2002-08-21,52223306.0,12000000.0,6.6,Horror,US
Undisputed,2002-08-23,12398628.0,20000000.0,6.1,Action,US
Clash of the Titans,1981-03-15,41092328.0,15000000.0,6.8,Adventure,US
Hot Shots!,1991-07-31,181096164.0,26000000.0,6.4,Action,US
Down and Out in Beverly Hills,1986-01-31,62134225.0,14000000.0,5.9,Comedy,US
Love Me Tender,1956-11-15,9000000.0,1000000.0,5.5,Drama,US
Wolfen,1981-07-24,10626725.0,17000000.0,6.0,Drama,US
City By The Sea,2002-09-06,22433915.0,40000000.0,5.7,Crime,US
Swimfan,2002-09-06,34411240.0,8500000.0,5.0,Drama,US
Barbershop,2002-04-01,75781642.0,12000000.0,6.2,Comedy,US
The Transporter,2002-10-02,43928932.0,21000000.0,6.6,Action,US
Igby Goes Down,2002-09-13,4777465.0,9000000.0,6.5,Comedy,US
Captain Ron,1992-09-18,22518097.0,24000000.0,5.6,Action,US
The Hills Have Eyes,1977-07-22,25000000.0,230000.0,6.1,Horror,US
Spaced Invaders,1990-04-27,15369573.0,3000000.0,4.8,Comedy,US
The Four Feathers,2002-09-08,29882645.0,35000000.0,6.5,War,UK
Secretary,2002-01-11,9304609.0,4000000.0,6.8,Comedy,US
Sweet Home Alabama,2002-09-26,180622424.0,30000000.0,6.1,Comedy,US
Moonlight Mile,2002-09-09,10011050.0,21000000.0,6.4,Romance,US
Powaqqatsi,1988-04-29,589244.0,2500000.0,7.4,Documentary,US
Valmont,1989-11-17,1132112.0,33000000.0,6.7,Drama,France
Knockaround Guys,2001-09-07,12000000.0,15000000.0,5.9,Crime,US
Tuck Everlasting,2002-10-11,19158074.0,15000000.0,6.4,Drama,US
Bowling for Columbine,2002-10-09,35564473.0,4000000.0,7.3,Documentary,US
Punch-Drunk Love,2002-10-25,17000000.0,25000000.0,6.9,Comedy,US
Auto Focus,2002-10-18,2062066.0,7000000.0,6.1,Drama,US
Naqoyqatsi,2002-09-02,13308.0,3000000.0,6.1,Documentary,US
Jason Goes to Hell: The Final Friday,1993-08-13,15938065.0,3000000.0,4.2,Fantasy,US
Saturday Night Fever,1977-12-16,237113184.0,3500000.0,6.5,Drama,US
Staying Alive,1983-07-11,64892670.0,22000000.0,4.7,Drama,US
When Time Ran Out...,1980-03-28,3763988.0,20000000.0,7.0,Action,US
Xanadu,1980-08-08,22471595.0,20000000.0,5.2,Fantasy,US
Absence of Malice,1981-12-18,40716963.0,12000000.0,6.8,Drama,US
Blow Out,1981-07-24,12000000.0,18000000.0,7.3,Drama,US
Dead & Buried,1981-05-29,216166.0,3000000.0,6.1,Horror,US
The Hand,1981-04-24,566736.0,6500000.0,5.7,Drama,US
Neighbors,1981-12-18,29916207.0,8500000.0,5.2,Comedy,US
Pennies from Heaven,1981-12-11,9171289.0,22000000.0,6.3,Drama,US
Private Lessons,1981-08-21,26279000.0,2800000.0,6.3,Romance,US
Jackass: The Movie,2002-10-21,64282312.0,5000000.0,6.1,Documentary,US
Casino Royale,1967-04-13,41744718.0,12000000.0,5.3,Adventure,UK
Exodus,1960-03-27,21750000.0,4000000.0,6.9,Action,US
I Spy,2002-10-31,33561137.0,70000000.0,5.2,Action,US
The Santa Clause 2,2002-10-31,172855065.0,65000000.0,5.5,Fantasy,US
The Weight of Water,2000-09-25,109130.0,16000000.0,5.6,Crime,France
8 Mile,2002-11-08,215000000.0,41000000.0,6.8,Drama,US
Far from Heaven,2002-09-01,29027914.0,13500000.0,6.9,Drama,US
Return to the Blue Lagoon,1991-08-02,2807854.0,11000000.0,5.2,Adventure,US
Die Another Day,2002-11-17,431971116.0,140000000.0,5.8,Adventure,UK
Friday After Next,2002-11-22,33526835.0,20000000.0,6.0,Comedy,US
The Quiet American,2002-11-22,27674124.0,30000000.0,6.5,Drama,US
Extreme Ops,2002-11-27,10959475.0,40000000.0,5.0,Action,US
Solaris,2002-11-27,30002758.0,47000000.0,5.9,Drama,US
Treasure Planet,2002-11-26,109578115.0,140000000.0,7.2,Adventure,US
The Sword and the Sorcerer,1982-04-01,39103425.0,4000000.0,5.6,Action,US
Zulu,1964-01-22,8000000.0,3500000.0,7.4,Action,UK
Empire,2002-12-06,18591272.0,4000000.0,6.4,Action,US
Adaptation.,2002-12-06,32801173.0,19000000.0,7.3,Comedy,US
Equilibrium,2002-12-06,5359645.0,20000000.0,6.9,Action,US
Escape to Victory,1981-06-17,27453418.0,10000000.0,6.7,Action,US
Alone in the Dark,1982-11-12,8178569.0,20000000.0,5.5,Horror,US
The Best Little Whorehouse in Texas,1982-07-23,69701637.0,35000000.0,5.9,Comedy,US
Drumline,2002-12-13,57588485.0,20000000.0,6.2,Drama,US
Maid in Manhattan,2002-12-13,154906693.0,55000000.0,5.6,Comedy,US
Star Trek: Nemesis,2002-12-13,67312826.0,60000000.0,6.1,Science Fiction,US
About Schmidt,2002-12-13,105834556.0,30000000.0,6.7,Drama,US
25th Hour,2002-12-16,13060843.0,15000000.0,7.2,Crime,US
Antwone Fisher,2002-12-19,23367586.0,12500000.0,6.7,Drama,US
Gangs of New York,2002-12-14,193772504.0,100000000.0,7.1,Drama,US
Catch Me If You Can,2002-12-25,352114312.0,52000000.0,7.7,Drama,US
Chicago,2002-12-26,306776732.0,45000000.0,6.9,Action,US
The Hours,2002-12-27,41597830.0,25000000.0,7.0,Drama,US
The Pianist,2002-09-24,120072577.0,35000000.0,8.1,Drama,France
Confessions of a Dangerous Mind,2002-12-30,33013805.0,30000000.0,6.6,Comedy,US
A Guy Thing,2003-01-17,17432163.0,20000000.0,5.3,Comedy,US
Band of Outsiders,1964-08-05,182857.0,120000.0,7.5,Crime,France
Biker Boyz,2003-01-31,23510601.0,24000000.0,5.0,Action,US
Final Destination 2,2003-01-31,90426405.0,26000000.0,5.9,Horror,US
May,2002-01-13,150277.0,500000.0,6.3,Drama,US
Firefox,1982-06-13,70687344.0,18000000.0,5.5,Science Fiction,US
Daredevil,2003-02-14,179179718.0,78000000.0,5.0,Fantasy,US
Dennis the Menace,1993-06-23,117270765.0,35000000.0,5.5,Family,US
10 to Midnight,1983-03-11,7175592.0,4520000.0,6.1,Horror,US
The Black Stallion,1979-10-17,37799643.0,2700000.0,7.0,Adventure,US
A Countess from Hong Kong,1967-01-05,2000000.0,3500000.0,5.9,Comedy,UK
A Patch of Blue,1965-12-10,6792000.0,800000.0,7.6,Drama,US
Gods and Generals,2003-02-21,12923936.0,56000000.0,6.1,Drama,US
Old School,2003-02-21,87055349.0,24000000.0,6.6,Comedy,US
Cradle 2 the Grave,2003-02-28,56489558.0,25000000.0,5.8,Action,US
Bringing Down the House,2003-03-07,132675402.0,20000000.0,5.4,Comedy,US
Tears of the Sun,2003-03-07,85632458.0,70000000.0,6.4,Action,US
The Hunted,2003-03-11,34234008.0,55000000.0,6.0,Drama,US
King of Kings,1961-10-11,14483352.0,5037000.0,7.2,Drama,US
Dreamcatcher,2003-03-21,75715436.0,68000000.0,5.2,Drama,US
The Robe,1953-09-16,36000000.0,4100000.0,6.4,Drama,US
Basic,2003-04-18,42792561.0,50000000.0,6.2,Action,US
The Core,2003-03-28,74208267.0,60000000.0,5.5,Action,US
Phone Booth,2002-09-09,97837138.0,13000000.0,6.7,Thriller,US
Levity,2003-03-16,209151.0,7500000.0,5.9,Crime,France
Anger Management,2003-04-11,195745823.0,75000000.0,5.9,Comedy,US
House of 1000 Corpses,2003-04-11,16829545.0,7000000.0,6.0,Horror,US
A Mighty Wind,2003-04-16,18750246.0,6000000.0,6.6,Comedy,US
Straw Dogs,1971-12-29,3251794.0,2200000.0,7.2,Crime,UK
The Andromeda Strain,1971-03-12,12376563.0,6500000.0,7.0,Science Fiction,US
The Wiz,1978-10-24,21049053.0,24000000.0,5.8,Adventure,US
Scenes from a Mall,1991-02-22,9563393.0,3000000.0,4.8,Comedy,US
Identity,2003-04-25,90259536.0,30000000.0,7.1,Mystery,US
The Lizzie McGuire Movie,2003-04-25,55534455.0,17000000.0,5.8,Family,US
X2,2003-04-24,407711549.0,110000000.0,6.8,Adventure,US
Daddy Day Care,2003-05-03,164433867.0,60000000.0,5.6,Comedy,US
The Spanish Apartment,2002-05-17,3897799.0,5300000.0,7.0,Drama,France
Bruce Almighty,2003-05-23,484572835.0,80000000.0,6.4,Fantasy,US
Finding Nemo,2003-05-30,940335536.0,94000000.0,7.6,Animation,US
The Italian Job,2003-05-30,176070171.0,60000000.0,6.6,Action,UK
2 Fast 2 Furious,2003-06-05,236350661.0,76000000.0,6.2,Action,US
Oscar,1991-04-26,23562716.0,35000000.0,6.2,Action,US
Barton Fink,1991-08-01,6153939.0,9000000.0,7.4,Comedy,UK
Shattered,1991-10-11,11511031.0,22000000.0,6.1,Mystery,US
Dumb and Dumberer: When Harry Met Lloyd,2003-06-13,39267515.0,19000000.0,4.1,Comedy,US
From Justin to Kelly,2003-06-20,4922166.0,12000000.0,3.0,Comedy,US
Hollywood Homicide,2003-06-09,51142659.0,75000000.0,5.0,Action,US
Alex & Emma,2003-06-16,15368897.0,30000000.0,5.0,Comedy,US
28 Days Later,2002-10-31,82719885.0,5000000.0,7.1,Horror,UK
Charlie's Angels: Full Throttle,2003-06-27,259175788.0,120000000.0,5.2,Action,US
Hulk,2003-06-19,245360480.0,137000000.0,5.3,Drama,US
"Legally Blonde 2: Red, White & Blonde",2003-07-02,124914842.0,45000000.0,5.2,Comedy,US
Sinbad: Legend of the Seven Seas,2003-07-02,26288320.0,60000000.0,6.6,Family,US
Swimming Pool,2003-05-18,22441323.0,7800000.0,6.5,Thriller,France
Pirates of the Caribbean: The Curse of the Black Pearl,2003-07-09,655011224.0,140000000.0,7.5,Adventure,US
Bad Boys II,2003-07-18,273339556.0,130000000.0,6.3,Adventure,US
Johnny English,2003-04-06,160583018.0,40000000.0,6.0,Adventure,France
Loose Cannons,1990-02-09,5585154.0,1500000.0,4.9,Action,US
Lara Croft Tomb Raider: The Cradle of Life,2003-07-21,156505388.0,95000000.0,5.5,Action,US
Seabiscuit,2003-07-22,148336445.0,87000000.0,6.8,Drama,US
Spy Kids 3-D: Game Over,2003-07-25,197011982.0,38000000.0,4.7,Action,US
"One, Two, Three",1961-12-15,4000000.0,3000000.0,7.6,Comedy,US
The Private Life of Sherlock Holmes,1970-10-29,1500000.0,10000000.0,6.9,Adventure,UK
American Wedding,2003-08-01,231449203.0,55000000.0,6.0,Comedy,US
Gigli,2003-08-01,7266209.0,54000000.0,3.5,Drama,US
Freaky Friday,2003-08-03,110230332.0,26000000.0,6.0,Comedy,US
S.W.A.T.,2003-08-08,116643346.0,80000000.0,5.8,Action,US
Open Range,2003-08-29,68296293.0,22000000.0,7.0,Western,US
Uptown Girls,2003-08-15,37095657.0,20000000.0,6.1,Comedy,US
House of Wax,1953-04-10,23800000.0,658000.0,7.0,Crime,US
Man's Best Friend,1993-11-19,12974636.0,6000000.0,5.5,Horror,US
Valley Girl,1983-04-08,17343596.0,350000.0,6.2,Comedy,US
Wait Until Dark,1967-10-26,11000000.0,4000000.0,7.5,Horror,US
Showdown in Little Tokyo,1991-08-23,2275557.0,8000000.0,5.7,Action,US
THX 1138,1971-03-11,2437000.0,777000.0,6.4,Drama,US
Valley of the Dolls,1967-12-27,50000000.0,5000000.0,6.7,Music,US
The Keep,1983-12-16,3661757.0,6000000.0,5.9,Horror,UK
"The Beast from 20,000 Fathoms",1953-06-13,5000000.0,210000.0,6.7,Adventure,US
Tremors,1990-01-19,48572000.0,11000000.0,6.6,Action,US
The Pink Panther Strikes Again,1976-12-15,33833201.0,6000000.0,6.8,Comedy,UK
Commando,1985-10-03,57500000.0,10000000.0,6.4,Action,US
Jeepers Creepers 2,2003-08-08,63102666.0,17000000.0,5.5,Horror,US
Cabin Fever,2003-08-15,30553394.0,1500000.0,5.5,Horror,US
Matchstick Men,2003-09-01,65565672.0,62000000.0,6.9,Comedy,US
Once Upon a Time in Mexico,2003-09-11,98185582.0,29000000.0,6.2,Action,US
Convoy,1978-06-27,22765081.0,12000000.0,6.1,Action,UK
Day of the Dead,1985-07-19,34000000.0,3500000.0,6.9,Horror,US
"Hello, Dolly!",1969-12-12,33208099.0,24000000.0,6.6,Comedy,US
Memoirs of an Invisible Man,1992-02-28,14358033.0,40000000.0,5.7,Comedy,France
The Rose,1979-11-07,29174648.0,9250000.0,6.8,Drama,US
Once Bitten,1985-11-15,10000000.0,3200000.0,5.3,Horror,US
The Fighting Temptations,2003-09-17,30238577.0,15000000.0,5.3,Comedy,US
The Rundown,2003-09-26,80916492.0,85000000.0,6.4,Adventure,US
The Triplets of Belleville,2003-06-11,1477676.0,8000000.0,7.3,Adventure,France
All the President's Men,1976-04-04,70600000.0,8500000.0,7.6,Drama,US
Beethoven's 2nd,1993-12-14,118243066.0,15000000.0,5.0,Family,US
Boyz n the Hood,1991-07-12,57504069.0,6500000.0,7.4,Crime,US
Bugsy,1991-12-10,49114016.0,30000000.0,6.0,Drama,US
Consenting Adults,1992-10-16,21591728.0,18000000.0,5.6,Crime,US
Where Eagles Dare,1968-12-04,21000000.0,7700000.0,7.4,Adventure,UK
Sleeping with the Enemy,1991-02-08,174999005.0,19000000.0,6.1,Drama,US
PCU,1994-04-29,4350774.0,9000000.0,6.0,Comedy,US
The Rookie,1990-12-06,21633874.0,10000000.0,5.6,Action,US
City Heat,1984-12-05,38348988.0,25000000.0,5.1,Action,US
Into the Night,1985-02-15,6700000.0,11400000.0,6.4,Comedy,US
More American Graffiti,1979-08-03,15014674.0,2500000.0,4.8,Comedy,US
Kingdom of the Spiders,1977-08-24,17000000.0,500000.0,5.6,Horror,US
In Cold Blood,1967-12-14,13007551.0,3500000.0,7.4,Crime,US
Mobsters,1991-07-26,20246790.0,23000000.0,5.7,Drama,US
Out of Time,2003-10-03,55495563.0,50000000.0,6.1,Thriller,US
The Station Agent,2003-01-26,8679814.0,500000.0,7.4,Drama,US
Mystic River,2003-10-07,156822020.0,25000000.0,7.6,Thriller,US
Intolerable Cruelty,2003-09-02,119940815.0,60000000.0,5.8,Crime,US
Kill Bill: Vol. 1,2003-10-10,180949000.0,30000000.0,7.7,Action,US
Runaway Jury,2003-10-09,80154140.0,60000000.0,6.9,Drama,US
The Texas Chainsaw Massacre,2003-10-17,107071655.0,9500000.0,6.1,Horror,US
Sylvia,2003-10-17,10000000.0,7000000.0,5.6,Drama,UK
Radio,2003-10-24,52277485.0,32000000.0,6.8,Drama,US
Scary Movie 3,2003-10-24,220673217.0,48000000.0,5.8,Comedy,US
Elephant,2003-05-18,10012022.0,3000000.0,7.0,Drama,US
The Matrix Revolutions,2003-11-05,424988211.0,150000000.0,6.4,Adventure,US
Elf,2003-10-09,173398518.0,32000000.0,6.4,Comedy,US
Love Actually,2003-09-07,244931766.0,40000000.0,7.0,Comedy,UK
Master and Commander: The Far Side of the World,2003-11-14,212011111.0,150000000.0,6.9,Adventure,US
Tupac: Resurrection,2003-01-23,7808524.0,300000.0,8.0,Music,US
Gothika,2003-11-21,141591324.0,40000000.0,5.8,Horror,US
21 Grams,2003-09-06,60427839.0,20000000.0,7.2,Drama,US
The Haunted Mansion,2003-11-25,182290266.0,90000000.0,5.1,Thriller,US
Timeline,2003-11-26,43935763.0,80000000.0,5.4,Action,US
Darkman,1990-08-24,48878502.0,16000000.0,6.2,Action,US
New Jack City,1991-03-08,47624253.0,8500000.0,6.3,Thriller,US
WarGames,1983-06-03,79567667.0,12000000.0,7.0,Thriller,US
Ben-Hur: A Tale of the Christ,1925-12-30,9000000.0,3900000.0,7.3,Adventure,US
Hannah and Her Sisters,1986-02-07,40084041.0,6400000.0,7.6,Comedy,US
Hudson Hawk,1991-05-23,17218080.0,65000000.0,5.4,Action,US
Invasion of the Body Snatchers,1978-12-19,24046533.0,3500000.0,7.1,Horror,US
Kindergarten Cop,1990-12-21,201957688.0,15000000.0,5.8,Comedy,US
The Last Boy Scout,1991-12-11,59509925.0,29000000.0,6.5,Action,US
Last Tango in Paris,1972-10-14,36144000.0,1250000.0,7.1,Drama,France
Mr. Destiny,1990-10-12,15379253.0,20000000.0,6.1,Fantasy,US
Over the Top,1987-02-13,16057580.0,25000000.0,5.7,Action,US
Passenger 57,1992-11-05,44065653.0,15000000.0,5.6,Action,US
Presumed Innocent,1990-07-26,221303188.0,22000000.0,6.6,Drama,US
Project X,1987-04-17,18532286.0,18000000.0,6.2,Drama,US
Pure Luck,1991-08-09,24941969.0,17010000.0,5.5,Comedy,US
Radio Flyer,1992-02-21,4651977.0,35000000.0,6.6,Drama,US
The Secret of My Success,1987-04-10,110996879.0,12000000.0,6.2,Comedy,US
Streets of Fire,1984-06-01,8089290.0,14500000.0,6.6,Action,US
Vivre Sa Vie,1962-09-20,24517.0,64000.0,7.6,Drama,France
Wild at Heart,1990-05-01,14560247.0,9500000.0,7.0,Comedy,US
Year of the Dragon,1985-08-16,18707466.0,24000000.0,6.5,Action,US
Swing Time,1936-08-27,2600000.0,886000.0,7.1,Comedy,US
Birdman of Alcatraz,1962-07-03,3100000.0,2650000.0,7.0,Drama,US
The Birth of a Nation,1915-02-08,11000000.0,100000.0,6.4,Drama,US
Red River,1948-08-26,9012000.0,3000000.0,7.3,Western,US
Stagecoach,1939-03-02,1103757.0,531374.0,7.6,Adventure,US
Bullitt,1968-10-17,42300873.0,5500000.0,7.0,Action,US
42nd Street,1933-02-02,2281000.0,439000.0,6.1,Music,US
A Passage to India,1984-12-14,27187653.0,8000000.0,6.8,Drama,UK
Anna Karenina,1935-08-30,1439000.0,1152000.0,6.6,Drama,US
Dragnet,1987-06-25,66673516.0,20000000.0,5.7,Action,US
1941,1979-12-13,31755742.0,35000000.0,5.6,Action,US
Leprechaun,1993-01-08,8556940.0,900000.0,5.1,Comedy,US
Honey,2003-11-24,62646763.0,18000000.0,6.0,Romance,US
Big Fish,2003-12-25,122919055.0,70000000.0,7.6,Adventure,US
Something's Gotta Give,2003-12-12,266728738.0,80000000.0,6.3,Drama,US
Stuck on You,2003-12-10,33828318.0,55000000.0,5.1,Comedy,US
Calendar Girls,2003-09-02,96542059.0,10000000.0,6.6,Comedy,UK
House of Sand and Fog,2003-12-19,16942795.0,16500000.0,7.0,Drama,US
Monster,2003-11-16,60378584.0,8000000.0,7.0,Crime,US
Cheaper by the Dozen,2003-12-24,190212113.0,40000000.0,6.0,Comedy,US
Cold Mountain,2003-12-24,173013509.0,79000000.0,6.7,Drama,US
Peter Pan,2003-12-25,121975011.0,100000000.0,6.9,Adventure,UK
Along Came Polly,2004-01-16,171963386.0,42000000.0,5.8,Comedy,US
The Great Gatsby,1974-03-27,26533200.0,6500000.0,6.2,Drama,US
Only the Strong,1993-08-27,3283371.0,6000000.0,6.8,Action,US
The Adventures of Ford Fairlane,1990-07-11,20423389.0,49000000.0,6.2,Action,US
The Pick-up Artist,1987-09-18,13290368.0,15000000.0,5.4,Romance,US
Cool World,1992-07-10,14110589.0,30000000.0,4.9,Animation,US
Money for Nothing,1993-09-10,1044824.0,11000000.0,5.1,Drama,US
Win a Date with Tad Hamilton!,2004-01-23,16980098.0,17000000.0,5.5,Comedy,US
The Big Bounce,2004-01-30,6808550.0,50000000.0,5.0,Comedy,US
Latter Days,2003-07-10,819939.0,850000.0,6.8,Drama,US
Barbershop 2:  Back in Business,2004-01-20,65070412.0,18000000.0,5.7,Comedy,US
Catch That Kid,2004-02-06,16702864.0,18000000.0,5.0,Family,US
Miracle,2004-02-06,64445708.0,28000000.0,7.0,Drama,US
The Dreamers,2003-09-01,15121165.0,15000000.0,7.2,Drama,France
Thirteen,2003-08-20,4601043.0,2000000.0,6.6,Crime,US
Best Defense,1984-07-20,19265302.0,18000000.0,3.6,Action,US
50 First Dates,2004-02-13,196482882.0,75000000.0,6.6,Comedy,US
Vanishing Point,1971-01-15,72266306.0,1300000.0,7.1,Action,US
The Thief of Bagdad,1924-03-18,1213880.0,1135654.0,7.4,Action,US
King Solomon's Mines,1985-03-20,238227.0,12500000.0,5.0,Action,US
Raw Deal,1986-06-06,16209459.0,8500000.0,5.5,Action,US
EuroTrip,2004-02-20,20796847.0,25000000.0,6.5,Comedy,US
The Passion of the Christ,2004-02-25,611899420.0,30000000.0,6.9,Drama,US
Club Dread,2004-02-27,5001655.0,8500000.0,5.1,Comedy,US
Dirty Dancing: Havana Nights,2004-02-27,27685016.0,25000000.0,6.0,Drama,US
Hidalgo,2004-03-05,108103450.0,100000000.0,6.5,Western,US
Starsky & Hutch,2004-03-05,170268750.0,60000000.0,5.6,Comedy,US
Agent Cody Banks 2: Destination London,2004-06-24,28818995.0,26000000.0,5.2,Comedy,US
The Girl Next Door,2004-04-09,30411183.0,25000000.0,6.3,Comedy,US
Secret Window,2004-03-12,92913171.0,40000000.0,6.4,Thriller,US
Dawn of the Dead,2004-03-19,102356381.0,28000000.0,6.8,Fantasy,US
Eternal Sunshine of the Spotless Mind,2004-03-19,72258126.0,20000000.0,7.9,Science Fiction,US
Taking Lives,2004-03-19,65470529.0,45000000.0,6.0,Action,US
Jersey Girl,2004-03-25,36098382.0,35000000.0,5.8,Comedy,US
Never Die Alone,2004-03-26,5923000.0,3000000.0,5.7,Action,US
Hellboy,2004-04-02,99318987.0,66000000.0,6.5,Fantasy,US
Home on the Range,2004-04-02,103951461.0,110000000.0,5.7,Animation,US
Walking Tall,2004-04-02,57223890.0,56000000.0,6.0,Adventure,US
Johnson Family Vacation,2004-04-07,31179516.0,12000000.0,4.8,Comedy,US
The Alamo,2004-04-07,25819961.0,145000000.0,5.8,Western,US
The Whole Ten Yards,2004-04-07,26155781.0,40000000.0,5.5,Comedy,US
The Ten Commandments,1956-10-05,122700000.0,13000000.0,7.5,Drama,US
Those Magnificent Men in Their Flying Machines or How I Flew from London to Paris in 25 hours 11 minutes,1965-06-03,29950000.0,5600000.0,6.4,Action,UK
After Hours,1985-09-13,10609321.0,4500000.0,7.4,Comedy,US
Connie and Carla,2004-04-16,11341016.0,20000000.0,6.4,Music,US
Kill Bill: Vol. 2,2004-04-16,152159461.0,30000000.0,7.7,Action,US
Young Adam,2003-09-26,2500000.0,6400000.0,5.9,Drama,France
13 Going on 30,2004-04-13,96455697.0,37000000.0,6.3,Comedy,US
Man on Fire,2004-04-23,130293714.0,70000000.0,7.3,Action,UK
Mean Girls,2004-04-30,129042871.0,17000000.0,6.9,Comedy,US
Troy,2004-05-13,497409852.0,175000000.0,6.9,Adventure,US
D-Tox,2002-01-04,6416302.0,55000000.0,5.4,Action,US
Enemy Mine,1985-12-12,12303411.0,40000000.0,6.7,Drama,US
You Only Live Twice,1967-06-12,111584787.0,9500000.0,6.5,Action,UK
Octopussy,1983-06-05,187500000.0,27500000.0,6.2,Adventure,UK
Desert Hearts,1985-10-01,2400000.0,350000.0,6.7,Drama,US
Body Double,1984-10-25,8801940.0,10000000.0,6.4,Crime,US
The Miracle Worker,1962-05-22,2500000.0,500000.0,7.5,Drama,US
Raising Cain,1992-08-07,37170057.0,12000000.0,5.9,Drama,US
Noises Off...,1992-03-20,2280148.0,12000000.0,7.0,Comedy,US
The China Syndrome,1979-03-16,51718367.0,5900000.0,7.0,Thriller,US
Cat People,1942-12-05,4000000.0,134000.0,6.9,Thriller,US
On Deadly Ground,1994-02-18,49000000.0,50000000.0,4.6,Action,US
Explorers,1985-07-12,9873044.0,25000000.0,6.2,Adventure,US
The Warriors,1979-02-08,22490039.0,4000000.0,7.4,Action,US
Woodstock,1970-03-26,34505110.0,600000.0,7.1,History,US
Pat Garrett & Billy the Kid,1973-05-23,11000000.0,4638783.0,7.2,Western,US
The Ballad of Cable Hogue,1970-05-13,5000000.0,3716946.0,6.9,Action,US
The Night of the Iguana,1964-08-06,12000000.0,3000000.0,6.9,Drama,US
Nightbreed,1990-02-16,8862354.0,11000000.0,6.4,Action,US
Ken Park,2002-08-31,447741.0,1300000.0,5.7,Drama,France
A Bridge Too Far,1977-06-15,50750000.0,22000000.0,7.0,Drama,UK
Broadway Danny Rose,1984-01-27,10600497.0,8000000.0,7.2,Comedy,US
From Beyond,1986-06-05,1261000.0,4500000.0,6.5,Horror,US
Death Race 2000,1975-04-27,8000000.0,300000.0,6.0,Action,US
The Getaway,1972-12-13,58831997.0,3352254.0,7.0,Action,US
Mean Streets,1973-10-02,3000000.0,500000.0,7.2,Drama,US
Harper,1966-02-23,12000000.0,3500000.0,6.3,Action,US
Dahmer,2002-06-21,144008.0,250000.0,5.2,Drama,US
Bad Day at Black Rock,1955-01-07,3788000.0,1271000.0,7.0,Crime,US
Charly,1968-09-23,814666.0,950000.0,6.6,Drama,US
Beyond the Valley of the Dolls,1970-07-17,40000000.0,2090000.0,6.6,Comedy,US
Night of the Living Dead,1990-10-18,5835247.0,4200000.0,6.7,Horror,US
Queen Christina,1933-12-26,2610000.0,1114000.0,6.8,Drama,US
Purple Rain,1984-07-27,68392977.0,7200000.0,6.6,Drama,US
The Cowboys,1972-01-13,7500000.0,6000000.0,7.0,Action,US
The Caine Mutiny,1954-06-24,21750000.0,2000000.0,7.2,Drama,US
Escape from Alcatraz,1979-06-22,43000000.0,8000000.0,7.3,Crime,US
Shrek 2,2004-05-19,919838758.0,150000000.0,6.7,Adventure,US
The Day After Tomorrow,2004-05-26,544272402.0,125000000.0,6.2,Action,US
Raising Helen,2004-05-27,49718611.0,50000000.0,5.9,Drama,US
Soul Plane,2004-05-28,14822346.0,16000000.0,4.7,Romance,US
Harry Potter and the Prisoner of Azkaban,2004-05-31,789804554.0,130000000.0,7.7,Adventure,UK
The Chronicles of Riddick,2004-06-11,115772733.0,105000000.0,6.3,Action,US
Garfield,2004-06-10,200804534.0,50000000.0,5.2,Animation,US
The Stepford Wives,2004-06-10,102000000.0,90000000.0,5.4,Action,US
Napoleon Dynamite,2004-06-11,46118097.0,400000.0,6.7,Comedy,US
City of Joy,1992-04-15,14683921.0,27000000.0,6.3,Drama,France
The Doctor,1991-07-24,38120905.0,12000000.0,6.6,Drama,US
Sands of Iwo Jima,1949-12-14,7800000.0,1000000.0,6.2,Action,US
Super Size Me,2004-01-17,28575078.0,65000.0,6.6,Documentary,US
The Hitcher,1986-02-21,5844868.0,6000000.0,6.9,Action,US
The Terminal,2004-06-17,219417255.0,60000000.0,7.1,Comedy,US
White Chicks,2004-06-23,113086475.0,37000000.0,6.3,Comedy,US
The Notebook,2004-06-25,115603229.0,29000000.0,7.7,Romance,US
Two Brothers,2004-04-07,62172050.0,74500000.0,6.9,Adventure,France
Bob & Carol & Ted & Alice,1969-09-17,30000000.0,2000000.0,6.2,Comedy,US
Rapa Nui,1994-09-09,305070.0,20000000.0,6.2,Adventure,US
Juice,1992-01-17,20146880.0,5000000.0,7.0,Action,US
Taxi 3,2003-01-29,65497208.0,14500000.0,5.5,Action,France
Overboard,1987-12-16,26713187.0,1880006.0,6.7,Comedy,US
Hard Times,1975-09-04,5000000.0,2700000.0,6.7,Drama,US
The Last Starfighter,1984-07-13,28733290.0,15000000.0,6.5,Adventure,US
Spider-Man 2,2004-06-25,783766341.0,200000000.0,6.7,Action,US
Before Sunset,2004-02-10,15992615.0,2700000.0,7.6,Drama,US
Anchorman: The Legend of Ron Burgundy,2004-07-09,90574188.0,26000000.0,6.7,Comedy,US
"I, Robot",2004-07-15,347234916.0,120000000.0,6.7,Action,US
How the West Was Won,1962-11-01,50000000.0,15000000.0,6.6,History,US
Catwoman,2004-07-22,82102379.0,100000000.0,4.2,Action,US
A Home at the End of the World,2004-07-23,1548955.0,6500000.0,6.8,Romance,US
A Woman Is a Woman,1961-09-06,100655.0,160000.0,7.5,Comedy,France
The Manchurian Candidate,2004-07-30,96105964.0,80000000.0,6.2,Drama,US
Thunderbirds,2004-07-23,28283637.0,57000000.0,4.2,Action,UK
The Village,2004-07-30,256697520.0,60000000.0,6.2,Drama,US
Garden State,2004-07-28,26781723.0,2500000.0,7.1,Comedy,US
Collateral,2004-08-04,217764291.0,65000000.0,7.0,Drama,US
Little Black Book,2004-08-06,22034832.0,35000000.0,5.2,Comedy,US
Harold & Kumar Go to White Castle,2004-05-30,23936908.0,9000000.0,6.6,Comedy,US
The Princess Diaries 2: Royal Engagement,2004-08-06,95149435.0,40000000.0,6.0,Comedy,US
We Don't Live Here Anymore,2004-01-20,2037545.0,3000000.0,5.8,Drama,US
Without a Paddle,2004-08-20,69631118.0,19000000.0,5.3,Action,US
Exorcist: The Beginning,2004-08-20,78000586.0,80000000.0,4.7,Horror,US
Anacondas: The Hunt for the Blood Orchid,2004-08-26,70992898.0,20000000.0,4.9,Adventure,US
Vanity Fair,2004-09-01,16123851.0,23000000.0,5.5,Drama,UK
Paparazzi,2004-09-03,16605763.0,20000000.0,5.8,Action,US
Wicker Park,2004-09-03,13001257.0,30000000.0,6.7,Drama,US
Night of the Demons,1988-10-14,3109904.0,1200000.0,6.1,Horror,US
Resident Evil: Apocalypse,2004-09-10,129394835.0,45000000.0,6.1,Horror,UK
Mr. 3000,2004-06-15,21800302.0,30000000.0,5.0,Comedy,US
Sky Captain and the World of Tomorrow,2004-09-17,57958696.0,70000000.0,5.7,Mystery,UK
Wimbledon,2004-09-13,41512007.0,31000000.0,6.0,Comedy,France
The Forgotten,2004-09-24,117575636.0,42000000.0,5.5,Crime,US
A Dirty Shame,2004-09-12,1914166.0,15000000.0,5.4,Comedy,US
Shaun of the Dead,2004-04-09,30039392.0,4000000.0,7.5,Horror,UK
Orca: The Killer Whale,1977-07-22,14717854.0,6000000.0,5.5,Drama,US
1492: Conquest of Paradise,1992-10-09,7191399.0,47000000.0,6.1,Action,France
Shark Tale,2004-09-20,367275019.0,75000000.0,5.8,Animation,US
Ladder 49,2004-10-01,74541707.0,60000000.0,6.2,Drama,US
Raise Your Voice,2004-08-10,14867514.0,15000000.0,6.0,Music,US
Taxi,2004-10-06,36609966.0,25000000.0,4.8,Thriller,France
Shall We Dance?,2004-10-15,170128460.0,50000000.0,5.9,Drama,US
Cannonball,1976-07-06,1500000.0,780000.0,5.7,Action,US
Friday Night Lights,2004-10-08,61255921.0,30000000.0,7.0,Drama,US
Surviving Christmas,2004-09-21,14793624.0,45000000.0,5.1,Comedy,US
Alfie,2004-10-22,13395939.0,60000000.0,5.5,Comedy,UK
Sideways,2004-10-22,109502303.0,16000000.0,6.9,Comedy,US
The Machinist,2004-02-09,8203235.0,5000000.0,7.3,Thriller,US
Saw,2004-10-01,103911669.0,1200000.0,7.2,Horror,US
Ray,2004-10-29,124731534.0,40000000.0,7.2,Drama,US
The Incredibles,2004-11-05,631442092.0,92000000.0,7.4,Action,US
The Polar Express,2004-11-10,305875730.0,165000000.0,6.4,Adventure,US
After the Sunset,2004-11-12,61347797.0,60000000.0,6.0,Action,US
Bridget Jones: The Edge of Reason,2004-11-10,40203020.0,50000000.0,6.1,Comedy,France
Finding Neverland,2004-10-17,116766556.0,25000000.0,7.2,Drama,UK
National Treasure,2004-11-19,347451894.0,100000000.0,6.4,Adventure,US
The SpongeBob SquarePants Movie,2004-11-14,140161792.0,30000000.0,6.7,Animation,US
Alexander,2004-11-21,167298192.0,155000000.0,5.6,War,France
Closer,2004-12-01,115505027.0,27000000.0,6.7,Drama,US
Ocean's Twelve,2004-12-09,362744280.0,110000000.0,6.4,Thriller,US
Blade: Trinity,2004-12-08,128905366.0,65000000.0,5.7,Science Fiction,US
The Bellboy,1960-07-20,10000000.0,900000.0,6.1,Comedy,US
Cinderfella,1960-12-18,7100000.0,3000000.0,6.7,Comedy,US
Fire in the Sky,1993-03-12,19724334.0,19885552.0,6.5,Drama,US
The Big Parade,1925-11-05,22000000.0,245000.0,7.0,Drama,US
She Done Him Wrong,1933-02-09,2200000.0,200000.0,5.2,Comedy,US
The Informer,1935-05-09,950000.0,243000.0,6.5,Drama,US
3 Godfathers,1948-12-01,2841000.0,1243000.0,6.1,Action,US
Fort Apache,1948-03-26,3000000.0,2500000.0,6.8,Western,US
Annie Get Your Gun,1950-05-17,8000000.0,3768785.0,7.3,Action,US
The Nun's Story,1959-06-18,12800000.0,3500000.0,7.4,Drama,US
Mutiny on the Bounty,1962-11-08,13680000.0,19000000.0,6.5,Adventure,US
Dracula: Prince of Darkness,1966-01-09,364937.0,280379.0,6.1,Horror,UK
Major Dundee,1965-04-07,14873.0,3800000.0,6.2,War,US
The Train,1964-09-21,6800000.0,5800000.0,7.2,Action,France
The Bride Wore Black,1968-03-22,44566.0,747000.0,7.3,Mystery,France
Point Blank,1967-08-30,3200000.0,2500000.0,7.1,Action,US
Zabriskie Point,1970-02-09,1000000.0,7000000.0,7.1,Drama,US
Sweet Sweetback's Baadasssss Song,1971-04-23,15200000.0,150000.0,4.7,Action,US
"Farewell, My Lovely",1975-08-08,2000000.0,2500000.0,6.8,Crime,US
Silver Streak,1976-12-03,51079064.0,6500000.0,6.8,Comedy,US
High Anxiety,1977-12-25,31063038.0,3400000.0,6.5,Comedy,US
Sorcerer,1977-06-24,12000000.0,22000000.0,7.5,Action,US
The In-Laws,1979-06-15,38200000.0,9000000.0,6.7,Action,US
Blue Thunder,1983-02-05,42313354.0,22000000.0,5.9,Science Fiction,US
Rumble Fish,1983-10-20,2494480.0,10000000.0,6.8,Action,US
Twilight Zone: The Movie,1983-06-24,29450919.0,10000000.0,6.2,Drama,US
Club Paradise,1986-07-11,12308521.0,15000000.0,4.3,Comedy,US
Prince of Darkness,1987-10-23,14182492.0,3000000.0,6.6,Horror,US
Prison,1988-03-04,354704.0,1300000.0,6.7,Crime,US
Cry-Baby,1990-04-05,8266343.0,11000000.0,6.4,Comedy,US
Frankenhooker,1990-06-01,205068.0,2500000.0,5.7,Comedy,US
Hard to Kill,1990-02-09,47410000.0,10000000.0,5.6,Action,US
Havana,1990-12-11,9243140.0,40000000.0,5.5,Drama,US
Lionheart,1990-06-07,24078196.0,6000000.0,5.9,Action,US
Dutch,1991-07-19,4603929.0,17000000.0,6.4,Comedy,US
Mannequin Two: On the Move,1991-01-07,3752426.0,13000000.0,4.6,Fantasy,US
Out for Justice,1991-04-12,39673161.0,14000000.0,5.9,Action,US
Diggstown,1992-08-14,4836637.0,17000000.0,6.5,Action,US
Beowulf,1999-04-01,1531251.0,20000000.0,4.4,Action,US
Spanglish,2004-12-17,55041367.0,80000000.0,5.8,Comedy,US
The Interpreter,2005-04-08,162944923.0,80000000.0,6.2,Crime,France
Open Water,2004-08-06,54667954.0,130000.0,5.3,Drama,US
Layer Cake,2004-09-30,11850214.0,6500000.0,7.0,Drama,UK
Flight of the Phoenix,2004-12-17,21009180.0,45000000.0,5.7,Action,US
Mean Creek,2004-01-15,603943.0,500000.0,6.9,Crime,US
The Ring Two,2005-03-17,161451538.0,50000000.0,5.5,Drama,US
She Hate Me,2004-07-30,365134.0,8000000.0,5.1,Comedy,US
Born into Brothels,2004-12-08,3515061.0,350000.0,6.7,Documentary,US
A Scanner Darkly,2006-05-25,7659918.0,8700000.0,6.8,Animation,US
Million Dollar Baby,2004-12-15,216763646.0,30000000.0,7.7,Drama,US
The Life Aquatic with Steve Zissou,2004-12-10,34808403.0,50000000.0,7.1,Adventure,US
The Aviator,2004-12-17,102000000.0,116000000.0,7.0,Drama,US
The Phantom of the Opera,2004-12-08,154648887.0,70000000.0,7.0,Music,UK
Meet the Fockers,2004-12-22,516642939.0,80000000.0,6.1,Comedy,US
Testament,1983-11-04,2044892.0,1500000.0,6.3,Action,US
Hell's Angels,1930-11-15,8000000.0,3950000.0,6.1,Action,US
Sergeant York,1941-07-02,16361885.0,1400000.0,7.1,Action,US
Wizards,1977-02-09,9000000.0,1200000.0,6.4,Animation,US
Racing Stripes,2005-01-06,93772522.0,30000000.0,5.1,Comedy,US
A Star Is Born,1976-12-16,161000000.0,6000000.0,5.7,Drama,US
The Chase,1994-03-04,8009329.0,26000000.0,5.6,Comedy,US
Assault on Precinct 13,2005-01-19,35294470.0,30000000.0,6.0,Thriller,US
Are We There Yet?,2005-01-20,97918663.0,32000000.0,5.2,Adventure,US
Hide and Seek,2005-01-27,122644820.0,25000000.0,6.1,Horror,US
Boogeyman,2005-02-04,67192859.0,20000000.0,4.6,Thriller,US
The Wedding Date,2005-02-04,47175038.0,15000000.0,6.2,Comedy,US
Double Dragon,1994-11-04,2341309.0,3500000.0,3.9,Action,US
Hitch,2005-02-10,368100420.0,70000000.0,6.3,Comedy,US
Because of Winn-Dixie,2005-02-18,32645546.0,14000000.0,6.1,Comedy,US
Samson and Delilah,1949-12-21,11500000.0,3000000.0,6.1,Drama,US
Be Cool,2005-03-04,95226116.0,53000000.0,5.4,Comedy,US
Robots,2005-03-10,260696994.0,75000000.0,6.0,Animation,US
Once Upon a Forest,1993-06-18,6582052.0,13000000.0,6.2,Animation,UK
The Green Berets,1968-07-04,11000000.0,7000000.0,5.8,War,US
Ice Princess,2005-03-17,27645491.0,25000000.0,5.9,Drama,US
Guess Who,2005-03-25,68915888.0,35000000.0,5.5,Comedy,US
The Ballad of Jack and Rose,2005-03-25,712294.0,1500000.0,6.5,Drama,US
Sin City,2005-04-01,158733820.0,40000000.0,7.2,Action,US
Beauty Shop,2005-06-02,36351350.0,25000000.0,5.4,Comedy,US
Rhinestone,1984-06-22,21435321.0,28000000.0,4.9,Comedy,US
The Hitchhiker's Guide to the Galaxy,2005-01-15,104478416.0,50000000.0,6.6,Adventure,US
The Amityville Horror,2005-04-15,108047131.0,19000000.0,6.0,Horror,US
The Frisco Kid,1979-07-06,9346177.0,9200000.0,6.0,Western,US
A Lot Like Love,2005-04-22,42886719.0,30000000.0,6.5,Comedy,US
xXx: State of the Union,2005-04-27,71073932.0,60000000.0,4.7,Action,US
House of Wax,2005-04-30,68766121.0,40000000.0,5.5,Horror,US
Unleashed,2005-02-02,50871113.0,45000000.0,6.6,Action,France
Star Wars: Episode III - Revenge of the Sith,2005-05-17,850000000.0,113000000.0,7.1,Science Fiction,US
Kicking & Screaming,2005-05-13,56070433.0,45000000.0,5.6,Romance,US
Monster-in-Law,2005-05-13,154749918.0,43000000.0,5.6,Romance,US
9 Songs,2004-07-16,1574623.0,1000000.0,5.1,Drama,UK
Madagascar,2005-05-25,532680671.0,75000000.0,6.6,Family,US
Dominion: Prequel to the Exorcist,2005-05-20,251495.0,30000000.0,4.8,Horror,US
The Longest Yard,2005-05-19,190320568.0,82000000.0,6.2,Comedy,US
Most Wanted,1997-10-10,11838218.0,25000000.0,5.8,Action,US
Cinderella Man,2005-06-02,108539911.0,88000000.0,7.3,Romance,US
The Sisterhood of the Traveling Pants,2005-06-01,39053061.0,25000000.0,6.3,Drama,US
Mr. & Mrs. Smith,2005-06-07,478207520.0,110000000.0,6.5,Action,US
The Adventures of Sharkboy and Lavagirl,2005-06-10,69425966.0,50000000.0,4.4,Adventure,US
Quo Vadis,1951-11-08,30000000.0,8250000.0,7.0,Drama,US
Batman Begins,2005-06-10,374218673.0,150000000.0,7.5,Action,UK
Herbie Fully Loaded,2005-06-22,66002004.0,50000000.0,5.1,Comedy,US
Bewitched,2005-06-21,131426169.0,85000000.0,4.8,Comedy,US
Somebody Up There Likes Me,1956-07-03,3360000.0,1920000.0,6.8,Drama,US
War of the Worlds,2005-06-28,591739379.0,132000000.0,6.2,Adventure,US
March of the Penguins,2005-01-26,127392239.0,8000000.0,6.9,Documentary,France
Rebound,2005-07-01,16809014.0,45000000.0,5.2,Comedy,US
Dark Water,2005-06-27,25473093.0,30000000.0,5.3,Drama,US
Murderball,2005-07-22,1750211.0,300000.0,6.9,Documentary,US
Wedding Crashers,2005-07-14,285176741.0,40000000.0,6.4,Comedy,US
Russian Dolls,2005-06-15,23727301.0,13000000.0,6.8,Comedy,France
Hustle & Flow,2005-07-22,23563727.0,8000000.0,6.9,Drama,US
Hardware,1990-09-14,5728953.0,1500000.0,5.6,Horror,UK
The Island,2005-07-20,162949164.0,126000000.0,6.5,Action,US
Bad News Bears,2005-07-22,34252847.0,30000000.0,5.7,Comedy,US
Sky High,2005-07-29,86369815.0,35000000.0,5.8,Adventure,US
Stealth,2005-07-28,76932943.0,135000000.0,4.9,Action,US
Must Love Dogs,2005-07-21,58405313.0,30000000.0,5.8,Romance,US
Serenity,2005-08-25,38869464.0,39000000.0,7.4,Science Fiction,US
Broken Flowers,2005-05-17,45742101.0,10000000.0,6.8,Comedy,France
The Heart is Deceitful Above All Things,2004-09-15,176153.0,74050.0,5.7,Drama,US
The Dukes of Hazzard,2005-08-05,110803676.0,50000000.0,5.1,Action,US
Deuce Bigalow: European Gigolo,2005-08-06,22400154.0,22000000.0,4.6,Comedy,US
Four Brothers,2005-08-11,92374674.0,45000000.0,6.7,Action,US
The Great Raid,2005-08-12,10166502.0,80000000.0,6.8,Action,US
The 40 Year Old Virgin,2005-08-11,109449237.0,26000000.0,6.2,Comedy,US
Red Eye,2005-08-04,57891803.0,26000000.0,6.2,Horror,US
Valiant,2005-03-25,19478106.0,35000000.0,5.2,Animation,UK
Transporter 2,2005-08-02,85167639.0,32000000.0,6.2,Action,France
Just Like Heaven,2005-09-16,102854431.0,58000000.0,6.5,Comedy,US
Proof,2005-09-05,7535331.0,20000000.0,6.2,Drama,US
Lord of War,2005-09-16,24127895.0,42000000.0,7.0,Crime,France
Cry_Wolf,2005-09-16,10047674.0,1000000.0,5.6,Horror,US
Everything is Illuminated,2005-09-16,2697930.0,7000000.0,7.4,Comedy,US
Domino,2005-09-22,22944502.0,50000000.0,6.0,Action,France
Waiting...,2005-10-07,18637690.0,3000000.0,6.2,Comedy,US
Æon Flux,2005-11-30,52304001.0,62000000.0,5.4,Action,US
An Unfinished Life,2005-09-09,18618284.0,30000000.0,6.7,Drama,US
The Exorcism of Emily Rose,2005-09-09,144216468.0,19000000.0,6.3,Crime,US
Flightplan,2005-09-22,223387299.0,55000000.0,6.1,Thriller,US
Corpse Bride,2005-09-09,117195061.0,40000000.0,7.2,Romance,US
A History of Violence,2005-09-23,60740827.0,32000000.0,6.9,Drama,US
The Greatest Game Ever Played,2005-09-30,15431177.0,25000000.0,6.9,Drama,US
Into the Blue,2005-09-30,44434439.0,50000000.0,5.8,Action,US
Mirrormask,2005-01-25,866999.0,4000000.0,6.6,Fantasy,UK
The Curse of the Were-Rabbit,2005-09-04,192452832.0,30000000.0,6.8,Adventure,UK
Kiss Kiss Bang Bang,2005-09-05,15785148.0,15000000.0,7.2,Action,US
Goal!: The Dream Begins,2005-06-06,27610873.0,30000000.0,6.6,Drama,UK
The Wraith,1986-11-21,3500000.0,2700000.0,5.9,Romance,US
55 Days at Peking,1963-05-06,10000000.0,17000000.0,6.5,Action,US
The Squid and the Whale,2005-10-05,11098131.0,1500000.0,6.9,Comedy,US
Two for the Money,2005-10-07,30526509.0,35000000.0,5.9,Comedy,US
Elizabethtown,2005-10-06,52034889.0,57000000.0,6.1,Comedy,US
North Country,2005-02-12,25224242.0,35000000.0,6.9,Drama,US
"Good Night, and Good Luck.",2005-09-16,54600000.0,7000000.0,6.8,Drama,France
Shopgirl,2005-10-21,11588205.0,10284523.0,5.7,Comedy,US
Stay,2005-09-24,8342132.0,50000000.0,6.5,Mystery,US
Saw II,2005-10-28,152925093.0,4000000.0,6.3,Horror,US
Empire of the Wolves,2005-04-20,11875866.0,24000000.0,5.5,Action,France
Damnation Alley,1977-09-10,8720000.0,17000000.0,5.0,Action,US
Chicken Little,2005-11-04,314432665.0,150000000.0,5.6,Animation,US
Get Rich or Die Tryin',2005-11-09,46442528.0,40000000.0,6.3,Drama,US
Syriana,2005-11-23,94000000.0,50000000.0,6.3,Drama,US
Derailed,2005-11-11,57479076.0,22000000.0,6.1,Drama,UK
Pride & Prejudice,2005-09-16,121147947.0,28000000.0,7.8,Drama,France
Harry Potter and the Goblet of Fire,2005-11-05,895921036.0,150000000.0,7.5,Adventure,UK
Rent,2005-11-23,31670620.0,40000000.0,6.7,Drama,US
Zathura: A Space Adventure,2005-11-06,64321501.0,65000000.0,6.1,Family,US
"Yours, Mine & Ours",2005-11-23,72028752.0,45000000.0,5.7,Comedy,US
"The Chronicles of Narnia: The Lion, the Witch and the Wardrobe",2005-12-07,748806957.0,180000000.0,6.7,Adventure,UK
Memoirs of a Geisha,2005-12-06,162242962.0,85000000.0,7.3,Drama,US
The Three Burials of Melquiades Estrada,2005-11-17,12036149.0,15000000.0,7.0,Adventure,US
The Producers,2005-12-25,38058335.0,45000000.0,6.1,Comedy,US
Transamerica,2005-12-23,13350369.0,1000000.0,6.9,Drama,US
Rumor Has It...,2005-12-23,88933562.0,70000000.0,5.3,Comedy,US
Cheaper by the Dozen 2,2005-12-21,129181830.0,60000000.0,5.8,Comedy,US
Fun with Dick and Jane,2005-12-21,202026112.0,100000000.0,5.9,Comedy,US
Keeping Mum,2005-12-02,18564702.0,169000.0,6.5,Comedy,UK
The New World,2005-12-25,30536013.0,30000000.0,6.4,Drama,US
District B13,2004-11-09,9584131.0,12000000.0,6.5,Action,France
BloodRayne,2005-10-22,2405420.0,25000000.0,3.6,Action,US
Hostel,2005-01-06,80578934.0,4800000.0,5.7,Horror,US
Last Holiday,2006-01-13,38399961.0,45000000.0,6.4,Adventure,US
Hoodwinked!,2005-12-16,51053787.0,15000000.0,6.0,Animation,US
Underworld: Evolution,2006-01-12,111340801.0,50000000.0,6.4,Fantasy,US
Annapolis,2006-01-27,17496992.0,26000000.0,6.0,Drama,US
Big Momma's House 2,2006-01-26,138259062.0,40000000.0,5.4,Comedy,US
Nanny McPhee,2005-10-21,122489822.0,25000000.0,6.4,Fantasy,France
Dave Chappelle's Block Party,2005-09-12,11718595.0,3000000.0,6.5,Comedy,US
Curious George,2006-02-10,69834815.0,50000000.0,6.1,Adventure,US
Firewall,2006-02-10,82800000.0,45000000.0,5.6,Thriller,US
When a Stranger Calls,2006-02-03,66966987.0,15000000.0,5.4,Horror,US
Tamara,2005-05-12,206871.0,4750000.0,5.1,Fantasy,US
Freedomland,2006-02-17,14655628.0,37665000.0,5.2,Drama,US
Winter Passing,2006-02-07,113783.0,3500000.0,6.7,Comedy,US
Eight Below,2006-02-17,120455994.0,40000000.0,6.7,Adventure,US
Madea's Family Reunion,2006-02-24,57231524.0,6000000.0,6.0,Drama,US
Ultraviolet,2006-03-03,31070211.0,30000000.0,4.8,Science Fiction,US
Just My Luck,2006-05-12,38159905.0,28000000.0,5.8,Comedy,US
Pulse,2006-08-11,29907685.0,38000000.0,5.0,Horror,US
16 Blocks,2006-03-01,65664721.0,55000000.0,6.2,Action,US
Failure to Launch,2006-03-10,128406887.0,50000000.0,5.5,Comedy,US
Ice Age: The Meltdown,2006-03-23,660940780.0,80000000.0,6.5,Animation,US
She's the Man,2006-03-17,33889159.0,20000000.0,6.4,Comedy,US
Thank You for Smoking,2005-09-05,24793509.0,6500000.0,7.1,Comedy,US
Inside Man,2006-03-23,184376254.0,45000000.0,7.3,Crime,US
Leprechaun 2,1994-04-07,2260622.0,2000000.0,4.8,Comedy,US
The Hills Have Eyes,2006-03-10,69623713.0,15000000.0,6.1,Horror,France
The Shaggy Dog,2006-03-09,61112916.0,50000000.0,4.5,Comedy,US
Son of the Pink Panther,1993-01-01,2438031.0,25000000.0,3.8,Comedy,US
Take the Lead,2006-03-17,34742066.0,30000000.0,6.6,Music,US
Akeelah and the Bee,2006-04-28,18948425.0,8000000.0,6.7,Drama,US
Stay Alive,2006-03-24,27105095.0,9000000.0,5.3,Horror,US
Brick,2005-01-30,3919254.0,475000.0,6.8,Drama,US
ATL,2006-03-31,21170563.0,20000000.0,6.0,Drama,US
Renaissance,2006-03-16,1831348.0,18000000.0,6.7,Action,France
Friends with Money,2006-09-07,13368437.0,6500000.0,5.1,Comedy,US
Scary Movie 4,2006-04-13,178262620.0,45000000.0,5.3,Comedy,US
Hard Candy,2005-01-14,7022209.0,950000.0,6.8,Drama,US
The Sentinel,2006-04-19,77920346.0,60000000.0,5.8,Action,US
American Dreamz,2006-03-04,7314027.0,17000000.0,4.9,Comedy,US
United 93,2006-04-28,76286096.0,15000000.0,6.9,Drama,France
Down in the Valley,2005-05-13,852872.0,8000000.0,6.0,Drama,US
Over the Hedge,2006-04-22,343397247.0,80000000.0,6.3,Comedy,US
Poseidon,2006-05-12,181674817.0,160000000.0,5.5,Adventure,US
The Da Vinci Code,2006-05-17,767820459.0,125000000.0,6.5,Thriller,US
The Break-Up,2006-06-01,204999686.0,52000000.0,5.6,Romance,US
Twelve and Holding,2005-09-11,95687.0,400000.0,7.0,Drama,US
Cars,2006-06-08,461983149.0,120000000.0,6.6,Animation,US
The Lost City,2005-09-03,4386236.0,9600000.0,5.9,Drama,US
The Omen,2006-06-06,119188334.0,25000000.0,5.3,Drama,US
Nacho Libre,2006-06-16,80197993.0,32000000.0,5.6,Comedy,US
The Lake House,2006-06-16,114830111.0,40000000.0,6.5,Romance,US
Click,2006-06-22,237681299.0,82500000.0,6.0,Comedy,US
The Devil Wears Prada,2006-06-30,326551094.0,35000000.0,7.0,Comedy,US
Pirates of the Caribbean: Dead Man's Chest,2006-06-20,1065659812.0,200000000.0,7.0,Adventure,US
"You, Me and Dupree",2006-07-14,130431368.0,54000000.0,5.4,Comedy,US
Clerks II,2006-05-25,26888376.0,5000000.0,6.9,Comedy,US
Lady in the Water,2006-07-21,42285169.0,75000000.0,5.3,Drama,US
Marie Antoinette,2006-05-24,60474340.0,40000000.0,6.5,Drama,France
Who Killed the Electric Car?,2006-08-04,1678874.0,1000000.0,7.2,Documentary,US
An Inconvenient Truth,2006-01-24,46243000.0,1000000.0,6.7,Documentary,US
Superman Returns,2006-06-28,391081192.0,270000000.0,5.4,Adventure,US
Little Miss Sunshine,2006-07-26,100523181.0,8000000.0,7.5,Comedy,US
Curse of the Pink Panther,1983-08-12,4491986.0,11000000.0,3.6,Crime,UK
Babel,2006-09-08,135330182.0,25000000.0,6.9,Drama,France
Prophecy,1979-01-01,54000000.0,12000000.0,5.4,Horror,US
Little Man,2006-08-31,101595121.0,64000000.0,5.3,Comedy,US
Monster House,2006-07-21,140175006.0,75000000.0,6.3,Animation,US
Snakes on a Plane,2006-08-06,62022014.0,33000000.0,5.1,Action,US
Scoop,2006-07-27,31584901.0,4000000.0,6.4,Comedy,UK
Talladega Nights: The Ballad of Ricky Bobby,2006-08-04,162966177.0,72500000.0,6.2,Comedy,US
Night at the Museum,2006-10-20,574480841.0,110000000.0,6.4,Action,US
World Trade Center,2006-08-09,162945894.0,63000000.0,5.9,Drama,US
Stranger Than Fiction,2006-09-09,53653224.0,30000000.0,7.1,Comedy,US
The Pursuit of Happyness,2006-12-14,307077295.0,55000000.0,7.7,Drama,US
The Ant Bully,2006-07-27,55181129.0,50000000.0,5.5,Fantasy,US
Crank,2006-08-31,42931041.0,12000000.0,6.6,Action,US
Black Gold,2011-12-21,5446000.0,40000000.0,5.9,Adventure,France
Step Up,2006-08-11,114194847.0,12000000.0,6.7,Music,US
Zoom,2006-08-11,12506188.0,35000000.0,4.9,Family,US
Half Nelson,2006-08-11,4911725.0,700000.0,6.5,Drama,US
Accepted,2006-08-18,38505009.0,23000000.0,6.2,Comedy,US
The Queen,2006-09-15,123384128.0,15000000.0,6.8,Drama,France
Beerfest,2006-08-25,19179969.0,17500000.0,5.8,Comedy,US
The Wicker Man,2006-09-01,38755073.0,40000000.0,4.0,Mystery,US
The Quiet,2005-09-12,381420.0,900000.0,6.1,Drama,US
The Covenant,2006-09-08,37597471.0,20000000.0,5.2,Action,US
Sherrybaby,2006-09-08,622806.0,2000000.0,6.3,Drama,US
Idiocracy,2006-09-01,495303.0,30000000.0,6.3,Adventure,US
The Fountain,2006-09-06,15304890.0,35000000.0,6.8,Drama,US
The Science of Sleep,2006-02-11,9524340.0,6000000.0,6.8,Comedy,France
The Black Dahlia,2006-09-15,49111202.0,50000000.0,5.7,Drama,France
Gridiron Gang,2006-09-15,41480851.0,30000000.0,6.6,Action,US
Apocalypto,2006-12-07,120175290.0,40000000.0,7.3,Action,US
Flyboys,2006-09-22,17800000.0,60000000.0,6.3,Action,UK
Jackass Number Two,2006-09-22,72778712.0,11000000.0,6.4,Action,US
All the King's Men,2006-09-10,9450897.0,55000000.0,5.7,Drama,US
Conversations with Other Women,2006-06-07,973525.0,450000.0,6.2,Drama,UK
Borat,2006-11-01,261572744.0,18000000.0,6.5,Comedy,US
The Guardian,2006-09-28,55011732.0,70000000.0,6.8,Action,US
Open Season,2006-09-29,197309027.0,85000000.0,6.1,Adventure,US
School for Scoundrels,2006-09-29,17807569.0,20000000.0,5.6,Comedy,US
Employee of the Month,2006-10-06,38368909.0,12000000.0,5.4,Comedy,US
Running with Scissors,2006-10-27,6754898.0,12000000.0,5.8,Drama,US
The Grudge 2,2006-10-13,39143839.0,20000000.0,5.3,Horror,US
Man of the Year,2006-10-09,41237648.0,20000000.0,5.8,Comedy,US
The Marine,2006-10-13,22165608.0,20000000.0,5.0,Action,US
Infamous,2006-11-16,1151330.0,13000000.0,6.4,Drama,US
Little Children,2006-10-06,14821658.0,26000000.0,6.9,Romance,US
Facing the Giants,2006-09-29,10178331.0,100000.0,6.6,Drama,US
The Last King of Scotland,2006-09-01,48027970.0,6000000.0,7.4,Drama,UK
Shortbus,2006-05-20,5179037.0,2000000.0,6.3,Romance,US
Children of Men,2006-09-22,69959751.0,76000000.0,7.4,Drama,UK
The Prestige,2006-10-19,109676311.0,40000000.0,8.0,Drama,US
Flags of Our Fathers,2006-10-18,65900249.0,90000000.0,6.7,War,US
Flicka,2006-10-20,21000000.0,15000000.0,6.1,Drama,UK
Saw III,2006-10-27,163876815.0,10000000.0,6.1,Horror,US
Flushed Away,2006-10-22,64459316.0,149000000.0,6.0,Adventure,UK
The Santa Clause 3: The Escape Clause,2006-11-01,84500122.0,12000000.0,5.0,Comedy,US
A Good Year,2006-09-09,42064105.0,35000000.0,6.5,Comedy,US
The Return,2006-11-10,11992014.0,15000000.0,5.1,Drama,US
For Your Consideration,2006-11-22,5542025.0,12000000.0,5.9,Comedy,US
Let's Go to Prison,2006-11-17,4630045.0,4000000.0,5.5,Comedy,US
Déjà Vu,2006-11-22,180557550.0,75000000.0,6.6,Action,US
The Holiday,2006-12-08,194168700.0,85000000.0,6.7,Comedy,UK
Harsh Times,2005-09-11,5967038.0,2000000.0,6.3,Crime,US
Tenacious D in The Pick of Destiny,2006-11-22,13405595.0,22000000.0,6.5,Comedy,US
Eragon,2006-12-14,249288105.0,100000000.0,4.9,Fantasy,UK
Rocky Balboa,2006-12-20,155721132.0,24000000.0,6.5,Drama,US
Fur: An Imaginary Portrait of Diane Arbus,2006-08-30,2281089.0,16800000.0,5.8,Drama,US
Another Gay Movie,2006-04-28,745327.0,500000.0,5.2,Comedy,US
We Are Marshall,2006-12-12,43545364.0,65000000.0,6.7,Drama,US
The Good Shepherd,2006-12-11,59908565.0,85000000.0,6.3,Drama,US
Dreamgirls,2006-12-25,154937680.0,70000000.0,6.6,Drama,US
The History Boys,2006-10-02,13401952.0,4000000.0,6.6,Comedy,UK
Notes on a Scandal,2006-12-25,49469904.0,15000000.0,6.9,Drama,UK
The Good German,2006-12-08,5914908.0,32000000.0,5.9,War,US
Code Name: The Cleaner,2007-01-05,10337477.0,20000000.0,4.7,Action,US
Stomp the Yard,2007-05-16,75511123.0,13000000.0,6.1,Drama,US
Miss Potter,2006-12-03,35078241.0,30000000.0,6.3,Drama,UK
Arthur and the Invisibles,2006-12-13,107944236.0,86000000.0,6.0,Adventure,France
The Hitcher,2007-01-19,25399945.0,10000000.0,5.6,Action,US
Bridge to Terabithia,2007-02-16,137587063.0,60000000.0,7.0,Adventure,US
Killer of Sheep,1978-11-14,362222.0,100000.0,6.5,Drama,US
Waitress,2007-05-25,22179430.0,2000000.0,6.6,Comedy,US
Catch and Release,2006-10-20,16158487.0,25000000.0,5.8,Comedy,US
Smokin' Aces,2006-12-09,57103895.0,17000000.0,6.4,Action,France
Epic Movie,2007-01-25,86865564.0,20000000.0,3.2,Action,US
The Messengers,2007-02-02,1109660.0,16000000.0,5.6,Mystery,US
Hannibal Rising,2007-02-06,82169884.0,50000000.0,6.0,Crime,UK
Norbit,2007-02-08,95673607.0,60000000.0,5.0,Comedy,US
Ratatouille,2007-06-22,623722818.0,150000000.0,7.5,Animation,US
"Paris, je t'aime",2006-05-16,4857367.0,13000000.0,6.7,Drama,France
The Astronaut Farmer,2006-10-15,11130889.0,13000000.0,6.2,Adventure,US
Unknown,2006-11-03,3338228.0,3700000.0,6.4,Crime,US
Ghost Rider,2007-02-16,228738393.0,110000000.0,5.2,Thriller,US
Daddy's Little Girls,2007-02-14,31609243.0,10000000.0,6.6,Comedy,US
Music and Lyrics,2007-02-09,145896422.0,40000000.0,6.2,Comedy,US
Reno 911!: Miami,2007-02-23,20342161.0,10000000.0,5.6,Action,US
Black Snake Moan,2006-12-08,10903846.0,15000000.0,6.6,Drama,US
Kidulthood,2006-03-03,165000.0,994000.0,6.2,Drama,UK
Hot Fuzz,2007-02-14,80573774.0,12000000.0,7.4,Crime,UK
Next,2007-04-24,76066841.0,70000000.0,5.9,Action,US
Wise Guys,1986-04-17,8475466.0,13000000.0,6.1,Comedy,US
Zodiac,2007-03-02,84785914.0,65000000.0,7.3,Crime,US
300,2006-12-09,422610419.0,65000000.0,7.0,Action,US
Becoming Jane,2007-03-02,37311672.0,16500000.0,6.9,Drama,UK
Premonition,2007-02-08,84146832.0,20000000.0,5.8,Thriller,US
Dead Silence,2007-03-16,22217407.0,20000000.0,6.2,Horror,US
Reign Over Me,2007-03-23,22222308.0,20000000.0,7.1,Drama,US
Shooter,2007-03-22,95696996.0,61000000.0,6.9,Action,US
TMNT,2007-03-23,95608995.0,34000000.0,6.0,Adventure,US
The Lookout,2007-03-09,5367030.0,16000000.0,6.6,Crime,US
The Reaping,2007-04-05,62771059.0,40000000.0,5.4,Thriller,US
Meet the Robinsons,2007-03-23,169332978.0,150000000.0,6.7,Animation,US
Seraphim Falls,2006-09-13,1196307.0,18000000.0,6.4,Western,US
Sunshine,2007-04-05,32017803.0,50000000.0,7.0,Science Fiction,UK
The Hoax,2006-10-14,11772461.0,25000000.0,6.4,Comedy,US
Perfect Stranger,2007-04-12,73090611.0,60795000.0,5.4,Crime,US
Disturbia,2007-04-12,117760134.0,20000000.0,6.6,Thriller,US
Pathfinder,2007-01-11,30822861.0,45000000.0,5.4,Adventure,US
Vacancy,2007-04-20,35300645.0,19000000.0,6.0,Horror,US
In the Land of Women,2007-04-16,17500000.0,10000000.0,5.8,Romance,US
Mr. Bean's Holiday,2007-03-22,229736344.0,25000000.0,6.1,Family,UK
Spider-Man 3,2007-05-01,890871626.0,258000000.0,5.9,Fantasy,US
This Is England,2006-09-12,8176544.0,2380000.0,7.4,Drama,UK
Knocked Up,2007-06-01,219076518.0,30000000.0,6.2,Comedy,US
Hairspray,2007-07-13,90450008.0,50000000.0,6.5,Family,UK
Shrek the Third,2007-05-17,798958165.0,160000000.0,6.0,Fantasy,US
Pirates of the Caribbean: At World's End,2007-05-19,961000000.0,300000000.0,6.9,Adventure,US
Bug,2006-05-19,8059140.0,4000000.0,6.0,Horror,US
Mr. Brooks,2007-06-01,41637263.0,20000000.0,6.8,Drama,US
88 Minutes,2007-02-14,16930884.0,30000000.0,5.7,Crime,US
Ocean's Thirteen,2007-06-07,311312624.0,85000000.0,6.5,Crime,US
Alone With Her,2006-04-28,10018.0,1000000.0,6.2,Crime,US
Hostel: Part II,2007-06-08,35619521.0,10200000.0,5.6,Horror,US
Surf's Up,2007-06-08,149044513.0,85000000.0,5.9,Animation,US
Death Proof,2007-05-21,25037897.0,25000000.0,6.7,Action,US
Rescue Dawn,2006-09-09,7177143.0,10000000.0,6.9,Adventure,US
Sicko,2007-05-18,24538513.0,9000000.0,7.3,Documentary,US
A Mighty Heart,2007-01-01,18928871.0,16000000.0,6.7,Drama,France
1408,2007-07-12,94679598.0,25000000.0,6.5,Horror,US
Live Free or Die Hard,2007-06-20,383531464.0,110000000.0,6.4,Action,UK
Evan Almighty,2007-06-09,173000000.0,175000000.0,5.3,Fantasy,US
Transformers,2007-06-27,709709780.0,150000000.0,6.6,Adventure,US
Harry Potter and the Order of the Phoenix,2007-06-28,938212738.0,150000000.0,7.4,Adventure,UK
I Now Pronounce You Chuck & Larry,2007-07-12,186072214.0,85000000.0,5.8,Comedy,US
The Simpsons Movie,2007-07-25,527068851.0,75000000.0,6.9,Animation,US
I Know Who Killed Me,2007-07-27,9620399.0,12000000.0,4.0,Crime,US
You Kill Me,2007-02-09,2426851.0,4000000.0,6.2,Comedy,US
Superbad,2007-08-17,121463226.0,20000000.0,7.0,Comedy,US
Rush Hour 3,2007-08-08,258022233.0,140000000.0,6.1,Action,US
The Last Legion,2007-04-19,25303038.0,67000000.0,5.0,Action,UK
Sydney White,2007-09-21,13620075.0,16500000.0,6.0,Comedy,US
Daddy Day Camp,2007-08-08,18197398.0,6000000.0,4.4,Comedy,US
The Invasion,2007-08-17,15071514.0,80000000.0,5.7,Science Fiction,US
War,2007-08-24,40452643.0,25000000.0,6.0,Action,US
The Nanny Diaries,2007-08-24,47738099.0,20000000.0,6.1,Comedy,US
Halloween,2007-08-31,80253908.0,15000000.0,5.9,Horror,US
Death Sentence,2007-08-31,16974459.0,20000000.0,6.4,Action,US
3:10 to Yuma,2007-09-06,70016220.0,55000000.0,6.9,Western,US
Shoot 'Em Up,2007-07-26,26820641.0,39000000.0,6.3,Action,US
Atonement,2007-08-29,129266061.0,30000000.0,7.4,Drama,UK
The Brave One,2007-09-14,69766619.0,70000000.0,6.4,Crime,US
In the Valley of Elah,2007-08-31,29541790.0,23000000.0,6.6,History,US
I Could Never Be Your Woman,2007-05-11,9576495.0,24000000.0,5.7,Comedy,US
Eastern Promises,2007-09-14,55112356.0,51500000.0,7.2,Thriller,UK
Brooklyn Rules,2007-04-30,458232.0,8000000.0,5.8,Drama,US
Into the Wild,2007-09-11,56255142.0,15000000.0,7.8,Adventure,US
The Game Plan,2007-09-28,147880543.0,22000000.0,6.0,Comedy,US
The Heartbreak Kid,2007-10-05,127766650.0,60000000.0,5.7,Comedy,US
Dan in Real Life,2007-10-26,68377859.0,25000000.0,6.5,Comedy,US
The Darjeeling Limited,2007-09-29,24377151.0,16000000.0,7.1,Adventure,US
We Own the Night,2007-05-25,54926886.0,21000000.0,6.5,Drama,US
Elizabeth: The Golden Age,2007-09-09,74237563.0,55000000.0,6.6,Drama,UK
Michael Clayton,2007-09-28,92991835.0,25000000.0,6.6,Drama,US
Lars and the Real Girl,2007-10-12,11293663.0,12000000.0,7.1,Comedy,US
Rendition,2007-09-07,24748670.0,27500000.0,6.2,Drama,US
Things We Lost in the Fire,2007-09-26,2849142.0,16000000.0,6.7,Drama,US
Gone Baby Gone,2007-10-19,34619699.0,19000000.0,7.2,Crime,US
10th & Wolf,2006-02-19,143451.0,8000000.0,6.3,Action,US
Why Did I Get Married?,2007-10-12,55184721.0,15000000.0,6.1,Comedy,US
Saw IV,2007-10-25,139352633.0,10000000.0,5.9,Horror,US
American Gangster,2007-11-02,266465037.0,100000000.0,7.4,Drama,UK
Bee Movie,2007-10-28,287594577.0,150000000.0,5.7,Family,US
Before the Devil Knows You're Dead,2007-09-26,25005257.0,18000000.0,6.9,Crime,US
The Diving Bell and the Butterfly,2007-05-22,19777647.0,14000000.0,7.5,Drama,France
No Country for Old Men,2007-11-08,171600000.0,25000000.0,7.7,Crime,US
August Rush,2007-11-21,66122026.0,25000000.0,7.2,Family,US
Lions for Lambs,2007-10-22,63215872.0,35000000.0,6.0,Action,US
Fred Claus,2007-11-03,97838349.0,100000000.0,5.5,Action,US
Beowulf,2007-11-05,195735876.0,70000000.0,5.5,Adventure,US
Love in the Time of Cholera,2007-10-04,4607608.0,45000000.0,6.5,Drama,US
Southland Tales,2006-05-15,374743.0,17000000.0,5.2,Comedy,France
The Mist,2007-11-21,57096190.0,18000000.0,6.7,Science Fiction,US
Enchanted,2007-11-20,340487652.0,85000000.0,6.6,Comedy,US
Hitman,2007-11-21,99965753.0,24000000.0,5.9,Action,France
P2,2007-11-09,7766240.0,8000000.0,5.7,Horror,US
Awake,2007-11-28,14373825.0,86000000.0,6.3,Thriller,US
The Golden Compass,2007-12-04,372234864.0,180000000.0,5.8,Adventure,UK
I Am Legend,2007-12-14,585349010.0,150000000.0,6.9,Drama,US
Alvin and the Chipmunks,2007-12-13,361366633.0,60000000.0,5.5,Comedy,US
I'm Not There.,2007-10-01,4001121.0,20000000.0,6.6,Drama,US
Juno,2007-12-05,231411584.0,7500000.0,7.0,Comedy,US
Redacted,2007-01-01,782102.0,5000000.0,6.2,Drama,US
The Bucket List,2007-12-25,175372502.0,45000000.0,7.0,Drama,US
Sweeney Todd: The Demon Barber of Fleet Street,2007-12-20,152000000.0,50000000.0,7.0,Drama,UK
National Treasure: Book of Secrets,2007-12-13,457363168.0,130000000.0,6.1,Action,US
There Will Be Blood,2007-12-28,77208711.0,25000000.0,7.9,Drama,US
Charlie Wilson's War,2007-12-19,119000410.0,75000000.0,6.5,Comedy,US
Aliens vs Predator: Requiem,2007-12-25,41797066.0,40000000.0,4.9,Fantasy,US
Walk Hard: The Dewey Cox Story,2007-12-21,18317151.0,35000000.0,6.6,Comedy,US
The Great Debaters,2007-12-27,30226144.0,15000000.0,6.9,Drama,US
The Water Horse,2007-12-25,103071443.0,40000000.0,6.3,Fantasy,US
P.S. I Love You,2007-11-15,156835339.0,30000000.0,7.0,Drama,US
27 Dresses,2008-01-10,160259319.0,30000000.0,6.1,Comedy,US
Flawless,2007-09-01,6819587.0,20000000.0,6.6,Crime,UK
Cloverfield,2008-01-15,170764026.0,25000000.0,6.4,Action,US
Untraceable,2008-01-22,32483410.0,35000000.0,5.9,Drama,US
Meet the Spartans,2008-01-24,84646831.0,30000000.0,3.8,Comedy,US
The Eye,2008-02-01,56309766.0,12000000.0,5.5,Drama,US
In Bruges,2008-02-08,34533783.0,15000000.0,7.4,Comedy,UK
Dark Angel,1990-01-26,9229401.0,7000000.0,5.5,Action,US
Welcome Home Roscoe Jenkins,2008-02-08,43650785.0,35000000.0,5.7,Comedy,US
Fool's Gold,2008-02-07,111231041.0,70000000.0,5.4,Romance,US
Vantage Point,2008-02-01,151161491.0,40000000.0,6.3,Drama,US
The Spiderwick Chronicles,2008-02-14,162839667.0,90000000.0,6.3,Adventure,US
Step Up 2: The Streets,2008-02-14,150816700.0,23000000.0,6.5,Music,US
"Run, Fatboy, Run",2007-09-06,33000000.0,10000000.0,6.2,Comedy,UK
Taxi to the Dark Side,2007-04-30,274661.0,1000000.0,6.6,Documentary,UK
"10,000 BC",2008-02-22,266000000.0,105000000.0,5.1,Adventure,US
Horton Hears a Who!,2008-03-03,297138014.0,85000000.0,6.3,Animation,US
The Love Guru,2008-06-20,41819064.0,62000000.0,4.3,Comedy,US
Diary of the Dead,2007-09-08,5364858.0,2000000.0,5.4,Horror,US
Justice League: The New Frontier,2008-02-26,5231128.0,3500000.0,6.6,Action,US
What Just Happened,2008-10-17,6673422.0,25000000.0,5.2,Comedy,US
Return of the Living Dead 3,1993-10-01,54207.0,2000000.0,5.9,Comedy,US
The Dark Knight,2008-07-16,1004558444.0,185000000.0,8.3,Drama,UK
Never Back Down,2008-03-04,41627431.0,20000000.0,6.5,Drama,US
21,2008-03-27,69823199.0,35000000.0,6.5,Drama,US
Smart People,2008-04-11,10569964.0,7000000.0,5.8,Comedy,US
Pirates,1986-05-08,1641825.0,40000000.0,6.2,Adventure,France
Stop-Loss,2008-03-28,11207130.0,25000000.0,6.1,Drama,US
Julia,2008-02-09,1300000.0,6000000.0,7.2,Drama,France
Nim's Island,2008-04-03,100076342.0,37000000.0,5.6,Adventure,US
Forgetting Sarah Marshall,2008-04-17,105173115.0,30000000.0,6.4,Comedy,US
Superhero Movie,2008-03-27,25871834.0,35000000.0,4.9,Action,US
Street Kings,2008-04-10,65569869.0,20000000.0,6.3,Action,US
Harold & Kumar Escape from Guantanamo Bay,2008-04-25,43493123.0,12000000.0,6.2,Comedy,US
Deception,2008-04-24,17741298.0,25000000.0,5.7,Thriller,US
Baby Mama,2008-04-23,63833449.0,30000000.0,5.8,Comedy,US
Expelled: No Intelligence Allowed,2008-04-18,7700000.0,3500000.0,4.1,Documentary,US
Iron Man,2008-04-30,585174222.0,140000000.0,7.4,Action,US
Made of Honor,2008-05-02,84601681.0,40000000.0,6.0,Comedy,UK
Taken,2008-02-18,226830568.0,25000000.0,7.2,Action,France
Meet Bill,2007-09-07,346592.0,5000000.0,5.9,Comedy,US
Indiana Jones and the Kingdom of the Crystal Skull,2008-05-21,786636033.0,185000000.0,5.7,Adventure,US
Sex and the City,2008-05-12,415252786.0,65000000.0,6.0,Comedy,US
The Strangers,2008-05-29,82391145.0,9000000.0,6.0,Thriller,US
Kung Fu Panda,2008-06-04,631744560.0,130000000.0,6.9,Adventure,US
You Don't Mess with the Zohan,2008-06-05,201596308.0,90000000.0,5.5,Comedy,US
My Brother Is an Only Child,2007-04-20,6463286.0,5000000.0,6.7,Comedy,France
The Happening,2008-06-11,163403799.0,60000000.0,4.9,Thriller,US
The Incredible Hulk,2008-06-12,163712074.0,150000000.0,6.1,Science Fiction,US
WALL·E,2008-06-22,521311860.0,180000000.0,7.8,Animation,US
Hancock,2008-07-01,624029371.0,150000000.0,6.2,Fantasy,US
Boy Culture,2007-01-31,220151.0,500000.0,6.0,Drama,US
The Wackness,2008-07-03,2899975.0,6000000.0,6.2,Drama,US
Welcome to the Sticks,2008-01-09,53191886.0,11000000.0,6.7,Comedy,France
Journey to the Center of the Earth,2008-07-10,101702060.0,45000000.0,5.8,Action,US
Meet Dave,2008-07-08,50650079.0,60000000.0,5.1,Comedy,US
Death Defying Acts,2007-09-13,8380329.0,20000000.0,5.5,Drama,UK
Space Chimps,2008-07-17,63800345.0,37000000.0,5.1,Animation,US
Watchmen,2009-03-05,185258983.0,130000000.0,7.0,Action,US
Step Brothers,2008-07-25,128107642.0,65000000.0,6.5,Comedy,US
Swing Vote,2008-08-01,17600000.0,21000000.0,5.8,Drama,US
The Midnight Meat Train,2008-08-07,3533227.0,15000000.0,6.0,Mystery,US
Bottle Shock,2008-08-06,4040588.0,5000000.0,6.6,Comedy,US
Vicky Cristina Barcelona,2008-08-15,96408652.0,15000000.0,6.7,Drama,US
Pineapple Express,2008-08-06,101624843.0,27000000.0,6.6,Action,US
Elegy,2008-08-08,14894347.0,13000000.0,6.4,Drama,US
Tropic Thunder,2008-08-09,188072649.0,92000000.0,6.5,Action,US
Mutant Chronicles,2008-08-07,2033165.0,8000000.0,5.1,Action,US
Death Race,2008-08-22,73762516.0,45000000.0,6.0,Action,UK
The House Bunny,2008-08-22,70442940.0,25000000.0,5.6,Romance,US
The Rocker,2008-08-20,8762890.0,15000000.0,5.6,Comedy,US
Burn After Reading,2008-09-05,163720069.0,37000000.0,6.5,Comedy,US
Disaster Movie,2008-08-29,14109284.0,25000000.0,3.1,Action,US
Babylon A.D.,2008-08-20,72108608.0,70000000.0,5.4,Action,France
Traitor,2008-08-23,23530831.0,22000000.0,6.6,Drama,US
College,2008-08-28,6230276.0,7000000.0,4.8,Comedy,US
The Women,2008-09-12,50007546.0,16000000.0,4.6,Comedy,US
The Spirit,2008-12-25,39031337.0,60000000.0,4.7,Action,US
Bangkok Dangerous,2008-08-21,42487390.0,45000000.0,5.0,Action,US
The Foot Fist Way,2006-06-24,245000.0,79000.0,6.0,Comedy,US
Righteous Kill,2008-09-11,73174566.0,60000000.0,5.9,Action,US
Lakeview Terrace,2008-09-19,27640028.0,20000000.0,5.9,Drama,US
Appaloosa,2008-09-12,20211394.0,20000000.0,6.3,Drama,US
Eagle Eye,2008-09-25,178066569.0,80000000.0,6.3,Mystery,US
How to Lose Friends & Alienate People,2008-10-02,17286299.0,27000000.0,6.2,Comedy,UK
Nick and Norah's Infinite Playlist,2008-10-03,32973937.0,9000000.0,6.4,Comedy,US
Body of Lies,2008-10-10,113280098.0,70000000.0,6.5,Action,US
City of Ember,2008-10-07,17869048.0,55000000.0,6.2,Adventure,US
Max Payne,2008-10-15,85416905.0,35000000.0,5.2,Action,US
Zack and Miri Make a Porno,2008-09-18,42105111.0,24000000.0,6.1,Comedy,US
W.,2008-10-17,29506464.0,25100000.0,6.0,Drama,US
My Best Friend's Girl,2008-09-19,36620508.0,20000000.0,5.4,Romance,US
The Secret Life of Bees,2008-09-17,38105395.0,11000000.0,7.4,Adventure,US
An American Carol,2008-10-03,7000000.0,20000000.0,4.1,Comedy,US
Quarantine,2008-10-10,40855419.0,12000000.0,5.6,Horror,US
Pride and Glory,2008-09-09,31148328.0,30000000.0,6.3,Thriller,US
RockNRolla,2008-09-04,25739015.0,18000000.0,6.9,Action,UK
Madagascar: Escape 2 Africa,2008-10-30,603900354.0,150000000.0,6.2,Family,US
Changeling,2008-01-30,113020255.0,55000000.0,7.3,Crime,US
The Road,2009-11-25,27635305.0,32000000.0,6.8,Adventure,US
Quantum of Solace,2008-10-30,586090727.0,200000000.0,6.1,Adventure,UK
Role Models,2008-02-03,92380927.0,28000000.0,6.4,Comedy,US
Saw V,2008-10-23,113857533.0,10800000.0,6.0,Horror,US
Sex Drive,2008-10-16,18755936.0,19000000.0,6.0,Comedy,US
Beverly Hills Chihuahua,2008-10-03,149281606.0,20000000.0,4.9,Adventure,US
Bolt,2008-11-21,309979994.0,150000000.0,6.3,Animation,US
Milk,2008-11-26,54586584.0,20000000.0,7.1,History,US
Twilight,2008-11-20,392616625.0,37000000.0,5.8,Adventure,US
Transporter 3,2008-11-26,108979549.0,30000000.0,5.9,Action,France
Four Christmases,2008-11-26,163733697.0,80000000.0,5.3,Comedy,US
The Boy in the Striped Pyjamas,2008-05-07,20416563.0,12500000.0,7.7,War,UK
Surveillance,2008-02-08,1115493.0,3500000.0,6.0,Horror,US
Fireproof,2008-09-26,33456317.0,500000.0,7.0,Drama,US
Igor,2008-09-19,30000000.0,25000000.0,5.6,Animation,US
Doubt,2008-11-27,50907234.0,20000000.0,7.0,Drama,US
Gran Torino,2008-12-09,269958228.0,33000000.0,7.8,Drama,US
Seven Pounds,2008-12-18,168167691.0,55000000.0,7.5,Drama,US
The Wrestler,2008-09-07,44703995.0,6000000.0,7.3,Drama,US
The Curious Case of Benjamin Button,2008-11-24,333932083.0,150000000.0,7.3,Fantasy,US
Yes Man,2008-12-09,225990978.0,70000000.0,6.4,Comedy,US
Bedtime Stories,2008-12-24,212874442.0,80000000.0,5.9,Fantasy,US
Choke,2008-09-26,3830137.0,3000000.0,6.0,Comedy,US
Revolutionary Road,2008-12-19,75225693.0,35000000.0,6.8,Drama,UK
Nobel Son,2007-04-28,333912.0,4000000.0,6.4,Comedy,US
Wild Child,2008-01-01,21972336.0,20000000.0,6.4,Comedy,France
Defiance,2008-12-31,51155219.0,32000000.0,6.7,Action,US
Marley & Me,2008-12-25,244082376.0,60000000.0,6.9,Comedy,US
The Tale of Despereaux,2008-12-19,50877145.0,60000000.0,5.8,Adventure,UK
Bride Wars,2009-01-09,114663461.0,30000000.0,5.9,Comedy,US
My Bloody Valentine,2009-01-16,100734718.0,15000000.0,5.3,Mystery,US
Battle in Seattle,2007-09-07,908847.0,8000000.0,6.3,Action,US
Underworld: Rise of the Lycans,2009-01-22,91353501.0,35000000.0,6.2,Fantasy,US
The Lazarus Project,2008-10-21,558000.0,9750000.0,6.0,Drama,UK
Paul Blart: Mall Cop,2009-01-15,183293131.0,26000000.0,5.2,Action,US
The Unborn,2009-01-09,76514050.0,16000000.0,4.8,Horror,US
The Grudge 3,2009-05-12,38610009.0,5000000.0,5.3,Mystery,US
Coraline,2009-02-05,124596398.0,60000000.0,7.3,Animation,US
Push,2009-02-06,45465299.0,38000000.0,5.9,Action,US
Two Lovers,2008-11-19,3148182.0,12000000.0,6.6,Drama,France
Hotel for Dogs,2009-01-16,73034460.0,35000000.0,5.7,Comedy,US
My Name Is Bruce,2007-10-01,173066.0,1500000.0,5.9,Comedy,US
Funny People,2009-07-31,61458982.0,75000000.0,5.6,Comedy,US
Away We Go,2009-06-05,14899417.0,17000000.0,6.7,Drama,US
Paris,2008-01-19,23550000.0,19000000.0,6.5,Drama,France
Friday the 13th,2009-02-11,91379051.0,19000000.0,5.7,Horror,US
"I Love You, Man",2009-03-20,91636986.0,41000000.0,6.5,Comedy,US
Knowing,2009-03-19,155446362.0,50000000.0,5.9,Action,UK
Sunshine Cleaning,2008-01-18,16174377.0,5000000.0,6.5,Comedy,US
Monsters vs Aliens,2009-03-19,381509870.0,175000000.0,6.0,Animation,US
Nothing But the Truth,2008-12-19,186702.0,11500000.0,6.9,Drama,US
Adventureland,2009-04-03,17164377.0,9500000.0,6.4,Comedy,US
Confessions of a Shopaholic,2009-02-05,108332743.0,40000000.0,6.1,Comedy,US
Fast & Furious,2009-04-02,363164265.0,85000000.0,6.5,Action,US
17 Again,2009-03-11,136267476.0,20000000.0,6.1,Comedy,US
State of Play,2009-04-17,87784194.0,60000000.0,6.7,Action,France
Crank: High Voltage,2009-04-16,34560577.0,20000000.0,5.9,Action,US
Moon,2009-06-12,9760104.0,5000000.0,7.6,Science Fiction,UK
The Young Victoria,2009-03-04,27409889.0,35000000.0,7.1,Drama,UK
X-Men Origins: Wolverine,2009-04-28,373062864.0,150000000.0,6.2,Adventure,US
The Girlfriend Experience,2009-01-20,1007962.0,1700000.0,5.2,Comedy,US
S. Darko,2009-04-28,4100000.0,4000000.0,3.6,Thriller,US
Crossing Over,2009-02-27,1037335.0,25000000.0,6.2,Crime,US
Night at the Museum: Battle of the Smithsonian,2009-05-20,413106170.0,150000000.0,5.9,Adventure,US
The Brothers Bloom,2008-09-09,5530764.0,20000000.0,6.8,Adventure,US
The Soloist,2009-04-24,31720158.0,60000000.0,6.6,Drama,US
The Last House on the Left,2009-03-13,32721635.0,15000000.0,6.2,Crime,US
Drag Me to Hell,2009-03-15,90810892.0,30000000.0,6.2,Horror,US
Up,2009-05-13,735099082.0,175000000.0,7.8,Animation,US
Fired Up!,2009-02-20,18599102.0,20000000.0,6.0,Comedy,US
Land of the Lost,2009-06-05,68688831.0,100000000.0,5.4,Adventure,US
The Taking of Pelham 1 2 3,2009-06-11,150166126.0,100000000.0,6.2,Thriller,US
The Proposal,2009-06-01,317375031.0,40000000.0,6.7,Comedy,US
Dillinger,1973-07-20,2000000.0,1000000.0,6.7,Action,US
Year One,2009-06-18,62357900.0,60000000.0,4.6,Comedy,US
The Hurt Locker,2008-10-10,42000000.0,15000000.0,7.2,Drama,US
Transformers: Revenge of the Fallen,2009-06-19,836297228.0,150000000.0,6.0,Science Fiction,US
Whatever Works,2009-06-19,35097815.0,15000000.0,6.8,Comedy,France
Public Enemies,2009-07-01,214104620.0,80000000.0,6.5,History,US
Ice Age: Dawn of the Dinosaurs,2009-06-29,886686817.0,90000000.0,6.5,Animation,US
My Sister's Keeper,2009-06-26,95714875.0,30000000.0,7.1,Drama,US
(500) Days of Summer,2009-07-17,60722734.0,7500000.0,7.2,Comedy,US
Harry Potter and the Half-Blood Prince,2009-07-07,933959197.0,250000000.0,7.4,Adventure,UK
The Ugly Truth,2009-07-24,205298907.0,38000000.0,6.4,Comedy,US
The Collector,2009-07-09,114000000.0,3400000.0,6.3,Horror,US
A Perfect Getaway,2009-06-08,22852638.0,14000000.0,6.2,Thriller,US
District 9,2009-08-05,210819611.0,30000000.0,7.3,Science Fiction,US
Julie & Julia,2009-08-06,129540499.0,40000000.0,6.6,Romance,US
Obsessed,2009-04-24,73830340.0,20000000.0,5.1,Drama,US
Race to Witch Mountain,2009-03-12,106303988.0,50000000.0,5.4,Adventure,US
Hannah Montana: The Movie,2009-04-10,155545279.0,35000000.0,6.0,Comedy,US
12 Rounds,2009-03-19,17280326.0,20000000.0,5.7,Action,US
"Silent Night, Deadly Night II",1987-04-10,154323.0,250000.0,4.7,Comedy,US
The Time Traveler's Wife,2009-08-14,101229792.0,39000000.0,6.7,Drama,US
Bandslam,2009-08-06,5210988.0,20000000.0,5.4,Comedy,US
G-Force,2009-07-21,292817841.0,150000000.0,5.1,Fantasy,US
Bronson,2008-10-09,2260712.0,230000.0,6.9,Drama,UK
The Secret of Moonacre,2008-09-06,7070330.0,12000000.0,6.2,Adventure,France
Post Grad,2009-08-21,6405245.0,15000000.0,5.0,Comedy,US
Halloween II,2009-08-28,39421467.0,15000000.0,5.1,Horror,US
Five Graves to Cairo,1943-05-03,1200000.0,855000.0,6.9,Thriller,US
9,2009-08-19,48428063.0,30000000.0,6.6,Action,US
The Men Who Stare at Goats,2009-10-17,68729358.0,24000000.0,5.9,Comedy,UK
Jennifer's Body,2009-09-18,31556061.0,16000000.0,5.3,Comedy,US
The Informant!,2009-09-18,35424826.0,22000000.0,6.0,Drama,US
Extract,2009-09-03,10848783.0,8000000.0,5.7,Comedy,US
The Final Destination,2009-08-26,186167139.0,40000000.0,5.4,Horror,US
Gamer,2009-09-03,40828540.0,50000000.0,5.6,Action,US
Cloudy with a Chance of Meatballs,2009-09-17,242988466.0,100000000.0,6.5,Animation,US
Attack of the 50 Foot Woman,1958-05-19,480000.0,88000.0,4.8,Horror,US
Battle for Terra,2007-09-06,6101046.0,4000000.0,6.0,Action,US
Bright Star,2009-11-05,4440055.0,8500000.0,6.8,Drama,UK
World's Greatest Dad,2009-08-20,295750.0,10000000.0,6.5,Comedy,US
Capitalism: A Love Story,2009-09-06,17436509.0,20000000.0,7.0,Documentary,US
A Serious Man,2009-10-02,31430334.0,7000000.0,6.6,Comedy,US
City Island,2009-03-06,6670712.0,6000000.0,6.9,Drama,US
Whip It,2009-09-13,16633035.0,15000000.0,6.7,Drama,US
The Invention of Lying,2009-09-13,31912793.0,18500000.0,6.0,Comedy,US
Surrogates,2009-09-24,122444772.0,80000000.0,5.9,Action,US
Zombieland,2009-10-07,102391382.0,23600000.0,7.2,Comedy,US
Assassination of a High School President,2008-01-17,69564.0,11500000.0,6.1,Comedy,US
Sorority Row,2009-09-09,27206120.0,12500000.0,5.3,Horror,US
An Education,2009-10-29,26096852.0,7500000.0,6.9,Drama,UK
Couples Retreat,2009-09-19,171844840.0,70000000.0,5.3,Comedy,US
All About Steve,2009-09-04,40105542.0,15000000.0,4.7,Comedy,US
Where the Wild Things Are,2009-10-16,100086793.0,100000000.0,6.4,Family,US
"New York, I Love You",2008-09-06,8049666.0,14700000.0,5.7,Comedy,US
Law Abiding Citizen,2009-10-15,126690726.0,53000000.0,7.2,Drama,US
Amelia,2009-10-22,19258519.0,40000000.0,5.4,Adventure,US
Up in the Air,2009-09-05,163670000.0,25000000.0,6.7,Drama,US
Cirque du Freak: The Vampire's Assistant,2009-10-23,28169671.0,40000000.0,5.5,Adventure,US
The Boondock Saints II: All Saints Day,2009-11-24,10629321.0,8000000.0,5.8,Action,US
Black Dynamite,2009-10-16,296557.0,2900000.0,7.3,Action,US
Big Fan,2009-01-18,232732.0,250000.0,6.1,Comedy,US
Fantastic Mr. Fox,2009-10-23,46471023.0,40000000.0,7.5,Adventure,US
A Christmas Carol,2009-11-04,325233863.0,200000000.0,6.6,Animation,US
The Box,2009-09-17,33333531.0,30000000.0,5.4,Thriller,US
The Fourth Kind,2009-11-06,42333295.0,10000000.0,5.8,Mystery,US
Precious,2009-11-06,47536959.0,10000000.0,6.9,Drama,US
The Bad Lieutenant: Port of Call - New Orleans,2009-09-11,10589102.0,25000000.0,6.0,Drama,US
The Twilight Saga: New Moon,2009-03-15,709827462.0,50000000.0,5.6,Adventure,US
The Messenger,2009-11-13,1521261.0,6500000.0,7.0,Drama,US
Brothers,2009-01-27,43318349.0,26000000.0,6.8,Drama,US
The Blind Side,2009-11-20,309208309.0,29000000.0,7.2,Drama,US
Old Dogs,2009-11-24,92219310.0,35000000.0,5.2,Comedy,US
Me and Orson Welles,2009-11-25,2336172.0,25000000.0,6.6,Comedy,US
The Lovely Bones,2009-12-26,93525586.0,65000000.0,6.6,Fantasy,UK
Invictus,2009-12-10,122233971.0,60000000.0,7.0,Drama,US
The Princess and the Frog,2009-12-08,267045765.0,105000000.0,6.7,Romance,US
Armored,2009-12-04,22942221.0,20000000.0,5.5,Action,US
Invaders from Mars,1986-01-01,4884663.0,12000000.0,5.5,Mystery,US
Did You Hear About the Morgans?,2009-12-17,85280250.0,58000000.0,5.1,Comedy,US
Avatar,2009-12-10,2787965087.0,237000000.0,7.2,Action,US
It's Complicated,2009-12-23,219103655.0,85000000.0,6.2,Comedy,US
Crazy Heart,2009-12-16,39462438.0,7000000.0,6.8,Drama,US
Alvin and the Chipmunks: The Squeakquel,2009-12-21,443140005.0,75000000.0,5.3,Comedy,US
Beyond a Reasonable Doubt,2009-02-05,4388563.0,25000000.0,5.5,Crime,US
Trapeze,1956-05-30,14400000.0,4000000.0,6.4,Drama,US
Daybreakers,2009-01-06,51416464.0,20000000.0,6.0,Fantasy,US
Hachi: A Dog's Tale,2009-06-13,47801389.0,16000000.0,7.7,Drama,UK
The Book of Eli,2010-01-14,157107755.0,80000000.0,6.6,Action,US
The House on Sorority Row,1983-01-21,10604986.0,425000.0,6.0,Horror,US
The Other Man,2008-12-25,1143856.0,15000000.0,5.1,Drama,UK
Legion,2010-01-21,67918658.0,26000000.0,5.2,Horror,US
Extraordinary Measures,2010-01-21,15134293.0,31000000.0,6.0,Drama,US
Edge of Darkness,2010-01-29,74901339.0,80000000.0,6.2,Crime,UK
I Love You Phillip Morris,2009-01-18,10652035.0,13000000.0,6.4,Comedy,US
Fish Tank,2009-05-14,2357852.0,3000000.0,6.9,Drama,UK
Valentine's Day,2010-02-10,216485654.0,52000000.0,5.7,Comedy,US
Shutter Island,2010-02-18,294804195.0,80000000.0,7.8,Drama,US
Cop Out,2010-02-26,55583804.0,30000000.0,5.3,Action,US
The Spy Next Door,2010-01-15,45236543.0,28000000.0,5.5,Action,US
District 13: Ultimatum,2009-02-18,8786375.0,15000000.0,6.0,Action,France
The Crazies,2010-02-26,54956140.0,20000000.0,6.2,Mystery,US
Dear John,2010-02-04,114977104.0,25000000.0,6.6,Drama,US
Alice in Wonderland,2010-03-03,1025491110.0,200000000.0,6.4,Family,US
The Fall of the Roman Empire,1964-03-24,4750000.0,19000000.0,6.0,War,US
From Paris with Love,2010-02-05,52826594.0,52000000.0,6.2,Action,UK
Brooklyn's Finest,2009-01-16,29536299.0,17000000.0,6.2,Crime,US
She's Out of My League,2010-03-11,49779728.0,20000000.0,5.9,Comedy,US
Harry Brown,2009-11-11,10329747.0,7300000.0,6.7,Thriller,UK
Remember Me,2010-03-12,56032889.0,16000000.0,6.9,Drama,US
Our Family Wedding,2010-03-12,21409028.0,14000000.0,5.7,Comedy,US
The Bounty Hunter,2010-03-16,136000000.0,40000000.0,5.6,Action,US
Leaves of Grass,2009-09-13,985117.0,9000000.0,5.9,Comedy,US
Women in Trouble,2009-11-13,18097.0,3000000.0,5.2,Comedy,US
Hot Tub Time Machine,2010-03-26,64572262.0,36000000.0,5.9,Science Fiction,US
Chloe,2009-03-25,8459458.0,15000000.0,5.9,Drama,France
How to Train Your Dragon,2010-03-05,494878759.0,165000000.0,7.5,Fantasy,US
Universal Soldier: Regeneration,2009-10-01,875386.0,14000000.0,5.2,Adventure,US
Micmacs,2009-10-28,14000000.0,33000000.0,6.8,Action,France
Clash of the Titans,2010-04-01,232713139.0,125000000.0,5.6,Adventure,US
Kick-Ass,2010-03-22,96188903.0,28000000.0,7.1,Action,UK
Date Night,2010-04-08,152263880.0,55000000.0,5.9,Comedy,US
After.Life,2010-04-09,3606395.0,4500000.0,5.4,Drama,US
The Runaways,2010-03-19,2995811.0,10000000.0,6.3,Drama,US
Death at a Funeral,2010-04-15,49050886.0,21000000.0,5.5,Comedy,US
Diary of a Wimpy Kid,2010-03-19,75700498.0,15000000.0,5.9,Comedy,UK
The Losers,2010-04-23,23580000.0,25000000.0,6.2,Action,US
Solomon Kane,2009-09-16,7810000.0,45000000.0,5.6,Adventure,France
Iron Man 2,2010-04-28,623933331.0,200000000.0,6.6,Adventure,US
Marmaduke,2010-06-04,83761844.0,50000000.0,5.0,Family,US
MacGruber,2010-05-21,6110000.0,10000000.0,5.1,Action,US
Ca$h,2010-01-01,46488.0,7000000.0,6.0,Crime,US
A Nightmare on Elm Street,2010-04-30,115664037.0,35000000.0,5.5,Horror,US
Four Lions,2010-05-07,4270000.0,967686.0,7.1,Comedy,UK
The Disappearance of Alice Creed,2009-09-12,867714.0,800000.0,6.4,Crime,UK
Robin Hood,2010-05-12,310669540.0,200000000.0,6.2,Action,UK
Blue Valentine,2010-12-27,16566240.0,3500000.0,6.9,Drama,US
Killers,2010-06-04,98159963.0,75000000.0,5.7,Action,US
Prince of Persia: The Sands of Time,2010-05-19,335154643.0,150000000.0,6.2,Adventure,US
Sex and the City 2,2010-05-26,288347692.0,100000000.0,5.5,Comedy,US
Get Him to the Greek,2010-06-04,90029656.0,40000000.0,5.9,Comedy,US
The Back-Up Plan,2010-04-23,77477008.0,35000000.0,5.7,Comedy,US
Jonah Hex,2010-06-18,10539000.0,47000000.0,4.5,Action,US
The A-Team,2010-06-10,177238796.0,110000000.0,6.2,Thriller,US
Toy Story 3,2010-06-16,1066969703.0,200000000.0,7.6,Animation,US
Winter's Bone,2010-06-11,13831503.0,2000000.0,6.8,Drama,US
Shrek Forever After,2010-05-16,752600867.0,165000000.0,6.0,Comedy,US
The Twilight Saga: Eclipse,2010-06-23,698491347.0,68000000.0,5.9,Adventure,US
Solitary Man,2009-09-07,5024782.0,15000000.0,5.8,Comedy,US
The Last Airbender,2010-06-30,318502923.0,150000000.0,4.7,Action,US
Predators,2010-07-03,126248813.0,40000000.0,6.0,Action,US
Despicable Me,2010-07-08,543513985.0,69000000.0,7.1,Animation,US
Inception,2010-07-14,825532764.0,160000000.0,8.1,Action,UK
Grown Ups,2010-06-24,271430189.0,80000000.0,6.0,Comedy,US
The Sorcerer's Apprentice,2010-07-13,215283742.0,150000000.0,5.9,Fantasy,US
Knight and Day,2010-06-15,261930431.0,117000000.0,5.9,Action,US
The Yellow Handkerchief,2008-12-17,317000.0,15000000.0,6.4,Drama,US
The Kids Are All Right,2010-07-09,34705850.0,3500000.0,6.5,Comedy,US
Salt,2010-07-21,293329073.0,110000000.0,6.2,Action,US
Dinner for Schmucks,2010-07-30,86387857.0,69000000.0,5.5,Comedy,US
Nanny McPhee and the Big Bang,2010-03-26,93246388.0,35000000.0,6.0,Comedy,US
Charlie St. Cloud,2010-05-01,48190704.0,44000000.0,6.8,Drama,US
The Other Guys,2010-08-06,170432927.0,100000000.0,6.1,Action,US
The Expendables,2010-08-03,274470394.0,80000000.0,6.0,Thriller,US
Scott Pilgrim vs. the World,2010-07-27,47664559.0,60000000.0,7.2,Action,US
Centurion,2010-02-15,6814789.0,12000000.0,6.0,Adventure,France
Life During Wartime,2009-10-10,744816.0,4500000.0,6.3,Comedy,US
Piranha 3D,2010-08-20,83188165.0,24000000.0,5.3,Comedy,US
The Extraordinary Adventures of Adèle Blanc-Sec,2010-04-09,34100000.0,25000000.0,5.9,Fantasy,France
The Joneses,2009-09-13,7022728.0,10000000.0,6.1,Comedy,US
TEKKEN,2010-03-20,967000.0,30000000.0,5.2,Crime,US
Narco,2004-12-01,823258.0,823258.0,6.1,Comedy,France
The Last Exorcism,2010-08-27,67738090.0,1800000.0,5.6,Horror,US
The American,2010-08-31,65464324.0,20000000.0,5.8,Crime,UK
The Switch,2010-05-11,49830607.0,19000000.0,5.9,Comedy,US
Machete,2010-09-01,31327899.0,20000000.0,6.3,Action,US
Step Up 3D,2010-08-04,159291809.0,30000000.0,6.6,Drama,US
Going the Distance,2010-09-01,42045846.0,32000000.0,6.0,Comedy,US
Vampires Suck,2010-08-18,80547866.0,20000000.0,4.2,Horror,US
The Social Network,2010-09-30,224920315.0,40000000.0,7.1,Drama,US
The Town,2010-09-15,154026136.0,37000000.0,7.0,Crime,US
Easy A,2010-09-10,74952305.0,8000000.0,6.7,Comedy,US
Eat Pray Love,2010-08-12,204594016.0,60000000.0,5.8,Drama,US
Howl,2010-08-26,617000.0,30000.0,6.8,Drama,US
Flipped,2010-08-06,1755212.0,14000000.0,7.4,Romance,US
Wall Street: Money Never Sleeps,2010-09-02,134748021.0,70000000.0,5.8,Drama,US
Cats & Dogs 2 : The Revenge of Kitty Galore,2010-07-30,112483764.0,85000000.0,4.9,Comedy,US
It's Kind of a Funny Story,2010-07-06,6491240.0,8000000.0,6.9,Comedy,US
Let Me In,2010-10-01,24145613.0,20000000.0,6.7,Drama,UK
Secretariat,2010-08-20,60251371.0,35000000.0,6.8,Drama,US
Devil,2010-01-13,33583175.0,10000000.0,5.8,Horror,US
You Again,2010-09-24,32005248.0,20000000.0,6.0,Comedy,US
Life As We Know It,2010-10-02,105610124.0,38000000.0,6.6,Comedy,US
Catfish,2010-09-17,3045943.0,30000.0,6.5,Documentary,US
Stone,2010-10-07,9479718.0,22000000.0,5.2,Drama,US
Inside Job,2010-10-08,7871522.0,2000000.0,7.7,Documentary,US
Monsters,2010-06-18,4242978.0,500000.0,6.2,Drama,UK
Conviction,2010-09-11,6732980.0,12500000.0,7.0,Drama,US
Dirty Girl,2010-09-12,55125.0,4000000.0,6.4,Drama,US
Never Let Me Go,2010-09-15,9455232.0,15000000.0,6.8,Drama,UK
The Illusionist,2010-02-16,5602431.0,18000000.0,7.2,Animation,France
Rubber,2010-07-09,98017.0,500000.0,5.7,Comedy,France
Shelter,2010-03-27,851517.0,22000000.0,5.7,Horror,US
Jackass 3D,2010-10-15,117224271.0,20000000.0,6.4,Comedy,US
RED,2010-10-13,71664962.0,58000000.0,6.6,Action,US
My Soul to Take,2010-10-08,19829957.0,25000000.0,5.2,Drama,US
Heartbreaker,2010-03-17,47355187.0,8700000.0,6.5,Romance,France
Of Gods and Men,2010-05-18,41424067.0,4000000.0,6.5,Drama,France
Paranormal Activity 2,2010-10-20,177512032.0,3000000.0,5.7,Horror,US
Hereafter,2010-10-15,105197635.0,50000000.0,5.8,Drama,US
Due Date,2010-11-04,211780824.0,65000000.0,6.2,Comedy,US
127 Hours,2010-11-05,35692920.0,18000000.0,7.0,Adventure,UK
Megamind,2010-10-28,321887208.0,130000000.0,6.7,Animation,US
Black Swan,2010-12-02,327803731.0,13000000.0,7.3,Drama,US
Fair Game,2010-05-20,24188922.0,22000000.0,6.5,Drama,US
Unstoppable,2010-11-04,167805466.0,100000000.0,6.3,Action,US
Morning Glory,2010-01-12,58785180.0,40000000.0,6.1,Comedy,US
The Next Three Days,2010-11-18,51148651.0,30000000.0,6.9,Romance,US
Wild Target,2010-06-17,3453043.0,8000000.0,6.4,Action,France
Carlos,2010-05-19,871279.0,18000000.0,6.7,Crime,France
Harry Potter and the Deathly Hallows: Part 1,2010-10-17,954305868.0,250000000.0,7.5,Adventure,UK
The King's Speech,2010-09-06,414211549.0,15000000.0,7.6,Drama,UK
Tangled,2010-11-24,591794936.0,260000000.0,7.4,Animation,US
The Fighter,2010-12-17,93617009.0,25000000.0,7.2,Drama,US
The Romantics,2010-09-10,123820.0,4500000.0,4.8,Comedy,US
The Extra Man,2010-08-01,453079.0,7000000.0,5.9,Comedy,France
London Boulevard,2010-11-10,4644108.0,25000000.0,5.7,Drama,UK
Skyline,2010-11-11,66821036.0,10000000.0,4.7,Science Fiction,US
Beastly,2011-01-21,43165571.0,17000000.0,5.9,Drama,US
Love & Other Drugs,2010-11-22,102820008.0,30000000.0,6.6,Drama,US
The Chronicles of Narnia: The Voyage of the Dawn Treader,2010-08-13,415686217.0,155000000.0,6.2,Adventure,US
Tiny Furniture,2010-11-12,416498.0,65000.0,5.6,Romance,US
The Tourist,2010-12-08,278731369.0,100000000.0,6.0,Action,UK
Hatchet II,2010-08-26,52604.0,2500000.0,5.6,Horror,US
True Grit,2010-12-22,252276927.0,38000000.0,7.2,Drama,US
TRON: Legacy,2010-12-10,400062763.0,170000000.0,6.3,Adventure,US
Another Year,2010-11-05,18124262.0,8000000.0,7.0,Comedy,UK
How Do You Know,2010-12-17,48668907.0,120000000.0,4.9,Comedy,US
The Company Men,2010-10-21,4882577.0,15000000.0,6.4,Drama,US
Faster,2010-11-23,23081726.0,24000000.0,6.1,Crime,US
Rabbit Hole,2010-12-16,5129058.0,5000000.0,6.8,Drama,US
Little Fockers,2010-12-21,310650585.0,100000000.0,5.5,Comedy,US
Gulliver's Travels,2010-12-25,237382724.0,112000000.0,4.9,Comedy,US
Burlesque,2010-11-23,89519773.0,55000000.0,6.9,Drama,US
Yogi Bear,2010-12-11,201584141.0,80000000.0,5.2,Comedy,US
Last Night,2010-05-11,7644937.0,7000000.0,6.1,Drama,France
The Green Hornet,2011-01-12,227817248.0,120000000.0,5.5,Action,US
Season of the Witch,2011-01-07,88100000.0,40000000.0,5.2,Adventure,US
Cowboys & Aliens,2011-07-29,174822325.0,163000000.0,5.4,Action,US
The Dilemma,2011-01-13,67112664.0,70000000.0,5.2,Comedy,US
Limitless,2011-03-08,161849455.0,27000000.0,7.1,Thriller,US
I Spit on Your Grave,2010-06-17,572809.0,2000000.0,6.3,Thriller,US
No Strings Attached,2011-01-21,147780440.0,25000000.0,6.1,Comedy,US
The Lincoln Lawyer,2011-03-17,85412898.0,40000000.0,7.0,Crime,US
The Rite,2011-01-28,96047633.0,37000000.0,5.8,Drama,US
Country Strong,2010-12-22,20529194.0,15000000.0,5.9,Drama,US
Unknown,2011-02-16,130786397.0,30000000.0,6.5,Action,France
Sanctum,2011-02-03,108609310.0,30000000.0,5.8,Action,US
Gnomeo & Juliet,2011-01-13,189712432.0,36000000.0,5.8,Animation,US
Burke & Hare,2010-10-29,4349187.0,10000000.0,6.1,Comedy,UK
Vanishing on 7th Street,2010-09-11,1068682.0,10000000.0,4.8,Mystery,US
Paul,2011-02-14,97552050.0,40000000.0,6.5,Adventure,US
Drive Angry,2011-02-24,28931401.0,50000000.0,5.3,Fantasy,US
Rango,2011-03-02,245724603.0,135000000.0,6.6,Animation,US
Take Me Home Tonight,2011-03-04,6928068.0,19000000.0,6.2,Comedy,US
The Adjustment Bureau,2011-03-03,127869379.0,50200000.0,6.5,Science Fiction,US
The Mechanic,2011-01-13,51070807.0,40000000.0,6.3,Action,US
Hall Pass,2011-02-25,83160734.0,36000000.0,5.4,Comedy,US
The Eagle,2011-02-08,27122040.0,25000000.0,5.9,Adventure,US
I Am Number Four,2011-02-18,144492830.0,50000000.0,5.9,Action,US
Battle: Los Angeles,2011-03-08,202466756.0,70000000.0,5.5,Action,US
Mars Needs Moms,2011-03-09,38992758.0,150000000.0,5.6,Adventure,US
Just Go with It,2011-02-10,214918407.0,80000000.0,6.3,Romance,US
"Big Mommas: Like Father, Like Son",2011-02-16,83615414.0,32000000.0,5.3,Crime,US
Super,2010-09-09,324138.0,2500000.0,6.6,Comedy,US
Sucker Punch,2011-03-24,89792502.0,82000000.0,5.9,Action,US
Insidious,2010-09-13,97009150.0,1500000.0,6.8,Horror,US
Hobo with a Shotgun,2011-05-06,748453.0,3000000.0,5.7,Action,US
Win Win,2011-03-18,10654385.0,10831173.0,6.7,Drama,US
Diary of a Wimpy Kid: Rodrick Rules,2011-03-25,72417394.0,21000000.0,6.3,Family,US
Henry's Crime,2010-01-14,204940.0,12000000.0,5.8,Crime,US
Hop,2011-03-30,183953723.0,63000000.0,5.5,Animation,UK
Arthur,2011-04-08,45735397.0,40000000.0,5.3,Comedy,US
Scream 4,2011-04-11,97138686.0,40000000.0,6.1,Horror,US
Rio,2011-04-03,484635760.0,90000000.0,6.5,Animation,US
The Princess of Montpensier,2010-11-03,6775121.0,14734000.0,6.4,Action,France
Thor,2011-04-21,449326618.0,150000000.0,6.6,Adventure,US
Atlas Shrugged Part I,2011-04-14,4627375.0,15000000.0,5.0,Drama,US
Water for Elephants,2011-03-15,114156230.0,38000000.0,6.7,Drama,US
Fast Five,2011-04-20,626137675.0,125000000.0,7.1,Action,US
Soul Surfer,2011-04-08,47088990.0,18000000.0,6.9,Family,US
Something Borrowed,2011-05-05,59901913.0,35000000.0,5.9,Comedy,US
Bridesmaids,2011-04-28,288383523.0,32500000.0,6.5,Comedy,US
Priest,2011-05-05,78309131.0,60000000.0,5.4,Action,US
Pirates of the Caribbean: On Stranger Tides,2011-05-14,1045713802.0,380000000.0,6.4,Adventure,US
The Tree of Life,2011-05-18,54674226.0,32000000.0,6.5,Drama,US
The Hangover Part II,2011-05-25,254455986.0,80000000.0,6.2,Comedy,US
The Virginity Hit,2010-09-10,563706.0,2000000.0,4.6,Comedy,US
Pina,2011-02-24,14624826.0,4317946.0,7.3,Documentary,France
The Roommate,2011-02-04,40492759.0,16000000.0,5.3,Thriller,US
Trust,2010-09-10,120000.0,9500000.0,6.6,Crime,US
Stolen,2009-10-10,7306.0,2000000.0,6.5,Crime,US
Attack the Block,2011-05-12,3964682.0,14350531.0,6.3,Action,UK
Kung Fu Panda 2,2011-05-25,665692281.0,150000000.0,6.7,Animation,US
X-Men: First Class,2011-05-24,353624124.0,160000000.0,7.1,Action,US
The Other Woman,2010-10-28,102000000.0,30000000.0,6.0,Drama,US
Everything Must Go,2010-10-15,2614773.0,5000000.0,6.0,Comedy,US
Beginners,2010-09-11,5332926.0,3200000.0,6.8,Drama,US
Super 8,2011-06-08,260095987.0,50000000.0,6.6,Thriller,US
Green Lantern,2011-06-16,219851172.0,200000000.0,5.1,Adventure,US
Mr. Popper's Penguins,2011-06-17,187361754.0,55000000.0,5.7,Comedy,US
Bad Teacher,2011-05-16,216197492.0,20000000.0,5.4,Comedy,US
Why Did I Get Married Too?,2010-04-02,60072596.0,20000000.0,6.1,Comedy,US
Transformers: Dark of the Moon,2011-06-28,1123746996.0,195000000.0,6.1,Action,US
Larry Crowne,2011-06-30,36160375.0,30000000.0,5.7,Comedy,US
Your Highness,2011-04-08,26121638.0,49900000.0,5.2,Comedy,US
Takers,2010-08-26,69055695.0,32000000.0,6.1,Action,US
Zookeeper,2011-07-06,169852759.0,80000000.0,5.3,Comedy,US
Horrible Bosses,2011-07-08,117000000.0,35000000.0,6.4,Comedy,US
Cars 2,2011-06-11,559852396.0,200000000.0,5.8,Animation,US
The Ward,2010-09-13,498974.0,10000000.0,5.8,Horror,US
Harry Potter and the Deathly Hallows: Part 2,2011-07-07,1342000000.0,125000000.0,7.9,Family,UK
Drive,2011-08-06,78054825.0,15000000.0,7.4,Drama,US
Captain America: The First Avenger,2011-07-22,370569774.0,140000000.0,6.6,Action,US
"Crazy, Stupid, Love.",2011-07-29,142851197.0,50000000.0,7.0,Comedy,US
One Day,2011-03-02,59389433.0,15000000.0,7.0,Drama,UK
Winnie the Pooh,2011-04-13,14460000.0,30000000.0,6.8,Animation,US
The Smurfs,2011-07-29,563749323.0,110000000.0,5.5,Animation,US
Dylan Dog: Dead of Night,2011-03-16,4634062.0,20000000.0,4.5,Action,US
Friends with Benefits,2011-07-21,150483765.0,35000000.0,6.5,Romance,US
Alpha and Omega,2010-09-17,39300000.0,20000000.0,5.3,Family,US
Blitz,2011-05-20,741875.0,15774948.0,6.0,Crime,UK
Our Idiot Brother,2011-08-26,17273593.0,10000000.0,5.9,Comedy,US
Rise of the Planet of the Apes,2011-08-03,482860185.0,93000000.0,7.0,Thriller,US
The Change-Up,2011-08-05,75450437.0,52000000.0,5.9,Comedy,US
30 Minutes or Less,2011-08-11,40547440.0,28000000.0,5.6,Action,US
Glee: The Concert Movie,2011-08-11,18663238.0,9000000.0,6.9,Documentary,US
Final Destination 5,2011-08-12,157887643.0,47000000.0,5.9,Horror,US
The Conspirator,2010-09-10,15478800.0,25000000.0,6.2,Crime,US
A Very Harold & Kumar Christmas,2011-11-04,35387212.0,19000000.0,6.0,Comedy,US
Spy Kids: All the Time in the World,2011-08-18,85564310.0,27000000.0,4.4,Family,US
Don't Be Afraid of the Dark,2010-11-06,36993168.0,25000000.0,5.4,Fantasy,US
Fright Night,2011-08-18,24922237.0,17000000.0,6.0,Horror,UK
Another Earth,2011-07-22,1776935.0,100000.0,6.8,Drama,US
Hesher,2010-01-22,382946.0,7000000.0,6.7,Drama,US
Stake Land,2010-09-30,33245.0,650000.0,6.2,Drama,US
The Debt,2010-04-11,45636368.0,20000000.0,6.2,Drama,US
Colombiana,2011-07-27,60965854.0,40000000.0,6.5,Action,France
Freakonomics,2010-10-01,103735.0,3000000.0,6.7,Documentary,US
Conan the Barbarian,2011-08-17,48795021.0,90000000.0,5.2,Adventure,US
Prom,2011-04-29,10130000.0,8000000.0,5.7,Comedy,US
Red State,2011-08-19,1104682.0,4000000.0,5.9,Horror,US
A Better Life,2011-06-24,1759252.0,10000000.0,7.0,Drama,US
I Don't Know How She Does It,2011-09-16,30551495.0,24000000.0,5.0,Romance,US
Shark Night,2011-09-02,10126458.0,28000000.0,4.9,Horror,US
Contagion,2011-09-08,137551594.0,60000000.0,6.2,Drama,US
Straw Dogs,2011-09-16,10324441.0,25000000.0,5.5,Drama,US
Moneyball,2011-09-22,110206216.0,50000000.0,7.0,Drama,US
Restless,2011-09-16,163265.0,8000000.0,6.3,Drama,US
The Avengers,2012-04-25,1519557910.0,220000000.0,7.4,Science Fiction,US
Warrior,2011-09-09,23057115.0,25000000.0,7.7,Action,US
The Ides of March,2011-09-24,75993061.0,12500000.0,6.5,Drama,US
Kill List,2011-09-02,171760.0,500000.0,6.0,Horror,UK
50/50,2011-09-30,39187783.0,8000000.0,7.0,Comedy,US
Take Shelter,2011-11-25,3099314.0,5000000.0,7.1,Thriller,US
The Music Never Stopped,2011-03-18,253899.0,4000000.0,7.3,Drama,US
Footloose,2011-10-06,63543328.0,24000000.0,6.4,Drama,US
The Thing,2011-10-12,28128670.0,35000000.0,6.0,Horror,US
We Need to Talk About Kevin,2011-09-28,6038942.0,7000000.0,7.4,Drama,UK
The Three Musketeers,2011-08-31,132274484.0,75000000.0,5.6,Adventure,US
In Time,2011-10-27,173930596.0,40000000.0,6.7,Action,US
Margaret,2011-09-30,46495.0,14000000.0,6.1,Drama,US
Margin Call,2011-09-28,19504039.0,3500000.0,6.7,Thriller,US
Paranormal Activity 3,2011-10-19,205703818.0,5000000.0,5.9,Horror,US
Johnny English Reborn,2011-09-15,160078586.0,45000000.0,6.0,Crime,UK
Abduction,2011-09-22,82087155.0,35000000.0,5.6,Thriller,US
Shame,2011-10-02,17693675.0,6500000.0,7.0,Drama,UK
What's Your Number?,2011-09-30,30426096.0,20000000.0,6.2,Comedy,US
Machine Gun Preacher,2011-09-23,2527904.0,30000000.0,6.4,Action,US
Anonymous,2011-10-21,15395087.0,30000000.0,6.3,Drama,UK
Tower Heist,2011-11-02,152930623.0,75000000.0,5.8,Action,US
J. Edgar,2011-11-09,84606030.0,35000000.0,6.0,Drama,US
The Double,2011-10-27,3696232.0,17000000.0,5.8,Action,US
Hugo,2011-11-22,185770160.0,170000000.0,7.0,Adventure,France
Trespass,2011-10-13,9612469.0,36000000.0,5.4,Crime,US
Immortals,2011-11-10,226904017.0,75000000.0,5.7,Fantasy,US
Jack and Jill,2011-11-11,149673788.0,79000000.0,4.0,Comedy,US
Setup,2011-11-04,2128186.0,20000000.0,4.7,Action,US
Another Happy Day,2011-11-18,355688.0,4000000.0,6.2,Comedy,US
Wuthering Heights,2011-09-05,100915.0,8000000.0,6.0,Drama,UK
The Descendants,2011-09-09,177243185.0,20000000.0,6.7,Comedy,US
Like Crazy,2011-10-28,3542353.0,250000.0,6.5,Drama,US
The Muppets,2011-11-22,165184237.0,45000000.0,6.5,Comedy,US
The Twilight Saga: Breaking Dawn - Part 1,2011-03-15,712171856.0,110000000.0,5.8,Adventure,US
War Horse,2011-12-25,177584879.0,66000000.0,7.0,Drama,US
The Rum Diary,2011-10-13,24000000.0,45000000.0,5.6,Drama,US
My Week with Marilyn,2011-10-17,35057696.0,6400000.0,6.6,Drama,UK
Sarah's Key,2010-09-16,17511906.0,10000000.0,7.2,Drama,France
The Sitter,2011-12-09,34942188.0,25000000.0,5.4,Comedy,US
Extremely Loud & Incredibly Close,2011-12-24,55247881.0,40000000.0,6.9,Drama,US
Rampart,2011-11-23,972512.0,12000000.0,5.3,Crime,US
The Perfect Game,2010-04-01,3878993.0,12500000.0,6.3,Drama,US
The Expendables 2,2012-08-08,312573423.0,100000000.0,6.1,Action,US
The Hunger Games,2012-03-12,691210692.0,75000000.0,6.9,Science Fiction,US
The Dark Knight Rises,2012-07-16,1084939099.0,250000000.0,7.6,Action,US
The Bourne Legacy,2012-08-08,276572938.0,130000000.0,6.0,Action,US
Sherlock Holmes: A Game of Shadows,2011-11-22,334615000.0,125000000.0,7.0,Adventure,US
Life in a Day,2011-01-27,225861.0,45202.0,7.3,Documentary,UK
Young Adult,2011-12-16,22939027.0,12000000.0,5.6,Comedy,US
New Year's Eve,2011-12-08,142044638.0,56000000.0,5.7,Comedy,US
We Bought a Zoo,2011-12-22,120081841.0,50000000.0,6.5,Drama,US
The Darkest Hour,2011-12-22,64626786.0,30000000.0,4.8,Horror,US
Alvin and the Chipmunks: Chipwrecked,2011-12-14,342695435.0,75000000.0,5.4,Comedy,US
Albert Nobbs,2011-12-21,5634828.0,8000000.0,6.2,Drama,UK
In the Land of Blood and Honey,2011-12-23,303877.0,10000000.0,5.8,Drama,US
The Devil Inside,2012-01-06,101758490.0,1000000.0,4.6,Thriller,US
Contraband,2012-01-12,63100000.0,25000000.0,6.1,Thriller,US
Dolphin Tale,2011-09-23,95404397.0,37000000.0,6.6,Drama,US
The Iron Lady,2011-12-30,114956699.0,13000000.0,6.2,History,France
Underworld: Awakening,2012-01-19,160112671.0,70000000.0,6.1,Fantasy,US
Man on a Ledge,2012-01-13,46221189.0,42000000.0,6.2,Action,US
Seeking Justice,2011-09-02,12355798.0,17000000.0,5.8,Action,US
Red Tails,2012-01-19,50365377.0,58000000.0,5.9,Drama,US
The Intouchables,2011-11-02,426480871.0,13000000.0,8.2,Drama,France
One for the Money,2012-01-26,36893721.0,40000000.0,5.3,Action,US
W.E.,2011-09-01,868439.0,15000000.0,5.8,Drama,UK
The Innkeepers,2011-12-01,78396.0,750000.0,5.4,Horror,US
Big Miracle,2012-02-02,24719215.0,40000000.0,6.6,Adventure,UK
Chronicle,2012-02-01,145000000.0,15000000.0,6.6,Science Fiction,US
The Monk,2011-07-12,807535.0,11000000.0,5.8,Thriller,France
Safe House,2012-02-09,208076205.0,85000000.0,6.3,Action,US
The Vow,2012-02-05,196114570.0,30000000.0,7.0,Drama,US
"For a Good Time, Call...",2012-08-31,1243961.0,850000.0,5.8,Comedy,US
Journey 2: The Mysterious Island,2012-01-19,355692760.0,79000000.0,5.8,Adventure,US
Courageous,2011-09-30,34522221.0,1000000.0,6.8,Drama,US
Project X,2012-03-01,100000000.0,12000000.0,6.5,Comedy,US
The Lorax,2012-03-01,348840316.0,70000000.0,6.3,Animation,US
The Big Year,2011-10-13,7448385.0,41000000.0,5.6,Comedy,US
Act of Valor,2012-02-24,81272766.0,12000000.0,6.3,Action,US
This Means War,2012-02-14,156974557.0,65000000.0,5.9,Action,US
John Carter,2012-03-07,284139100.0,260000000.0,6.1,Action,US
The Awakening,2011-08-17,209696.0,4798235.0,6.3,Horror,UK
The Ledge,2011-05-06,610986.0,10000000.0,5.9,Drama,US
21 Jump Street,2012-03-12,201585328.0,42000000.0,6.7,Action,US
"Jeff, Who Lives at Home",2011-09-13,4417580.0,10000000.0,6.1,Drama,US
Lockout,2012-04-12,32204030.0,20000000.0,5.8,Action,France
A Lonely Place to Die,2011-04-09,25345000.0,4000000.0,6.2,Adventure,UK
Salmon Fishing in the Yemen,2011-09-10,34564651.0,5000000.0,6.3,Drama,UK
American Reunion,2012-04-04,234989584.0,50000000.0,6.1,Comedy,US
The Cabin in the Woods,2012-04-12,66486080.0,30000000.0,6.6,Horror,US
Silent House,2011-01-21,13101672.0,2000000.0,5.2,Horror,France
The Three Stooges,2012-04-13,54819301.0,30000000.0,4.9,Comedy,US
Mirror Mirror,2012-03-15,183018522.0,85000000.0,5.5,Adventure,US
Battleship,2012-04-11,303025485.0,209000000.0,5.5,Thriller,US
The Five-Year Engagement,2012-04-27,53909751.0,30000000.0,5.7,Comedy,US
Think Like a Man,2012-04-16,96070507.0,12000000.0,6.9,Comedy,US
The Lucky One,2012-04-19,99357138.0,25000000.0,6.8,Drama,US
Safe,2012-04-16,40346186.0,30000000.0,6.3,Action,US
Jumping the Broom,2011-05-06,37710610.0,6600000.0,6.0,Comedy,US
The Dictator,2012-05-15,179379533.0,65000000.0,5.9,Comedy,US
Men in Black 3,2012-05-23,624026776.0,225000000.0,6.3,Action,US
Snow White and the Huntsman,2012-05-30,396600000.0,170000000.0,5.8,Adventure,US
The Pirates! In an Adventure with Scientists!,2012-03-12,118338361.0,60000000.0,6.4,Animation,UK
Prometheus,2012-05-30,403170142.0,130000000.0,6.3,Science Fiction,UK
Bernie,2012-04-27,9206470.0,5000000.0,6.5,Comedy,US
Inhale,2010-08-27,55089.0,10000000.0,6.3,Drama,US
Wanderlust,2012-02-23,24159934.0,35000000.0,5.3,Comedy,US
Moonrise Kingdom,2012-05-16,68263166.0,16000000.0,7.6,Comedy,US
5 Days of War,2011-04-14,17479.0,20000000.0,5.8,War,US
A Thousand Words,2012-03-07,22044277.0,40000000.0,6.0,Drama,US
Safety Not Guaranteed,2012-06-08,4007792.0,750000.0,6.8,Comedy,US
Madagascar 3: Europe's Most Wanted,2012-06-06,746921274.0,145000000.0,6.4,Animation,US
Your Sister's Sister,2011-09-11,3200000.0,125000.0,6.5,Drama,US
Brave,2012-06-21,538983207.0,185000000.0,6.7,Animation,US
What to Expect When You're Expecting,2012-05-17,79700000.0,40000000.0,5.8,Romance,US
Abraham Lincoln: Vampire Hunter,2012-06-20,112265139.0,69000000.0,5.5,Action,US
4.3.2.1,2010-06-02,1163967.0,4600000.0,5.9,Action,UK
Rock of Ages,2012-06-13,59418613.0,75000000.0,6.0,Comedy,US
Seeking a Friend for the End of the World,2012-06-22,9636289.0,10000000.0,6.3,Comedy,US
Ted,2012-06-29,549368315.0,50000000.0,6.3,Comedy,US
Magic Mike,2012-06-28,167221571.0,7000000.0,6.1,Drama,US
The Amazing Spider-Man,2012-06-27,752215857.0,215000000.0,6.5,Action,US
Ice Age: Continental Drift,2012-06-26,877244782.0,95000000.0,6.2,Animation,US
Beasts of the Southern Wild,2012-06-29,21107746.0,1800000.0,6.8,Drama,US
People Like Us,2012-06-29,12434778.0,16000000.0,6.6,Drama,US
Savages,2012-07-06,82966152.0,45000000.0,6.2,Crime,US
The Watch,2012-07-26,68267862.0,68000000.0,5.3,Comedy,US
2 Days in New York,2012-03-28,1653792.0,8000000.0,5.4,Comedy,France
Killer Joe,2011-09-10,3665069.0,10000000.0,6.4,Crime,US
Skyfall,2012-10-25,1108561013.0,200000000.0,6.9,Action,UK
Hope Springs,2012-08-07,114281051.0,30000000.0,5.8,Drama,US
ParaNorman,2012-08-03,107139399.0,60000000.0,6.7,Family,US
Diary of a Wimpy Kid: Dog Days,2012-08-02,77112176.0,22000000.0,6.0,Comedy,US
Hit & Run,2012-08-22,14400000.0,2000000.0,5.5,Action,US
Premium Rush,2012-08-24,31083599.0,35000000.0,6.2,Crime,US
Lawless,2012-08-29,53676580.0,26000000.0,6.8,Crime,US
Piranha 3DD,2012-05-11,8493728.0,5000000.0,4.1,Horror,US
The Possession,2012-08-30,85446075.0,14000000.0,5.8,Horror,US
Little White Lies,2010-10-20,48531470.0,25000000.0,7.1,Comedy,France
The Apparition,2012-08-23,9627492.0,17000000.0,4.5,Horror,US
Bachelorette,2012-08-06,11947954.0,3000000.0,5.3,Comedy,US
The Words,2012-09-07,13231461.0,6000000.0,6.4,Drama,US
Pitch Perfect,2012-09-28,115350426.0,17000000.0,7.3,Comedy,US
The Cold Light of Day,2012-04-04,16863583.0,20000000.0,4.8,Action,US
That's My Boy,2012-06-14,58058367.0,70000000.0,5.5,Comedy,US
Robot & Frank,2012-08-16,3325038.0,2500000.0,6.8,Science Fiction,US
The Master,2012-09-07,28258060.0,32000000.0,7.0,Drama,US
Arbitrage,2012-09-14,35485056.0,12000000.0,6.1,Drama,US
End of Watch,2012-09-20,48126384.0,7000000.0,7.2,Crime,US
The Perks of Being a Wallflower,2012-09-20,33400000.0,13000000.0,7.7,Drama,US
Sparkle,2012-08-17,24637469.0,14000000.0,5.8,Drama,US
Taken 2,2012-09-27,376141306.0,45000000.0,6.1,Action,France
The Paperboy,2012-09-14,1353868.0,12500000.0,5.4,Thriller,US
House at the End of the Street,2012-09-21,44287131.0,6900000.0,5.6,Horror,US
Rust and Bone,2012-05-17,25762027.0,15400000.0,7.1,Drama,France
Katy Perry: Part of Me,2012-06-28,32726956.0,12000000.0,6.5,Documentary,US
Frankenweenie,2012-10-04,35287788.0,39000000.0,6.6,Animation,US
Sinister,2012-03-29,77712439.0,3000000.0,6.8,Horror,US
Hotel Transylvania,2012-09-20,358375603.0,85000000.0,6.8,Animation,US
Argo,2012-10-11,232324128.0,44500000.0,7.1,Drama,US
Seven Psychopaths,2012-09-07,19422261.0,15000000.0,6.7,Comedy,UK
Hoodwinked Too! Hood VS. Evil,2011-04-29,13521829.0,30000000.0,4.8,Comedy,US
Paranormal Activity 4,2012-10-17,142817992.0,5000000.0,5.2,Horror,US
Alex Cross,2012-10-18,30353232.0,45000000.0,5.1,Action,US
Silent Hill: Revelation 3D,2012-10-10,52302796.0,20000000.0,5.1,Thriller,France
Killing Them Softly,2012-09-20,37930465.0,15000000.0,5.8,Crime,US
The Sessions,2012-05-02,9138338.0,1000000.0,6.6,Drama,US
Smashed,2012-09-12,376597.0,500000.0,6.3,Drama,US
Wreck-It Ralph,2012-11-01,471222889.0,165000000.0,7.1,Family,US
Silver Linings Playbook,2012-09-08,205738714.0,21000000.0,7.0,Drama,US
Flight,2012-11-02,161772375.0,31000000.0,6.5,Drama,US
Life of Pi,2012-11-20,609016565.0,120000000.0,7.2,Adventure,US
Stolen,2012-05-17,2106557.0,35000000.0,5.1,Action,US
Amour,2012-07-01,29844753.0,8900000.0,7.5,Drama,France
The Twilight Saga: Breaking Dawn - Part 2,2012-11-13,829000000.0,120000000.0,6.1,Adventure,US
Red Dawn,2012-11-21,44806783.0,65000000.0,5.3,War,US
Rise of the Guardians,2012-11-21,306941670.0,145000000.0,7.1,Fantasy,US
Deadfall,2012-11-08,66351.0,12000000.0,5.6,Crime,France
Step Up Revolution,2012-07-26,140470746.0,33000000.0,6.7,Music,US
Lay the Favorite,2012-06-22,1576687.0,26350000.0,4.9,Drama,UK
Zero Dark Thirty,2012-12-19,132820716.0,40000000.0,6.7,Thriller,US
Fire with Fire,2012-08-31,4636169.0,20000000.0,5.6,Action,US
The Guilt Trip,2012-12-19,41863726.0,40000000.0,5.4,Comedy,US
Jack Reacher,2012-12-20,218340595.0,60000000.0,6.3,Crime,US
Django Unchained,2012-12-25,425368238.0,100000000.0,7.8,Drama,US
This Is 40,2012-12-20,88058786.0,35000000.0,5.6,Comedy,US
The Impossible,2012-09-09,180274123.0,42000000.0,7.0,Thriller,US
Les Misérables,2012-12-18,441809770.0,61000000.0,7.2,Drama,UK
Not Fade Away,2012-12-21,610792.0,20000000.0,5.4,Drama,US
Quartet,2012-09-08,59520298.0,11000000.0,6.4,Drama,UK
StreetDance 3D,2010-05-19,18144030.0,5773100.0,6.1,Drama,UK
Parental Guidance,2012-12-25,119772232.0,25000000.0,5.8,Comedy,US
The Sweeney,2012-09-11,6294161.0,3730500.0,5.7,Action,UK
Texas Chainsaw 3D,2013-01-03,47241945.0,20000000.0,5.3,Horror,US
Gangster Squad,2013-01-10,105200903.0,60000000.0,6.2,Crime,US
The Iceman,2012-09-01,1969193.0,20000000.0,6.4,Thriller,US
A Haunted House,2013-01-11,60141683.0,2500000.0,5.4,Comedy,US
Upstream Color,2013-04-05,444098.0,100000.0,6.5,Drama,US
Broken City,2013-01-18,19701164.0,56000000.0,5.7,Thriller,US
Movie 43,2013-01-01,32438988.0,6000000.0,4.5,Comedy,US
Parker,2013-01-23,46216641.0,35000000.0,5.7,Action,US
Hansel & Gretel: Witch Hunters,2013-01-17,224803475.0,50000000.0,5.7,Fantasy,US
The East,2013-05-31,2401510.0,6500000.0,6.5,Drama,UK
Side Effects,2013-02-07,63372757.0,30000000.0,6.4,Thriller,US
Identity Thief,2013-02-07,173965010.0,35000000.0,5.6,Comedy,US
Beautiful Creatures,2013-02-13,60052138.0,60000000.0,5.6,Fantasy,US
A Good Day to Die Hard,2013-02-06,304654182.0,92000000.0,5.2,Action,US
21 & Over,2013-03-01,48065672.0,13000000.0,5.7,Comedy,US
Safe Haven,2013-02-07,97594140.0,28000000.0,6.9,Romance,US
Elles,2011-09-09,911466.0,4000000.0,5.1,Drama,France
Universal Soldier: Day of Reckoning,2012-10-04,1402307.0,11500000.0,5.1,Thriller,US
Snitch,2013-02-21,42930462.0,35000000.0,5.8,Thriller,US
Dark Skies,2013-02-21,25174316.0,3500000.0,6.1,Science Fiction,US
Jack the Giant Slayer,2013-02-27,197687603.0,195000000.0,5.5,Action,US
The Last Exorcism Part II,2013-02-28,15179302.0,5000000.0,4.4,Horror,US
G.I. Joe: Retaliation,2013-03-26,371876278.0,130000000.0,5.4,Adventure,US
Stoker,2013-02-28,12077441.0,12000000.0,6.5,Drama,US
Phantom,2013-01-03,1034589.0,10000000.0,5.5,Thriller,US
Oz: The Great and Powerful,2013-03-07,491868548.0,200000000.0,5.7,Fantasy,US
The Croods,2013-03-20,585178928.0,135000000.0,6.8,Adventure,US
The Incredible Burt Wonderstone,2013-03-14,27437881.0,30000000.0,5.3,Comedy,US
Spring Breakers,2013-01-24,31724284.0,5000000.0,5.0,Drama,France
The Call,2013-03-14,68572378.0,13000000.0,6.6,Crime,US
Olympus Has Fallen,2013-03-20,161025640.0,70000000.0,6.2,Action,US
The Place Beyond the Pines,2013-03-20,35485608.0,15000000.0,6.8,Drama,US
The Host,2013-03-22,63327201.0,44000000.0,6.0,Action,US
Admission,2013-03-21,18000000.0,13000000.0,5.5,Comedy,US
Evil Dead,2013-04-05,97542952.0,17000000.0,6.4,Horror,US
Trance,2013-03-27,24261569.0,20000000.0,6.5,Thriller,UK
Welcome to the Punch,2013-03-15,9747.0,8500000.0,5.7,Action,UK
Oblivion,2013-04-10,286168572.0,120000000.0,6.4,Action,US
42,2013-04-12,95020213.0,40000000.0,6.8,Drama,US
Disconnect,2012-09-11,3428048.0,10000000.0,6.9,Drama,US
Scary Movie 5,2013-04-11,78378744.0,20000000.0,4.6,Comedy,US
Pain & Gain,2013-04-18,86175291.0,25000000.0,6.1,Thriller,US
Home Run,2013-04-19,2861020.0,1200000.0,6.3,Drama,US
This Is the End,2013-06-12,126041322.0,32000000.0,6.2,Action,US
Black Gold,2011-12-21,5446000.0,40000000.0,5.9,Adventure,France
Mud,2013-05-01,21587700.0,10000000.0,7.0,Drama,US
The Great Gatsby,2013-05-10,351040419.0,105000000.0,7.3,Drama,US
Star Trek Into Darkness,2013-05-05,467365246.0,190000000.0,7.4,Action,US
The Internship,2013-06-07,44000000.0,58000000.0,6.1,Comedy,US
Only God Forgives,2013-05-30,10337387.0,4800000.0,5.6,Drama,France
The Hangover Part III,2013-05-23,362000072.0,103000000.0,6.0,Comedy,US
Fast & Furious 6,2013-05-06,788679850.0,160000000.0,6.7,Action,US
Epic,2013-05-15,268426634.0,100000000.0,6.4,Animation,US
The Past,2013-05-17,10631747.0,11000000.0,7.1,Drama,France
Behind the Candelabra,2013-05-26,15600000.0,23000000.0,6.6,Drama,US
After Earth,2013-05-30,243843127.0,130000000.0,5.0,Science Fiction,US
Now You See Me,2013-05-29,117698894.0,75000000.0,7.3,Thriller,US
Lovelace,2013-08-08,1585582.0,10000000.0,6.0,Drama,US
Special Forces,2011-11-02,10759.0,10000000.0,6.4,Action,France
The Way Way Back,2013-06-06,23198652.0,4600000.0,7.1,Comedy,US
Man of Steel,2013-06-12,662845518.0,225000000.0,6.5,Action,UK
The Big Wedding,2013-04-25,21819348.0,35000000.0,5.7,Comedy,US
The Purge,2013-05-31,89328627.0,3000000.0,6.0,Science Fiction,France
The Bling Ring,2013-06-12,19145732.0,15000000.0,5.3,Drama,US
Monsters University,2013-06-20,743559607.0,200000000.0,7.0,Animation,US
Maniac,2012-12-26,31081.0,6000000.0,5.9,Horror,France
Pacific Rim,2013-07-11,407602906.0,180000000.0,6.7,Action,US
World War Z,2013-06-20,531865000.0,200000000.0,6.7,Action,US
Elysium,2013-08-07,286140700.0,115000000.0,6.4,Science Fiction,US
Despicable Me 2,2013-06-25,970761885.0,76000000.0,7.0,Animation,US
White House Down,2013-06-27,205366737.0,150000000.0,6.3,Action,US
The World's End,2013-07-18,46089287.0,20000000.0,6.7,Comedy,UK
Hummingbird,2013-05-07,8352885.0,20000000.0,5.9,Action,US
The Heat,2013-06-27,158674180.0,43000000.0,6.5,Action,US
The Lone Ranger,2013-07-03,89289910.0,255000000.0,5.9,Action,US
The Spectacular Now,2013-08-02,6854611.0,2500000.0,6.8,Comedy,US
R.I.P.D.,2013-07-18,61648500.0,130000000.0,5.4,Fantasy,US
The Conjuring,2013-07-18,318000141.0,13000000.0,7.4,Horror,US
Turbo,2013-07-11,282570682.0,135000000.0,6.1,Animation,US
The Wolverine,2013-07-23,415440673.0,120000000.0,6.3,Action,UK
2 Guns,2013-08-02,131940411.0,61000000.0,6.6,Action,US
Blue Jasmine,2013-07-25,99206215.0,18000000.0,7.0,Comedy,US
The Canyons,2013-07-29,56825.0,250000.0,4.1,Thriller,US
Percy Jackson: Sea of Monsters,2013-08-07,174578751.0,90000000.0,5.9,Adventure,US
The Smurfs 2,2013-07-30,347434178.0,105000000.0,5.5,Fantasy,US
Alan Partridge: Alpha Papa,2013-07-24,9800000.0,4000000.0,6.5,Comedy,UK
Class of 1999,1990-05-11,2459895.0,5200000.0,6.3,Science Fiction,US
We're the Millers,2013-08-07,269994119.0,37000000.0,6.8,Comedy,US
Grown Ups 2,2013-07-11,246984278.0,80000000.0,5.8,Comedy,US
Kick-Ass 2,2013-07-17,60700000.0,28000000.0,6.3,Action,US
Riddick,2013-09-02,98337295.0,38000000.0,6.2,Science Fiction,US
Planes,2013-08-09,219788712.0,50000000.0,5.7,Animation,US
Paranoia,2013-08-14,13785015.0,35000000.0,5.6,Drama,France
Jobs,2013-08-16,35931410.0,12000000.0,6.0,Drama,US
The Mortal Instruments: City of Bones,2013-08-21,90565421.0,60000000.0,6.2,Action,US
The Butler,2013-08-16,115922175.0,25000000.0,7.2,Drama,US
In a World...,2013-08-09,2963902.0,1000000.0,6.4,Comedy,UK
About Time,2013-08-16,87100449.0,12000000.0,7.8,Comedy,UK
The Frozen Ground,2013-07-18,5496951.0,27220000.0,6.1,Thriller,US
Empire State,2013-09-03,3639345.0,11000000.0,4.9,Action,US
Adore,2013-04-03,318982.0,16000000.0,6.1,Drama,France
Gravity,2013-09-27,716392705.0,105000000.0,7.3,Science Fiction,UK
Prisoners,2013-09-18,122126687.0,46000000.0,7.9,Drama,US
Out of the Furnace,2013-12-06,15400000.0,22000000.0,6.5,Thriller,US
Austenland,2013-08-15,2159041.0,4900000.0,6.6,Comedy,UK
The Family,2013-09-13,36894225.0,30000000.0,6.1,Crime,France
The To Do List,2013-07-24,3566225.0,1500000.0,5.5,Comedy,US
Battle of the Year,2013-09-21,16549477.0,20000000.0,5.9,Music,US
Nebraska,2013-09-21,17654912.0,12000000.0,7.4,Drama,US
Metallica: Through the Never,2013-09-25,7972967.0,18000000.0,6.7,Music,US
Runner Runner,2013-09-24,62616646.0,30000000.0,5.5,Crime,US
Blue Is the Warmest Color,2013-10-09,10165694.0,4300000.0,7.2,Romance,France
Parkland,2013-10-02,653651.0,10000000.0,5.8,History,US
Cloudy with a Chance of Meatballs 2,2013-09-26,248384621.0,78000000.0,6.4,Animation,US
Captain Phillips,2013-10-10,95000000.0,55000000.0,7.6,Action,US
Machete Kills,2013-09-12,15008161.0,12000000.0,5.3,Action,US
Filth,2013-09-23,9114264.0,5000000.0,6.8,Crime,UK
Baggage Claim,2013-09-27,22456509.0,8500000.0,5.6,Comedy,US
Escape Plan,2013-10-09,122915111.0,50000000.0,6.7,Action,US
Carrie,2013-10-16,82394288.0,30000000.0,5.8,Drama,US
The Counselor,2013-10-25,71009334.0,25000000.0,5.0,Thriller,UK
12 Years a Slave,2013-10-18,187000000.0,20000000.0,7.9,Drama,US
All Is Lost,2013-10-18,6108720.0,9000000.0,6.6,Action,US
Ender's Game,2013-10-23,125537191.0,110000000.0,6.6,Science Fiction,US
Bad Grandpa,2013-10-22,151831537.0,15000000.0,6.0,Comedy,US
Thor: The Dark World,2013-10-29,644571402.0,170000000.0,6.8,Action,US
Dallas Buyers Club,2013-09-07,55198285.0,5000000.0,7.9,Drama,US
Free Birds,2013-10-30,110000000.0,55000000.0,5.7,Animation,US
Last Vegas,2013-10-31,134402450.0,28000000.0,6.4,Comedy,US
Philomena,2013-11-01,100129872.0,12000000.0,7.4,Drama,UK
The Best Man Holiday,2013-11-15,71625195.0,17000000.0,6.7,Comedy,US
The Hunger Games: Catching Fire,2013-11-15,847423452.0,130000000.0,7.4,Adventure,US
47 Ronin,2013-12-06,150962475.0,175000000.0,5.9,Drama,US
Delivery Man,2013-10-10,51164106.0,26000000.0,6.2,Comedy,US
Frozen,2013-11-27,1274219009.0,150000000.0,7.3,Animation,US
Inside Llewyn Davis,2013-10-06,32935319.0,11000000.0,7.2,Drama,US
The Wolf of Wall Street,2013-12-25,392000694.0,100000000.0,7.9,Crime,US
Homefront,2013-11-27,43058898.0,22000000.0,6.4,Action,US
Mandela: Long Walk to Freedom,2013-12-06,27330000.0,35000000.0,6.5,Drama,UK
August: Osage County,2013-12-26,74188937.0,25000000.0,6.9,Comedy,US
American Hustle,2013-12-12,251171807.0,40000000.0,6.8,Drama,US
The Secret Life of Walter Mitty,2013-12-18,188133322.0,90000000.0,7.0,Adventure,US
Lone Survivor,2013-12-24,149295601.0,40000000.0,7.4,Action,US
The Nutcracker: The Untold Story,2010-11-24,16178959.0,90000000.0,5.3,Fantasy,UK
Oldboy,2013-11-14,4861022.0,30000000.0,5.9,Drama,US
Anchorman 2: The Legend Continues,2013-12-18,173649015.0,50000000.0,6.0,Comedy,US
Fun Size,2012-10-25,11417362.0,14000000.0,5.5,Comedy,US
Grudge Match,2013-12-25,44907260.0,40000000.0,6.0,Comedy,US
Paranormal Activity: The Marked Ones,2014-01-01,86362372.0,5000000.0,5.2,Horror,US
Yves Saint Laurent,2014-01-08,21026290.0,12000000.0,6.4,Drama,France
Ride Along,2014-01-07,153997819.0,25000000.0,6.1,Action,US
Divergent,2014-03-14,288747895.0,85000000.0,6.9,Adventure,US
HOUBA! On the Trail of the Marsupilami,2012-04-03,48600000.0,50000000.0,5.0,Adventure,France
Devil's Due,2014-01-08,36433975.0,7000000.0,4.4,Horror,US
Decoding Annie Parker,2014-05-02,48390.0,2000000.0,5.5,Drama,US
Justice League: War,2014-02-02,5155325.0,3500000.0,7.0,Animation,US
"I, Frankenstein",2014-01-22,71154592.0,65000000.0,5.1,Horror,US
Better Living Through Chemistry,2014-03-14,75143.0,5000000.0,5.9,Drama,UK
Labor Day,2013-12-27,20275812.0,18000000.0,6.7,Drama,US
The Lego Movie,2014-02-06,469160692.0,60000000.0,7.5,Adventure,US
Sabotage,2014-03-28,17508518.0,35000000.0,5.5,Action,US
The Zero Theorem,2014-01-02,770706.0,8500000.0,5.9,Drama,UK
Endless Love,2014-02-12,34077920.0,20000000.0,6.7,Drama,US
Winter's Tale,2014-02-13,30800231.0,60000000.0,6.0,Drama,US
Joe,2014-04-11,2365467.0,4000000.0,6.5,Drama,US
About Last Night,2014-02-14,49002684.0,12500000.0,6.0,Comedy,US
The Grand Budapest Hotel,2014-02-26,174600318.0,30000000.0,8.0,Comedy,UK
That Awkward Moment,2014-01-29,26049082.0,8000000.0,6.1,Comedy,US
3 Days to Kill,2014-02-14,52597999.0,28000000.0,6.0,Action,France
Non-Stop,2014-01-26,222809600.0,50000000.0,6.8,Action,France
300: Rise of an Empire,2014-03-05,337580051.0,110000000.0,6.1,Action,US
Mr. Peabody & Sherman,2014-02-07,272912430.0,145000000.0,6.7,Animation,US
Under the Skin,2014-03-14,5380251.0,13300000.0,6.0,Thriller,UK
Barefoot,2014-02-02,15071.0,6000000.0,6.3,Comedy,US
Veronica Mars,2014-03-13,3485127.0,6000000.0,6.5,Comedy,US
Bad Words,2013-09-06,7800000.0,9500000.0,6.4,Comedy,US
Son of God,2014-02-28,67800064.0,22000000.0,5.9,Drama,US
Captain America: The Winter Soldier,2014-03-20,714766572.0,170000000.0,7.6,Action,US
Noah,2014-03-20,362637473.0,125000000.0,5.5,Drama,US
13 Sins,2014-04-18,13809.0,5000000.0,6.2,Horror,US
The Legend of Hercules,2014-01-10,61279452.0,70000000.0,4.4,Action,US
Muppets Most Wanted,2014-03-20,80383290.0,50000000.0,6.2,Comedy,US
Blood Ties,2013-08-22,2415472.0,25500000.0,6.0,Thriller,France
The Quiet Ones,2014-04-01,17834867.0,200000.0,5.1,Horror,UK
Draft Day,2014-04-11,28831145.0,25000000.0,6.5,Drama,US
The Amazing Spider-Man 2,2014-04-16,705717432.0,200000000.0,6.5,Action,US
Oculus,2013-09-08,44030246.0,5000000.0,6.3,Horror,US
God's Not Dead,2014-03-21,29789000.0,17000000.0,5.9,Drama,US
Beauty and the Beast,2014-02-12,49100000.0,33000000.0,5.8,Fantasy,France
Rio 2,2014-03-19,500188435.0,103000000.0,6.3,Animation,US
Heaven is for Real,2014-04-16,101332962.0,12000000.0,6.1,Drama,US
The Other Woman,2014-04-16,196781193.0,40000000.0,6.2,Comedy,US
Locke,2014-04-10,4635300.0,2000000.0,6.9,Drama,UK
Neighbors,2014-05-08,268157400.0,18000000.0,6.2,Comedy,US
Belle,2013-09-08,16505460.0,10900000.0,7.2,Drama,UK
The Immigrant,2013-07-03,5867686.0,16000000.0,6.2,Drama,US
Moms' Night Out,2014-03-25,10429707.0,5000000.0,5.5,Comedy,US
Lucy,2014-07-14,126546825.0,40000000.0,6.3,Action,France
X-Men: Days of Future Past,2014-05-15,747862775.0,250000000.0,7.5,Action,UK
Walk of Shame,2014-05-02,59209.0,15000000.0,5.8,Comedy,US
Chef,2014-05-08,45967935.0,11000000.0,7.2,Comedy,US
Blended,2014-05-21,123494610.0,40000000.0,6.6,Comedy,US
Begin Again,2013-09-07,63464861.0,8000000.0,7.3,Comedy,US
Maleficent,2014-05-28,758539785.0,180000000.0,7.0,Fantasy,US
Million Dollar Arm,2014-05-09,38307627.0,25000000.0,6.6,Drama,US
The Fault in Our Stars,2014-05-16,307166834.0,12000000.0,7.6,Romance,US
Camille Claudel 1915,2013-03-13,115860.0,3512454.0,7.0,Drama,France
Mindscape,2013-10-13,1200000.0,4357373.0,6.5,Thriller,France
Bikini Spring Break,2012-06-26,500000.0,500000.0,3.8,Comedy,US
22 Jump Street,2014-06-05,188441614.0,50000000.0,7.0,Crime,US
The Equalizer,2014-09-24,192330738.0,55000000.0,7.1,Thriller,US
How to Train Your Dragon 2,2014-06-12,609123048.0,145000000.0,7.6,Fantasy,US
Birdman,2014-08-27,103215094.0,18000000.0,7.4,Drama,US
17 Girls,2011-06-13,201607.0,4141459.0,5.6,Drama,France
Boyhood,2014-06-05,44349000.0,4000000.0,7.5,Drama,US
Think Like a Man Too,2014-06-20,70181428.0,24000000.0,6.3,Comedy,US
Jersey Boys,2014-06-05,67347013.0,40000000.0,6.8,Music,US
Transformers: Age of Extinction,2014-06-25,1091405097.0,210000000.0,5.8,Science Fiction,US
Planes: Fire & Rescue,2014-07-17,151165787.0,50000000.0,5.8,Animation,US
Tammy,2014-07-02,100525432.0,20000000.0,5.0,Comedy,US
Whiplash,2014-10-10,13092000.0,3300000.0,8.3,Drama,US
Gone Girl,2014-10-01,369330363.0,61000000.0,7.9,Mystery,US
Dawn of the Planet of the Apes,2014-06-26,710644566.0,170000000.0,7.3,Science Fiction,US
No One Lives,2013-03-09,74918.0,2900000.0,5.5,Horror,US
And So It Goes,2014-07-20,25312387.0,18000000.0,5.7,Comedy,US
Sex Tape,2014-07-17,126069509.0,40000000.0,5.2,Comedy,US
The Purge: Anarchy,2014-07-17,108782847.0,9000000.0,6.6,Horror,France
Guardians of the Galaxy,2014-07-30,773328629.0,170000000.0,7.9,Action,UK
The Signal,2014-03-15,600896.0,4000000.0,5.8,Thriller,US
The Expendables 3,2014-08-04,206172544.0,90000000.0,6.1,Action,France
Hercules,2014-07-23,243400000.0,100000000.0,5.6,Action,US
A Most Wanted Man,2014-07-25,31554855.0,15000000.0,6.5,Thriller,UK
Wish I Was Here,2014-01-18,5483299.0,5500000.0,6.4,Drama,US
Earth to Echo,2014-06-14,45300000.0,13000000.0,5.7,Family,US
Step Up All In,2014-07-16,86165646.0,45000000.0,6.7,Romance,US
Life After Beth,2014-08-15,88273.0,2400000.0,5.0,Romance,US
Magic in the Moonlight,2014-07-25,51029361.0,16800000.0,6.5,Comedy,UK
Jupiter Ascending,2015-02-04,183987723.0,176000003.0,5.2,Science Fiction,US
Teenage Mutant Ninja Turtles,2014-08-07,477200000.0,125000000.0,5.8,Science Fiction,US
The Giver,2014-08-11,66980456.0,25000000.0,6.4,Drama,US
Let's Be Cops,2014-08-13,136621271.0,17000000.0,6.4,Comedy,US
The Sacrament,2013-09-02,9221.0,4000000.0,5.6,Horror,US
Sin City: A Dame to Kill For,2014-08-20,39407616.0,65000000.0,6.3,Crime,US
If I Stay,2014-08-21,78874843.0,11000000.0,7.3,Drama,US
The Pyramid,2014-12-04,13865435.0,6500000.0,4.6,Horror,US
Life of Crime,2013-09-14,265452.0,12000000.0,5.5,Comedy,US
"As Above, So Below",2014-08-14,40100000.0,5000000.0,6.1,Horror,US
The Guest,2014-09-17,2367161.0,5000000.0,6.5,Mystery,US
Before I Go to Sleep,2014-09-03,15447154.0,22000000.0,6.2,Mystery,France
Into the Storm,2014-08-06,160602194.0,50000000.0,5.8,Action,US
Honeymoon,2014-09-12,9318.0,1000000.0,5.4,Horror,US
The Drop,2014-09-12,19054534.0,12600000.0,6.7,Drama,US
The Maze Runner,2014-09-10,348319861.0,34000000.0,7.0,Action,US
No Good Deed,2014-09-10,53830415.0,13200000.0,5.6,Crime,US
Camp X-Ray,2014-10-17,59744.0,1000000.0,6.7,Drama,US
A Walk Among the Tombstones,2014-09-18,53181600.0,28000000.0,6.2,Crime,US
My Old Lady,2014-09-09,7527232.0,5000000.0,6.1,Romance,France
CBGB,2013-10-11,40400.0,5000000.0,6.5,Drama,US
The Homesman,2014-05-18,3442853.0,16000000.0,6.4,Western,France
The November Man,2014-08-27,32556119.0,15000000.0,6.0,Crime,UK
The Boxtrolls,2014-09-10,108255770.0,60000000.0,6.6,Animation,US
This Is Where I Leave You,2014-09-10,41296320.0,19800000.0,6.5,Drama,US
American Sniper,2014-12-11,542307423.0,58800000.0,7.4,War,US
Tusk,2014-09-19,1826705.0,2800000.0,5.1,Comedy,US
Annabelle,2014-10-02,255273813.0,6500000.0,5.5,Horror,US
Dracula Untold,2014-10-01,215529201.0,70000000.0,6.2,Horror,US
The Prince,2014-08-22,266586800.0,18000000.0,4.6,Thriller,US
The Best of Me,2014-10-16,35926213.0,26000000.0,7.2,Drama,US
The Judge,2014-10-08,83719388.0,50000000.0,7.2,Drama,US
Fury,2014-10-15,211817906.0,68000000.0,7.4,War,UK
St. Vincent,2014-10-09,54837234.0,13000000.0,7.1,Comedy,US
"Alexander and the Terrible, Horrible, No Good, Very Bad Day",2014-10-08,100654149.0,28000000.0,6.1,Family,US
Left Behind,2014-10-03,19682924.0,16000000.0,3.7,Thriller,US
Nightcrawler,2014-10-23,38697217.0,8500000.0,7.6,Crime,US
Big Hero 6,2014-10-24,652105443.0,165000000.0,7.8,Adventure,US
Ex Machina,2015-01-21,36869414.0,15000000.0,7.6,Drama,UK
Foxcatcher,2014-05-19,12096300.0,24000000.0,6.5,Drama,US
The Imitation Game,2014-11-14,233555708.0,14000000.0,8.0,History,UK
Inherent Vice,2014-12-25,11110975.0,20000000.0,6.5,Comedy,US
The Hunger Games: Mockingjay - Part 1,2014-11-18,752100229.0,125000000.0,6.6,Science Fiction,US
Dumb and Dumber To,2014-11-12,169837010.0,40000000.0,5.4,Comedy,US
The Theory of Everything,2014-11-26,123726688.0,15000000.0,7.8,Drama,UK
Dolphin Tale 2,2014-09-12,52424533.0,36000000.0,6.7,Family,US
When the Game Stands Tall,2014-08-22,30127963.0,15000000.0,6.3,Drama,US
Beyond the Lights,2014-09-10,14618727.0,7000000.0,7.0,Romance,US
In the Heart of the Sea,2015-11-20,93820758.0,100000000.0,6.5,Thriller,US
Jurassic World,2015-06-09,1513528810.0,150000000.0,6.5,Action,US
Horrible Bosses 2,2014-11-26,107670357.0,42000000.0,6.1,Comedy,US
Penguins of Madagascar,2014-11-22,373552094.0,132000000.0,6.5,Family,US
Black or White,2014-09-06,21571189.0,9000000.0,6.5,Drama,US
Still Alice,2014-12-05,43884652.0,5000000.0,7.5,Drama,US
Paddington,2014-11-27,259207227.0,55000000.0,7.0,Family,UK
Maze Runner: The Scorch Trials,2015-09-09,311256926.0,61000000.0,6.5,Action,US
Kill the Messenger,2014-10-09,2450846.0,5000000.0,6.6,Thriller,US
The Face of Love,2013-10-25,350006.0,4000000.0,5.9,Drama,US
Selma,2014-12-25,66787908.0,20000000.0,7.4,History,UK
Unbroken,2014-12-25,163442937.0,65000000.0,7.3,Drama,US
A Girl Walks Home Alone at Night,2014-01-19,395000.0,1000000.0,6.9,Horror,US
Wild,2014-12-05,52501541.0,15000000.0,7.0,Drama,US
Into the Woods,2014-12-25,212902372.0,50000000.0,5.6,Fantasy,US
The Interview,2014-12-25,12342632.0,44000000.0,6.1,Action,US
Kingsman: The Secret Service,2015-01-29,414351546.0,81000000.0,7.6,Crime,UK
Night at the Museum: Secret of the Tomb,2014-12-17,349424282.0,127000000.0,6.1,Adventure,UK
Madea's Big Happy Family,2011-04-22,53213633.0,25000000.0,6.7,Comedy,US
Annie,2014-12-19,133821816.0,65000000.0,6.0,Comedy,US
Foodfight!,2012-06-15,73706.0,65000000.0,2.3,Animation,US
Gimme Shelter,2013-10-17,1359910.0,7500000.0,6.4,Drama,US
Taken 3,2014-12-16,325771424.0,48000000.0,6.1,Thriller,France
Blackhat,2015-01-13,17752940.0,70000000.0,5.1,Crime,US
Terminator Genisys,2015-06-23,440603537.0,155000000.0,5.8,Science Fiction,US
The Woman in Black 2: Angel of Death,2014-12-30,26501323.0,1000000.0,5.0,Thriller,UK
Justin Bieber: Never Say Never,2011-02-11,98441954.0,13000000.0,4.8,Documentary,US
Nothing Left to Fear,2013-09-26,1675381.0,3000000.0,4.6,Horror,US
It Follows,2015-02-04,14674076.0,2000000.0,6.6,Horror,US
Highway to Hell,1991-11-21,26055.0,9000000.0,6.1,Fantasy,US
Star Wars: The Force Awakens,2015-12-15,2068223624.0,245000000.0,7.5,Action,US
Ben-Hur,2016-08-17,94061311.0,100000000.0,5.3,Adventure,US
Avengers: Age of Ultron,2015-04-22,1405403694.0,280000000.0,7.3,Action,US
Pirates of the Caribbean: Dead Men Tell No Tales,2017-05-23,794191988.0,230000000.0,6.6,Adventure,US
Ant-Man,2015-07-14,519311965.0,130000000.0,7.0,Science Fiction,US
Fantastic Four,2015-08-05,167977596.0,120000000.0,4.4,Action,US
Deadpool,2016-02-09,783112979.0,58000000.0,7.4,Action,US
Guardians of the Galaxy Vol. 2,2017-04-19,863416141.0,200000000.0,7.6,Action,US
Captain America: Civil War,2016-04-27,1153304495.0,250000000.0,7.1,Adventure,US
Doctor Strange,2016-10-25,677718395.0,165000000.0,7.1,Action,US
X-Men: Apocalypse,2016-05-18,543934787.0,178000000.0,6.4,Science Fiction,US
My Way,2012-03-14,29193330.0,27563396.0,6.2,Drama,France
Cake,2014-09-07,2360281.0,7000000.0,6.2,Drama,US
The Gambler,2014-12-25,39171130.0,25000000.0,5.7,Thriller,US
Mortdecai,2015-01-21,30418560.0,60000000.0,5.4,Comedy,US
Fifty Shades of Grey,2015-02-11,571006128.0,40000000.0,5.2,Drama,US
The DUFF,2015-02-20,43528634.0,8500000.0,6.8,Romance,US
Project Almanac,2015-01-29,32248241.0,12000000.0,6.4,Science Fiction,US
A Walk in the Woods,2015-09-02,35991087.0,8000000.0,5.7,Adventure,US
99 Homes,2014-10-09,1411927.0,8000000.0,6.8,Drama,US
Aloft,2014-02-12,53086.0,8000000.0,5.1,Drama,France
The Bronze,2016-01-22,615816.0,3500000.0,5.5,Drama,US
The D Train,2015-05-08,771317.0,447524.0,4.5,Drama,UK
The Diary of a Teenage Girl,2015-08-07,1477002.0,2000000.0,6.8,Drama,US
Dope,2015-06-19,17986781.0,700000.0,7.2,Crime,US
Miss Julie,2014-09-07,5000000.0,5500000.0,5.8,Drama,UK
The Loft,2014-10-14,10076790.0,14000000.0,6.4,Thriller,US
Lost River,2015-04-08,45431.0,2000000.0,5.8,Fantasy,US
The Hateful Eight,2015-12-25,155760117.0,44000000.0,7.6,Crime,US
Paper Towns,2015-06-18,85512300.0,12000000.0,6.1,Drama,US
The Wedding Ringer,2015-01-16,79799880.0,23000000.0,6.5,Comedy,US
The Boy Next Door,2015-01-23,52425855.0,4000000.0,4.1,Thriller,US
Hot Tub Time Machine 2,2015-02-20,12314651.0,14000000.0,5.0,Comedy,US
Focus,2015-02-25,153962963.0,50100000.0,6.7,Romance,US
The SpongeBob Movie: Sponge Out of Water,2015-02-05,311594032.0,74000000.0,5.7,Animation,US
Demonic,2015-02-12,3387000.0,3000000.0,5.0,Thriller,UK
The Second Best Exotic Marigold Hotel,2015-02-26,85978266.0,10000000.0,6.3,Drama,UK
Tracers,2015-01-15,593683.0,11000000.0,5.9,Action,US
The Lazarus Effect,2015-01-29,64110728.0,3300000.0,5.1,Thriller,US
Unfinished Business,2015-03-05,14431253.0,35000000.0,5.0,Comedy,US
Run All Night,2015-03-11,71561644.0,50000000.0,6.3,Action,US
Cinderella,2015-03-12,543514353.0,95000000.0,6.7,Romance,UK
Poltergeist,2015-05-20,95437994.0,35000000.0,5.0,Horror,US
Pan,2015-09-24,128388320.0,150000000.0,5.9,Adventure,US
While We're Young,2015-04-03,7587485.0,10000000.0,5.8,Comedy,US
Insurgent,2015-03-18,295238201.0,110000000.0,6.2,Adventure,US
La vérité si je mens !,1997-04-01,29456000.0,4000000.0,6.3,Comedy,France
Home,2015-03-18,368871007.0,135000000.0,6.8,Fantasy,US
Midnight Special,2016-02-18,6212282.0,18000000.0,6.2,Adventure,US
The Gunman,2015-02-16,13644292.0,40000000.0,5.5,Action,France
Unfriended,2015-04-17,62882090.0,1000000.0,5.5,Horror,US
Bolero,1984-08-31,8914881.0,7000000.0,3.4,Drama,US
Child 44,2015-03-15,3324330.0,50000000.0,6.1,Crime,UK
Get Hard,2015-03-26,111811453.0,40000000.0,5.9,Comedy,US
Infinitely Polar Bear,2014-01-18,1430655.0,6700000.0,6.9,Comedy,US
Woman in Gold,2015-04-10,61619773.0,11000000.0,7.3,Drama,UK
Samba,2014-10-15,151530.0,20000000.0,6.4,Drama,France
Tomorrowland,2015-05-19,209154322.0,190000000.0,6.2,Adventure,US
Paul Blart: Mall Cop 2,2015-04-16,107597242.0,38000000.0,5.0,Action,US
Parts Per Billion,2014-03-25,15000000.0,500000.0,4.4,Science Fiction,US
The Longest Ride,2015-04-09,63013281.0,34000000.0,7.3,Drama,US
The Age of Adaline,2015-04-16,65663276.0,25000000.0,7.4,Fantasy,US
Danny Collins,2015-03-19,10835752.0,10000000.0,6.6,Comedy,US
Grandma,2015-06-04,7087452.0,600000.0,6.1,Comedy,US
50 to 1,2014-03-21,1064454.0,10000000.0,5.7,Comedy,US
Barbecue,2014-04-30,14348529.0,6000000.0,5.8,Comedy,France
Jimmy P.,2013-09-11,30283.0,10000000.0,6.0,Drama,France
Ricki and the Flash,2015-07-10,41325328.0,18000000.0,5.6,Comedy,US
Pitch Perfect 2,2015-05-07,287506194.0,29000000.0,6.8,Comedy,US
Carol,2015-11-20,40272135.0,11800000.0,7.3,Romance,UK
The Lobster,2015-10-08,15656193.0,4000000.0,6.7,Thriller,France
Hot Pursuit,2015-05-08,51680201.0,35000000.0,5.4,Action,US
The Martian,2015-09-30,630161890.0,108000000.0,7.6,Drama,US
Youth,2015-05-20,2000000.0,13360000.0,6.7,Comedy,UK
Spy,2015-05-06,235666219.0,65000000.0,6.9,Action,US
Trainwreck,2015-07-17,140795793.0,35000000.0,5.9,Comedy,US
Aloha,2015-05-27,26250020.0,37000000.0,5.2,Drama,US
Song One,2014-01-20,32251.0,6000000.0,5.5,Drama,US
Entourage,2015-06-03,49263404.0,30000000.0,6.2,Comedy,US
5 Flights Up,2014-09-05,1020921.0,6000000.0,5.9,Drama,US
Inside Out,2015-06-09,857611174.0,175000000.0,7.9,Drama,US
Max,2015-06-26,43967255.0,20000000.0,6.8,Adventure,US
Pixels,2015-07-16,243637091.0,88000000.0,5.6,Action,US
Allegiant,2016-03-09,179246868.0,110000000.0,5.9,Adventure,US
Fantastic Beasts and Where to Find Them,2016-11-16,809342332.0,180000000.0,7.2,Adventure,UK
The Secret Life of Pets,2016-06-18,875457937.0,75000000.0,5.9,Animation,US
Self/less,2015-07-10,30523226.0,26000000.0,6.3,Science Fiction,US
Criminal,2016-04-14,14708696.0,31500000.0,5.8,Action,UK
The Last Witch Hunter,2015-10-21,146936910.0,90000000.0,5.7,Fantasy,US
Krampus,2015-11-26,61548707.0,15000000.0,5.9,Horror,US
Suicide Squad,2016-08-02,745600054.0,175000000.0,5.9,Action,US
Independence Day: Resurgence,2016-06-22,389681935.0,165000000.0,4.9,Action,US
Star Trek Beyond,2016-07-07,343471816.0,185000000.0,6.6,Action,US
Ted 2,2015-06-25,217022588.0,68000000.0,6.2,Comedy,US
Minions,2015-06-17,1156730962.0,74000000.0,6.4,Family,US
The Good Dinosaur,2015-11-14,331926147.0,175000000.0,6.6,Adventure,US
Black Mass,2015-09-04,98837872.0,53000000.0,6.3,Crime,UK
Spectre,2015-10-26,880674609.0,245000000.0,6.3,Action,UK
Mickey's Christmas Carol,1983-10-19,21000000.0,3000000.0,7.6,Family,US
Steve Jobs,2015-10-09,34441873.0,30000000.0,6.8,Drama,US
Macbeth,2015-08-16,12601706.0,15000000.0,6.4,History,France
Vacation,2015-07-28,104384188.0,31000000.0,6.1,Comedy,US
Manglehorn,2015-06-03,143101.0,4000000.0,5.2,Drama,US
Batman v Superman: Dawn of Justice,2016-03-23,873260194.0,250000000.0,5.7,Action,US
Gemma Bovery,2014-09-10,154701.0,9700000.0,6.2,Romance,UK
Magic Mike XXL,2015-07-01,122513057.0,14800000.0,6.2,Comedy,US
The Jungle Book,2016-04-07,966550600.0,175000000.0,6.7,Family,UK
The Man from U.N.C.L.E.,2015-08-13,108145109.0,75000000.0,7.1,Comedy,US
Treehouse,2014-10-20,3250000.0,3250000.0,3.5,Thriller,UK
The Walk,2015-09-30,61181942.0,35000000.0,6.9,Adventure,US
French Women,2014-06-04,12058187.0,5000000.0,5.6,Comedy,France
The Gallows,2015-07-10,42664410.0,100000.0,4.9,Horror,US
Dark Places,2015-03-31,208588.0,20000000.0,5.7,Drama,France
Irrational Man,2015-07-17,27391084.0,11000000.0,6.3,Mystery,US
Southpaw,2015-06-15,91709827.0,30000000.0,7.3,Action,US
Sicario,2015-09-17,84025816.0,30000000.0,7.2,Action,US
Anomalisa,2015-12-30,5659286.0,8000000.0,6.9,Animation,US
Colonia,2016-02-18,3621046.0,14000000.0,7.4,Drama,UK
The Vatican Tapes,2015-07-24,1784763.0,13000000.0,4.6,Thriller,US
The Intern,2015-09-24,194564672.0,35000000.0,7.1,Comedy,US
The Gift,2015-07-30,58978653.0,5000000.0,6.7,Thriller,US
3 Generations,2016-02-11,443962.0,5000000.0,6.1,Comedy,US
The Visit,2015-09-10,98450062.0,5000000.0,6.0,Horror,US
Sinister 2,2015-08-19,52882018.0,10000000.0,5.5,Horror,US
No Escape,2015-08-26,54418872.0,5000000.0,6.7,Action,US
Straight Outta Compton,2015-08-13,201634991.0,28000000.0,7.7,Drama,US
Tangerine,2015-07-10,702354.0,100000.0,6.9,Comedy,US
Joy,2015-12-24,101134059.0,60000000.0,6.4,Drama,US
Victor Frankenstein,2015-11-10,34227298.0,40000000.0,5.6,Drama,UK
Equals,2015-07-15,2084628.0,16000000.0,5.9,Drama,US
Scouts Guide to the Zombie Apocalypse,2015-10-23,14860766.0,15000000.0,6.2,Comedy,US
Suffragette,2015-10-16,16002420.0,14000000.0,7.1,Drama,UK
We Are Your Friends,2015-08-26,11122090.0,6000000.0,6.3,Drama,UK
War Room,2015-08-28,67790117.0,3000000.0,6.9,Drama,US
Legend,2015-09-09,42972994.0,25000000.0,6.7,Crime,UK
Green Room,2016-04-15,3220371.0,5000000.0,6.7,Horror,US
Beasts of No Nation,2015-09-11,9077700.0,6000000.0,7.6,Drama,US
The Lady in the Van,2015-11-13,41387687.0,6000000.0,6.0,Comedy,UK
La Vérité si je Mens ! 3,2012-01-31,40924982.0,25496629.0,5.3,Comedy,France
Would I Lie to You? 2,2001-02-07,42700000.0,12560000.0,6.4,Comedy,France
Demolition,2016-04-06,1978592.0,10000000.0,6.6,Comedy,US
Our Brand Is Crisis,2015-09-11,7002261.0,28000000.0,5.8,Comedy,US
The Night Before,2015-11-20,52395996.0,25000000.0,6.1,Comedy,US
Pawn Sacrifice,2015-09-16,5578519.0,19000000.0,6.7,Thriller,US
Burnt,2015-10-02,36606743.0,20000000.0,6.3,Drama,US
Hotel Transylvania 2,2015-09-21,473226958.0,80000000.0,6.7,Animation,US
Freeheld,2015-10-02,573335.0,7000000.0,7.1,Romance,US
By the Sea,2015-11-12,3727746.0,10000000.0,5.4,Drama,France
The Little Prince,2015-07-29,97571250.0,64000000.0,7.6,Adventure,France
Wonder Woman,2017-05-30,820580447.0,149000000.0,7.2,Action,US
The Circle,2017-04-27,20497844.0,18000000.0,5.4,Drama,US
"Hail, Caesar!",2016-02-05,63647656.0,22000000.0,5.7,Comedy,US
Standing Tall,2015-05-13,26144.0,5000000.0,7.3,Drama,France
Clockstoppers,2002-03-17,38793283.0,26000000.0,4.9,Adventure,US
Confessions of a Dangerous Mind,2002-12-30,33013805.0,30000000.0,6.6,Comedy,US
The Perfect Guy,2015-09-11,60273173.0,12000000.0,5.6,Drama,US
Rock the Kasbah,2015-10-22,3020664.0,15000000.0,5.2,Comedy,US
Paranormal Activity: The Ghost Dimension,2015-10-21,78096553.0,10000000.0,5.0,Horror,US
Jem and the Holograms,2015-10-22,2333684.0,5000000.0,5.4,Drama,US
The 33,2015-08-06,24902723.0,25000000.0,6.0,Drama,US
Trumbo,2015-10-27,8235661.0,15000000.0,7.3,Drama,US
The Peanuts Movie,2015-11-05,246233113.0,99000000.0,6.5,Animation,US
Creed,2015-11-25,173567581.0,37000000.0,7.3,Drama,US
Heist,2015-11-13,4100000.0,8900000.0,5.6,Crime,US
Love the Coopers,2015-11-12,42426912.0,17000000.0,5.4,Comedy,US
The 5th Wave,2016-01-14,109906372.0,38000000.0,5.6,Adventure,US
Truth,2015-09-12,2541554.0,9600000.0,6.5,Drama,US
The Big Short,2015-12-11,133346506.0,28000000.0,7.3,Comedy,US
Zoolander 2,2016-02-06,55969000.0,50000000.0,4.7,Comedy,US
How to Be Single,2016-01-21,112343513.0,38000000.0,5.9,Comedy,US
The Perfect Weapon,1991-03-15,14061361.0,10000000.0,6.0,Action,US
Fifty Shades of Black,2016-01-28,21164799.0,20000000.0,4.3,Romance,US
Nocturnal Animals,2016-11-04,29252978.0,22500000.0,7.2,Drama,US
Daddy's Home,2015-12-25,242786137.0,50000000.0,5.8,Comedy,US
Sisters,2015-12-18,105011053.0,30000000.0,5.8,Comedy,US
Pride and Prejudice and Zombies,2016-02-04,16374328.0,28000000.0,5.5,Romance,US
Jane Got a Gun,2016-01-01,1397284.0,25000000.0,5.4,Action,US
Woodlawn,2015-10-15,14394097.0,12000000.0,6.8,Drama,US
Captive,2015-09-17,2801508.0,2000000.0,5.6,Crime,US
The Forest,2016-01-07,40055439.0,10000000.0,4.8,Horror,US
Norm of the North,2016-01-14,17062499.0,18000000.0,4.1,Adventure,US
Ride Along 2,2016-01-14,124827316.0,40000000.0,6.1,Action,US
Stonewall,2015-09-18,187674.0,13500000.0,5.2,Drama,US
The Boy,2016-01-22,64188367.0,10000000.0,5.8,Horror,US
90 Minutes in Heaven,2015-09-11,4842699.0,5000000.0,5.4,Drama,US
Risen,2016-02-19,46069568.0,20000000.0,5.7,Action,US
Dirty Grandpa,2016-01-21,94073028.0,11500000.0,5.7,Comedy,US
The Finest Hours,2016-01-25,52099090.0,80000000.0,6.3,Action,US
The Birth of a Nation,2016-09-09,15861566.0,8500000.0,6.4,Drama,US
Me Before You,2016-06-02,207945075.0,20000000.0,7.6,Drama,US
Triple 9,2016-02-19,12639297.0,20000000.0,5.6,Action,US
10 Cloverfield Lane,2016-03-10,108286421.0,15000000.0,6.8,Thriller,US
Zootopia,2016-02-11,1023784195.0,150000000.0,7.7,Animation,US
Whiskey Tango Foxtrot,2016-03-04,23083334.0,35000000.0,6.0,War,US
The Young Messiah,2016-03-10,6490401.0,18500000.0,6.4,Drama,US
Eye in the Sky,2015-09-11,18704595.0,13000000.0,7.2,Drama,UK
"Hello, My Name Is Doris",2015-11-27,14444999.0,1000000.0,6.5,Comedy,US
Roar,1981-11-12,2000000.0,17000000.0,5.6,Adventure,US
Mr. Right,2016-02-29,34694.0,8000000.0,6.3,Action,US
Miracles from Heaven,2016-03-17,73883359.0,16000000.0,6.8,Drama,US
Florence Foster Jenkins,2016-05-06,48902953.0,29000000.0,6.7,Comedy,UK
I Saw the Light,2016-02-05,1646788.0,13000000.0,5.9,Drama,US
Keanu,2016-04-21,20566327.0,15000000.0,6.0,Action,US
White Girl,2016-09-02,200242.0,700000.0,5.5,Drama,US
Love & Friendship,2016-05-27,14016568.0,3000000.0,6.4,Comedy,UK
Everybody Wants Some!!,2016-03-30,3400278.0,10000000.0,6.3,Comedy,US
Paterson,2016-11-17,2152738.0,5000000.0,7.0,Comedy,France
The Huntsman: Winter's War,2016-04-06,164602163.0,115000000.0,6.0,Action,US
Neighbors 2: Sorority Rising,2016-05-04,108758521.0,35000000.0,5.6,Comedy,US
Things to Come,2016-03-16,282382.0,2100000.0,6.5,Drama,France
Money Monster,2016-05-12,93282604.0,27000000.0,6.5,Thriller,US
Barbershop: The Next Cut,2016-04-15,55030051.0,20000000.0,6.2,Comedy,US
The Choice,2016-02-04,18730891.0,10000000.0,6.7,Drama,US
Finding Dory,2016-06-16,1028570889.0,200000000.0,6.8,Adventure,US
The Boss,2016-04-07,78636257.0,29000000.0,5.5,Comedy,US
Free State of Jones,2016-06-24,25035950.0,50000000.0,6.6,War,US
Mother's Day,2016-04-28,48418160.0,25000000.0,5.8,Comedy,US
Term Life,2016-04-29,21256.0,16500000.0,5.7,Thriller,US
The Nice Guys,2016-05-15,62788218.0,50000000.0,7.0,Action,UK
The Shallows,2016-06-24,119100758.0,17000000.0,6.2,Horror,US
Alice Through the Looking Glass,2016-05-25,299370084.0,170000000.0,6.5,Family,UK
Captain Fantastic,2016-07-02,5879736.0,5000000.0,7.9,Adventure,US
Café Society,2016-05-11,43763247.0,30000000.0,6.4,Comedy,US
Swiss Army Man,2016-06-24,4210454.0,3000000.0,6.8,Comedy,US
The Darkness,2016-05-13,10898293.0,4000000.0,4.5,Horror,US
Ghostbusters,2016-07-14,229147509.0,144000000.0,5.3,Action,US
Central Intelligence,2016-06-15,216972543.0,50000000.0,6.2,Action,US
Jason Bourne,2016-07-27,415484914.0,120000000.0,5.9,Action,UK
The Purge: Election Year,2016-06-29,118587880.0,10000000.0,6.1,Action,France
Mike and Dave Need Wedding Dates,2016-07-07,77068246.0,33000000.0,5.9,Comedy,US
Ice Age: Collision Course,2016-06-23,408579038.0,105000000.0,5.6,Adventure,US
Lights Out,2016-07-21,148868835.0,4900000.0,6.3,Horror,US
Pete's Dragon,2016-08-10,143695338.0,65000000.0,6.2,Adventure,US
Nerve,2016-07-27,85241496.0,19000000.0,7.1,Mystery,US
Sully,2016-09-07,238470033.0,60000000.0,7.0,Drama,US
The Infiltrator,2016-07-13,15436808.0,25000000.0,6.6,Crime,UK
Batman: The Killing Joke,2016-07-21,3775000.0,3500000.0,6.2,Action,US
Bad Moms,2016-07-28,183936074.0,20000000.0,6.3,Comedy,US
Hell or High Water,2016-08-12,37589296.0,12000000.0,7.2,Crime,US
Don't Breathe,2016-08-25,157100845.0,9900000.0,6.7,Crime,US
47 Meters Down,2017-06-15,44235023.0,5500000.0,5.1,Drama,UK
The Edge of Seventeen,2016-11-18,18803648.0,9000000.0,7.3,Comedy,US
The Magnificent Seven,2016-09-14,162360636.0,90000000.0,5.9,Adventure,US
Moonlight,2016-10-21,65046687.0,4000000.0,7.3,Drama,US
Masterminds,2016-09-29,29200000.0,25000000.0,5.6,Action,US
Kubo and the Two Strings,2016-08-18,69929545.0,60000000.0,7.7,Animation,US
Bridget Jones's Baby,2016-09-14,211952420.0,35000000.0,6.3,Comedy,France
Morgan,2016-09-01,8810591.0,8000000.0,5.7,Horror,US
Queen of Katwe,2016-09-23,10367161.0,15000000.0,7.1,Drama,US
The Girl on the Train,2016-10-05,173185859.0,45000000.0,6.2,Crime,US
Middle School: The Worst Years of My Life,2016-10-07,19985196.0,8500000.0,6.9,Family,US
The Accountant,2016-10-14,155160045.0,44000000.0,6.9,Crime,US
God's Not Dead 2,2016-04-01,23507567.0,5000000.0,5.6,Drama,US
The Hollars,2016-08-25,1016985.0,3800000.0,6.4,Comedy,US
Loving,2016-11-04,8996802.0,9000000.0,6.5,Drama,UK
31,2016-09-15,779820.0,1500000.0,4.9,Horror,UK
Arrival,2016-11-10,203388186.0,47000000.0,7.2,Thriller,US
Storks,2016-09-22,182379278.0,70000000.0,6.7,Adventure,US
La La Land,2016-11-29,445435700.0,30000000.0,7.9,Comedy,US
Allied,2016-11-17,119520023.0,85000000.0,6.6,Action,UK
Keeping Up with the Joneses,2016-10-20,29918745.0,40000000.0,5.9,Action,US
Ouija: Origin of Evil,2016-10-20,81705746.0,9000000.0,5.8,Horror,US
Trolls,2016-10-13,346864462.0,125000000.0,6.7,Adventure,US
Max Steel,2016-10-14,6272403.0,10000000.0,5.1,Action,UK
Denial,2016-09-30,4073489.0,10000000.0,6.5,Drama,UK
Manchester by the Sea,2016-11-18,75026965.0,9000000.0,7.5,Drama,US
Bad Santa 2,2016-11-23,17782178.0,26000000.0,5.0,Comedy,US
Almost Christmas,2016-11-11,42487325.0,17000000.0,5.4,Comedy,US
Collateral Beauty,2016-12-06,87416021.0,36000000.0,6.9,Drama,US
A United Kingdom,2016-11-25,13819139.0,14000000.0,6.5,Drama,UK
Moana,2016-11-23,643034466.0,150000000.0,7.3,Adventure,US
Office Christmas Party,2016-11-25,114501299.0,45000000.0,5.4,Comedy,US
The Space Between Us,2017-01-26,14793385.0,30000000.0,7.2,Romance,US
Rogue One: A Star Wars Story,2016-12-14,1056057273.0,200000000.0,7.4,Action,US
Live by Night,2016-12-25,22678555.0,108000000.0,6.2,Crime,US
Split,2016-11-15,276921998.0,9000000.0,7.0,Horror,US
Underworld: Blood Wars,2016-11-28,81093313.0,35000000.0,5.2,Action,US
Miss Sloane,2016-11-25,3500605.0,13000000.0,7.2,Drama,France
Rules Don't Apply,2016-11-23,3885342.0,25000000.0,5.9,Comedy,US
Passengers,2016-12-21,303144152.0,110000000.0,6.7,Adventure,US
Hidden Figures,2016-12-10,230698791.0,25000000.0,7.8,Drama,US
Fences,2016-12-16,64414761.0,24000000.0,6.7,Drama,US
Bleed for This,2016-11-04,6174491.0,6000000.0,6.7,Drama,US
20th Century Women,2016-12-25,5816211.0,7000000.0,7.3,Drama,US
The Founder,2016-11-24,23964782.0,25000000.0,7.0,Drama,US
Why Him?,2016-12-22,118034273.0,38000000.0,6.3,Comedy,US
Sing,2016-11-23,632443719.0,75000000.0,6.8,Animation,US
Assassin's Creed,2016-12-21,240697856.0,125000000.0,5.4,Action,France
A Dog's Purpose,2017-01-19,194647323.0,22000000.0,6.6,Comedy,US
Gold,2016-12-22,7227038.0,20000000.0,6.6,Thriller,US
Monster Trucks,2016-12-21,64493915.0,125000000.0,6.0,Action,US
Sleepless,2017-01-12,32540674.0,30000000.0,5.8,Action,US
A Street Cat Named Bob,2016-11-04,82703.0,8000000.0,7.5,Drama,UK
xXx: Return of Xander Cage,2017-01-13,346147658.0,85000000.0,5.5,Action,US
The Bye Bye Man,2017-01-12,26667197.0,7400000.0,5.1,Horror,US
When the Bough Breaks,2016-09-09,30658387.0,10000000.0,5.3,Mystery,US
I'm Not Ashamed,2016-10-21,2000000.0,1500000.0,7.0,Drama,US
Rings,2017-02-01,83080890.0,25000000.0,4.8,Horror,US
John Wick: Chapter 2,2017-02-08,171539887.0,40000000.0,6.7,Thriller,US
Get Out,2017-02-24,252434250.0,5000000.0,7.2,Mystery,US
Logan,2017-02-28,616801808.0,97000000.0,7.6,Action,US
Kong: Skull Island,2017-03-08,566652812.0,185000000.0,6.2,Action,US
T2 Trainspotting,2017-01-27,41412709.0,18000000.0,7.1,Crime,UK
Before I Fall,2017-03-02,10025571.0,5000000.0,6.8,Mystery,US
King Arthur: Legend of the Sword,2017-04-27,146175066.0,175000000.0,6.5,Action,US
Incarnate,2016-12-01,6341855.0,5000000.0,5.1,Horror,US
Beauty and the Beast,2017-03-16,1262886337.0,160000000.0,6.8,Family,UK
The Boss Baby,2017-03-23,498814908.0,125000000.0,6.1,Animation,US
Resident Evil: The Final Chapter,2016-12-23,312242626.0,40000000.0,5.9,Action,France
A Ghost Story,2017-07-07,15584255.0,100000.0,6.8,Drama,US
Fifty Shades Darker,2017-02-08,378827494.0,55000000.0,6.0,Drama,US
Song to Song,2017-03-17,443684.0,10000000.0,5.4,Drama,US
Their Finest,2017-04-06,12173470.0,32745300.0,7.1,Romance,UK
The Shack,2017-03-03,57330873.0,20000000.0,6.9,Drama,US
Life,2017-03-22,100541806.0,58000000.0,6.3,Horror,US
The Lost City of Z,2016-10-15,8574339.0,30000000.0,6.1,Action,UK
Power Rangers,2017-03-23,142337240.0,100000000.0,6.3,Action,US
Free Fire,2017-03-31,3565109.0,10000000.0,6.3,Action,France
CHiPS,2017-03-23,26800152.0,25000000.0,6.2,Action,US
Table 19,2017-01-20,3305592.0,5000000.0,6.2,Comedy,US
Going in Style,2017-04-06,84618541.0,25000000.0,6.6,Crime,US
RRRrrrr!!!,2004-01-28,14054361.0,17820000.0,6.2,Comedy,France
Smurfs: The Lost Village,2017-03-23,197183546.0,60000000.0,6.2,Adventure,US
Gifted,2017-04-12,37461045.0,7000000.0,7.7,Drama,US
Diary of a Wimpy Kid: The Long Haul,2017-05-19,40120144.0,22000000.0,6.1,Comedy,US
Baywatch,2017-05-12,177856751.0,69000000.0,6.1,Action,US
Unforgettable,2017-04-20,17768012.0,12000000.0,5.7,Drama,US
Snatched,2017-05-03,60845711.0,42000000.0,5.2,Action,US
The Mummy,2017-06-06,407778013.0,125000000.0,5.4,Thriller,US
The Fate of the Furious,2017-04-12,1238764765.0,250000000.0,6.8,Action,US
Captain Underpants: The First Epic Movie,2017-06-01,110824373.0,38000000.0,6.5,Action,US
Cars 3,2017-06-15,350170057.0,175000000.0,6.6,Family,US
The Book of Henry,2017-06-16,4219536.0,10000000.0,7.6,Thriller,US
Phoenix Forgotten,2017-04-21,3600000.0,2800000.0,5.7,Horror,US
Lowriders,2017-04-28,2403885.0,916000.0,7.0,Drama,US
The Beguiled,2017-06-23,25442939.0,10500000.0,5.8,Drama,US
Baby Driver,2017-06-28,224511319.0,34000000.0,7.2,Action,UK
Rough Night,2017-06-15,45056771.0,20000000.0,5.6,Drama,US
In the Forests of Siberia,2016-06-15,1492523.0,3500000.0,7.3,Drama,France
Despicable Me 3,2017-06-15,1020063384.0,80000000.0,6.2,Action,US
Paris Can Wait,2016-09-12,6700000.0,5000000.0,6.4,Drama,US
Kidnap,2017-08-04,24527158.0,21000000.0,6.0,Drama,UK
Valerian and the City of a Thousand Planets,2017-07-20,90024292.0,197471676.0,6.7,Adventure,France
Transformers: The Last Knight,2017-06-21,604942143.0,260000000.0,6.2,Action,US
The Emoji Movie,2017-07-28,66913939.0,50000000.0,5.8,Comedy,US
Wind River,2017-08-03,184770205.0,11000000.0,7.4,Action,UK
